=== R1 EXATHLON seed 87 learned_dynamic ===
Using GPU
Args in experiment:
[1mBasic Config[0m
  Task Name:          anomaly_detection   Is Training:        1                   
  Model ID:           EXATHLON            Model:              ISTAD               
  Seed:               87                  Itr:                1                   

[1mData Loader[0m
  Data:               EXATHLON            Root Path:          /data/modeluse/TS/ISTAD/dataset/EXATHLON
  Features:           M                   Seq Len:            100                 
  Enc In:             19                  C Out:              19                  
  Checkpoints:        /data/modeluse/TS/ISTAD-release/checkpoints/ISTAD_r1_relation_bottleneck
  Eval Step:          100                 

[1mAnomaly Detection Task[0m
  Anomaly Ratio:      1.0                 Threshold Source:   train               

[1mISTAD Parameters[0m
  Kernel Size:        7                   Branch Mode:        hgat                
  TCN Type:           kan                 
  Feat GAT Dim:       -1                  GRU Layers:         1                   
  GRU Hidden:         150                 Recon Layers:       1                   
  Recon Hidden:       32                  ISTAD Dropout:      0.3                 
  Recon Type:         pointwise           KANAD Order:        3                   
  Objective:          reconstruct         Target / Lag:       ('', 1)             
  Leaky Alpha:        0.2                 H Init:             normal              
  Hyperedges:         -1                  Top-K Nodes:        -1                  
  Spatial Type:       lite                HGAT Rank:          8                   
  HGAT Projection:    linear              Relation Mode:      dynamic             
  KAN Grid:           5                   KAN Order:          3                   
  Arch:               legacy              Ablation:           full                
  Relation bottleneck:1                   Mask ratio/folds:   (0.2, 8)            
  Explainability:     0                   Explain Batches:    0                   
  Explain Points:     20000               Explain TopK:       10                  
  SmoothGrad:         0                   SG Samples:         20                  
  SG Noise:           0.1                 Quad Mode:          quantile            
  Quad Value:         0.75                Err Agg:            sum                 
  Sal Agg:            sum                 

[1mRun Parameters[0m
  Num Workers:        4                   Batch Size:         128                 
  Train Epochs:       20                  Patience:           5                   
  Learning Rate:      0.001               Lradj:              cosine              
  Des:                r1_learned_dynamic_s87

[1mGPU[0m
  Use GPU:            1                   GPU:                0                   
  Use Multi GPU:      0                   Devices:            0,1,2,3             

Use GPU: cuda:0
🚀 Lazy Loading: ISTAD ...
>>>>>>>start training : anomaly_detection_EXATHLON_ISTAD_EXATHLON_ftM_sl100_bmhgat_hglite_rb_bs128_r1_learned_dynamic_s87_0>>>>>>>>>>>>>>>>>>>>>>>>>>
test: (52844, 19)
train: (70584, 19)
train 742
test: (52844, 19)
train: (70584, 19)
val 185
Epoch: 1 cost time: 8.7584867477417
Epoch: 1, Steps: 6 | Train Loss: 1.0424905 Vali Loss: 0.9399000
Validation loss decreased (inf --> 0.939900).  Saving model ...
Updating learning rate to 0.0009938441702975688
Epoch: 2 cost time: 0.30683374404907227
Epoch: 2, Steps: 6 | Train Loss: 0.9731751 Vali Loss: 0.9842280
EarlyStopping counter: 1 out of 5
Updating learning rate to 0.0009755282581475768
Epoch: 3 cost time: 0.3139479160308838
Epoch: 3, Steps: 6 | Train Loss: 1.0125301 Vali Loss: 0.9300654
Validation loss decreased (0.939900 --> 0.930065).  Saving model ...
Updating learning rate to 0.0009455032620941839
Epoch: 4 cost time: 0.3000342845916748
Epoch: 4, Steps: 6 | Train Loss: 1.0042379 Vali Loss: 0.9488387
EarlyStopping counter: 1 out of 5
Updating learning rate to 0.0009045084971874737
Epoch: 5 cost time: 0.30707263946533203
Epoch: 5, Steps: 6 | Train Loss: 0.9824038 Vali Loss: 0.9258473
Validation loss decreased (0.930065 --> 0.925847).  Saving model ...
Updating learning rate to 0.0008535533905932737
Epoch: 6 cost time: 0.3173394203186035
Epoch: 6, Steps: 6 | Train Loss: 1.0362658 Vali Loss: 0.9179815
Validation loss decreased (0.925847 --> 0.917981).  Saving model ...
Updating learning rate to 0.0007938926261462366
Epoch: 7 cost time: 0.31082677841186523
Epoch: 7, Steps: 6 | Train Loss: 0.9852210 Vali Loss: 1.0716170
EarlyStopping counter: 1 out of 5
Updating learning rate to 0.0007269952498697733
Epoch: 8 cost time: 0.31960368156433105
Epoch: 8, Steps: 6 | Train Loss: 0.9717744 Vali Loss: 0.9441042
EarlyStopping counter: 2 out of 5
Updating learning rate to 0.0006545084971874737
Epoch: 9 cost time: 0.30568432807922363
Epoch: 9, Steps: 6 | Train Loss: 1.0146406 Vali Loss: 0.9807926
EarlyStopping counter: 3 out of 5
Updating learning rate to 0.0005782172325201155
Epoch: 10 cost time: 0.29474353790283203
Epoch: 10, Steps: 6 | Train Loss: 0.9678326 Vali Loss: 0.9719573
EarlyStopping counter: 4 out of 5
Updating learning rate to 0.0005
Epoch: 11 cost time: 0.3069908618927002
Epoch: 11, Steps: 6 | Train Loss: 0.9890693 Vali Loss: 1.0316798
EarlyStopping counter: 5 out of 5
Early stopping
Saved relation bottleneck training diagnostics: /data/modeluse/TS/ISTAD-release/checkpoints/ISTAD_r1_relation_bottleneck/anomaly_detection_EXATHLON_ISTAD_EXATHLON_ftM_sl100_bmhgat_hglite_rb_bs128_r1_learned_dynamic_s87_0/relation_bottleneck_train_diagnostics.json
>>>>>>>testing : anomaly_detection_EXATHLON_ISTAD_EXATHLON_ftM_sl100_bmhgat_hglite_rb_bs128_r1_learned_dynamic_s87_0<<<<<<<<<<<<<<<<<<<<<<<<<<<<<<<<<
test: (52844, 19)
train: (70584, 19)
test 528
test: (52844, 19)
train: (70584, 19)
score_train 705
test: (52844, 19)
train: (70584, 19)
val 185
Saved relation bottleneck diagnostics: /data/modeluse/TS/ISTAD-release/analysis/r1_relation_bottleneck/runtime/anomaly_detection_EXATHLON_ISTAD_EXATHLON_ftM_sl100_bmhgat_hglite_rb_bs128_r1_learned_dynamic_s87_0/relation_bottleneck_diagnostics.json
Percentile Threshold Source: train
Percentile Threshold : 5.626580510139445
Saved point scores and labels: /data/modeluse/TS/ISTAD-release/analysis/r1_relation_bottleneck/runtime/anomaly_detection_EXATHLON_ISTAD_EXATHLON_ftM_sl100_bmhgat_hglite_rb_bs128_r1_learned_dynamic_s87_0/point_scores.npz
pred_raw: (52800,)
gt:      (52800,)
pred_pa: (52800,)
gt_pa:   (52800,)

============================================================
使用百分位数阈值的结果:
============================================================
Raw point F1: 0.2161 (P=0.7170, R=0.1272)
Accuracy : 0.9889, Precision : 0.9505, Recall : 0.9639, F-score : 0.9572 
============================================================


使用自适应 Best F1 搜索（两阶段）
粗搜索步数: 200, 精细搜索步数: 500

============================================================
自适应 Best F1 阈值搜索（两阶段）
============================================================

分数统计信息:
  最小值: 0.013483
  最大值: 1460.232788
  均值: 0.992654
  标准差: 13.662171
  中位数: 0.263661
  第1百分位: 0.048356
  第99百分位: 10.312704

自动确定的搜索范围: [0.024178, 20.625408]

============================================================
阶段 1: 粗搜索（步数: 200）
============================================================

============================================================
开始 Best F1 阈值搜索...
============================================================
搜索范围: [0.0242, 20.6254]
搜索步数: 200
使用点调整: False
阈值: 0.1272 | F1: 0.2626 | Precision: 0.1517 | Recall: 0.9760
阈值: 2.1873 | F1: 0.4527 | Precision: 0.7427 | Recall: 0.3256
阈值: 4.2474 | F1: 0.2602 | Precision: 0.7152 | Recall: 0.1591
阈值: 6.3076 | F1: 0.1980 | Precision: 0.7233 | Recall: 0.1147
阈值: 8.3677 | F1: 0.1210 | Precision: 0.6657 | Recall: 0.0666
阈值: 10.4278 | F1: 0.0897 | Precision: 0.6260 | Recall: 0.0483
阈值: 12.4879 | F1: 0.0738 | Precision: 0.6425 | Recall: 0.0392
阈值: 14.5480 | F1: 0.0647 | Precision: 0.6600 | Recall: 0.0340
阈值: 16.6082 | F1: 0.0526 | Precision: 0.6596 | Recall: 0.0274
阈值: 18.6683 | F1: 0.0399 | Precision: 0.6140 | Recall: 0.0206

============================================================
✓ 找到最佳阈值: 0.848227
  最佳 F1: 0.6665
  Precision: 0.6644
  Recall: 0.6686
============================================================


============================================================
阶段 2: 精细搜索（步数: 500）
============================================================
在最佳阈值 0.848227 附近精细搜索
精细搜索范围: [0.024178, 2.908350]

============================================================
开始 Best F1 阈值搜索...
============================================================
搜索范围: [0.0242, 2.9083]
搜索步数: 500
使用点调整: False
阈值: 0.0299 | F1: 0.2281 | Precision: 0.1288 | Recall: 0.9999
阈值: 0.3184 | F1: 0.4161 | Precision: 0.2739 | Recall: 0.8654
阈值: 0.6068 | F1: 0.6195 | Precision: 0.5326 | Recall: 0.7404
阈值: 0.8952 | F1: 0.6673 | Precision: 0.6793 | Recall: 0.6557
阈值: 1.1836 | F1: 0.6538 | Precision: 0.7401 | Recall: 0.5856
阈值: 1.4720 | F1: 0.5597 | Precision: 0.7395 | Recall: 0.4502
阈值: 1.7604 | F1: 0.4896 | Precision: 0.7326 | Recall: 0.3676
阈值: 2.0489 | F1: 0.4603 | Precision: 0.7389 | Recall: 0.3343
阈值: 2.3373 | F1: 0.4431 | Precision: 0.7506 | Recall: 0.3143
阈值: 2.6257 | F1: 0.4145 | Precision: 0.7514 | Recall: 0.2862

============================================================
✓ 找到最佳阈值: 0.883661
  最佳 F1: 0.6679
  Precision: 0.6758
  Recall: 0.6601
============================================================


✓ 精细搜索找到更好的阈值！

============================================================
自适应搜索完成！
============================================================
最终最佳阈值: 0.883661
最佳 F1: 0.6679
Precision: 0.6758
Recall: 0.6601
============================================================

Saved Best F1 results: /data/modeluse/TS/ISTAD-release/analysis/r1_relation_bottleneck/runtime/anomaly_detection_EXATHLON_ISTAD_EXATHLON_ftM_sl100_bmhgat_hglite_rb_bs128_r1_learned_dynamic_s87_0/bestf1_threshold_results.json
Saved anomaly score plot: /data/modeluse/TS/ISTAD-release/analysis/r1_relation_bottleneck/runtime/anomaly_detection_EXATHLON_ISTAD_EXATHLON_ftM_sl100_bmhgat_hglite_rb_bs128_r1_learned_dynamic_s87_0/anomaly_score_threshold.png
ISTAD explainability is disabled by --istad_enable_explain 0
Saved train time summary: /data/modeluse/TS/ISTAD-release/analysis/r1_relation_bottleneck/runtime/anomaly_detection_EXATHLON_ISTAD_EXATHLON_ftM_sl100_bmhgat_hglite_rb_bs128_r1_learned_dynamic_s87_0/train_time_summary.json
=== R1 EXATHLON seed 87 learned_static ===
Using GPU
Args in experiment:
[1mBasic Config[0m
  Task Name:          anomaly_detection   Is Training:        1                   
  Model ID:           EXATHLON            Model:              ISTAD               
  Seed:               87                  Itr:                1                   

[1mData Loader[0m
  Data:               EXATHLON            Root Path:          /data/modeluse/TS/ISTAD/dataset/EXATHLON
  Features:           M                   Seq Len:            100                 
  Enc In:             19                  C Out:              19                  
  Checkpoints:        /data/modeluse/TS/ISTAD-release/checkpoints/ISTAD_r1_relation_bottleneck
  Eval Step:          100                 

[1mAnomaly Detection Task[0m
  Anomaly Ratio:      1.0                 Threshold Source:   train               

[1mISTAD Parameters[0m
  Kernel Size:        7                   Branch Mode:        hgat                
  TCN Type:           kan                 
  Feat GAT Dim:       -1                  GRU Layers:         1                   
  GRU Hidden:         150                 Recon Layers:       1                   
  Recon Hidden:       32                  ISTAD Dropout:      0.3                 
  Recon Type:         pointwise           KANAD Order:        3                   
  Objective:          reconstruct         Target / Lag:       ('', 1)             
  Leaky Alpha:        0.2                 H Init:             normal              
  Hyperedges:         -1                  Top-K Nodes:        -1                  
  Spatial Type:       lite                HGAT Rank:          8                   
  HGAT Projection:    linear              Relation Mode:      static              
  KAN Grid:           5                   KAN Order:          3                   
  Arch:               legacy              Ablation:           full                
  Relation bottleneck:1                   Mask ratio/folds:   (0.2, 8)            
  Explainability:     0                   Explain Batches:    0                   
  Explain Points:     20000               Explain TopK:       10                  
  SmoothGrad:         0                   SG Samples:         20                  
  SG Noise:           0.1                 Quad Mode:          quantile            
  Quad Value:         0.75                Err Agg:            sum                 
  Sal Agg:            sum                 

[1mRun Parameters[0m
  Num Workers:        4                   Batch Size:         128                 
  Train Epochs:       20                  Patience:           5                   
  Learning Rate:      0.001               Lradj:              cosine              
  Des:                r1_learned_static_s87

[1mGPU[0m
  Use GPU:            1                   GPU:                0                   
  Use Multi GPU:      0                   Devices:            0,1,2,3             

Use GPU: cuda:0
🚀 Lazy Loading: ISTAD ...
>>>>>>>start training : anomaly_detection_EXATHLON_ISTAD_EXATHLON_ftM_sl100_bmhgat_relstatic_hglite_rb_bs128_r1_learned_static_s87_0>>>>>>>>>>>>>>>>>>>>>>>>>>
test: (52844, 19)
train: (70584, 19)
train 742
test: (52844, 19)
train: (70584, 19)
val 185
Epoch: 1 cost time: 1.3880550861358643
Epoch: 1, Steps: 6 | Train Loss: 1.0422167 Vali Loss: 0.9428744
Validation loss decreased (inf --> 0.942874).  Saving model ...
Updating learning rate to 0.0009938441702975688
Epoch: 2 cost time: 0.2915306091308594
Epoch: 2, Steps: 6 | Train Loss: 0.9743638 Vali Loss: 0.9882881
EarlyStopping counter: 1 out of 5
Updating learning rate to 0.0009755282581475768
Epoch: 3 cost time: 0.2862389087677002
Epoch: 3, Steps: 6 | Train Loss: 1.0136876 Vali Loss: 0.9344095
Validation loss decreased (0.942874 --> 0.934409).  Saving model ...
Updating learning rate to 0.0009455032620941839
Epoch: 4 cost time: 0.30538463592529297
Epoch: 4, Steps: 6 | Train Loss: 1.0056049 Vali Loss: 0.9524167
EarlyStopping counter: 1 out of 5
Updating learning rate to 0.0009045084971874737
Epoch: 5 cost time: 0.2869448661804199
Epoch: 5, Steps: 6 | Train Loss: 0.9837648 Vali Loss: 0.9269750
Validation loss decreased (0.934409 --> 0.926975).  Saving model ...
Updating learning rate to 0.0008535533905932737
Epoch: 6 cost time: 0.2905559539794922
Epoch: 6, Steps: 6 | Train Loss: 1.0362110 Vali Loss: 0.9169505
Validation loss decreased (0.926975 --> 0.916951).  Saving model ...
Updating learning rate to 0.0007938926261462366
Epoch: 7 cost time: 0.3046393394470215
Epoch: 7, Steps: 6 | Train Loss: 0.9858348 Vali Loss: 1.0720727
EarlyStopping counter: 1 out of 5
Updating learning rate to 0.0007269952498697733
Epoch: 8 cost time: 0.322995662689209
Epoch: 8, Steps: 6 | Train Loss: 0.9724744 Vali Loss: 0.9463404
EarlyStopping counter: 2 out of 5
Updating learning rate to 0.0006545084971874737
Epoch: 9 cost time: 0.3046743869781494
Epoch: 9, Steps: 6 | Train Loss: 1.0157582 Vali Loss: 0.9834023
EarlyStopping counter: 3 out of 5
Updating learning rate to 0.0005782172325201155
Epoch: 10 cost time: 0.27703428268432617
Epoch: 10, Steps: 6 | Train Loss: 0.9685630 Vali Loss: 0.9744639
EarlyStopping counter: 4 out of 5
Updating learning rate to 0.0005
Epoch: 11 cost time: 0.2945265769958496
Epoch: 11, Steps: 6 | Train Loss: 0.9893171 Vali Loss: 1.0339575
EarlyStopping counter: 5 out of 5
Early stopping
Saved relation bottleneck training diagnostics: /data/modeluse/TS/ISTAD-release/checkpoints/ISTAD_r1_relation_bottleneck/anomaly_detection_EXATHLON_ISTAD_EXATHLON_ftM_sl100_bmhgat_relstatic_hglite_rb_bs128_r1_learned_static_s87_0/relation_bottleneck_train_diagnostics.json
>>>>>>>testing : anomaly_detection_EXATHLON_ISTAD_EXATHLON_ftM_sl100_bmhgat_relstatic_hglite_rb_bs128_r1_learned_static_s87_0<<<<<<<<<<<<<<<<<<<<<<<<<<<<<<<<<
test: (52844, 19)
train: (70584, 19)
test 528
test: (52844, 19)
train: (70584, 19)
score_train 705
test: (52844, 19)
train: (70584, 19)
val 185
Saved relation bottleneck diagnostics: /data/modeluse/TS/ISTAD-release/analysis/r1_relation_bottleneck/runtime/anomaly_detection_EXATHLON_ISTAD_EXATHLON_ftM_sl100_bmhgat_relstatic_hglite_rb_bs128_r1_learned_static_s87_0/relation_bottleneck_diagnostics.json
Percentile Threshold Source: train
Percentile Threshold : 5.62848489761352
Saved point scores and labels: /data/modeluse/TS/ISTAD-release/analysis/r1_relation_bottleneck/runtime/anomaly_detection_EXATHLON_ISTAD_EXATHLON_ftM_sl100_bmhgat_relstatic_hglite_rb_bs128_r1_learned_static_s87_0/point_scores.npz
pred_raw: (52800,)
gt:      (52800,)
pred_pa: (52800,)
gt_pa:   (52800,)

============================================================
使用百分位数阈值的结果:
============================================================
Raw point F1: 0.2159 (P=0.7162, R=0.1271)
Accuracy : 0.9889, Precision : 0.9503, Recall : 0.9639, F-score : 0.9571 
============================================================


使用自适应 Best F1 搜索（两阶段）
粗搜索步数: 200, 精细搜索步数: 500

============================================================
自适应 Best F1 阈值搜索（两阶段）
============================================================

分数统计信息:
  最小值: 0.013280
  最大值: 1460.686523
  均值: 0.992697
  标准差: 13.668543
  中位数: 0.264056
  第1百分位: 0.048779
  第99百分位: 10.313079

自动确定的搜索范围: [0.024390, 20.626158]

============================================================
阶段 1: 粗搜索（步数: 200）
============================================================

============================================================
开始 Best F1 阈值搜索...
============================================================
搜索范围: [0.0244, 20.6262]
搜索步数: 200
使用点调整: False
阈值: 0.1274 | F1: 0.2626 | Precision: 0.1517 | Recall: 0.9757
阈值: 2.1876 | F1: 0.4522 | Precision: 0.7422 | Recall: 0.3252
阈值: 4.2478 | F1: 0.2595 | Precision: 0.7128 | Recall: 0.1586
阈值: 6.3079 | F1: 0.1978 | Precision: 0.7230 | Recall: 0.1146
阈值: 8.3681 | F1: 0.1208 | Precision: 0.6652 | Recall: 0.0664
阈值: 10.4283 | F1: 0.0894 | Precision: 0.6264 | Recall: 0.0482
阈值: 12.4885 | F1: 0.0736 | Precision: 0.6401 | Recall: 0.0390
阈值: 14.5486 | F1: 0.0647 | Precision: 0.6619 | Recall: 0.0340
阈值: 16.6088 | F1: 0.0521 | Precision: 0.6571 | Recall: 0.0271
阈值: 18.6690 | F1: 0.0402 | Precision: 0.6157 | Recall: 0.0208

============================================================
✓ 找到最佳阈值: 0.848460
  最佳 F1: 0.6656
  Precision: 0.6630
  Recall: 0.6682
============================================================


============================================================
阶段 2: 精细搜索（步数: 500）
============================================================
在最佳阈值 0.848460 附近精细搜索
精细搜索范围: [0.024390, 2.908637]

============================================================
开始 Best F1 阈值搜索...
============================================================
搜索范围: [0.0244, 2.9086]
搜索步数: 500
使用点调整: False
阈值: 0.0302 | F1: 0.2281 | Precision: 0.1288 | Recall: 0.9999
阈值: 0.3186 | F1: 0.4161 | Precision: 0.2739 | Recall: 0.8654
阈值: 0.6070 | F1: 0.6182 | Precision: 0.5309 | Recall: 0.7399
阈值: 0.8954 | F1: 0.6663 | Precision: 0.6778 | Recall: 0.6552
阈值: 1.1839 | F1: 0.6517 | Precision: 0.7383 | Recall: 0.5834
阈值: 1.4723 | F1: 0.5582 | Precision: 0.7386 | Recall: 0.4486
阈值: 1.7607 | F1: 0.4883 | Precision: 0.7323 | Recall: 0.3663
阈值: 2.0491 | F1: 0.4603 | Precision: 0.7378 | Recall: 0.3345
阈值: 2.3376 | F1: 0.4415 | Precision: 0.7486 | Recall: 0.3131
阈值: 2.6260 | F1: 0.4120 | Precision: 0.7502 | Recall: 0.2839

============================================================
✓ 找到最佳阈值: 0.878127
  最佳 F1: 0.6671
  Precision: 0.6739
  Recall: 0.6604
============================================================


✓ 精细搜索找到更好的阈值！

============================================================
自适应搜索完成！
============================================================
最终最佳阈值: 0.878127
最佳 F1: 0.6671
Precision: 0.6739
Recall: 0.6604
============================================================

Saved Best F1 results: /data/modeluse/TS/ISTAD-release/analysis/r1_relation_bottleneck/runtime/anomaly_detection_EXATHLON_ISTAD_EXATHLON_ftM_sl100_bmhgat_relstatic_hglite_rb_bs128_r1_learned_static_s87_0/bestf1_threshold_results.json
Saved anomaly score plot: /data/modeluse/TS/ISTAD-release/analysis/r1_relation_bottleneck/runtime/anomaly_detection_EXATHLON_ISTAD_EXATHLON_ftM_sl100_bmhgat_relstatic_hglite_rb_bs128_r1_learned_static_s87_0/anomaly_score_threshold.png
ISTAD explainability is disabled by --istad_enable_explain 0
Saved train time summary: /data/modeluse/TS/ISTAD-release/analysis/r1_relation_bottleneck/runtime/anomaly_detection_EXATHLON_ISTAD_EXATHLON_ftM_sl100_bmhgat_relstatic_hglite_rb_bs128_r1_learned_static_s87_0/train_time_summary.json
=== R1 EXATHLON seed 87 fixed_random ===
Using GPU
Args in experiment:
[1mBasic Config[0m
  Task Name:          anomaly_detection   Is Training:        1                   
  Model ID:           EXATHLON            Model:              ISTAD               
  Seed:               87                  Itr:                1                   

[1mData Loader[0m
  Data:               EXATHLON            Root Path:          /data/modeluse/TS/ISTAD/dataset/EXATHLON
  Features:           M                   Seq Len:            100                 
  Enc In:             19                  C Out:              19                  
  Checkpoints:        /data/modeluse/TS/ISTAD-release/checkpoints/ISTAD_r1_relation_bottleneck
  Eval Step:          100                 

[1mAnomaly Detection Task[0m
  Anomaly Ratio:      1.0                 Threshold Source:   train               

[1mISTAD Parameters[0m
  Kernel Size:        7                   Branch Mode:        hgat                
  TCN Type:           kan                 
  Feat GAT Dim:       -1                  GRU Layers:         1                   
  GRU Hidden:         150                 Recon Layers:       1                   
  Recon Hidden:       32                  ISTAD Dropout:      0.3                 
  Recon Type:         pointwise           KANAD Order:        3                   
  Objective:          reconstruct         Target / Lag:       ('', 1)             
  Leaky Alpha:        0.2                 H Init:             normal              
  Hyperedges:         -1                  Top-K Nodes:        -1                  
  Spatial Type:       lite                HGAT Rank:          8                   
  HGAT Projection:    linear              Relation Mode:      fixed_random        
  KAN Grid:           5                   KAN Order:          3                   
  Arch:               legacy              Ablation:           full                
  Relation bottleneck:1                   Mask ratio/folds:   (0.2, 8)            
  Explainability:     0                   Explain Batches:    0                   
  Explain Points:     20000               Explain TopK:       10                  
  SmoothGrad:         0                   SG Samples:         20                  
  SG Noise:           0.1                 Quad Mode:          quantile            
  Quad Value:         0.75                Err Agg:            sum                 
  Sal Agg:            sum                 

[1mRun Parameters[0m
  Num Workers:        4                   Batch Size:         128                 
  Train Epochs:       20                  Patience:           5                   
  Learning Rate:      0.001               Lradj:              cosine              
  Des:                r1_fixed_random_s87 

[1mGPU[0m
  Use GPU:            1                   GPU:                0                   
  Use Multi GPU:      0                   Devices:            0,1,2,3             

Use GPU: cuda:0
🚀 Lazy Loading: ISTAD ...
>>>>>>>start training : anomaly_detection_EXATHLON_ISTAD_EXATHLON_ftM_sl100_bmhgat_relfixed_random_hglite_rb_bs128_r1_fixed_random_s87_0>>>>>>>>>>>>>>>>>>>>>>>>>>
test: (52844, 19)
train: (70584, 19)
train 742
test: (52844, 19)
train: (70584, 19)
val 185
Epoch: 1 cost time: 1.3025929927825928
Epoch: 1, Steps: 6 | Train Loss: 1.0432821 Vali Loss: 0.9428033
Validation loss decreased (inf --> 0.942803).  Saving model ...
Updating learning rate to 0.0009938441702975688
Epoch: 2 cost time: 0.2765531539916992
Epoch: 2, Steps: 6 | Train Loss: 0.9742260 Vali Loss: 0.9890797
EarlyStopping counter: 1 out of 5
Updating learning rate to 0.0009755282581475768
Epoch: 3 cost time: 0.27306294441223145
Epoch: 3, Steps: 6 | Train Loss: 1.0133027 Vali Loss: 0.9344946
Validation loss decreased (0.942803 --> 0.934495).  Saving model ...
Updating learning rate to 0.0009455032620941839
Epoch: 4 cost time: 0.27192163467407227
Epoch: 4, Steps: 6 | Train Loss: 1.0042693 Vali Loss: 0.9518979
EarlyStopping counter: 1 out of 5
Updating learning rate to 0.0009045084971874737
Epoch: 5 cost time: 0.2703268527984619
Epoch: 5, Steps: 6 | Train Loss: 0.9810135 Vali Loss: 0.9259927
Validation loss decreased (0.934495 --> 0.925993).  Saving model ...
Updating learning rate to 0.0008535533905932737
Epoch: 6 cost time: 0.27757787704467773
Epoch: 6, Steps: 6 | Train Loss: 1.0336118 Vali Loss: 0.9150525
Validation loss decreased (0.925993 --> 0.915053).  Saving model ...
Updating learning rate to 0.0007938926261462366
Epoch: 7 cost time: 0.288754940032959
Epoch: 7, Steps: 6 | Train Loss: 0.9821208 Vali Loss: 1.0700900
EarlyStopping counter: 1 out of 5
Updating learning rate to 0.0007269952498697733
Epoch: 8 cost time: 0.2702634334564209
Epoch: 8, Steps: 6 | Train Loss: 0.9680092 Vali Loss: 0.9421730
EarlyStopping counter: 2 out of 5
Updating learning rate to 0.0006545084971874737
Epoch: 9 cost time: 0.27303457260131836
Epoch: 9, Steps: 6 | Train Loss: 1.0104158 Vali Loss: 0.9793546
EarlyStopping counter: 3 out of 5
Updating learning rate to 0.0005782172325201155
Epoch: 10 cost time: 0.27459263801574707
Epoch: 10, Steps: 6 | Train Loss: 0.9630908 Vali Loss: 0.9702168
EarlyStopping counter: 4 out of 5
Updating learning rate to 0.0005
Epoch: 11 cost time: 0.2898533344268799
Epoch: 11, Steps: 6 | Train Loss: 0.9836830 Vali Loss: 1.0293380
EarlyStopping counter: 5 out of 5
Early stopping
Saved relation bottleneck training diagnostics: /data/modeluse/TS/ISTAD-release/checkpoints/ISTAD_r1_relation_bottleneck/anomaly_detection_EXATHLON_ISTAD_EXATHLON_ftM_sl100_bmhgat_relfixed_random_hglite_rb_bs128_r1_fixed_random_s87_0/relation_bottleneck_train_diagnostics.json
>>>>>>>testing : anomaly_detection_EXATHLON_ISTAD_EXATHLON_ftM_sl100_bmhgat_relfixed_random_hglite_rb_bs128_r1_fixed_random_s87_0<<<<<<<<<<<<<<<<<<<<<<<<<<<<<<<<<
test: (52844, 19)
train: (70584, 19)
test 528
test: (52844, 19)
train: (70584, 19)
score_train 705
test: (52844, 19)
train: (70584, 19)
val 185
Saved relation bottleneck diagnostics: /data/modeluse/TS/ISTAD-release/analysis/r1_relation_bottleneck/runtime/anomaly_detection_EXATHLON_ISTAD_EXATHLON_ftM_sl100_bmhgat_relfixed_random_hglite_rb_bs128_r1_fixed_random_s87_0/relation_bottleneck_diagnostics.json
Percentile Threshold Source: train
Percentile Threshold : 5.6301410150527795
Saved point scores and labels: /data/modeluse/TS/ISTAD-release/analysis/r1_relation_bottleneck/runtime/anomaly_detection_EXATHLON_ISTAD_EXATHLON_ftM_sl100_bmhgat_relfixed_random_hglite_rb_bs128_r1_fixed_random_s87_0/point_scores.npz
pred_raw: (52800,)
gt:      (52800,)
pred_pa: (52800,)
gt_pa:   (52800,)

============================================================
使用百分位数阈值的结果:
============================================================
Raw point F1: 0.2152 (P=0.7155, R=0.1267)
Accuracy : 0.9889, Precision : 0.9503, Recall : 0.9639, F-score : 0.9571 
============================================================


使用自适应 Best F1 搜索（两阶段）
粗搜索步数: 200, 精细搜索步数: 500

============================================================
自适应 Best F1 阈值搜索（两阶段）
============================================================

分数统计信息:
  最小值: 0.014186
  最大值: 1460.975708
  均值: 0.991756
  标准差: 13.665323
  中位数: 0.263561
  第1百分位: 0.048549
  第99百分位: 10.292984

自动确定的搜索范围: [0.024275, 20.585968]

============================================================
阶段 1: 粗搜索（步数: 200）
============================================================

============================================================
开始 Best F1 阈值搜索...
============================================================
搜索范围: [0.0243, 20.5860]
搜索步数: 200
使用点调整: False
阈值: 0.1271 | F1: 0.2625 | Precision: 0.1517 | Recall: 0.9758
阈值: 2.1833 | F1: 0.4533 | Precision: 0.7432 | Recall: 0.3261
阈值: 4.2394 | F1: 0.2590 | Precision: 0.7110 | Recall: 0.1583
阈值: 6.2956 | F1: 0.1983 | Precision: 0.7236 | Recall: 0.1149
阈值: 8.3518 | F1: 0.1200 | Precision: 0.6627 | Recall: 0.0660
阈值: 10.4079 | F1: 0.0899 | Precision: 0.6255 | Recall: 0.0485
阈值: 12.4641 | F1: 0.0738 | Precision: 0.6394 | Recall: 0.0392
阈值: 14.5203 | F1: 0.0647 | Precision: 0.6581 | Recall: 0.0340
阈值: 16.5764 | F1: 0.0542 | Precision: 0.6644 | Recall: 0.0283
阈值: 18.6326 | F1: 0.0399 | Precision: 0.6140 | Recall: 0.0206

============================================================
✓ 找到最佳阈值: 0.846742
  最佳 F1: 0.6681
  Precision: 0.6657
  Recall: 0.6705
============================================================


============================================================
阶段 2: 精细搜索（步数: 500）
============================================================
在最佳阈值 0.846742 附近精细搜索
精细搜索范围: [0.024275, 2.902912]

============================================================
开始 Best F1 阈值搜索...
============================================================
搜索范围: [0.0243, 2.9029]
搜索步数: 500
使用点调整: False
阈值: 0.0300 | F1: 0.2281 | Precision: 0.1287 | Recall: 0.9999
阈值: 0.3179 | F1: 0.4166 | Precision: 0.2742 | Recall: 0.8670
阈值: 0.6058 | F1: 0.6200 | Precision: 0.5329 | Recall: 0.7411
阈值: 0.8936 | F1: 0.6682 | Precision: 0.6797 | Recall: 0.6570
阈值: 1.1815 | F1: 0.6542 | Precision: 0.7396 | Recall: 0.5865
阈值: 1.4694 | F1: 0.5625 | Precision: 0.7412 | Recall: 0.4533
阈值: 1.7572 | F1: 0.4905 | Precision: 0.7329 | Recall: 0.3686
阈值: 2.0451 | F1: 0.4613 | Precision: 0.7386 | Recall: 0.3353
阈值: 2.3329 | F1: 0.4423 | Precision: 0.7497 | Recall: 0.3137
阈值: 2.6208 | F1: 0.4120 | Precision: 0.7494 | Recall: 0.2841

============================================================
✓ 找到最佳阈值: 0.899380
  最佳 F1: 0.6684
  Precision: 0.6817
  Recall: 0.6555
============================================================


✓ 精细搜索找到更好的阈值！

============================================================
自适应搜索完成！
============================================================
最终最佳阈值: 0.899380
最佳 F1: 0.6684
Precision: 0.6817
Recall: 0.6555
============================================================

Saved Best F1 results: /data/modeluse/TS/ISTAD-release/analysis/r1_relation_bottleneck/runtime/anomaly_detection_EXATHLON_ISTAD_EXATHLON_ftM_sl100_bmhgat_relfixed_random_hglite_rb_bs128_r1_fixed_random_s87_0/bestf1_threshold_results.json
Saved anomaly score plot: /data/modeluse/TS/ISTAD-release/analysis/r1_relation_bottleneck/runtime/anomaly_detection_EXATHLON_ISTAD_EXATHLON_ftM_sl100_bmhgat_relfixed_random_hglite_rb_bs128_r1_fixed_random_s87_0/anomaly_score_threshold.png
ISTAD explainability is disabled by --istad_enable_explain 0
Saved train time summary: /data/modeluse/TS/ISTAD-release/analysis/r1_relation_bottleneck/runtime/anomaly_detection_EXATHLON_ISTAD_EXATHLON_ftM_sl100_bmhgat_relfixed_random_hglite_rb_bs128_r1_fixed_random_s87_0/train_time_summary.json
=== R1 EXATHLON seed 87 no_message ===
Using GPU
Args in experiment:
[1mBasic Config[0m
  Task Name:          anomaly_detection   Is Training:        1                   
  Model ID:           EXATHLON            Model:              ISTAD               
  Seed:               87                  Itr:                1                   

[1mData Loader[0m
  Data:               EXATHLON            Root Path:          /data/modeluse/TS/ISTAD/dataset/EXATHLON
  Features:           M                   Seq Len:            100                 
  Enc In:             19                  C Out:              19                  
  Checkpoints:        /data/modeluse/TS/ISTAD-release/checkpoints/ISTAD_r1_relation_bottleneck
  Eval Step:          100                 

[1mAnomaly Detection Task[0m
  Anomaly Ratio:      1.0                 Threshold Source:   train               

[1mISTAD Parameters[0m
  Kernel Size:        7                   Branch Mode:        hgat                
  TCN Type:           kan                 
  Feat GAT Dim:       -1                  GRU Layers:         1                   
  GRU Hidden:         150                 Recon Layers:       1                   
  Recon Hidden:       32                  ISTAD Dropout:      0.3                 
  Recon Type:         pointwise           KANAD Order:        3                   
  Objective:          reconstruct         Target / Lag:       ('', 1)             
  Leaky Alpha:        0.2                 H Init:             normal              
  Hyperedges:         -1                  Top-K Nodes:        -1                  
  Spatial Type:       lite                HGAT Rank:          8                   
  HGAT Projection:    linear              Relation Mode:      no_message          
  KAN Grid:           5                   KAN Order:          3                   
  Arch:               legacy              Ablation:           full                
  Relation bottleneck:1                   Mask ratio/folds:   (0.2, 8)            
  Explainability:     0                   Explain Batches:    0                   
  Explain Points:     20000               Explain TopK:       10                  
  SmoothGrad:         0                   SG Samples:         20                  
  SG Noise:           0.1                 Quad Mode:          quantile            
  Quad Value:         0.75                Err Agg:            sum                 
  Sal Agg:            sum                 

[1mRun Parameters[0m
  Num Workers:        4                   Batch Size:         128                 
  Train Epochs:       20                  Patience:           5                   
  Learning Rate:      0.001               Lradj:              cosine              
  Des:                r1_no_message_s87   

[1mGPU[0m
  Use GPU:            1                   GPU:                0                   
  Use Multi GPU:      0                   Devices:            0,1,2,3             

Use GPU: cuda:0
🚀 Lazy Loading: ISTAD ...
>>>>>>>start training : anomaly_detection_EXATHLON_ISTAD_EXATHLON_ftM_sl100_bmhgat_relno_message_hglite_rb_bs128_r1_no_message_s87_0>>>>>>>>>>>>>>>>>>>>>>>>>>
test: (52844, 19)
train: (70584, 19)
train 742
test: (52844, 19)
train: (70584, 19)
val 185
Epoch: 1 cost time: 1.2867014408111572
Epoch: 1, Steps: 6 | Train Loss: 1.0582204 Vali Loss: 0.9445658
Validation loss decreased (inf --> 0.944566).  Saving model ...
Updating learning rate to 0.0009938441702975688
Epoch: 2 cost time: 0.24378180503845215
Epoch: 2, Steps: 6 | Train Loss: 1.0450417 Vali Loss: 0.9919772
EarlyStopping counter: 1 out of 5
Updating learning rate to 0.0009755282581475768
Epoch: 3 cost time: 0.25101304054260254
Epoch: 3, Steps: 6 | Train Loss: 1.0117053 Vali Loss: 0.9383652
Validation loss decreased (0.944566 --> 0.938365).  Saving model ...
Updating learning rate to 0.0009455032620941839
Epoch: 4 cost time: 0.22452759742736816
Epoch: 4, Steps: 6 | Train Loss: 0.9699612 Vali Loss: 0.9568596
EarlyStopping counter: 1 out of 5
Updating learning rate to 0.0009045084971874737
Epoch: 5 cost time: 0.2469785213470459
Epoch: 5, Steps: 6 | Train Loss: 0.9629543 Vali Loss: 0.9317512
Validation loss decreased (0.938365 --> 0.931751).  Saving model ...
Updating learning rate to 0.0008535533905932737
Epoch: 6 cost time: 0.2459249496459961
Epoch: 6, Steps: 6 | Train Loss: 0.9506895 Vali Loss: 0.9218924
Validation loss decreased (0.931751 --> 0.921892).  Saving model ...
Updating learning rate to 0.0007938926261462366
Epoch: 7 cost time: 0.25251078605651855
Epoch: 7, Steps: 6 | Train Loss: 0.9608390 Vali Loss: 1.0779958
EarlyStopping counter: 1 out of 5
Updating learning rate to 0.0007269952498697733
Epoch: 8 cost time: 0.26650214195251465
Epoch: 8, Steps: 6 | Train Loss: 0.9832504 Vali Loss: 0.9516054
EarlyStopping counter: 2 out of 5
Updating learning rate to 0.0006545084971874737
Epoch: 9 cost time: 0.26636719703674316
Epoch: 9, Steps: 6 | Train Loss: 0.9639437 Vali Loss: 0.9897367
EarlyStopping counter: 3 out of 5
Updating learning rate to 0.0005782172325201155
Epoch: 10 cost time: 0.23948311805725098
Epoch: 10, Steps: 6 | Train Loss: 0.9928460 Vali Loss: 0.9814327
EarlyStopping counter: 4 out of 5
Updating learning rate to 0.0005
Epoch: 11 cost time: 0.25587940216064453
Epoch: 11, Steps: 6 | Train Loss: 0.9878147 Vali Loss: 1.0420326
EarlyStopping counter: 5 out of 5
Early stopping
Saved relation bottleneck training diagnostics: /data/modeluse/TS/ISTAD-release/checkpoints/ISTAD_r1_relation_bottleneck/anomaly_detection_EXATHLON_ISTAD_EXATHLON_ftM_sl100_bmhgat_relno_message_hglite_rb_bs128_r1_no_message_s87_0/relation_bottleneck_train_diagnostics.json
>>>>>>>testing : anomaly_detection_EXATHLON_ISTAD_EXATHLON_ftM_sl100_bmhgat_relno_message_hglite_rb_bs128_r1_no_message_s87_0<<<<<<<<<<<<<<<<<<<<<<<<<<<<<<<<<
test: (52844, 19)
train: (70584, 19)
test 528
test: (52844, 19)
train: (70584, 19)
score_train 705
test: (52844, 19)
train: (70584, 19)
val 185
Saved relation bottleneck diagnostics: /data/modeluse/TS/ISTAD-release/analysis/r1_relation_bottleneck/runtime/anomaly_detection_EXATHLON_ISTAD_EXATHLON_ftM_sl100_bmhgat_relno_message_hglite_rb_bs128_r1_no_message_s87_0/relation_bottleneck_diagnostics.json
Percentile Threshold Source: train
Percentile Threshold : 5.62642781734443
Saved point scores and labels: /data/modeluse/TS/ISTAD-release/analysis/r1_relation_bottleneck/runtime/anomaly_detection_EXATHLON_ISTAD_EXATHLON_ftM_sl100_bmhgat_relno_message_hglite_rb_bs128_r1_no_message_s87_0/point_scores.npz
pred_raw: (52800,)
gt:      (52800,)
pred_pa: (52800,)
gt_pa:   (52800,)

============================================================
使用百分位数阈值的结果:
============================================================
Raw point F1: 0.2170 (P=0.7174, R=0.1278)
Accuracy : 0.9889, Precision : 0.9503, Recall : 0.9639, F-score : 0.9571 
============================================================


使用自适应 Best F1 搜索（两阶段）
粗搜索步数: 200, 精细搜索步数: 500

============================================================
自适应 Best F1 阈值搜索（两阶段）
============================================================

分数统计信息:
  最小值: 0.012958
  最大值: 1460.707764
  均值: 0.994805
  标准差: 13.667924
  中位数: 0.265218
  第1百分位: 0.049221
  第99百分位: 10.347901

自动确定的搜索范围: [0.024611, 20.695801]

============================================================
阶段 1: 粗搜索（步数: 200）
============================================================

============================================================
开始 Best F1 阈值搜索...
============================================================
搜索范围: [0.0246, 20.6958]
搜索步数: 200
使用点调整: False
阈值: 0.1280 | F1: 0.2619 | Precision: 0.1513 | Recall: 0.9758
阈值: 2.1951 | F1: 0.4524 | Precision: 0.7432 | Recall: 0.3252
阈值: 4.2622 | F1: 0.2597 | Precision: 0.7134 | Recall: 0.1588
阈值: 6.3293 | F1: 0.1978 | Precision: 0.7237 | Recall: 0.1146
阈值: 8.3964 | F1: 0.1213 | Precision: 0.6672 | Recall: 0.0667
阈值: 10.4636 | F1: 0.0892 | Precision: 0.6257 | Recall: 0.0480
阈值: 12.5307 | F1: 0.0738 | Precision: 0.6410 | Recall: 0.0392
阈值: 14.5978 | F1: 0.0645 | Precision: 0.6628 | Recall: 0.0339
阈值: 16.6649 | F1: 0.0518 | Precision: 0.6559 | Recall: 0.0270
阈值: 18.7320 | F1: 0.0396 | Precision: 0.6150 | Recall: 0.0205

============================================================
✓ 找到最佳阈值: 0.851458
  最佳 F1: 0.6659
  Precision: 0.6645
  Recall: 0.6673
============================================================


============================================================
阶段 2: 精细搜索（步数: 500）
============================================================
在最佳阈值 0.851458 附近精细搜索
精细搜索范围: [0.024611, 2.918577]

============================================================
开始 Best F1 阈值搜索...
============================================================
搜索范围: [0.0246, 2.9186]
搜索步数: 500
使用点调整: False
阈值: 0.0304 | F1: 0.2281 | Precision: 0.1287 | Recall: 0.9999
阈值: 0.3198 | F1: 0.4151 | Precision: 0.2732 | Recall: 0.8638
阈值: 0.6092 | F1: 0.6196 | Precision: 0.5331 | Recall: 0.7396
阈值: 0.8986 | F1: 0.6666 | Precision: 0.6793 | Recall: 0.6543
阈值: 1.1880 | F1: 0.6525 | Precision: 0.7392 | Recall: 0.5839
阈值: 1.4774 | F1: 0.5614 | Precision: 0.7414 | Recall: 0.4517
阈值: 1.7668 | F1: 0.4890 | Precision: 0.7329 | Recall: 0.3669
阈值: 2.0562 | F1: 0.4604 | Precision: 0.7383 | Recall: 0.3345
阈值: 2.3456 | F1: 0.4414 | Precision: 0.7495 | Recall: 0.3128
阈值: 2.6350 | F1: 0.4128 | Precision: 0.7507 | Recall: 0.2847

============================================================
✓ 找到最佳阈值: 0.881225
  最佳 F1: 0.6674
  Precision: 0.6749
  Recall: 0.6601
============================================================


✓ 精细搜索找到更好的阈值！

============================================================
自适应搜索完成！
============================================================
最终最佳阈值: 0.881225
最佳 F1: 0.6674
Precision: 0.6749
Recall: 0.6601
============================================================

Saved Best F1 results: /data/modeluse/TS/ISTAD-release/analysis/r1_relation_bottleneck/runtime/anomaly_detection_EXATHLON_ISTAD_EXATHLON_ftM_sl100_bmhgat_relno_message_hglite_rb_bs128_r1_no_message_s87_0/bestf1_threshold_results.json
Saved anomaly score plot: /data/modeluse/TS/ISTAD-release/analysis/r1_relation_bottleneck/runtime/anomaly_detection_EXATHLON_ISTAD_EXATHLON_ftM_sl100_bmhgat_relno_message_hglite_rb_bs128_r1_no_message_s87_0/anomaly_score_threshold.png
ISTAD explainability is disabled by --istad_enable_explain 0
Saved train time summary: /data/modeluse/TS/ISTAD-release/analysis/r1_relation_bottleneck/runtime/anomaly_detection_EXATHLON_ISTAD_EXATHLON_ftM_sl100_bmhgat_relno_message_hglite_rb_bs128_r1_no_message_s87_0/train_time_summary.json
=== R1 EXATHLON seed 90 learned_dynamic ===
Using GPU
Args in experiment:
[1mBasic Config[0m
  Task Name:          anomaly_detection   Is Training:        1                   
  Model ID:           EXATHLON            Model:              ISTAD               
  Seed:               90                  Itr:                1                   

[1mData Loader[0m
  Data:               EXATHLON            Root Path:          /data/modeluse/TS/ISTAD/dataset/EXATHLON
  Features:           M                   Seq Len:            100                 
  Enc In:             19                  C Out:              19                  
  Checkpoints:        /data/modeluse/TS/ISTAD-release/checkpoints/ISTAD_r1_relation_bottleneck
  Eval Step:          100                 

[1mAnomaly Detection Task[0m
  Anomaly Ratio:      1.0                 Threshold Source:   train               

[1mISTAD Parameters[0m
  Kernel Size:        7                   Branch Mode:        hgat                
  TCN Type:           kan                 
  Feat GAT Dim:       -1                  GRU Layers:         1                   
  GRU Hidden:         150                 Recon Layers:       1                   
  Recon Hidden:       32                  ISTAD Dropout:      0.3                 
  Recon Type:         pointwise           KANAD Order:        3                   
  Objective:          reconstruct         Target / Lag:       ('', 1)             
  Leaky Alpha:        0.2                 H Init:             normal              
  Hyperedges:         -1                  Top-K Nodes:        -1                  
  Spatial Type:       lite                HGAT Rank:          8                   
  HGAT Projection:    linear              Relation Mode:      dynamic             
  KAN Grid:           5                   KAN Order:          3                   
  Arch:               legacy              Ablation:           full                
  Relation bottleneck:1                   Mask ratio/folds:   (0.2, 8)            
  Explainability:     0                   Explain Batches:    0                   
  Explain Points:     20000               Explain TopK:       10                  
  SmoothGrad:         0                   SG Samples:         20                  
  SG Noise:           0.1                 Quad Mode:          quantile            
  Quad Value:         0.75                Err Agg:            sum                 
  Sal Agg:            sum                 

[1mRun Parameters[0m
  Num Workers:        4                   Batch Size:         128                 
  Train Epochs:       20                  Patience:           5                   
  Learning Rate:      0.001               Lradj:              cosine              
  Des:                r1_learned_dynamic_s90

[1mGPU[0m
  Use GPU:            1                   GPU:                0                   
  Use Multi GPU:      0                   Devices:            0,1,2,3             

Use GPU: cuda:0
🚀 Lazy Loading: ISTAD ...
>>>>>>>start training : anomaly_detection_EXATHLON_ISTAD_EXATHLON_ftM_sl100_bmhgat_hglite_rb_bs128_r1_learned_dynamic_s90_0>>>>>>>>>>>>>>>>>>>>>>>>>>
test: (52844, 19)
train: (70584, 19)
train 742
test: (52844, 19)
train: (70584, 19)
val 185
Epoch: 1 cost time: 1.3575770854949951
Epoch: 1, Steps: 6 | Train Loss: 1.0480289 Vali Loss: 1.1577668
Validation loss decreased (inf --> 1.157767).  Saving model ...
Updating learning rate to 0.0009938441702975688
Epoch: 2 cost time: 0.3241896629333496
Epoch: 2, Steps: 6 | Train Loss: 1.0272135 Vali Loss: 0.9851984
Validation loss decreased (1.157767 --> 0.985198).  Saving model ...
Updating learning rate to 0.0009755282581475768
Epoch: 3 cost time: 0.31739187240600586
Epoch: 3, Steps: 6 | Train Loss: 0.9899530 Vali Loss: 0.9341556
Validation loss decreased (0.985198 --> 0.934156).  Saving model ...
Updating learning rate to 0.0009455032620941839
Epoch: 4 cost time: 0.3679320812225342
Epoch: 4, Steps: 6 | Train Loss: 0.9971436 Vali Loss: 1.1085719
EarlyStopping counter: 1 out of 5
Updating learning rate to 0.0009045084971874737
Epoch: 5 cost time: 0.3287026882171631
Epoch: 5, Steps: 6 | Train Loss: 0.9926643 Vali Loss: 1.0343030
EarlyStopping counter: 2 out of 5
Updating learning rate to 0.0008535533905932737
Epoch: 6 cost time: 0.3621182441711426
Epoch: 6, Steps: 6 | Train Loss: 0.9825381 Vali Loss: 1.0100868
EarlyStopping counter: 3 out of 5
Updating learning rate to 0.0007938926261462366
Epoch: 7 cost time: 0.3691105842590332
Epoch: 7, Steps: 6 | Train Loss: 0.9971392 Vali Loss: 0.9797548
EarlyStopping counter: 4 out of 5
Updating learning rate to 0.0007269952498697733
Epoch: 8 cost time: 0.3502516746520996
Epoch: 8, Steps: 6 | Train Loss: 0.9624546 Vali Loss: 0.9329495
Validation loss decreased (0.934156 --> 0.932950).  Saving model ...
Updating learning rate to 0.0006545084971874737
Epoch: 9 cost time: 0.33316588401794434
Epoch: 9, Steps: 6 | Train Loss: 1.0015798 Vali Loss: 0.8982521
Validation loss decreased (0.932950 --> 0.898252).  Saving model ...
Updating learning rate to 0.0005782172325201155
Epoch: 10 cost time: 0.38059258460998535
Epoch: 10, Steps: 6 | Train Loss: 0.9976319 Vali Loss: 0.8984908
EarlyStopping counter: 1 out of 5
Updating learning rate to 0.0005
Epoch: 11 cost time: 0.34879207611083984
Epoch: 11, Steps: 6 | Train Loss: 0.9684837 Vali Loss: 1.0692558
EarlyStopping counter: 2 out of 5
Updating learning rate to 0.0004217827674798845
Epoch: 12 cost time: 0.3671872615814209
Epoch: 12, Steps: 6 | Train Loss: 0.9736613 Vali Loss: 1.0039594
EarlyStopping counter: 3 out of 5
Updating learning rate to 0.00034549150281252633
Epoch: 13 cost time: 0.34531140327453613
Epoch: 13, Steps: 6 | Train Loss: 0.9505807 Vali Loss: 0.9125281
EarlyStopping counter: 4 out of 5
Updating learning rate to 0.00027300475013022663
Epoch: 14 cost time: 0.3322443962097168
Epoch: 14, Steps: 6 | Train Loss: 0.9580917 Vali Loss: 0.9701632
EarlyStopping counter: 5 out of 5
Early stopping
Saved relation bottleneck training diagnostics: /data/modeluse/TS/ISTAD-release/checkpoints/ISTAD_r1_relation_bottleneck/anomaly_detection_EXATHLON_ISTAD_EXATHLON_ftM_sl100_bmhgat_hglite_rb_bs128_r1_learned_dynamic_s90_0/relation_bottleneck_train_diagnostics.json
>>>>>>>testing : anomaly_detection_EXATHLON_ISTAD_EXATHLON_ftM_sl100_bmhgat_hglite_rb_bs128_r1_learned_dynamic_s90_0<<<<<<<<<<<<<<<<<<<<<<<<<<<<<<<<<
test: (52844, 19)
train: (70584, 19)
test 528
test: (52844, 19)
train: (70584, 19)
score_train 705
test: (52844, 19)
train: (70584, 19)
val 185
Saved relation bottleneck diagnostics: /data/modeluse/TS/ISTAD-release/analysis/r1_relation_bottleneck/runtime/anomaly_detection_EXATHLON_ISTAD_EXATHLON_ftM_sl100_bmhgat_hglite_rb_bs128_r1_learned_dynamic_s90_0/relation_bottleneck_diagnostics.json
Percentile Threshold Source: train
Percentile Threshold : 5.646381878852822
Saved point scores and labels: /data/modeluse/TS/ISTAD-release/analysis/r1_relation_bottleneck/runtime/anomaly_detection_EXATHLON_ISTAD_EXATHLON_ftM_sl100_bmhgat_hglite_rb_bs128_r1_learned_dynamic_s90_0/point_scores.npz
pred_raw: (52800,)
gt:      (52800,)
pred_pa: (52800,)
gt_pa:   (52800,)

============================================================
使用百分位数阈值的结果:
============================================================
Raw point F1: 0.2148 (P=0.7168, R=0.1264)
Accuracy : 0.9889, Precision : 0.9508, Recall : 0.9639, F-score : 0.9573 
============================================================


使用自适应 Best F1 搜索（两阶段）
粗搜索步数: 200, 精细搜索步数: 500

============================================================
自适应 Best F1 阈值搜索（两阶段）
============================================================

分数统计信息:
  最小值: 0.015580
  最大值: 1510.874023
  均值: 0.989104
  标准差: 13.789889
  中位数: 0.260210
  第1百分位: 0.046719
  第99百分位: 10.258171

自动确定的搜索范围: [0.023359, 20.516341]

============================================================
阶段 1: 粗搜索（步数: 200）
============================================================

============================================================
开始 Best F1 阈值搜索...
============================================================
搜索范围: [0.0234, 20.5163]
搜索步数: 200
使用点调整: False
阈值: 0.1258 | F1: 0.2638 | Precision: 0.1525 | Recall: 0.9756
阈值: 2.1751 | F1: 0.4527 | Precision: 0.7427 | Recall: 0.3256
阈值: 4.2244 | F1: 0.2576 | Precision: 0.7075 | Recall: 0.1574
阈值: 6.2737 | F1: 0.1974 | Precision: 0.7168 | Recall: 0.1144
阈值: 8.3230 | F1: 0.1202 | Precision: 0.6613 | Recall: 0.0661
阈值: 10.3723 | F1: 0.0892 | Precision: 0.6281 | Recall: 0.0480
阈值: 12.4216 | F1: 0.0733 | Precision: 0.6377 | Recall: 0.0389
阈值: 14.4709 | F1: 0.0644 | Precision: 0.6571 | Recall: 0.0339
阈值: 16.5202 | F1: 0.0523 | Precision: 0.6607 | Recall: 0.0272
阈值: 18.5695 | F1: 0.0404 | Precision: 0.6147 | Recall: 0.0209

============================================================
✓ 找到最佳阈值: 0.945544
  最佳 F1: 0.6669
  Precision: 0.6967
  Recall: 0.6396
============================================================


============================================================
阶段 2: 精细搜索（步数: 500）
============================================================
在最佳阈值 0.945544 附近精细搜索
精细搜索范围: [0.023359, 2.994842]

============================================================
开始 Best F1 阈值搜索...
============================================================
搜索范围: [0.0234, 2.9948]
搜索步数: 500
使用点调整: False
阈值: 0.0293 | F1: 0.2281 | Precision: 0.1288 | Recall: 1.0000
阈值: 0.3265 | F1: 0.4267 | Precision: 0.2840 | Recall: 0.8580
阈值: 0.6236 | F1: 0.6278 | Precision: 0.5496 | Recall: 0.7318
阈值: 0.9207 | F1: 0.6677 | Precision: 0.6915 | Recall: 0.6455
阈值: 1.2179 | F1: 0.6344 | Precision: 0.7397 | Recall: 0.5554
阈值: 1.5150 | F1: 0.5618 | Precision: 0.7480 | Recall: 0.4498
阈值: 1.8122 | F1: 0.4825 | Precision: 0.7352 | Recall: 0.3591
阈值: 2.1093 | F1: 0.4565 | Precision: 0.7401 | Recall: 0.3300
阈值: 2.4065 | F1: 0.4367 | Precision: 0.7530 | Recall: 0.3075
阈值: 2.7036 | F1: 0.4047 | Precision: 0.7509 | Recall: 0.2770

============================================================
✓ 找到最佳阈值: 0.902918
  最佳 F1: 0.6684
  Precision: 0.6863
  Recall: 0.6514
============================================================


✓ 精细搜索找到更好的阈值！

============================================================
自适应搜索完成！
============================================================
最终最佳阈值: 0.902918
最佳 F1: 0.6684
Precision: 0.6863
Recall: 0.6514
============================================================

Saved Best F1 results: /data/modeluse/TS/ISTAD-release/analysis/r1_relation_bottleneck/runtime/anomaly_detection_EXATHLON_ISTAD_EXATHLON_ftM_sl100_bmhgat_hglite_rb_bs128_r1_learned_dynamic_s90_0/bestf1_threshold_results.json
Saved anomaly score plot: /data/modeluse/TS/ISTAD-release/analysis/r1_relation_bottleneck/runtime/anomaly_detection_EXATHLON_ISTAD_EXATHLON_ftM_sl100_bmhgat_hglite_rb_bs128_r1_learned_dynamic_s90_0/anomaly_score_threshold.png
ISTAD explainability is disabled by --istad_enable_explain 0
Saved train time summary: /data/modeluse/TS/ISTAD-release/analysis/r1_relation_bottleneck/runtime/anomaly_detection_EXATHLON_ISTAD_EXATHLON_ftM_sl100_bmhgat_hglite_rb_bs128_r1_learned_dynamic_s90_0/train_time_summary.json
=== R1 EXATHLON seed 90 learned_static ===
Using GPU
Args in experiment:
[1mBasic Config[0m
  Task Name:          anomaly_detection   Is Training:        1                   
  Model ID:           EXATHLON            Model:              ISTAD               
  Seed:               90                  Itr:                1                   

[1mData Loader[0m
  Data:               EXATHLON            Root Path:          /data/modeluse/TS/ISTAD/dataset/EXATHLON
  Features:           M                   Seq Len:            100                 
  Enc In:             19                  C Out:              19                  
  Checkpoints:        /data/modeluse/TS/ISTAD-release/checkpoints/ISTAD_r1_relation_bottleneck
  Eval Step:          100                 

[1mAnomaly Detection Task[0m
  Anomaly Ratio:      1.0                 Threshold Source:   train               

[1mISTAD Parameters[0m
  Kernel Size:        7                   Branch Mode:        hgat                
  TCN Type:           kan                 
  Feat GAT Dim:       -1                  GRU Layers:         1                   
  GRU Hidden:         150                 Recon Layers:       1                   
  Recon Hidden:       32                  ISTAD Dropout:      0.3                 
  Recon Type:         pointwise           KANAD Order:        3                   
  Objective:          reconstruct         Target / Lag:       ('', 1)             
  Leaky Alpha:        0.2                 H Init:             normal              
  Hyperedges:         -1                  Top-K Nodes:        -1                  
  Spatial Type:       lite                HGAT Rank:          8                   
  HGAT Projection:    linear              Relation Mode:      static              
  KAN Grid:           5                   KAN Order:          3                   
  Arch:               legacy              Ablation:           full                
  Relation bottleneck:1                   Mask ratio/folds:   (0.2, 8)            
  Explainability:     0                   Explain Batches:    0                   
  Explain Points:     20000               Explain TopK:       10                  
  SmoothGrad:         0                   SG Samples:         20                  
  SG Noise:           0.1                 Quad Mode:          quantile            
  Quad Value:         0.75                Err Agg:            sum                 
  Sal Agg:            sum                 

[1mRun Parameters[0m
  Num Workers:        4                   Batch Size:         128                 
  Train Epochs:       20                  Patience:           5                   
  Learning Rate:      0.001               Lradj:              cosine              
  Des:                r1_learned_static_s90

[1mGPU[0m
  Use GPU:            1                   GPU:                0                   
  Use Multi GPU:      0                   Devices:            0,1,2,3             

Use GPU: cuda:0
🚀 Lazy Loading: ISTAD ...
>>>>>>>start training : anomaly_detection_EXATHLON_ISTAD_EXATHLON_ftM_sl100_bmhgat_relstatic_hglite_rb_bs128_r1_learned_static_s90_0>>>>>>>>>>>>>>>>>>>>>>>>>>
test: (52844, 19)
train: (70584, 19)
train 742
test: (52844, 19)
train: (70584, 19)
val 185
Epoch: 1 cost time: 1.4097540378570557
Epoch: 1, Steps: 6 | Train Loss: 1.0489358 Vali Loss: 1.1592075
Validation loss decreased (inf --> 1.159207).  Saving model ...
Updating learning rate to 0.0009938441702975688
Epoch: 2 cost time: 0.30678653717041016
Epoch: 2, Steps: 6 | Train Loss: 1.0286364 Vali Loss: 0.9859611
Validation loss decreased (1.159207 --> 0.985961).  Saving model ...
Updating learning rate to 0.0009755282581475768
Epoch: 3 cost time: 0.3401467800140381
Epoch: 3, Steps: 6 | Train Loss: 0.9912569 Vali Loss: 0.9344274
Validation loss decreased (0.985961 --> 0.934427).  Saving model ...
Updating learning rate to 0.0009455032620941839
Epoch: 4 cost time: 0.3116891384124756
Epoch: 4, Steps: 6 | Train Loss: 0.9983635 Vali Loss: 1.1099183
EarlyStopping counter: 1 out of 5
Updating learning rate to 0.0009045084971874737
Epoch: 5 cost time: 0.33483242988586426
Epoch: 5, Steps: 6 | Train Loss: 0.9940576 Vali Loss: 1.0360970
EarlyStopping counter: 2 out of 5
Updating learning rate to 0.0008535533905932737
Epoch: 6 cost time: 0.31605076789855957
Epoch: 6, Steps: 6 | Train Loss: 0.9835189 Vali Loss: 1.0119985
EarlyStopping counter: 3 out of 5
Updating learning rate to 0.0007938926261462366
Epoch: 7 cost time: 0.3294224739074707
Epoch: 7, Steps: 6 | Train Loss: 0.9992015 Vali Loss: 0.9835931
EarlyStopping counter: 4 out of 5
Updating learning rate to 0.0007269952498697733
Epoch: 8 cost time: 0.31703901290893555
Epoch: 8, Steps: 6 | Train Loss: 0.9641276 Vali Loss: 0.9352030
EarlyStopping counter: 5 out of 5
Early stopping
Saved relation bottleneck training diagnostics: /data/modeluse/TS/ISTAD-release/checkpoints/ISTAD_r1_relation_bottleneck/anomaly_detection_EXATHLON_ISTAD_EXATHLON_ftM_sl100_bmhgat_relstatic_hglite_rb_bs128_r1_learned_static_s90_0/relation_bottleneck_train_diagnostics.json
>>>>>>>testing : anomaly_detection_EXATHLON_ISTAD_EXATHLON_ftM_sl100_bmhgat_relstatic_hglite_rb_bs128_r1_learned_static_s90_0<<<<<<<<<<<<<<<<<<<<<<<<<<<<<<<<<
test: (52844, 19)
train: (70584, 19)
test 528
test: (52844, 19)
train: (70584, 19)
score_train 705
test: (52844, 19)
train: (70584, 19)
val 185
Saved relation bottleneck diagnostics: /data/modeluse/TS/ISTAD-release/analysis/r1_relation_bottleneck/runtime/anomaly_detection_EXATHLON_ISTAD_EXATHLON_ftM_sl100_bmhgat_relstatic_hglite_rb_bs128_r1_learned_static_s90_0/relation_bottleneck_diagnostics.json
Percentile Threshold Source: train
Percentile Threshold : 5.637252483367819
Saved point scores and labels: /data/modeluse/TS/ISTAD-release/analysis/r1_relation_bottleneck/runtime/anomaly_detection_EXATHLON_ISTAD_EXATHLON_ftM_sl100_bmhgat_relstatic_hglite_rb_bs128_r1_learned_static_s90_0/point_scores.npz
pred_raw: (52800,)
gt:      (52800,)
pred_pa: (52800,)
gt_pa:   (52800,)

============================================================
使用百分位数阈值的结果:
============================================================
Raw point F1: 0.2176 (P=0.7175, R=0.1283)
Accuracy : 0.9889, Precision : 0.9502, Recall : 0.9639, F-score : 0.9570 
============================================================


使用自适应 Best F1 搜索（两阶段）
粗搜索步数: 200, 精细搜索步数: 500

============================================================
自适应 Best F1 阈值搜索（两阶段）
============================================================

分数统计信息:
  最小值: 0.011273
  最大值: 1477.769165
  均值: 1.001655
  标准差: 13.731642
  中位数: 0.266331
  第1百分位: 0.047469
  第99百分位: 10.371165

自动确定的搜索范围: [0.023734, 20.742330]

============================================================
阶段 1: 粗搜索（步数: 200）
============================================================

============================================================
开始 Best F1 阈值搜索...
============================================================
搜索范围: [0.0237, 20.7423]
搜索步数: 200
使用点调整: False
阈值: 0.1273 | F1: 0.2628 | Precision: 0.1518 | Recall: 0.9754
阈值: 2.1992 | F1: 0.4540 | Precision: 0.7450 | Recall: 0.3265
阈值: 4.2710 | F1: 0.2627 | Precision: 0.7144 | Recall: 0.1610
阈值: 6.3429 | F1: 0.1998 | Precision: 0.7240 | Recall: 0.1159
阈值: 8.4148 | F1: 0.1238 | Precision: 0.6720 | Recall: 0.0682
阈值: 10.4866 | F1: 0.0892 | Precision: 0.6281 | Recall: 0.0480
阈值: 12.5585 | F1: 0.0725 | Precision: 0.6350 | Recall: 0.0384
阈值: 14.6303 | F1: 0.0639 | Precision: 0.6571 | Recall: 0.0336
阈值: 16.7022 | F1: 0.0510 | Precision: 0.6545 | Recall: 0.0265
阈值: 18.7741 | F1: 0.0396 | Precision: 0.6123 | Recall: 0.0205

============================================================
✓ 找到最佳阈值: 0.956071
  最佳 F1: 0.6722
  Precision: 0.7002
  Recall: 0.6464
============================================================


============================================================
阶段 2: 精细搜索（步数: 500）
============================================================
在最佳阈值 0.956071 附近精细搜索
精细搜索范围: [0.023734, 3.027931]

============================================================
开始 Best F1 阈值搜索...
============================================================
搜索范围: [0.0237, 3.0279]
搜索步数: 500
使用点调整: False
阈值: 0.0297 | F1: 0.2282 | Precision: 0.1288 | Recall: 1.0000
阈值: 0.3302 | F1: 0.4242 | Precision: 0.2813 | Recall: 0.8626
阈值: 0.6306 | F1: 0.6287 | Precision: 0.5479 | Recall: 0.7373
阈值: 0.9310 | F1: 0.6726 | Precision: 0.6932 | Recall: 0.6532
阈值: 1.2314 | F1: 0.6463 | Precision: 0.7465 | Recall: 0.5698
阈值: 1.5318 | F1: 0.5694 | Precision: 0.7517 | Recall: 0.4583
阈值: 1.8323 | F1: 0.4866 | Precision: 0.7388 | Recall: 0.3627
阈值: 2.1327 | F1: 0.4574 | Precision: 0.7419 | Recall: 0.3306
阈值: 2.4331 | F1: 0.4394 | Precision: 0.7557 | Recall: 0.3097
阈值: 2.7335 | F1: 0.4145 | Precision: 0.7575 | Recall: 0.2853

============================================================
✓ 找到最佳阈值: 0.937010
  最佳 F1: 0.6733
  Precision: 0.6956
  Recall: 0.6524
============================================================


✓ 精细搜索找到更好的阈值！

============================================================
自适应搜索完成！
============================================================
最终最佳阈值: 0.937010
最佳 F1: 0.6733
Precision: 0.6956
Recall: 0.6524
============================================================

Saved Best F1 results: /data/modeluse/TS/ISTAD-release/analysis/r1_relation_bottleneck/runtime/anomaly_detection_EXATHLON_ISTAD_EXATHLON_ftM_sl100_bmhgat_relstatic_hglite_rb_bs128_r1_learned_static_s90_0/bestf1_threshold_results.json
Saved anomaly score plot: /data/modeluse/TS/ISTAD-release/analysis/r1_relation_bottleneck/runtime/anomaly_detection_EXATHLON_ISTAD_EXATHLON_ftM_sl100_bmhgat_relstatic_hglite_rb_bs128_r1_learned_static_s90_0/anomaly_score_threshold.png
ISTAD explainability is disabled by --istad_enable_explain 0
Saved train time summary: /data/modeluse/TS/ISTAD-release/analysis/r1_relation_bottleneck/runtime/anomaly_detection_EXATHLON_ISTAD_EXATHLON_ftM_sl100_bmhgat_relstatic_hglite_rb_bs128_r1_learned_static_s90_0/train_time_summary.json
=== R1 EXATHLON seed 90 fixed_random ===
Using GPU
Args in experiment:
[1mBasic Config[0m
  Task Name:          anomaly_detection   Is Training:        1                   
  Model ID:           EXATHLON            Model:              ISTAD               
  Seed:               90                  Itr:                1                   

[1mData Loader[0m
  Data:               EXATHLON            Root Path:          /data/modeluse/TS/ISTAD/dataset/EXATHLON
  Features:           M                   Seq Len:            100                 
  Enc In:             19                  C Out:              19                  
  Checkpoints:        /data/modeluse/TS/ISTAD-release/checkpoints/ISTAD_r1_relation_bottleneck
  Eval Step:          100                 

[1mAnomaly Detection Task[0m
  Anomaly Ratio:      1.0                 Threshold Source:   train               

[1mISTAD Parameters[0m
  Kernel Size:        7                   Branch Mode:        hgat                
  TCN Type:           kan                 
  Feat GAT Dim:       -1                  GRU Layers:         1                   
  GRU Hidden:         150                 Recon Layers:       1                   
  Recon Hidden:       32                  ISTAD Dropout:      0.3                 
  Recon Type:         pointwise           KANAD Order:        3                   
  Objective:          reconstruct         Target / Lag:       ('', 1)             
  Leaky Alpha:        0.2                 H Init:             normal              
  Hyperedges:         -1                  Top-K Nodes:        -1                  
  Spatial Type:       lite                HGAT Rank:          8                   
  HGAT Projection:    linear              Relation Mode:      fixed_random        
  KAN Grid:           5                   KAN Order:          3                   
  Arch:               legacy              Ablation:           full                
  Relation bottleneck:1                   Mask ratio/folds:   (0.2, 8)            
  Explainability:     0                   Explain Batches:    0                   
  Explain Points:     20000               Explain TopK:       10                  
  SmoothGrad:         0                   SG Samples:         20                  
  SG Noise:           0.1                 Quad Mode:          quantile            
  Quad Value:         0.75                Err Agg:            sum                 
  Sal Agg:            sum                 

[1mRun Parameters[0m
  Num Workers:        4                   Batch Size:         128                 
  Train Epochs:       20                  Patience:           5                   
  Learning Rate:      0.001               Lradj:              cosine              
  Des:                r1_fixed_random_s90 

[1mGPU[0m
  Use GPU:            1                   GPU:                0                   
  Use Multi GPU:      0                   Devices:            0,1,2,3             

Use GPU: cuda:0
🚀 Lazy Loading: ISTAD ...
>>>>>>>start training : anomaly_detection_EXATHLON_ISTAD_EXATHLON_ftM_sl100_bmhgat_relfixed_random_hglite_rb_bs128_r1_fixed_random_s90_0>>>>>>>>>>>>>>>>>>>>>>>>>>
test: (52844, 19)
train: (70584, 19)
train 742
test: (52844, 19)
train: (70584, 19)
val 185
Epoch: 1 cost time: 1.3379881381988525
Epoch: 1, Steps: 6 | Train Loss: 1.0486479 Vali Loss: 1.1601401
Validation loss decreased (inf --> 1.160140).  Saving model ...
Updating learning rate to 0.0009938441702975688
Epoch: 2 cost time: 0.2923455238342285
Epoch: 2, Steps: 6 | Train Loss: 1.0281841 Vali Loss: 0.9878387
Validation loss decreased (1.160140 --> 0.987839).  Saving model ...
Updating learning rate to 0.0009755282581475768
Epoch: 3 cost time: 0.30295491218566895
Epoch: 3, Steps: 6 | Train Loss: 0.9909401 Vali Loss: 0.9363592
Validation loss decreased (0.987839 --> 0.936359).  Saving model ...
Updating learning rate to 0.0009455032620941839
Epoch: 4 cost time: 0.31749725341796875
Epoch: 4, Steps: 6 | Train Loss: 0.9978692 Vali Loss: 1.1107840
EarlyStopping counter: 1 out of 5
Updating learning rate to 0.0009045084971874737
Epoch: 5 cost time: 0.30233001708984375
Epoch: 5, Steps: 6 | Train Loss: 0.9931109 Vali Loss: 1.0369141
EarlyStopping counter: 2 out of 5
Updating learning rate to 0.0008535533905932737
Epoch: 6 cost time: 0.30515313148498535
Epoch: 6, Steps: 6 | Train Loss: 0.9832600 Vali Loss: 1.0128172
EarlyStopping counter: 3 out of 5
Updating learning rate to 0.0007938926261462366
Epoch: 7 cost time: 0.3207366466522217
Epoch: 7, Steps: 6 | Train Loss: 0.9977353 Vali Loss: 0.9830073
EarlyStopping counter: 4 out of 5
Updating learning rate to 0.0007269952498697733
Epoch: 8 cost time: 0.30523204803466797
Epoch: 8, Steps: 6 | Train Loss: 0.9629457 Vali Loss: 0.9350625
Validation loss decreased (0.936359 --> 0.935063).  Saving model ...
Updating learning rate to 0.0006545084971874737
Epoch: 9 cost time: 0.32092761993408203
Epoch: 9, Steps: 6 | Train Loss: 1.0016786 Vali Loss: 0.9000324
Validation loss decreased (0.935063 --> 0.900032).  Saving model ...
Updating learning rate to 0.0005782172325201155
Epoch: 10 cost time: 0.30649232864379883
Epoch: 10, Steps: 6 | Train Loss: 0.9970675 Vali Loss: 0.9006186
EarlyStopping counter: 1 out of 5
Updating learning rate to 0.0005
Epoch: 11 cost time: 0.3126983642578125
Epoch: 11, Steps: 6 | Train Loss: 0.9688034 Vali Loss: 1.0717333
EarlyStopping counter: 2 out of 5
Updating learning rate to 0.0004217827674798845
Epoch: 12 cost time: 0.3131134510040283
Epoch: 12, Steps: 6 | Train Loss: 0.9734208 Vali Loss: 1.0064985
EarlyStopping counter: 3 out of 5
Updating learning rate to 0.00034549150281252633
Epoch: 13 cost time: 0.31328582763671875
Epoch: 13, Steps: 6 | Train Loss: 0.9507053 Vali Loss: 0.9160528
EarlyStopping counter: 4 out of 5
Updating learning rate to 0.00027300475013022663
Epoch: 14 cost time: 0.3027017116546631
Epoch: 14, Steps: 6 | Train Loss: 0.9581365 Vali Loss: 0.9733319
EarlyStopping counter: 5 out of 5
Early stopping
Saved relation bottleneck training diagnostics: /data/modeluse/TS/ISTAD-release/checkpoints/ISTAD_r1_relation_bottleneck/anomaly_detection_EXATHLON_ISTAD_EXATHLON_ftM_sl100_bmhgat_relfixed_random_hglite_rb_bs128_r1_fixed_random_s90_0/relation_bottleneck_train_diagnostics.json
>>>>>>>testing : anomaly_detection_EXATHLON_ISTAD_EXATHLON_ftM_sl100_bmhgat_relfixed_random_hglite_rb_bs128_r1_fixed_random_s90_0<<<<<<<<<<<<<<<<<<<<<<<<<<<<<<<<<
test: (52844, 19)
train: (70584, 19)
test 528
test: (52844, 19)
train: (70584, 19)
score_train 705
test: (52844, 19)
train: (70584, 19)
val 185
Saved relation bottleneck diagnostics: /data/modeluse/TS/ISTAD-release/analysis/r1_relation_bottleneck/runtime/anomaly_detection_EXATHLON_ISTAD_EXATHLON_ftM_sl100_bmhgat_relfixed_random_hglite_rb_bs128_r1_fixed_random_s90_0/relation_bottleneck_diagnostics.json
Percentile Threshold Source: train
Percentile Threshold : 5.6102357864378165
Saved point scores and labels: /data/modeluse/TS/ISTAD-release/analysis/r1_relation_bottleneck/runtime/anomaly_detection_EXATHLON_ISTAD_EXATHLON_ftM_sl100_bmhgat_relfixed_random_hglite_rb_bs128_r1_fixed_random_s90_0/point_scores.npz
pred_raw: (52800,)
gt:      (52800,)
pred_pa: (52800,)
gt_pa:   (52800,)

============================================================
使用百分位数阈值的结果:
============================================================
Raw point F1: 0.2151 (P=0.7137, R=0.1267)
Accuracy : 0.9888, Precision : 0.9499, Recall : 0.9639, F-score : 0.9569 
============================================================


使用自适应 Best F1 搜索（两阶段）
粗搜索步数: 200, 精细搜索步数: 500

============================================================
自适应 Best F1 阈值搜索（两阶段）
============================================================

分数统计信息:
  最小值: 0.015230
  最大值: 1513.692627
  均值: 0.989247
  标准差: 13.789854
  中位数: 0.260804
  第1百分位: 0.046514
  第99百分位: 10.216056

自动确定的搜索范围: [0.023257, 20.432112]

============================================================
阶段 1: 粗搜索（步数: 200）
============================================================

============================================================
开始 Best F1 阈值搜索...
============================================================
搜索范围: [0.0233, 20.4321]
搜索步数: 200
使用点调整: False
阈值: 0.1253 | F1: 0.2634 | Precision: 0.1523 | Recall: 0.9757
阈值: 2.1662 | F1: 0.4539 | Precision: 0.7433 | Recall: 0.3267
阈值: 4.2071 | F1: 0.2586 | Precision: 0.7089 | Recall: 0.1582
阈值: 6.2480 | F1: 0.1983 | Precision: 0.7192 | Recall: 0.1150
阈值: 8.2888 | F1: 0.1205 | Precision: 0.6608 | Recall: 0.0663
阈值: 10.3297 | F1: 0.0892 | Precision: 0.6245 | Recall: 0.0480
阈值: 12.3706 | F1: 0.0735 | Precision: 0.6370 | Recall: 0.0390
阈值: 14.4115 | F1: 0.0644 | Precision: 0.6609 | Recall: 0.0339
阈值: 16.4524 | F1: 0.0531 | Precision: 0.6596 | Recall: 0.0277
阈值: 18.4933 | F1: 0.0404 | Precision: 0.6147 | Recall: 0.0209

============================================================
✓ 找到最佳阈值: 0.941656
  最佳 F1: 0.6683
  Precision: 0.6975
  Recall: 0.6415
============================================================


============================================================
阶段 2: 精细搜索（步数: 500）
============================================================
在最佳阈值 0.941656 附近精细搜索
精细搜索范围: [0.023257, 2.982541]

============================================================
开始 Best F1 阈值搜索...
============================================================
搜索范围: [0.0233, 2.9825]
搜索步数: 500
使用点调整: False
阈值: 0.0292 | F1: 0.2282 | Precision: 0.1288 | Recall: 1.0000
阈值: 0.3251 | F1: 0.4255 | Precision: 0.2827 | Recall: 0.8595
阈值: 0.6210 | F1: 0.6273 | Precision: 0.5484 | Recall: 0.7328
阈值: 0.9170 | F1: 0.6691 | Precision: 0.6915 | Recall: 0.6482
阈值: 1.2129 | F1: 0.6365 | Precision: 0.7408 | Recall: 0.5580
阈值: 1.5088 | F1: 0.5641 | Precision: 0.7491 | Recall: 0.4524
阈值: 1.8047 | F1: 0.4842 | Precision: 0.7354 | Recall: 0.3610
阈值: 2.1007 | F1: 0.4564 | Precision: 0.7390 | Recall: 0.3302
阈值: 2.3966 | F1: 0.4371 | Precision: 0.7520 | Recall: 0.3081
阈值: 2.6925 | F1: 0.4077 | Precision: 0.7521 | Recall: 0.2797

============================================================
✓ 找到最佳阈值: 0.916961
  最佳 F1: 0.6691
  Precision: 0.6915
  Recall: 0.6482
============================================================


✓ 精细搜索找到更好的阈值！

============================================================
自适应搜索完成！
============================================================
最终最佳阈值: 0.916961
最佳 F1: 0.6691
Precision: 0.6915
Recall: 0.6482
============================================================

Saved Best F1 results: /data/modeluse/TS/ISTAD-release/analysis/r1_relation_bottleneck/runtime/anomaly_detection_EXATHLON_ISTAD_EXATHLON_ftM_sl100_bmhgat_relfixed_random_hglite_rb_bs128_r1_fixed_random_s90_0/bestf1_threshold_results.json
Saved anomaly score plot: /data/modeluse/TS/ISTAD-release/analysis/r1_relation_bottleneck/runtime/anomaly_detection_EXATHLON_ISTAD_EXATHLON_ftM_sl100_bmhgat_relfixed_random_hglite_rb_bs128_r1_fixed_random_s90_0/anomaly_score_threshold.png
ISTAD explainability is disabled by --istad_enable_explain 0
Saved train time summary: /data/modeluse/TS/ISTAD-release/analysis/r1_relation_bottleneck/runtime/anomaly_detection_EXATHLON_ISTAD_EXATHLON_ftM_sl100_bmhgat_relfixed_random_hglite_rb_bs128_r1_fixed_random_s90_0/train_time_summary.json
=== R1 EXATHLON seed 90 no_message ===
Using GPU
Args in experiment:
[1mBasic Config[0m
  Task Name:          anomaly_detection   Is Training:        1                   
  Model ID:           EXATHLON            Model:              ISTAD               
  Seed:               90                  Itr:                1                   

[1mData Loader[0m
  Data:               EXATHLON            Root Path:          /data/modeluse/TS/ISTAD/dataset/EXATHLON
  Features:           M                   Seq Len:            100                 
  Enc In:             19                  C Out:              19                  
  Checkpoints:        /data/modeluse/TS/ISTAD-release/checkpoints/ISTAD_r1_relation_bottleneck
  Eval Step:          100                 

[1mAnomaly Detection Task[0m
  Anomaly Ratio:      1.0                 Threshold Source:   train               

[1mISTAD Parameters[0m
  Kernel Size:        7                   Branch Mode:        hgat                
  TCN Type:           kan                 
  Feat GAT Dim:       -1                  GRU Layers:         1                   
  GRU Hidden:         150                 Recon Layers:       1                   
  Recon Hidden:       32                  ISTAD Dropout:      0.3                 
  Recon Type:         pointwise           KANAD Order:        3                   
  Objective:          reconstruct         Target / Lag:       ('', 1)             
  Leaky Alpha:        0.2                 H Init:             normal              
  Hyperedges:         -1                  Top-K Nodes:        -1                  
  Spatial Type:       lite                HGAT Rank:          8                   
  HGAT Projection:    linear              Relation Mode:      no_message          
  KAN Grid:           5                   KAN Order:          3                   
  Arch:               legacy              Ablation:           full                
  Relation bottleneck:1                   Mask ratio/folds:   (0.2, 8)            
  Explainability:     0                   Explain Batches:    0                   
  Explain Points:     20000               Explain TopK:       10                  
  SmoothGrad:         0                   SG Samples:         20                  
  SG Noise:           0.1                 Quad Mode:          quantile            
  Quad Value:         0.75                Err Agg:            sum                 
  Sal Agg:            sum                 

[1mRun Parameters[0m
  Num Workers:        4                   Batch Size:         128                 
  Train Epochs:       20                  Patience:           5                   
  Learning Rate:      0.001               Lradj:              cosine              
  Des:                r1_no_message_s90   

[1mGPU[0m
  Use GPU:            1                   GPU:                0                   
  Use Multi GPU:      0                   Devices:            0,1,2,3             

Use GPU: cuda:0
🚀 Lazy Loading: ISTAD ...
>>>>>>>start training : anomaly_detection_EXATHLON_ISTAD_EXATHLON_ftM_sl100_bmhgat_relno_message_hglite_rb_bs128_r1_no_message_s90_0>>>>>>>>>>>>>>>>>>>>>>>>>>
test: (52844, 19)
train: (70584, 19)
train 742
test: (52844, 19)
train: (70584, 19)
val 185
Epoch: 1 cost time: 1.2098073959350586
Epoch: 1, Steps: 6 | Train Loss: 1.0228963 Vali Loss: 1.1605272
Validation loss decreased (inf --> 1.160527).  Saving model ...
Updating learning rate to 0.0009938441702975688
Epoch: 2 cost time: 0.22395706176757812
Epoch: 2, Steps: 6 | Train Loss: 1.0092392 Vali Loss: 0.9891407
Validation loss decreased (1.160527 --> 0.989141).  Saving model ...
Updating learning rate to 0.0009755282581475768
Epoch: 3 cost time: 0.24366545677185059
Epoch: 3, Steps: 6 | Train Loss: 1.0890119 Vali Loss: 0.9377624
Validation loss decreased (0.989141 --> 0.937762).  Saving model ...
Updating learning rate to 0.0009455032620941839
Epoch: 4 cost time: 0.25560879707336426
Epoch: 4, Steps: 6 | Train Loss: 0.9786018 Vali Loss: 1.1126477
EarlyStopping counter: 1 out of 5
Updating learning rate to 0.0009045084971874737
Epoch: 5 cost time: 0.26128506660461426
Epoch: 5, Steps: 6 | Train Loss: 1.0198821 Vali Loss: 1.0387466
EarlyStopping counter: 2 out of 5
Updating learning rate to 0.0008535533905932737
Epoch: 6 cost time: 0.24620294570922852
Epoch: 6, Steps: 6 | Train Loss: 1.0245619 Vali Loss: 1.0146270
EarlyStopping counter: 3 out of 5
Updating learning rate to 0.0007938926261462366
Epoch: 7 cost time: 0.23877930641174316
Epoch: 7, Steps: 6 | Train Loss: 0.9913525 Vali Loss: 0.9857581
EarlyStopping counter: 4 out of 5
Updating learning rate to 0.0007269952498697733
Epoch: 8 cost time: 0.2381289005279541
Epoch: 8, Steps: 6 | Train Loss: 1.0037902 Vali Loss: 0.9378569
EarlyStopping counter: 5 out of 5
Early stopping
Saved relation bottleneck training diagnostics: /data/modeluse/TS/ISTAD-release/checkpoints/ISTAD_r1_relation_bottleneck/anomaly_detection_EXATHLON_ISTAD_EXATHLON_ftM_sl100_bmhgat_relno_message_hglite_rb_bs128_r1_no_message_s90_0/relation_bottleneck_train_diagnostics.json
>>>>>>>testing : anomaly_detection_EXATHLON_ISTAD_EXATHLON_ftM_sl100_bmhgat_relno_message_hglite_rb_bs128_r1_no_message_s90_0<<<<<<<<<<<<<<<<<<<<<<<<<<<<<<<<<
test: (52844, 19)
train: (70584, 19)
test 528
test: (52844, 19)
train: (70584, 19)
score_train 705
test: (52844, 19)
train: (70584, 19)
val 185
Saved relation bottleneck diagnostics: /data/modeluse/TS/ISTAD-release/analysis/r1_relation_bottleneck/runtime/anomaly_detection_EXATHLON_ISTAD_EXATHLON_ftM_sl100_bmhgat_relno_message_hglite_rb_bs128_r1_no_message_s90_0/relation_bottleneck_diagnostics.json
Percentile Threshold Source: train
Percentile Threshold : 5.65533985614772
Saved point scores and labels: /data/modeluse/TS/ISTAD-release/analysis/r1_relation_bottleneck/runtime/anomaly_detection_EXATHLON_ISTAD_EXATHLON_ftM_sl100_bmhgat_relno_message_hglite_rb_bs128_r1_no_message_s90_0/point_scores.npz
pred_raw: (52800,)
gt:      (52800,)
pred_pa: (52800,)
gt_pa:   (52800,)

============================================================
使用百分位数阈值的结果:
============================================================
Raw point F1: 0.2174 (P=0.7172, R=0.1281)
Accuracy : 0.9889, Precision : 0.9502, Recall : 0.9639, F-score : 0.9570 
============================================================


使用自适应 Best F1 搜索（两阶段）
粗搜索步数: 200, 精细搜索步数: 500

============================================================
自适应 Best F1 阈值搜索（两阶段）
============================================================

分数统计信息:
  最小值: 0.012096
  最大值: 1474.106934
  均值: 1.001990
  标准差: 13.721714
  中位数: 0.266234
  第1百分位: 0.046910
  第99百分位: 10.356806

自动确定的搜索范围: [0.023455, 20.713611]

============================================================
阶段 1: 粗搜索（步数: 200）
============================================================

============================================================
开始 Best F1 阈值搜索...
============================================================
搜索范围: [0.0235, 20.7136]
搜索步数: 200
使用点调整: False
阈值: 0.1269 | F1: 0.2630 | Precision: 0.1520 | Recall: 0.9760
阈值: 2.1959 | F1: 0.4542 | Precision: 0.7450 | Recall: 0.3267
阈值: 4.2649 | F1: 0.2636 | Precision: 0.7151 | Recall: 0.1616
阈值: 6.3340 | F1: 0.1998 | Precision: 0.7233 | Recall: 0.1159
阈值: 8.4030 | F1: 0.1238 | Precision: 0.6710 | Recall: 0.0682
阈值: 10.4720 | F1: 0.0892 | Precision: 0.6281 | Recall: 0.0480
阈值: 12.5410 | F1: 0.0730 | Precision: 0.6368 | Recall: 0.0387
阈值: 14.6100 | F1: 0.0644 | Precision: 0.6590 | Recall: 0.0339
阈值: 16.6790 | F1: 0.0510 | Precision: 0.6545 | Recall: 0.0265
阈值: 18.7480 | F1: 0.0393 | Precision: 0.6079 | Recall: 0.0203

============================================================
✓ 找到最佳阈值: 0.954512
  最佳 F1: 0.6725
  Precision: 0.6997
  Recall: 0.6473
============================================================


============================================================
阶段 2: 精细搜索（步数: 500）
============================================================
在最佳阈值 0.954512 附近精细搜索
精细搜索范围: [0.023455, 3.023528]

============================================================
开始 Best F1 阈值搜索...
============================================================
搜索范围: [0.0235, 3.0235]
搜索步数: 500
使用点调整: False
阈值: 0.0295 | F1: 0.2282 | Precision: 0.1288 | Recall: 1.0000
阈值: 0.3295 | F1: 0.4236 | Precision: 0.2806 | Recall: 0.8641
阈值: 0.6295 | F1: 0.6274 | Precision: 0.5459 | Recall: 0.7376
阈值: 0.9295 | F1: 0.6724 | Precision: 0.6919 | Recall: 0.6541
阈值: 1.2295 | F1: 0.6472 | Precision: 0.7455 | Recall: 0.5717
阈值: 1.5295 | F1: 0.5696 | Precision: 0.7510 | Recall: 0.4588
阈值: 1.8295 | F1: 0.4868 | Precision: 0.7375 | Recall: 0.3633
阈值: 2.1295 | F1: 0.4573 | Precision: 0.7414 | Recall: 0.3306
阈值: 2.4295 | F1: 0.4399 | Precision: 0.7562 | Recall: 0.3102
阈值: 2.7295 | F1: 0.4152 | Precision: 0.7571 | Recall: 0.2860

============================================================
✓ 找到最佳阈值: 0.941477
  最佳 F1: 0.6736
  Precision: 0.6972
  Recall: 0.6515
============================================================


✓ 精细搜索找到更好的阈值！

============================================================
自适应搜索完成！
============================================================
最终最佳阈值: 0.941477
最佳 F1: 0.6736
Precision: 0.6972
Recall: 0.6515
============================================================

Saved Best F1 results: /data/modeluse/TS/ISTAD-release/analysis/r1_relation_bottleneck/runtime/anomaly_detection_EXATHLON_ISTAD_EXATHLON_ftM_sl100_bmhgat_relno_message_hglite_rb_bs128_r1_no_message_s90_0/bestf1_threshold_results.json
Saved anomaly score plot: /data/modeluse/TS/ISTAD-release/analysis/r1_relation_bottleneck/runtime/anomaly_detection_EXATHLON_ISTAD_EXATHLON_ftM_sl100_bmhgat_relno_message_hglite_rb_bs128_r1_no_message_s90_0/anomaly_score_threshold.png
ISTAD explainability is disabled by --istad_enable_explain 0
Saved train time summary: /data/modeluse/TS/ISTAD-release/analysis/r1_relation_bottleneck/runtime/anomaly_detection_EXATHLON_ISTAD_EXATHLON_ftM_sl100_bmhgat_relno_message_hglite_rb_bs128_r1_no_message_s90_0/train_time_summary.json
=== R1 EXATHLON seed 98 learned_dynamic ===
Using GPU
Args in experiment:
[1mBasic Config[0m
  Task Name:          anomaly_detection   Is Training:        1                   
  Model ID:           EXATHLON            Model:              ISTAD               
  Seed:               98                  Itr:                1                   

[1mData Loader[0m
  Data:               EXATHLON            Root Path:          /data/modeluse/TS/ISTAD/dataset/EXATHLON
  Features:           M                   Seq Len:            100                 
  Enc In:             19                  C Out:              19                  
  Checkpoints:        /data/modeluse/TS/ISTAD-release/checkpoints/ISTAD_r1_relation_bottleneck
  Eval Step:          100                 

[1mAnomaly Detection Task[0m
  Anomaly Ratio:      1.0                 Threshold Source:   train               

[1mISTAD Parameters[0m
  Kernel Size:        7                   Branch Mode:        hgat                
  TCN Type:           kan                 
  Feat GAT Dim:       -1                  GRU Layers:         1                   
  GRU Hidden:         150                 Recon Layers:       1                   
  Recon Hidden:       32                  ISTAD Dropout:      0.3                 
  Recon Type:         pointwise           KANAD Order:        3                   
  Objective:          reconstruct         Target / Lag:       ('', 1)             
  Leaky Alpha:        0.2                 H Init:             normal              
  Hyperedges:         -1                  Top-K Nodes:        -1                  
  Spatial Type:       lite                HGAT Rank:          8                   
  HGAT Projection:    linear              Relation Mode:      dynamic             
  KAN Grid:           5                   KAN Order:          3                   
  Arch:               legacy              Ablation:           full                
  Relation bottleneck:1                   Mask ratio/folds:   (0.2, 8)            
  Explainability:     0                   Explain Batches:    0                   
  Explain Points:     20000               Explain TopK:       10                  
  SmoothGrad:         0                   SG Samples:         20                  
  SG Noise:           0.1                 Quad Mode:          quantile            
  Quad Value:         0.75                Err Agg:            sum                 
  Sal Agg:            sum                 

[1mRun Parameters[0m
  Num Workers:        4                   Batch Size:         128                 
  Train Epochs:       20                  Patience:           5                   
  Learning Rate:      0.001               Lradj:              cosine              
  Des:                r1_learned_dynamic_s98

[1mGPU[0m
  Use GPU:            1                   GPU:                0                   
  Use Multi GPU:      0                   Devices:            0,1,2,3             

Use GPU: cuda:0
🚀 Lazy Loading: ISTAD ...
>>>>>>>start training : anomaly_detection_EXATHLON_ISTAD_EXATHLON_ftM_sl100_bmhgat_hglite_rb_bs128_r1_learned_dynamic_s98_0>>>>>>>>>>>>>>>>>>>>>>>>>>
test: (52844, 19)
train: (70584, 19)
train 742
test: (52844, 19)
train: (70584, 19)
val 185
Epoch: 1 cost time: 1.3547887802124023
Epoch: 1, Steps: 6 | Train Loss: 1.0142694 Vali Loss: 0.9709596
Validation loss decreased (inf --> 0.970960).  Saving model ...
Updating learning rate to 0.0009938441702975688
Epoch: 2 cost time: 0.31783199310302734
Epoch: 2, Steps: 6 | Train Loss: 0.9938855 Vali Loss: 0.9569615
Validation loss decreased (0.970960 --> 0.956961).  Saving model ...
Updating learning rate to 0.0009755282581475768
Epoch: 3 cost time: 0.32195186614990234
Epoch: 3, Steps: 6 | Train Loss: 1.0534897 Vali Loss: 1.0856354
EarlyStopping counter: 1 out of 5
Updating learning rate to 0.0009455032620941839
Epoch: 4 cost time: 0.3430020809173584
Epoch: 4, Steps: 6 | Train Loss: 1.0213898 Vali Loss: 0.9634952
EarlyStopping counter: 2 out of 5
Updating learning rate to 0.0009045084971874737
Epoch: 5 cost time: 0.33191514015197754
Epoch: 5, Steps: 6 | Train Loss: 1.0014277 Vali Loss: 1.0951490
EarlyStopping counter: 3 out of 5
Updating learning rate to 0.0008535533905932737
Epoch: 6 cost time: 0.33353662490844727
Epoch: 6, Steps: 6 | Train Loss: 1.0221479 Vali Loss: 0.9294756
Validation loss decreased (0.956961 --> 0.929476).  Saving model ...
Updating learning rate to 0.0007938926261462366
Epoch: 7 cost time: 0.320483922958374
Epoch: 7, Steps: 6 | Train Loss: 0.9800977 Vali Loss: 1.0252679
EarlyStopping counter: 1 out of 5
Updating learning rate to 0.0007269952498697733
Epoch: 8 cost time: 0.3344573974609375
Epoch: 8, Steps: 6 | Train Loss: 1.0339830 Vali Loss: 0.9543703
EarlyStopping counter: 2 out of 5
Updating learning rate to 0.0006545084971874737
Epoch: 9 cost time: 0.33143043518066406
Epoch: 9, Steps: 6 | Train Loss: 0.9497891 Vali Loss: 1.0243101
EarlyStopping counter: 3 out of 5
Updating learning rate to 0.0005782172325201155
Epoch: 10 cost time: 0.2908928394317627
Epoch: 10, Steps: 6 | Train Loss: 1.0276693 Vali Loss: 1.0681868
EarlyStopping counter: 4 out of 5
Updating learning rate to 0.0005
Epoch: 11 cost time: 0.32933592796325684
Epoch: 11, Steps: 6 | Train Loss: 0.9677755 Vali Loss: 0.9407234
EarlyStopping counter: 5 out of 5
Early stopping
Saved relation bottleneck training diagnostics: /data/modeluse/TS/ISTAD-release/checkpoints/ISTAD_r1_relation_bottleneck/anomaly_detection_EXATHLON_ISTAD_EXATHLON_ftM_sl100_bmhgat_hglite_rb_bs128_r1_learned_dynamic_s98_0/relation_bottleneck_train_diagnostics.json
>>>>>>>testing : anomaly_detection_EXATHLON_ISTAD_EXATHLON_ftM_sl100_bmhgat_hglite_rb_bs128_r1_learned_dynamic_s98_0<<<<<<<<<<<<<<<<<<<<<<<<<<<<<<<<<
test: (52844, 19)
train: (70584, 19)
test 528
test: (52844, 19)
train: (70584, 19)
score_train 705
test: (52844, 19)
train: (70584, 19)
val 185
Saved relation bottleneck diagnostics: /data/modeluse/TS/ISTAD-release/analysis/r1_relation_bottleneck/runtime/anomaly_detection_EXATHLON_ISTAD_EXATHLON_ftM_sl100_bmhgat_hglite_rb_bs128_r1_learned_dynamic_s98_0/relation_bottleneck_diagnostics.json
Percentile Threshold Source: train
Percentile Threshold : 5.627833905220016
Saved point scores and labels: /data/modeluse/TS/ISTAD-release/analysis/r1_relation_bottleneck/runtime/anomaly_detection_EXATHLON_ISTAD_EXATHLON_ftM_sl100_bmhgat_hglite_rb_bs128_r1_learned_dynamic_s98_0/point_scores.npz
pred_raw: (52800,)
gt:      (52800,)
pred_pa: (52800,)
gt_pa:   (52800,)

============================================================
使用百分位数阈值的结果:
============================================================
Raw point F1: 0.2152 (P=0.7161, R=0.1267)
Accuracy : 0.9889, Precision : 0.9505, Recall : 0.9639, F-score : 0.9572 
============================================================


使用自适应 Best F1 搜索（两阶段）
粗搜索步数: 200, 精细搜索步数: 500

============================================================
自适应 Best F1 阈值搜索（两阶段）
============================================================

分数统计信息:
  最小值: 0.015245
  最大值: 1496.108521
  均值: 0.992759
  标准差: 13.741743
  中位数: 0.262505
  第1百分位: 0.048797
  第99百分位: 10.253644

自动确定的搜索范围: [0.024399, 20.507288]

============================================================
阶段 1: 粗搜索（步数: 200）
============================================================

============================================================
开始 Best F1 阈值搜索...
============================================================
搜索范围: [0.0244, 20.5073]
搜索步数: 200
使用点调整: False
阈值: 0.1268 | F1: 0.2630 | Precision: 0.1520 | Recall: 0.9767
阈值: 2.1751 | F1: 0.4531 | Precision: 0.7438 | Recall: 0.3258
阈值: 4.2234 | F1: 0.2592 | Precision: 0.7112 | Recall: 0.1585
阈值: 6.2717 | F1: 0.1991 | Precision: 0.7232 | Recall: 0.1155
阈值: 8.3200 | F1: 0.1200 | Precision: 0.6617 | Recall: 0.0660
阈值: 10.3683 | F1: 0.0902 | Precision: 0.6274 | Recall: 0.0486
阈值: 12.4165 | F1: 0.0743 | Precision: 0.6381 | Recall: 0.0395
阈值: 14.4648 | F1: 0.0644 | Precision: 0.6571 | Recall: 0.0339
阈值: 16.5131 | F1: 0.0545 | Precision: 0.6632 | Recall: 0.0284
阈值: 18.5614 | F1: 0.0399 | Precision: 0.6114 | Recall: 0.0206

============================================================
✓ 找到最佳阈值: 0.946129
  最佳 F1: 0.6698
  Precision: 0.6987
  Recall: 0.6433
============================================================


============================================================
阶段 2: 精细搜索（步数: 500）
============================================================
在最佳阈值 0.946129 附近精细搜索
精细搜索范围: [0.024399, 2.994418]

============================================================
开始 Best F1 阈值搜索...
============================================================
搜索范围: [0.0244, 2.9944]
搜索步数: 500
使用点调整: False
阈值: 0.0303 | F1: 0.2281 | Precision: 0.1287 | Recall: 1.0000
阈值: 0.3273 | F1: 0.4278 | Precision: 0.2846 | Recall: 0.8611
阈值: 0.6243 | F1: 0.6302 | Precision: 0.5516 | Recall: 0.7349
阈值: 0.9213 | F1: 0.6702 | Precision: 0.6922 | Recall: 0.6495
阈值: 1.2183 | F1: 0.6498 | Precision: 0.7457 | Recall: 0.5757
阈值: 1.5153 | F1: 0.5711 | Precision: 0.7520 | Recall: 0.4604
阈值: 1.8124 | F1: 0.4861 | Precision: 0.7377 | Recall: 0.3624
阈值: 2.1094 | F1: 0.4571 | Precision: 0.7408 | Recall: 0.3305
阈值: 2.4064 | F1: 0.4363 | Precision: 0.7525 | Recall: 0.3072
阈值: 2.7034 | F1: 0.4116 | Precision: 0.7532 | Recall: 0.2832

============================================================
✓ 找到最佳阈值: 0.885704
  最佳 F1: 0.6706
  Precision: 0.6819
  Recall: 0.6596
============================================================


✓ 精细搜索找到更好的阈值！

============================================================
自适应搜索完成！
============================================================
最终最佳阈值: 0.885704
最佳 F1: 0.6706
Precision: 0.6819
Recall: 0.6596
============================================================

Saved Best F1 results: /data/modeluse/TS/ISTAD-release/analysis/r1_relation_bottleneck/runtime/anomaly_detection_EXATHLON_ISTAD_EXATHLON_ftM_sl100_bmhgat_hglite_rb_bs128_r1_learned_dynamic_s98_0/bestf1_threshold_results.json
Saved anomaly score plot: /data/modeluse/TS/ISTAD-release/analysis/r1_relation_bottleneck/runtime/anomaly_detection_EXATHLON_ISTAD_EXATHLON_ftM_sl100_bmhgat_hglite_rb_bs128_r1_learned_dynamic_s98_0/anomaly_score_threshold.png
ISTAD explainability is disabled by --istad_enable_explain 0
Saved train time summary: /data/modeluse/TS/ISTAD-release/analysis/r1_relation_bottleneck/runtime/anomaly_detection_EXATHLON_ISTAD_EXATHLON_ftM_sl100_bmhgat_hglite_rb_bs128_r1_learned_dynamic_s98_0/train_time_summary.json
=== R1 EXATHLON seed 98 learned_static ===
Using GPU
Args in experiment:
[1mBasic Config[0m
  Task Name:          anomaly_detection   Is Training:        1                   
  Model ID:           EXATHLON            Model:              ISTAD               
  Seed:               98                  Itr:                1                   

[1mData Loader[0m
  Data:               EXATHLON            Root Path:          /data/modeluse/TS/ISTAD/dataset/EXATHLON
  Features:           M                   Seq Len:            100                 
  Enc In:             19                  C Out:              19                  
  Checkpoints:        /data/modeluse/TS/ISTAD-release/checkpoints/ISTAD_r1_relation_bottleneck
  Eval Step:          100                 

[1mAnomaly Detection Task[0m
  Anomaly Ratio:      1.0                 Threshold Source:   train               

[1mISTAD Parameters[0m
  Kernel Size:        7                   Branch Mode:        hgat                
  TCN Type:           kan                 
  Feat GAT Dim:       -1                  GRU Layers:         1                   
  GRU Hidden:         150                 Recon Layers:       1                   
  Recon Hidden:       32                  ISTAD Dropout:      0.3                 
  Recon Type:         pointwise           KANAD Order:        3                   
  Objective:          reconstruct         Target / Lag:       ('', 1)             
  Leaky Alpha:        0.2                 H Init:             normal              
  Hyperedges:         -1                  Top-K Nodes:        -1                  
  Spatial Type:       lite                HGAT Rank:          8                   
  HGAT Projection:    linear              Relation Mode:      static              
  KAN Grid:           5                   KAN Order:          3                   
  Arch:               legacy              Ablation:           full                
  Relation bottleneck:1                   Mask ratio/folds:   (0.2, 8)            
  Explainability:     0                   Explain Batches:    0                   
  Explain Points:     20000               Explain TopK:       10                  
  SmoothGrad:         0                   SG Samples:         20                  
  SG Noise:           0.1                 Quad Mode:          quantile            
  Quad Value:         0.75                Err Agg:            sum                 
  Sal Agg:            sum                 

[1mRun Parameters[0m
  Num Workers:        4                   Batch Size:         128                 
  Train Epochs:       20                  Patience:           5                   
  Learning Rate:      0.001               Lradj:              cosine              
  Des:                r1_learned_static_s98

[1mGPU[0m
  Use GPU:            1                   GPU:                0                   
  Use Multi GPU:      0                   Devices:            0,1,2,3             

Use GPU: cuda:0
🚀 Lazy Loading: ISTAD ...
>>>>>>>start training : anomaly_detection_EXATHLON_ISTAD_EXATHLON_ftM_sl100_bmhgat_relstatic_hglite_rb_bs128_r1_learned_static_s98_0>>>>>>>>>>>>>>>>>>>>>>>>>>
test: (52844, 19)
train: (70584, 19)
train 742
test: (52844, 19)
train: (70584, 19)
val 185
Epoch: 1 cost time: 1.3643219470977783
Epoch: 1, Steps: 6 | Train Loss: 1.0127087 Vali Loss: 0.9691367
Validation loss decreased (inf --> 0.969137).  Saving model ...
Updating learning rate to 0.0009938441702975688
Epoch: 2 cost time: 0.3133201599121094
Epoch: 2, Steps: 6 | Train Loss: 0.9940195 Vali Loss: 0.9581834
Validation loss decreased (0.969137 --> 0.958183).  Saving model ...
Updating learning rate to 0.0009755282581475768
Epoch: 3 cost time: 0.32646656036376953
Epoch: 3, Steps: 6 | Train Loss: 1.0561567 Vali Loss: 1.0885644
EarlyStopping counter: 1 out of 5
Updating learning rate to 0.0009455032620941839
Epoch: 4 cost time: 0.3227362632751465
Epoch: 4, Steps: 6 | Train Loss: 1.0243035 Vali Loss: 0.9667213
EarlyStopping counter: 2 out of 5
Updating learning rate to 0.0009045084971874737
Epoch: 5 cost time: 0.30745863914489746
Epoch: 5, Steps: 6 | Train Loss: 1.0035340 Vali Loss: 1.0977675
EarlyStopping counter: 3 out of 5
Updating learning rate to 0.0008535533905932737
Epoch: 6 cost time: 0.31192684173583984
Epoch: 6, Steps: 6 | Train Loss: 1.0234436 Vali Loss: 0.9313610
Validation loss decreased (0.958183 --> 0.931361).  Saving model ...
Updating learning rate to 0.0007938926261462366
Epoch: 7 cost time: 0.29262542724609375
Epoch: 7, Steps: 6 | Train Loss: 0.9813053 Vali Loss: 1.0279171
EarlyStopping counter: 1 out of 5
Updating learning rate to 0.0007269952498697733
Epoch: 8 cost time: 0.3037831783294678
Epoch: 8, Steps: 6 | Train Loss: 1.0354684 Vali Loss: 0.9571239
EarlyStopping counter: 2 out of 5
Updating learning rate to 0.0006545084971874737
Epoch: 9 cost time: 0.33124232292175293
Epoch: 9, Steps: 6 | Train Loss: 0.9519649 Vali Loss: 1.0262081
EarlyStopping counter: 3 out of 5
Updating learning rate to 0.0005782172325201155
Epoch: 10 cost time: 0.32060861587524414
Epoch: 10, Steps: 6 | Train Loss: 1.0302749 Vali Loss: 1.0707882
EarlyStopping counter: 4 out of 5
Updating learning rate to 0.0005
Epoch: 11 cost time: 0.30892300605773926
Epoch: 11, Steps: 6 | Train Loss: 0.9708505 Vali Loss: 0.9430630
EarlyStopping counter: 5 out of 5
Early stopping
Saved relation bottleneck training diagnostics: /data/modeluse/TS/ISTAD-release/checkpoints/ISTAD_r1_relation_bottleneck/anomaly_detection_EXATHLON_ISTAD_EXATHLON_ftM_sl100_bmhgat_relstatic_hglite_rb_bs128_r1_learned_static_s98_0/relation_bottleneck_train_diagnostics.json
>>>>>>>testing : anomaly_detection_EXATHLON_ISTAD_EXATHLON_ftM_sl100_bmhgat_relstatic_hglite_rb_bs128_r1_learned_static_s98_0<<<<<<<<<<<<<<<<<<<<<<<<<<<<<<<<<
test: (52844, 19)
train: (70584, 19)
test 528
test: (52844, 19)
train: (70584, 19)
score_train 705
test: (52844, 19)
train: (70584, 19)
val 185
Saved relation bottleneck diagnostics: /data/modeluse/TS/ISTAD-release/analysis/r1_relation_bottleneck/runtime/anomaly_detection_EXATHLON_ISTAD_EXATHLON_ftM_sl100_bmhgat_relstatic_hglite_rb_bs128_r1_learned_static_s98_0/relation_bottleneck_diagnostics.json
Percentile Threshold Source: train
Percentile Threshold : 5.594978241920407
Saved point scores and labels: /data/modeluse/TS/ISTAD-release/analysis/r1_relation_bottleneck/runtime/anomaly_detection_EXATHLON_ISTAD_EXATHLON_ftM_sl100_bmhgat_relstatic_hglite_rb_bs128_r1_learned_static_s98_0/point_scores.npz
pred_raw: (52800,)
gt:      (52800,)
pred_pa: (52800,)
gt_pa:   (52800,)

============================================================
使用百分位数阈值的结果:
============================================================
Raw point F1: 0.2157 (P=0.7159, R=0.1270)
Accuracy : 0.9889, Precision : 0.9503, Recall : 0.9639, F-score : 0.9571 
============================================================


使用自适应 Best F1 搜索（两阶段）
粗搜索步数: 200, 精细搜索步数: 500

============================================================
自适应 Best F1 阈值搜索（两阶段）
============================================================

分数统计信息:
  最小值: 0.014466
  最大值: 1497.262329
  均值: 0.993006
  标准差: 13.743563
  中位数: 0.263547
  第1百分位: 0.050011
  第99百分位: 10.263541

自动确定的搜索范围: [0.025006, 20.527082]

============================================================
阶段 1: 粗搜索（步数: 200）
============================================================

============================================================
开始 Best F1 阈值搜索...
============================================================
搜索范围: [0.0250, 20.5271]
搜索步数: 200
使用点调整: False
阈值: 0.1275 | F1: 0.2629 | Precision: 0.1519 | Recall: 0.9767
阈值: 2.1777 | F1: 0.4527 | Precision: 0.7440 | Recall: 0.3253
阈值: 4.2279 | F1: 0.2588 | Precision: 0.7117 | Recall: 0.1582
阈值: 6.2781 | F1: 0.1976 | Precision: 0.7228 | Recall: 0.1144
阈值: 8.3283 | F1: 0.1200 | Precision: 0.6617 | Recall: 0.0660
阈值: 10.3786 | F1: 0.0900 | Precision: 0.6267 | Recall: 0.0485
阈值: 12.4288 | F1: 0.0743 | Precision: 0.6381 | Recall: 0.0395
阈值: 14.4790 | F1: 0.0644 | Precision: 0.6553 | Recall: 0.0339
阈值: 16.5292 | F1: 0.0545 | Precision: 0.6632 | Recall: 0.0284
阈值: 18.5794 | F1: 0.0399 | Precision: 0.6114 | Recall: 0.0206

============================================================
✓ 找到最佳阈值: 0.947599
  最佳 F1: 0.6694
  Precision: 0.6990
  Recall: 0.6423
============================================================


============================================================
阶段 2: 精细搜索（步数: 500）
============================================================
在最佳阈值 0.947599 附近精细搜索
精细搜索范围: [0.025006, 2.997807]

============================================================
开始 Best F1 阈值搜索...
============================================================
搜索范围: [0.0250, 2.9978]
搜索步数: 500
使用点调整: False
阈值: 0.0310 | F1: 0.2281 | Precision: 0.1287 | Recall: 1.0000
阈值: 0.3282 | F1: 0.4276 | Precision: 0.2845 | Recall: 0.8602
阈值: 0.6255 | F1: 0.6298 | Precision: 0.5516 | Recall: 0.7337
阈值: 0.9228 | F1: 0.6691 | Precision: 0.6924 | Recall: 0.6474
阈值: 1.2201 | F1: 0.6486 | Precision: 0.7458 | Recall: 0.5738
阈值: 1.5174 | F1: 0.5700 | Precision: 0.7516 | Recall: 0.4591
阈值: 1.8146 | F1: 0.4849 | Precision: 0.7377 | Recall: 0.3611
阈值: 2.1119 | F1: 0.4566 | Precision: 0.7415 | Recall: 0.3299
阈值: 2.4092 | F1: 0.4357 | Precision: 0.7524 | Recall: 0.3066
阈值: 2.7065 | F1: 0.4096 | Precision: 0.7521 | Recall: 0.2814

============================================================
✓ 找到最佳阈值: 0.887118
  最佳 F1: 0.6699
  Precision: 0.6817
  Recall: 0.6585
============================================================


✓ 精细搜索找到更好的阈值！

============================================================
自适应搜索完成！
============================================================
最终最佳阈值: 0.887118
最佳 F1: 0.6699
Precision: 0.6817
Recall: 0.6585
============================================================

Saved Best F1 results: /data/modeluse/TS/ISTAD-release/analysis/r1_relation_bottleneck/runtime/anomaly_detection_EXATHLON_ISTAD_EXATHLON_ftM_sl100_bmhgat_relstatic_hglite_rb_bs128_r1_learned_static_s98_0/bestf1_threshold_results.json
Saved anomaly score plot: /data/modeluse/TS/ISTAD-release/analysis/r1_relation_bottleneck/runtime/anomaly_detection_EXATHLON_ISTAD_EXATHLON_ftM_sl100_bmhgat_relstatic_hglite_rb_bs128_r1_learned_static_s98_0/anomaly_score_threshold.png
ISTAD explainability is disabled by --istad_enable_explain 0
Saved train time summary: /data/modeluse/TS/ISTAD-release/analysis/r1_relation_bottleneck/runtime/anomaly_detection_EXATHLON_ISTAD_EXATHLON_ftM_sl100_bmhgat_relstatic_hglite_rb_bs128_r1_learned_static_s98_0/train_time_summary.json
=== R1 EXATHLON seed 98 fixed_random ===
Using GPU
Args in experiment:
[1mBasic Config[0m
  Task Name:          anomaly_detection   Is Training:        1                   
  Model ID:           EXATHLON            Model:              ISTAD               
  Seed:               98                  Itr:                1                   

[1mData Loader[0m
  Data:               EXATHLON            Root Path:          /data/modeluse/TS/ISTAD/dataset/EXATHLON
  Features:           M                   Seq Len:            100                 
  Enc In:             19                  C Out:              19                  
  Checkpoints:        /data/modeluse/TS/ISTAD-release/checkpoints/ISTAD_r1_relation_bottleneck
  Eval Step:          100                 

[1mAnomaly Detection Task[0m
  Anomaly Ratio:      1.0                 Threshold Source:   train               

[1mISTAD Parameters[0m
  Kernel Size:        7                   Branch Mode:        hgat                
  TCN Type:           kan                 
  Feat GAT Dim:       -1                  GRU Layers:         1                   
  GRU Hidden:         150                 Recon Layers:       1                   
  Recon Hidden:       32                  ISTAD Dropout:      0.3                 
  Recon Type:         pointwise           KANAD Order:        3                   
  Objective:          reconstruct         Target / Lag:       ('', 1)             
  Leaky Alpha:        0.2                 H Init:             normal              
  Hyperedges:         -1                  Top-K Nodes:        -1                  
  Spatial Type:       lite                HGAT Rank:          8                   
  HGAT Projection:    linear              Relation Mode:      fixed_random        
  KAN Grid:           5                   KAN Order:          3                   
  Arch:               legacy              Ablation:           full                
  Relation bottleneck:1                   Mask ratio/folds:   (0.2, 8)            
  Explainability:     0                   Explain Batches:    0                   
  Explain Points:     20000               Explain TopK:       10                  
  SmoothGrad:         0                   SG Samples:         20                  
  SG Noise:           0.1                 Quad Mode:          quantile            
  Quad Value:         0.75                Err Agg:            sum                 
  Sal Agg:            sum                 

[1mRun Parameters[0m
  Num Workers:        4                   Batch Size:         128                 
  Train Epochs:       20                  Patience:           5                   
  Learning Rate:      0.001               Lradj:              cosine              
  Des:                r1_fixed_random_s98 

[1mGPU[0m
  Use GPU:            1                   GPU:                0                   
  Use Multi GPU:      0                   Devices:            0,1,2,3             

Use GPU: cuda:0
🚀 Lazy Loading: ISTAD ...
>>>>>>>start training : anomaly_detection_EXATHLON_ISTAD_EXATHLON_ftM_sl100_bmhgat_relfixed_random_hglite_rb_bs128_r1_fixed_random_s98_0>>>>>>>>>>>>>>>>>>>>>>>>>>
test: (52844, 19)
train: (70584, 19)
train 742
test: (52844, 19)
train: (70584, 19)
val 185
Epoch: 1 cost time: 1.2829785346984863
Epoch: 1, Steps: 6 | Train Loss: 1.0132420 Vali Loss: 0.9697734
Validation loss decreased (inf --> 0.969773).  Saving model ...
Updating learning rate to 0.0009938441702975688
Epoch: 2 cost time: 0.2929408550262451
Epoch: 2, Steps: 6 | Train Loss: 0.9935961 Vali Loss: 0.9575931
Validation loss decreased (0.969773 --> 0.957593).  Saving model ...
Updating learning rate to 0.0009755282581475768
Epoch: 3 cost time: 0.299166202545166
Epoch: 3, Steps: 6 | Train Loss: 1.0545400 Vali Loss: 1.0877064
EarlyStopping counter: 1 out of 5
Updating learning rate to 0.0009455032620941839
Epoch: 4 cost time: 0.2907588481903076
Epoch: 4, Steps: 6 | Train Loss: 1.0228838 Vali Loss: 0.9660471
EarlyStopping counter: 2 out of 5
Updating learning rate to 0.0009045084971874737
Epoch: 5 cost time: 0.30945682525634766
Epoch: 5, Steps: 6 | Train Loss: 1.0023867 Vali Loss: 1.0976720
EarlyStopping counter: 3 out of 5
Updating learning rate to 0.0008535533905932737
Epoch: 6 cost time: 0.2961595058441162
Epoch: 6, Steps: 6 | Train Loss: 1.0222524 Vali Loss: 0.9308383
Validation loss decreased (0.957593 --> 0.930838).  Saving model ...
Updating learning rate to 0.0007938926261462366
Epoch: 7 cost time: 0.3058280944824219
Epoch: 7, Steps: 6 | Train Loss: 0.9792155 Vali Loss: 1.0267635
EarlyStopping counter: 1 out of 5
Updating learning rate to 0.0007269952498697733
Epoch: 8 cost time: 0.32022690773010254
Epoch: 8, Steps: 6 | Train Loss: 1.0329196 Vali Loss: 0.9551434
EarlyStopping counter: 2 out of 5
Updating learning rate to 0.0006545084971874737
Epoch: 9 cost time: 0.2860991954803467
Epoch: 9, Steps: 6 | Train Loss: 0.9486563 Vali Loss: 1.0244152
EarlyStopping counter: 3 out of 5
Updating learning rate to 0.0005782172325201155
Epoch: 10 cost time: 0.29611754417419434
Epoch: 10, Steps: 6 | Train Loss: 1.0259176 Vali Loss: 1.0675167
EarlyStopping counter: 4 out of 5
Updating learning rate to 0.0005
Epoch: 11 cost time: 0.29794859886169434
Epoch: 11, Steps: 6 | Train Loss: 0.9658811 Vali Loss: 0.9399627
EarlyStopping counter: 5 out of 5
Early stopping
Saved relation bottleneck training diagnostics: /data/modeluse/TS/ISTAD-release/checkpoints/ISTAD_r1_relation_bottleneck/anomaly_detection_EXATHLON_ISTAD_EXATHLON_ftM_sl100_bmhgat_relfixed_random_hglite_rb_bs128_r1_fixed_random_s98_0/relation_bottleneck_train_diagnostics.json
>>>>>>>testing : anomaly_detection_EXATHLON_ISTAD_EXATHLON_ftM_sl100_bmhgat_relfixed_random_hglite_rb_bs128_r1_fixed_random_s98_0<<<<<<<<<<<<<<<<<<<<<<<<<<<<<<<<<
test: (52844, 19)
train: (70584, 19)
test 528
test: (52844, 19)
train: (70584, 19)
score_train 705
test: (52844, 19)
train: (70584, 19)
val 185
Saved relation bottleneck diagnostics: /data/modeluse/TS/ISTAD-release/analysis/r1_relation_bottleneck/runtime/anomaly_detection_EXATHLON_ISTAD_EXATHLON_ftM_sl100_bmhgat_relfixed_random_hglite_rb_bs128_r1_fixed_random_s98_0/relation_bottleneck_diagnostics.json
Percentile Threshold Source: train
Percentile Threshold : 5.601661138534412
Saved point scores and labels: /data/modeluse/TS/ISTAD-release/analysis/r1_relation_bottleneck/runtime/anomaly_detection_EXATHLON_ISTAD_EXATHLON_ftM_sl100_bmhgat_relfixed_random_hglite_rb_bs128_r1_fixed_random_s98_0/point_scores.npz
pred_raw: (52800,)
gt:      (52800,)
pred_pa: (52800,)
gt_pa:   (52800,)

============================================================
使用百分位数阈值的结果:
============================================================
Raw point F1: 0.2159 (P=0.7162, R=0.1271)
Accuracy : 0.9889, Precision : 0.9503, Recall : 0.9639, F-score : 0.9571 
============================================================


使用自适应 Best F1 搜索（两阶段）
粗搜索步数: 200, 精细搜索步数: 500

============================================================
自适应 Best F1 阈值搜索（两阶段）
============================================================

分数统计信息:
  最小值: 0.015535
  最大值: 1495.580444
  均值: 0.993044
  标准差: 13.735123
  中位数: 0.263084
  第1百分位: 0.049742
  第99百分位: 10.266626

自动确定的搜索范围: [0.024871, 20.533252]

============================================================
阶段 1: 粗搜索（步数: 200）
============================================================

============================================================
开始 Best F1 阈值搜索...
============================================================
搜索范围: [0.0249, 20.5333]
搜索步数: 200
使用点调整: False
阈值: 0.1274 | F1: 0.2634 | Precision: 0.1522 | Recall: 0.9770
阈值: 2.1783 | F1: 0.4530 | Precision: 0.7439 | Recall: 0.3256
阈值: 4.2291 | F1: 0.2591 | Precision: 0.7124 | Recall: 0.1583
阈值: 6.2799 | F1: 0.1978 | Precision: 0.7230 | Recall: 0.1146
阈值: 8.3308 | F1: 0.1200 | Precision: 0.6617 | Recall: 0.0660
阈值: 10.3816 | F1: 0.0902 | Precision: 0.6274 | Recall: 0.0486
阈值: 12.4324 | F1: 0.0743 | Precision: 0.6381 | Recall: 0.0395
阈值: 14.4833 | F1: 0.0644 | Precision: 0.6571 | Recall: 0.0339
阈值: 16.5341 | F1: 0.0545 | Precision: 0.6655 | Recall: 0.0284
阈值: 18.5850 | F1: 0.0396 | Precision: 0.6096 | Recall: 0.0205

============================================================
✓ 找到最佳阈值: 0.947748
  最佳 F1: 0.6703
  Precision: 0.6997
  Recall: 0.6433
============================================================


============================================================
阶段 2: 精细搜索（步数: 500）
============================================================
在最佳阈值 0.947748 附近精细搜索
精细搜索范围: [0.024871, 2.998586]

============================================================
开始 Best F1 阈值搜索...
============================================================
搜索范围: [0.0249, 2.9986]
搜索步数: 500
使用点调整: False
阈值: 0.0308 | F1: 0.2281 | Precision: 0.1287 | Recall: 1.0000
阈值: 0.3282 | F1: 0.4288 | Precision: 0.2854 | Recall: 0.8613
阈值: 0.6256 | F1: 0.6308 | Precision: 0.5524 | Recall: 0.7351
阈值: 0.9229 | F1: 0.6699 | Precision: 0.6930 | Recall: 0.6483
阈值: 1.2203 | F1: 0.6497 | Precision: 0.7460 | Recall: 0.5754
阈值: 1.5177 | F1: 0.5715 | Precision: 0.7529 | Recall: 0.4605
阈值: 1.8150 | F1: 0.4850 | Precision: 0.7377 | Recall: 0.3613
阈值: 2.1124 | F1: 0.4568 | Precision: 0.7416 | Recall: 0.3300
阈值: 2.4098 | F1: 0.4364 | Precision: 0.7528 | Recall: 0.3072
阈值: 2.7072 | F1: 0.4111 | Precision: 0.7529 | Recall: 0.2828

============================================================
✓ 找到最佳阈值: 0.893196
  最佳 F1: 0.6708
  Precision: 0.6842
  Recall: 0.6579
============================================================


✓ 精细搜索找到更好的阈值！

============================================================
自适应搜索完成！
============================================================
最终最佳阈值: 0.893196
最佳 F1: 0.6708
Precision: 0.6842
Recall: 0.6579
============================================================

Saved Best F1 results: /data/modeluse/TS/ISTAD-release/analysis/r1_relation_bottleneck/runtime/anomaly_detection_EXATHLON_ISTAD_EXATHLON_ftM_sl100_bmhgat_relfixed_random_hglite_rb_bs128_r1_fixed_random_s98_0/bestf1_threshold_results.json
Saved anomaly score plot: /data/modeluse/TS/ISTAD-release/analysis/r1_relation_bottleneck/runtime/anomaly_detection_EXATHLON_ISTAD_EXATHLON_ftM_sl100_bmhgat_relfixed_random_hglite_rb_bs128_r1_fixed_random_s98_0/anomaly_score_threshold.png
ISTAD explainability is disabled by --istad_enable_explain 0
Saved train time summary: /data/modeluse/TS/ISTAD-release/analysis/r1_relation_bottleneck/runtime/anomaly_detection_EXATHLON_ISTAD_EXATHLON_ftM_sl100_bmhgat_relfixed_random_hglite_rb_bs128_r1_fixed_random_s98_0/train_time_summary.json
=== R1 EXATHLON seed 98 no_message ===
Using GPU
Args in experiment:
[1mBasic Config[0m
  Task Name:          anomaly_detection   Is Training:        1                   
  Model ID:           EXATHLON            Model:              ISTAD               
  Seed:               98                  Itr:                1                   

[1mData Loader[0m
  Data:               EXATHLON            Root Path:          /data/modeluse/TS/ISTAD/dataset/EXATHLON
  Features:           M                   Seq Len:            100                 
  Enc In:             19                  C Out:              19                  
  Checkpoints:        /data/modeluse/TS/ISTAD-release/checkpoints/ISTAD_r1_relation_bottleneck
  Eval Step:          100                 

[1mAnomaly Detection Task[0m
  Anomaly Ratio:      1.0                 Threshold Source:   train               

[1mISTAD Parameters[0m
  Kernel Size:        7                   Branch Mode:        hgat                
  TCN Type:           kan                 
  Feat GAT Dim:       -1                  GRU Layers:         1                   
  GRU Hidden:         150                 Recon Layers:       1                   
  Recon Hidden:       32                  ISTAD Dropout:      0.3                 
  Recon Type:         pointwise           KANAD Order:        3                   
  Objective:          reconstruct         Target / Lag:       ('', 1)             
  Leaky Alpha:        0.2                 H Init:             normal              
  Hyperedges:         -1                  Top-K Nodes:        -1                  
  Spatial Type:       lite                HGAT Rank:          8                   
  HGAT Projection:    linear              Relation Mode:      no_message          
  KAN Grid:           5                   KAN Order:          3                   
  Arch:               legacy              Ablation:           full                
  Relation bottleneck:1                   Mask ratio/folds:   (0.2, 8)            
  Explainability:     0                   Explain Batches:    0                   
  Explain Points:     20000               Explain TopK:       10                  
  SmoothGrad:         0                   SG Samples:         20                  
  SG Noise:           0.1                 Quad Mode:          quantile            
  Quad Value:         0.75                Err Agg:            sum                 
  Sal Agg:            sum                 

[1mRun Parameters[0m
  Num Workers:        4                   Batch Size:         128                 
  Train Epochs:       20                  Patience:           5                   
  Learning Rate:      0.001               Lradj:              cosine              
  Des:                r1_no_message_s98   

[1mGPU[0m
  Use GPU:            1                   GPU:                0                   
  Use Multi GPU:      0                   Devices:            0,1,2,3             

Use GPU: cuda:0
🚀 Lazy Loading: ISTAD ...
>>>>>>>start training : anomaly_detection_EXATHLON_ISTAD_EXATHLON_ftM_sl100_bmhgat_relno_message_hglite_rb_bs128_r1_no_message_s98_0>>>>>>>>>>>>>>>>>>>>>>>>>>
test: (52844, 19)
train: (70584, 19)
train 742
test: (52844, 19)
train: (70584, 19)
val 185
Epoch: 1 cost time: 1.2505781650543213
Epoch: 1, Steps: 6 | Train Loss: 1.0266599 Vali Loss: 0.9715989
Validation loss decreased (inf --> 0.971599).  Saving model ...
Updating learning rate to 0.0009938441702975688
Epoch: 2 cost time: 0.25533390045166016
Epoch: 2, Steps: 6 | Train Loss: 1.0273602 Vali Loss: 0.9601433
Validation loss decreased (0.971599 --> 0.960143).  Saving model ...
Updating learning rate to 0.0009755282581475768
Epoch: 3 cost time: 0.3090395927429199
Epoch: 3, Steps: 6 | Train Loss: 0.9505444 Vali Loss: 1.0903721
EarlyStopping counter: 1 out of 5
Updating learning rate to 0.0009455032620941839
Epoch: 4 cost time: 0.25075364112854004
Epoch: 4, Steps: 6 | Train Loss: 1.0073724 Vali Loss: 0.9691904
EarlyStopping counter: 2 out of 5
Updating learning rate to 0.0009045084971874737
Epoch: 5 cost time: 0.26117992401123047
Epoch: 5, Steps: 6 | Train Loss: 1.0303162 Vali Loss: 1.1013118
EarlyStopping counter: 3 out of 5
Updating learning rate to 0.0008535533905932737
Epoch: 6 cost time: 0.25899839401245117
Epoch: 6, Steps: 6 | Train Loss: 1.0168314 Vali Loss: 0.9347175
Validation loss decreased (0.960143 --> 0.934718).  Saving model ...
Updating learning rate to 0.0007938926261462366
Epoch: 7 cost time: 0.2476353645324707
Epoch: 7, Steps: 6 | Train Loss: 1.0328609 Vali Loss: 1.0309233
EarlyStopping counter: 1 out of 5
Updating learning rate to 0.0007269952498697733
Epoch: 8 cost time: 0.2583763599395752
Epoch: 8, Steps: 6 | Train Loss: 0.9472830 Vali Loss: 0.9601710
EarlyStopping counter: 2 out of 5
Updating learning rate to 0.0006545084971874737
Epoch: 9 cost time: 0.25861191749572754
Epoch: 9, Steps: 6 | Train Loss: 0.9817742 Vali Loss: 1.0293854
EarlyStopping counter: 3 out of 5
Updating learning rate to 0.0005782172325201155
Epoch: 10 cost time: 0.24833154678344727
Epoch: 10, Steps: 6 | Train Loss: 0.9764012 Vali Loss: 1.0745510
EarlyStopping counter: 4 out of 5
Updating learning rate to 0.0005
Epoch: 11 cost time: 0.26352429389953613
Epoch: 11, Steps: 6 | Train Loss: 0.9923614 Vali Loss: 0.9464964
EarlyStopping counter: 5 out of 5
Early stopping
Saved relation bottleneck training diagnostics: /data/modeluse/TS/ISTAD-release/checkpoints/ISTAD_r1_relation_bottleneck/anomaly_detection_EXATHLON_ISTAD_EXATHLON_ftM_sl100_bmhgat_relno_message_hglite_rb_bs128_r1_no_message_s98_0/relation_bottleneck_train_diagnostics.json
>>>>>>>testing : anomaly_detection_EXATHLON_ISTAD_EXATHLON_ftM_sl100_bmhgat_relno_message_hglite_rb_bs128_r1_no_message_s98_0<<<<<<<<<<<<<<<<<<<<<<<<<<<<<<<<<
test: (52844, 19)
train: (70584, 19)
test 528
test: (52844, 19)
train: (70584, 19)
score_train 705
test: (52844, 19)
train: (70584, 19)
val 185
Saved relation bottleneck diagnostics: /data/modeluse/TS/ISTAD-release/analysis/r1_relation_bottleneck/runtime/anomaly_detection_EXATHLON_ISTAD_EXATHLON_ftM_sl100_bmhgat_relno_message_hglite_rb_bs128_r1_no_message_s98_0/relation_bottleneck_diagnostics.json
Percentile Threshold Source: train
Percentile Threshold : 5.612132863998412
Saved point scores and labels: /data/modeluse/TS/ISTAD-release/analysis/r1_relation_bottleneck/runtime/anomaly_detection_EXATHLON_ISTAD_EXATHLON_ftM_sl100_bmhgat_relno_message_hglite_rb_bs128_r1_no_message_s98_0/point_scores.npz
pred_raw: (52800,)
gt:      (52800,)
pred_pa: (52800,)
gt_pa:   (52800,)

============================================================
使用百分位数阈值的结果:
============================================================
Raw point F1: 0.2155 (P=0.7163, R=0.1268)
Accuracy : 0.9889, Precision : 0.9505, Recall : 0.9639, F-score : 0.9572 
============================================================


使用自适应 Best F1 搜索（两阶段）
粗搜索步数: 200, 精细搜索步数: 500

============================================================
自适应 Best F1 阈值搜索（两阶段）
============================================================

分数统计信息:
  最小值: 0.015047
  最大值: 1496.899292
  均值: 0.993524
  标准差: 13.736220
  中位数: 0.263698
  第1百分位: 0.049793
  第99百分位: 10.293486

自动确定的搜索范围: [0.024897, 20.586972]

============================================================
阶段 1: 粗搜索（步数: 200）
============================================================

============================================================
开始 Best F1 阈值搜索...
============================================================
搜索范围: [0.0249, 20.5870]
搜索步数: 200
使用点调整: False
阈值: 0.1277 | F1: 0.2633 | Precision: 0.1521 | Recall: 0.9770
阈值: 2.1839 | F1: 0.4531 | Precision: 0.7447 | Recall: 0.3256
阈值: 4.2401 | F1: 0.2589 | Precision: 0.7131 | Recall: 0.1582
阈值: 6.2963 | F1: 0.1983 | Precision: 0.7236 | Recall: 0.1149
阈值: 8.3525 | F1: 0.1198 | Precision: 0.6632 | Recall: 0.0658
阈值: 10.4087 | F1: 0.0897 | Precision: 0.6260 | Recall: 0.0483
阈值: 12.4650 | F1: 0.0741 | Precision: 0.6388 | Recall: 0.0393
阈值: 14.5212 | F1: 0.0644 | Precision: 0.6571 | Recall: 0.0339
阈值: 16.5774 | F1: 0.0523 | Precision: 0.6584 | Recall: 0.0272
阈值: 18.6336 | F1: 0.0396 | Precision: 0.6123 | Recall: 0.0205

============================================================
✓ 找到最佳阈值: 0.950190
  最佳 F1: 0.6701
  Precision: 0.6997
  Recall: 0.6429
============================================================


============================================================
阶段 2: 精细搜索（步数: 500）
============================================================
在最佳阈值 0.950190 附近精细搜索
精细搜索范围: [0.024897, 3.006397]

============================================================
开始 Best F1 阈值搜索...
============================================================
搜索范围: [0.0249, 3.0064]
搜索步数: 500
使用点调整: False
阈值: 0.0309 | F1: 0.2281 | Precision: 0.1288 | Recall: 1.0000
阈值: 0.3290 | F1: 0.4283 | Precision: 0.2850 | Recall: 0.8611
阈值: 0.6272 | F1: 0.6305 | Precision: 0.5523 | Recall: 0.7343
阈值: 0.9253 | F1: 0.6701 | Precision: 0.6929 | Recall: 0.6487
阈值: 1.2235 | F1: 0.6469 | Precision: 0.7453 | Recall: 0.5714
阈值: 1.5216 | F1: 0.5685 | Precision: 0.7521 | Recall: 0.4570
阈值: 1.8198 | F1: 0.4852 | Precision: 0.7384 | Recall: 0.3613
阈值: 2.1179 | F1: 0.4566 | Precision: 0.7415 | Recall: 0.3299
阈值: 2.4161 | F1: 0.4362 | Precision: 0.7534 | Recall: 0.3069
阈值: 2.7142 | F1: 0.4102 | Precision: 0.7530 | Recall: 0.2819

============================================================
✓ 找到最佳阈值: 0.919347
  最佳 F1: 0.6709
  Precision: 0.6919
  Recall: 0.6511
============================================================


✓ 精细搜索找到更好的阈值！

============================================================
自适应搜索完成！
============================================================
最终最佳阈值: 0.919347
最佳 F1: 0.6709
Precision: 0.6919
Recall: 0.6511
============================================================

Saved Best F1 results: /data/modeluse/TS/ISTAD-release/analysis/r1_relation_bottleneck/runtime/anomaly_detection_EXATHLON_ISTAD_EXATHLON_ftM_sl100_bmhgat_relno_message_hglite_rb_bs128_r1_no_message_s98_0/bestf1_threshold_results.json
Saved anomaly score plot: /data/modeluse/TS/ISTAD-release/analysis/r1_relation_bottleneck/runtime/anomaly_detection_EXATHLON_ISTAD_EXATHLON_ftM_sl100_bmhgat_relno_message_hglite_rb_bs128_r1_no_message_s98_0/anomaly_score_threshold.png
ISTAD explainability is disabled by --istad_enable_explain 0
Saved train time summary: /data/modeluse/TS/ISTAD-release/analysis/r1_relation_bottleneck/runtime/anomaly_detection_EXATHLON_ISTAD_EXATHLON_ftM_sl100_bmhgat_relno_message_hglite_rb_bs128_r1_no_message_s98_0/train_time_summary.json
=== R1 skip completed PSM seed 87 learned_dynamic ===
=== R1 skip completed PSM seed 87 learned_static ===
=== R1 skip completed PSM seed 87 fixed_random ===
=== R1 skip completed PSM seed 87 no_message ===
=== R1 PSM seed 90 learned_dynamic ===
Using GPU
Args in experiment:
[1mBasic Config[0m
  Task Name:          anomaly_detection   Is Training:        1                   
  Model ID:           PSM                 Model:              ISTAD               
  Seed:               90                  Itr:                1                   

[1mData Loader[0m
  Data:               PSM                 Root Path:          /data/modeluse/TS/ISTAD/dataset/PSM
  Features:           M                   Seq Len:            64                  
  Enc In:             25                  C Out:              25                  
  Checkpoints:        /data/modeluse/TS/ISTAD-release/checkpoints/ISTAD_r1_relation_bottleneck
  Eval Step:          64                  

[1mAnomaly Detection Task[0m
  Anomaly Ratio:      1.0                 Threshold Source:   train               

[1mISTAD Parameters[0m
  Kernel Size:        7                   Branch Mode:        hgat                
  TCN Type:           kan                 
  Feat GAT Dim:       -1                  GRU Layers:         1                   
  GRU Hidden:         150                 Recon Layers:       1                   
  Recon Hidden:       32                  ISTAD Dropout:      0.3                 
  Recon Type:         pointwise           KANAD Order:        3                   
  Objective:          reconstruct         Target / Lag:       ('', 1)             
  Leaky Alpha:        0.2                 H Init:             normal              
  Hyperedges:         -1                  Top-K Nodes:        -1                  
  Spatial Type:       lite                HGAT Rank:          8                   
  HGAT Projection:    linear              Relation Mode:      dynamic             
  KAN Grid:           5                   KAN Order:          3                   
  Arch:               legacy              Ablation:           full                
  Relation bottleneck:1                   Mask ratio/folds:   (0.2, 8)            
  Explainability:     0                   Explain Batches:    0                   
  Explain Points:     20000               Explain TopK:       10                  
  SmoothGrad:         0                   SG Samples:         20                  
  SG Noise:           0.1                 Quad Mode:          quantile            
  Quad Value:         0.75                Err Agg:            sum                 
  Sal Agg:            sum                 

[1mRun Parameters[0m
  Num Workers:        4                   Batch Size:         128                 
  Train Epochs:       10                  Patience:           4                   
  Learning Rate:      0.001               Lradj:              cosine              
  Des:                r1_learned_dynamic_s90

[1mGPU[0m
  Use GPU:            1                   GPU:                0                   
  Use Multi GPU:      0                   Devices:            0,1,2,3             

Use GPU: cuda:0
🚀 Lazy Loading: ISTAD ...
>>>>>>>start training : anomaly_detection_PSM_ISTAD_PSM_ftM_sl64_bmhgat_hglite_rb_bs128_r1_learned_dynamic_s90_0>>>>>>>>>>>>>>>>>>>>>>>>>>
test: (87841, 25)
train: (105984, 25)
train 105921
test: (87841, 25)
train: (105984, 25)
val 26434
	iters: 100, epoch: 1 | loss: 0.5311190
	speed: 0.0358s/iter; left time: 292.8537s
	iters: 200, epoch: 1 | loss: 0.3544621
	speed: 0.0125s/iter; left time: 100.8653s
	iters: 300, epoch: 1 | loss: 0.2650338
	speed: 0.0121s/iter; left time: 96.8613s
	iters: 400, epoch: 1 | loss: 0.2466498
	speed: 0.0113s/iter; left time: 89.0483s
	iters: 500, epoch: 1 | loss: 0.2436599
	speed: 0.0114s/iter; left time: 88.7599s
	iters: 600, epoch: 1 | loss: 0.1932996
	speed: 0.0120s/iter; left time: 91.9239s
	iters: 700, epoch: 1 | loss: 0.3142278
	speed: 0.0113s/iter; left time: 85.6914s
	iters: 800, epoch: 1 | loss: 0.1719482
	speed: 0.0110s/iter; left time: 82.6199s
Epoch: 1 cost time: 11.093266010284424
Epoch: 1, Steps: 828 | Train Loss: 0.3636866 Vali Loss: 1.8519875
Validation loss decreased (inf --> 1.851988).  Saving model ...
Updating learning rate to 0.0009755282581475768
	iters: 100, epoch: 2 | loss: 0.2017500
	speed: 0.0295s/iter; left time: 216.6135s
	iters: 200, epoch: 2 | loss: 0.1695779
	speed: 0.0117s/iter; left time: 84.5047s
	iters: 300, epoch: 2 | loss: 0.1725839
	speed: 0.0117s/iter; left time: 83.6229s
	iters: 400, epoch: 2 | loss: 0.2265318
	speed: 0.0113s/iter; left time: 79.7004s
	iters: 500, epoch: 2 | loss: 0.1601952
	speed: 0.0110s/iter; left time: 76.5511s
	iters: 600, epoch: 2 | loss: 0.4322533
	speed: 0.0108s/iter; left time: 73.9824s
	iters: 700, epoch: 2 | loss: 0.1436984
	speed: 0.0119s/iter; left time: 80.3940s
	iters: 800, epoch: 2 | loss: 0.1424088
	speed: 0.0122s/iter; left time: 80.8712s
Epoch: 2 cost time: 9.783100366592407
Epoch: 2, Steps: 828 | Train Loss: 0.1871744 Vali Loss: 0.6880608
Validation loss decreased (1.851988 --> 0.688061).  Saving model ...
Updating learning rate to 0.0009045084971874737
	iters: 100, epoch: 3 | loss: 0.1715817
	speed: 0.0311s/iter; left time: 202.9169s
	iters: 200, epoch: 3 | loss: 0.1353167
	speed: 0.0116s/iter; left time: 74.5980s
	iters: 300, epoch: 3 | loss: 0.1397849
	speed: 0.0109s/iter; left time: 69.1642s
	iters: 400, epoch: 3 | loss: 0.1942812
	speed: 0.0111s/iter; left time: 69.1568s
	iters: 500, epoch: 3 | loss: 0.1328349
	speed: 0.0118s/iter; left time: 72.3796s
	iters: 600, epoch: 3 | loss: 0.1338796
	speed: 0.0115s/iter; left time: 69.4803s
	iters: 700, epoch: 3 | loss: 0.1227587
	speed: 0.0116s/iter; left time: 68.8070s
	iters: 800, epoch: 3 | loss: 0.1394656
	speed: 0.0117s/iter; left time: 68.0583s
Epoch: 3 cost time: 9.839416027069092
Epoch: 3, Steps: 828 | Train Loss: 0.1613833 Vali Loss: 0.6234686
Validation loss decreased (0.688061 --> 0.623469).  Saving model ...
Updating learning rate to 0.0007938926261462366
	iters: 100, epoch: 4 | loss: 0.1369297
	speed: 0.0306s/iter; left time: 174.3715s
	iters: 200, epoch: 4 | loss: 0.1313334
	speed: 0.0117s/iter; left time: 65.6580s
	iters: 300, epoch: 4 | loss: 0.1414382
	speed: 0.0117s/iter; left time: 64.1448s
	iters: 400, epoch: 4 | loss: 0.1960796
	speed: 0.0117s/iter; left time: 63.3547s
	iters: 500, epoch: 4 | loss: 0.1466892
	speed: 0.0117s/iter; left time: 62.0360s
	iters: 600, epoch: 4 | loss: 0.1349949
	speed: 0.0118s/iter; left time: 61.1478s
	iters: 700, epoch: 4 | loss: 0.1447967
	speed: 0.0117s/iter; left time: 59.4409s
	iters: 800, epoch: 4 | loss: 0.1762455
	speed: 0.0118s/iter; left time: 58.8745s
Epoch: 4 cost time: 10.026816606521606
Epoch: 4, Steps: 828 | Train Loss: 0.1576028 Vali Loss: 0.5814938
Validation loss decreased (0.623469 --> 0.581494).  Saving model ...
Updating learning rate to 0.0006545084971874737
	iters: 100, epoch: 5 | loss: 0.1362149
	speed: 0.0300s/iter; left time: 146.2039s
	iters: 200, epoch: 5 | loss: 0.1439296
	speed: 0.0114s/iter; left time: 54.2332s
	iters: 300, epoch: 5 | loss: 0.1793204
	speed: 0.0116s/iter; left time: 54.2337s
	iters: 400, epoch: 5 | loss: 0.1326347
	speed: 0.0116s/iter; left time: 53.1839s
	iters: 500, epoch: 5 | loss: 0.1603187
	speed: 0.0115s/iter; left time: 51.5654s
	iters: 600, epoch: 5 | loss: 0.1511750
	speed: 0.0115s/iter; left time: 50.2335s
	iters: 700, epoch: 5 | loss: 0.1763192
	speed: 0.0115s/iter; left time: 49.2504s
	iters: 800, epoch: 5 | loss: 0.2768631
	speed: 0.0119s/iter; left time: 49.6591s
Epoch: 5 cost time: 9.853280782699585
Epoch: 5, Steps: 828 | Train Loss: 0.1569265 Vali Loss: 0.5595123
Validation loss decreased (0.581494 --> 0.559512).  Saving model ...
Updating learning rate to 0.0005
	iters: 100, epoch: 6 | loss: 0.1346581
	speed: 0.0303s/iter; left time: 122.4465s
	iters: 200, epoch: 6 | loss: 0.1508229
	speed: 0.0113s/iter; left time: 44.4472s
	iters: 300, epoch: 6 | loss: 0.1389659
	speed: 0.0116s/iter; left time: 44.5055s
	iters: 400, epoch: 6 | loss: 0.1446715
	speed: 0.0120s/iter; left time: 45.0316s
	iters: 500, epoch: 6 | loss: 0.1565620
	speed: 0.0119s/iter; left time: 43.1664s
	iters: 600, epoch: 6 | loss: 0.1453364
	speed: 0.0109s/iter; left time: 38.5381s
	iters: 700, epoch: 6 | loss: 0.1366721
	speed: 0.0109s/iter; left time: 37.6541s
	iters: 800, epoch: 6 | loss: 0.1223726
	speed: 0.0113s/iter; left time: 37.6372s
Epoch: 6 cost time: 9.798861980438232
Epoch: 6, Steps: 828 | Train Loss: 0.1557758 Vali Loss: 0.5588435
Validation loss decreased (0.559512 --> 0.558844).  Saving model ...
Updating learning rate to 0.00034549150281252633
	iters: 100, epoch: 7 | loss: 0.1570162
	speed: 0.0313s/iter; left time: 100.4339s
	iters: 200, epoch: 7 | loss: 0.1413533
	speed: 0.0119s/iter; left time: 37.1861s
	iters: 300, epoch: 7 | loss: 0.1608492
	speed: 0.0121s/iter; left time: 36.3321s
	iters: 400, epoch: 7 | loss: 0.1349141
	speed: 0.0117s/iter; left time: 33.9559s
	iters: 500, epoch: 7 | loss: 0.1458181
	speed: 0.0114s/iter; left time: 32.0134s
	iters: 600, epoch: 7 | loss: 0.1689203
	speed: 0.0113s/iter; left time: 30.6381s
	iters: 700, epoch: 7 | loss: 0.1530598
	speed: 0.0110s/iter; left time: 28.8169s
	iters: 800, epoch: 7 | loss: 0.1329789
	speed: 0.0119s/iter; left time: 30.0012s
Epoch: 7 cost time: 9.946643829345703
Epoch: 7, Steps: 828 | Train Loss: 0.1533302 Vali Loss: 0.5536565
Validation loss decreased (0.558844 --> 0.553656).  Saving model ...
Updating learning rate to 0.00020610737385376348
	iters: 100, epoch: 8 | loss: 0.1425449
	speed: 0.0305s/iter; left time: 72.7852s
	iters: 200, epoch: 8 | loss: 0.1385956
	speed: 0.0122s/iter; left time: 27.8519s
	iters: 300, epoch: 8 | loss: 0.1446020
	speed: 0.0120s/iter; left time: 26.2668s
	iters: 400, epoch: 8 | loss: 0.1580249
	speed: 0.0121s/iter; left time: 25.1407s
	iters: 500, epoch: 8 | loss: 0.1604166
	speed: 0.0115s/iter; left time: 22.9020s
	iters: 600, epoch: 8 | loss: 0.1362771
	speed: 0.0118s/iter; left time: 22.1540s
	iters: 700, epoch: 8 | loss: 0.1492937
	speed: 0.0117s/iter; left time: 20.8079s
	iters: 800, epoch: 8 | loss: 0.1694857
	speed: 0.0120s/iter; left time: 20.2265s
Epoch: 8 cost time: 10.130066156387329
Epoch: 8, Steps: 828 | Train Loss: 0.1534421 Vali Loss: 0.5523613
Validation loss decreased (0.553656 --> 0.552361).  Saving model ...
Updating learning rate to 9.549150281252633e-05
	iters: 100, epoch: 9 | loss: 0.1395267
	speed: 0.0300s/iter; left time: 46.7024s
	iters: 200, epoch: 9 | loss: 0.1563753
	speed: 0.0119s/iter; left time: 17.3511s
	iters: 300, epoch: 9 | loss: 0.2113400
	speed: 0.0117s/iter; left time: 15.9192s
	iters: 400, epoch: 9 | loss: 0.1388291
	speed: 0.0108s/iter; left time: 13.6100s
	iters: 500, epoch: 9 | loss: 0.1277672
	speed: 0.0110s/iter; left time: 12.6876s
	iters: 600, epoch: 9 | loss: 0.1659216
	speed: 0.0108s/iter; left time: 11.4193s
	iters: 700, epoch: 9 | loss: 0.1261985
	speed: 0.0107s/iter; left time: 10.2736s
	iters: 800, epoch: 9 | loss: 0.1592945
	speed: 0.0114s/iter; left time: 9.7666s
Epoch: 9 cost time: 9.561415195465088
Epoch: 9, Steps: 828 | Train Loss: 0.1520613 Vali Loss: 0.5498090
Validation loss decreased (0.552361 --> 0.549809).  Saving model ...
Updating learning rate to 2.4471741852423235e-05
	iters: 100, epoch: 10 | loss: 0.1259406
	speed: 0.0300s/iter; left time: 21.9051s
	iters: 200, epoch: 10 | loss: 0.1167324
	speed: 0.0115s/iter; left time: 7.2294s
	iters: 300, epoch: 10 | loss: 0.1509471
	speed: 0.0119s/iter; left time: 6.2785s
	iters: 400, epoch: 10 | loss: 0.1435489
	speed: 0.0113s/iter; left time: 4.8445s
	iters: 500, epoch: 10 | loss: 0.1385875
	speed: 0.0111s/iter; left time: 3.6623s
	iters: 600, epoch: 10 | loss: 0.1630465
	speed: 0.0114s/iter; left time: 2.6036s
	iters: 700, epoch: 10 | loss: 0.1378316
	speed: 0.0115s/iter; left time: 1.4790s
	iters: 800, epoch: 10 | loss: 0.1423630
	speed: 0.0114s/iter; left time: 0.3319s
Epoch: 10 cost time: 9.802500009536743
Epoch: 10, Steps: 828 | Train Loss: 0.1521255 Vali Loss: 0.5485448
Validation loss decreased (0.549809 --> 0.548545).  Saving model ...
Updating learning rate to 0.0
Saved relation bottleneck training diagnostics: /data/modeluse/TS/ISTAD-release/checkpoints/ISTAD_r1_relation_bottleneck/anomaly_detection_PSM_ISTAD_PSM_ftM_sl64_bmhgat_hglite_rb_bs128_r1_learned_dynamic_s90_0/relation_bottleneck_train_diagnostics.json
>>>>>>>testing : anomaly_detection_PSM_ISTAD_PSM_ftM_sl64_bmhgat_hglite_rb_bs128_r1_learned_dynamic_s90_0<<<<<<<<<<<<<<<<<<<<<<<<<<<<<<<<<
test: (87841, 25)
train: (105984, 25)
test 1372
test: (87841, 25)
train: (105984, 25)
score_train 1656
test: (87841, 25)
train: (105984, 25)
val 26434
Saved relation bottleneck diagnostics: /data/modeluse/TS/ISTAD-release/analysis/r1_relation_bottleneck/runtime/anomaly_detection_PSM_ISTAD_PSM_ftM_sl64_bmhgat_hglite_rb_bs128_r1_learned_dynamic_s90_0/relation_bottleneck_diagnostics.json
Percentile Threshold Source: train
Percentile Threshold : 0.8753611040115356
Saved point scores and labels: /data/modeluse/TS/ISTAD-release/analysis/r1_relation_bottleneck/runtime/anomaly_detection_PSM_ISTAD_PSM_ftM_sl64_bmhgat_hglite_rb_bs128_r1_learned_dynamic_s90_0/point_scores.npz
pred_raw: (87808,)
gt:      (87808,)
pred_pa: (87808,)
gt_pa:   (87808,)

============================================================
使用百分位数阈值的结果:
============================================================
Raw point F1: 0.3666 (P=0.4233, R=0.3233)
Accuracy : 0.8730, Precision : 0.6905, Recall : 0.9827, F-score : 0.8111 
============================================================


使用自适应 Best F1 搜索（两阶段）
粗搜索步数: 200, 精细搜索步数: 500

============================================================
自适应 Best F1 阈值搜索（两阶段）
============================================================

分数统计信息:
  最小值: 0.004656
  最大值: 546.049072
  均值: 0.472915
  标准差: 2.944682
  中位数: 0.057316
  第1百分位: 0.012345
  第99百分位: 2.331329

自动确定的搜索范围: [0.006173, 4.662658]

============================================================
阶段 1: 粗搜索（步数: 200）
============================================================

============================================================
开始 Best F1 阈值搜索...
============================================================
搜索范围: [0.0062, 4.6627]
搜索步数: 200
使用点调整: False
阈值: 0.0295 | F1: 0.4325 | Precision: 0.2911 | Recall: 0.8412
阈值: 0.4951 | F1: 0.3849 | Precision: 0.4281 | Recall: 0.3496
阈值: 0.9608 | F1: 0.3581 | Precision: 0.4181 | Recall: 0.3132
阈值: 1.4264 | F1: 0.3729 | Precision: 0.5286 | Recall: 0.2881
阈值: 1.8920 | F1: 0.3530 | Precision: 0.5533 | Recall: 0.2592
阈值: 2.3577 | F1: 0.0446 | Precision: 0.7092 | Recall: 0.0230
阈值: 2.8233 | F1: 0.0212 | Precision: 0.6283 | Recall: 0.0108
阈值: 3.2890 | F1: 0.0176 | Precision: 0.6401 | Recall: 0.0089
阈值: 3.7546 | F1: 0.0153 | Precision: 0.7176 | Recall: 0.0077
阈值: 4.2203 | F1: 0.0137 | Precision: 0.8400 | Recall: 0.0069

============================================================
✓ 找到最佳阈值: 0.076020
  最佳 F1: 0.4445
  Precision: 0.3753
  Recall: 0.5450
============================================================


============================================================
阶段 2: 精细搜索（步数: 500）
============================================================
在最佳阈值 0.076020 附近精细搜索
精细搜索范围: [0.006173, 0.541668]

============================================================
开始 Best F1 阈值搜索...
============================================================
搜索范围: [0.0062, 0.5417]
搜索步数: 500
使用点调整: False
阈值: 0.0072 | F1: 0.4341 | Precision: 0.2773 | Recall: 0.9994
阈值: 0.0608 | F1: 0.4446 | Precision: 0.3516 | Recall: 0.6046
阈值: 0.1143 | F1: 0.4351 | Precision: 0.4093 | Recall: 0.4644
阈值: 0.1679 | F1: 0.4192 | Precision: 0.4233 | Recall: 0.4152
阈值: 0.2214 | F1: 0.4082 | Precision: 0.4263 | Recall: 0.3916
阈值: 0.2750 | F1: 0.4023 | Precision: 0.4285 | Recall: 0.3791
阈值: 0.3285 | F1: 0.3975 | Precision: 0.4293 | Recall: 0.3701
阈值: 0.3821 | F1: 0.3929 | Precision: 0.4291 | Recall: 0.3623
阈值: 0.4356 | F1: 0.3890 | Precision: 0.4288 | Recall: 0.3560
阈值: 0.4892 | F1: 0.3853 | Precision: 0.4283 | Recall: 0.3502

============================================================
✓ 找到最佳阈值: 0.068290
  最佳 F1: 0.4460
  Precision: 0.3647
  Recall: 0.5737
============================================================


✓ 精细搜索找到更好的阈值！

============================================================
自适应搜索完成！
============================================================
最终最佳阈值: 0.068290
最佳 F1: 0.4460
Precision: 0.3647
Recall: 0.5737
============================================================

Saved Best F1 results: /data/modeluse/TS/ISTAD-release/analysis/r1_relation_bottleneck/runtime/anomaly_detection_PSM_ISTAD_PSM_ftM_sl64_bmhgat_hglite_rb_bs128_r1_learned_dynamic_s90_0/bestf1_threshold_results.json
Saved anomaly score plot: /data/modeluse/TS/ISTAD-release/analysis/r1_relation_bottleneck/runtime/anomaly_detection_PSM_ISTAD_PSM_ftM_sl64_bmhgat_hglite_rb_bs128_r1_learned_dynamic_s90_0/anomaly_score_threshold.png
ISTAD explainability is disabled by --istad_enable_explain 0
Saved train time summary: /data/modeluse/TS/ISTAD-release/analysis/r1_relation_bottleneck/runtime/anomaly_detection_PSM_ISTAD_PSM_ftM_sl64_bmhgat_hglite_rb_bs128_r1_learned_dynamic_s90_0/train_time_summary.json
=== R1 PSM seed 90 learned_static ===
Using GPU
Args in experiment:
[1mBasic Config[0m
  Task Name:          anomaly_detection   Is Training:        1                   
  Model ID:           PSM                 Model:              ISTAD               
  Seed:               90                  Itr:                1                   

[1mData Loader[0m
  Data:               PSM                 Root Path:          /data/modeluse/TS/ISTAD/dataset/PSM
  Features:           M                   Seq Len:            64                  
  Enc In:             25                  C Out:              25                  
  Checkpoints:        /data/modeluse/TS/ISTAD-release/checkpoints/ISTAD_r1_relation_bottleneck
  Eval Step:          64                  

[1mAnomaly Detection Task[0m
  Anomaly Ratio:      1.0                 Threshold Source:   train               

[1mISTAD Parameters[0m
  Kernel Size:        7                   Branch Mode:        hgat                
  TCN Type:           kan                 
  Feat GAT Dim:       -1                  GRU Layers:         1                   
  GRU Hidden:         150                 Recon Layers:       1                   
  Recon Hidden:       32                  ISTAD Dropout:      0.3                 
  Recon Type:         pointwise           KANAD Order:        3                   
  Objective:          reconstruct         Target / Lag:       ('', 1)             
  Leaky Alpha:        0.2                 H Init:             normal              
  Hyperedges:         -1                  Top-K Nodes:        -1                  
  Spatial Type:       lite                HGAT Rank:          8                   
  HGAT Projection:    linear              Relation Mode:      static              
  KAN Grid:           5                   KAN Order:          3                   
  Arch:               legacy              Ablation:           full                
  Relation bottleneck:1                   Mask ratio/folds:   (0.2, 8)            
  Explainability:     0                   Explain Batches:    0                   
  Explain Points:     20000               Explain TopK:       10                  
  SmoothGrad:         0                   SG Samples:         20                  
  SG Noise:           0.1                 Quad Mode:          quantile            
  Quad Value:         0.75                Err Agg:            sum                 
  Sal Agg:            sum                 

[1mRun Parameters[0m
  Num Workers:        4                   Batch Size:         128                 
  Train Epochs:       10                  Patience:           4                   
  Learning Rate:      0.001               Lradj:              cosine              
  Des:                r1_learned_static_s90

[1mGPU[0m
  Use GPU:            1                   GPU:                0                   
  Use Multi GPU:      0                   Devices:            0,1,2,3             

Use GPU: cuda:0
🚀 Lazy Loading: ISTAD ...
>>>>>>>start training : anomaly_detection_PSM_ISTAD_PSM_ftM_sl64_bmhgat_relstatic_hglite_rb_bs128_r1_learned_static_s90_0>>>>>>>>>>>>>>>>>>>>>>>>>>
test: (87841, 25)
train: (105984, 25)
train 105921
test: (87841, 25)
train: (105984, 25)
val 26434
	iters: 100, epoch: 1 | loss: 0.5825681
	speed: 0.0361s/iter; left time: 295.3996s
	iters: 200, epoch: 1 | loss: 0.3577417
	speed: 0.0100s/iter; left time: 80.7265s
	iters: 300, epoch: 1 | loss: 0.2652107
	speed: 0.0099s/iter; left time: 78.8748s
	iters: 400, epoch: 1 | loss: 0.2495233
	speed: 0.0100s/iter; left time: 78.8131s
	iters: 500, epoch: 1 | loss: 0.2450567
	speed: 0.0109s/iter; left time: 84.8173s
	iters: 600, epoch: 1 | loss: 0.1937216
	speed: 0.0109s/iter; left time: 83.3710s
	iters: 700, epoch: 1 | loss: 0.2978311
	speed: 0.0102s/iter; left time: 77.2178s
	iters: 800, epoch: 1 | loss: 0.1717589
	speed: 0.0098s/iter; left time: 73.1153s
Epoch: 1 cost time: 9.987961769104004
Epoch: 1, Steps: 828 | Train Loss: 0.3633305 Vali Loss: 2.0008805
Validation loss decreased (inf --> 2.000880).  Saving model ...
Updating learning rate to 0.0009755282581475768
	iters: 100, epoch: 2 | loss: 0.2122894
	speed: 0.0282s/iter; left time: 207.2208s
	iters: 200, epoch: 2 | loss: 0.1724902
	speed: 0.0103s/iter; left time: 74.6999s
	iters: 300, epoch: 2 | loss: 0.1727770
	speed: 0.0101s/iter; left time: 72.4774s
	iters: 400, epoch: 2 | loss: 0.2264401
	speed: 0.0101s/iter; left time: 71.3893s
	iters: 500, epoch: 2 | loss: 0.1609713
	speed: 0.0101s/iter; left time: 70.3427s
	iters: 600, epoch: 2 | loss: 0.4324053
	speed: 0.0100s/iter; left time: 68.2006s
	iters: 700, epoch: 2 | loss: 0.1410852
	speed: 0.0104s/iter; left time: 70.1724s
	iters: 800, epoch: 2 | loss: 0.1415122
	speed: 0.0102s/iter; left time: 68.1403s
Epoch: 2 cost time: 8.80609655380249
Epoch: 2, Steps: 828 | Train Loss: 0.1875365 Vali Loss: 0.6652961
Validation loss decreased (2.000880 --> 0.665296).  Saving model ...
Updating learning rate to 0.0009045084971874737
	iters: 100, epoch: 3 | loss: 0.1696551
	speed: 0.0285s/iter; left time: 185.9070s
	iters: 200, epoch: 3 | loss: 0.1327962
	speed: 0.0105s/iter; left time: 67.4952s
	iters: 300, epoch: 3 | loss: 0.1369783
	speed: 0.0102s/iter; left time: 64.4382s
	iters: 400, epoch: 3 | loss: 0.1907832
	speed: 0.0102s/iter; left time: 63.4546s
	iters: 500, epoch: 3 | loss: 0.1296267
	speed: 0.0103s/iter; left time: 63.0574s
	iters: 600, epoch: 3 | loss: 0.1314019
	speed: 0.0112s/iter; left time: 67.2653s
	iters: 700, epoch: 3 | loss: 0.1195523
	speed: 0.0103s/iter; left time: 60.7587s
	iters: 800, epoch: 3 | loss: 0.1358377
	speed: 0.0097s/iter; left time: 56.6504s
Epoch: 3 cost time: 8.910888910293579
Epoch: 3, Steps: 828 | Train Loss: 0.1586751 Vali Loss: 0.5937228
Validation loss decreased (0.665296 --> 0.593723).  Saving model ...
Updating learning rate to 0.0007938926261462366
	iters: 100, epoch: 4 | loss: 0.1338622
	speed: 0.0283s/iter; left time: 161.1852s
	iters: 200, epoch: 4 | loss: 0.1256772
	speed: 0.0101s/iter; left time: 56.3881s
	iters: 300, epoch: 4 | loss: 0.1378012
	speed: 0.0105s/iter; left time: 57.5009s
	iters: 400, epoch: 4 | loss: 0.1917127
	speed: 0.0109s/iter; left time: 58.6274s
	iters: 500, epoch: 4 | loss: 0.1469619
	speed: 0.0102s/iter; left time: 54.1951s
	iters: 600, epoch: 4 | loss: 0.1320495
	speed: 0.0097s/iter; left time: 50.3974s
	iters: 700, epoch: 4 | loss: 0.1396347
	speed: 0.0096s/iter; left time: 48.9297s
	iters: 800, epoch: 4 | loss: 0.1660347
	speed: 0.0100s/iter; left time: 49.9299s
Epoch: 4 cost time: 8.749392032623291
Epoch: 4, Steps: 828 | Train Loss: 0.1534797 Vali Loss: 0.5455595
Validation loss decreased (0.593723 --> 0.545559).  Saving model ...
Updating learning rate to 0.0006545084971874737
	iters: 100, epoch: 5 | loss: 0.1319968
	speed: 0.0285s/iter; left time: 138.5632s
	iters: 200, epoch: 5 | loss: 0.1385831
	speed: 0.0100s/iter; left time: 47.7669s
	iters: 300, epoch: 5 | loss: 0.1736300
	speed: 0.0099s/iter; left time: 46.0030s
	iters: 400, epoch: 5 | loss: 0.1292643
	speed: 0.0101s/iter; left time: 45.9576s
	iters: 500, epoch: 5 | loss: 0.1545626
	speed: 0.0103s/iter; left time: 46.0946s
	iters: 600, epoch: 5 | loss: 0.1468337
	speed: 0.0099s/iter; left time: 43.1109s
	iters: 700, epoch: 5 | loss: 0.1746101
	speed: 0.0099s/iter; left time: 42.2370s
	iters: 800, epoch: 5 | loss: 0.2769846
	speed: 0.0098s/iter; left time: 40.8685s
Epoch: 5 cost time: 8.670310258865356
Epoch: 5, Steps: 828 | Train Loss: 0.1524098 Vali Loss: 0.5464764
EarlyStopping counter: 1 out of 4
Updating learning rate to 0.0005
	iters: 100, epoch: 6 | loss: 0.1307204
	speed: 0.0285s/iter; left time: 115.2469s
	iters: 200, epoch: 6 | loss: 0.1458222
	speed: 0.0102s/iter; left time: 40.3858s
	iters: 300, epoch: 6 | loss: 0.1345125
	speed: 0.0101s/iter; left time: 38.7450s
	iters: 400, epoch: 6 | loss: 0.1387983
	speed: 0.0101s/iter; left time: 37.8548s
	iters: 500, epoch: 6 | loss: 0.1531759
	speed: 0.0103s/iter; left time: 37.6114s
	iters: 600, epoch: 6 | loss: 0.1409990
	speed: 0.0112s/iter; left time: 39.6192s
	iters: 700, epoch: 6 | loss: 0.1339058
	speed: 0.0106s/iter; left time: 36.5904s
	iters: 800, epoch: 6 | loss: 0.1177375
	speed: 0.0106s/iter; left time: 35.5585s
Epoch: 6 cost time: 8.974255084991455
Epoch: 6, Steps: 828 | Train Loss: 0.1515492 Vali Loss: 0.5741439
EarlyStopping counter: 2 out of 4
Updating learning rate to 0.00034549150281252633
	iters: 100, epoch: 7 | loss: 0.1544607
	speed: 0.0278s/iter; left time: 89.4637s
	iters: 200, epoch: 7 | loss: 0.1385508
	speed: 0.0101s/iter; left time: 31.4091s
	iters: 300, epoch: 7 | loss: 0.1535924
	speed: 0.0106s/iter; left time: 31.8646s
	iters: 400, epoch: 7 | loss: 0.1305947
	speed: 0.0102s/iter; left time: 29.7039s
	iters: 500, epoch: 7 | loss: 0.1422948
	speed: 0.0103s/iter; left time: 28.9259s
	iters: 600, epoch: 7 | loss: 0.1642854
	speed: 0.0109s/iter; left time: 29.5491s
	iters: 700, epoch: 7 | loss: 0.1500416
	speed: 0.0100s/iter; left time: 26.0492s
	iters: 800, epoch: 7 | loss: 0.1293947
	speed: 0.0109s/iter; left time: 27.3826s
Epoch: 7 cost time: 8.92566466331482
Epoch: 7, Steps: 828 | Train Loss: 0.1494383 Vali Loss: 0.5812896
EarlyStopping counter: 3 out of 4
Updating learning rate to 0.00020610737385376348
	iters: 100, epoch: 8 | loss: 0.1377447
	speed: 0.0287s/iter; left time: 68.5502s
	iters: 200, epoch: 8 | loss: 0.1348678
	speed: 0.0105s/iter; left time: 24.1034s
	iters: 300, epoch: 8 | loss: 0.1425553
	speed: 0.0110s/iter; left time: 23.9662s
	iters: 400, epoch: 8 | loss: 0.1530392
	speed: 0.0109s/iter; left time: 22.7260s
	iters: 500, epoch: 8 | loss: 0.1541626
	speed: 0.0109s/iter; left time: 21.5925s
	iters: 600, epoch: 8 | loss: 0.1318952
	speed: 0.0108s/iter; left time: 20.3098s
	iters: 700, epoch: 8 | loss: 0.1471331
	speed: 0.0108s/iter; left time: 19.3193s
	iters: 800, epoch: 8 | loss: 0.1694282
	speed: 0.0109s/iter; left time: 18.3418s
Epoch: 8 cost time: 9.315765857696533
Epoch: 8, Steps: 828 | Train Loss: 0.1497982 Vali Loss: 0.5195069
Validation loss decreased (0.545559 --> 0.519507).  Saving model ...
Updating learning rate to 9.549150281252633e-05
	iters: 100, epoch: 9 | loss: 0.1370628
	speed: 0.0286s/iter; left time: 44.4680s
	iters: 200, epoch: 9 | loss: 0.1524142
	speed: 0.0106s/iter; left time: 15.4135s
	iters: 300, epoch: 9 | loss: 0.2126421
	speed: 0.0100s/iter; left time: 13.5841s
	iters: 400, epoch: 9 | loss: 0.1337041
	speed: 0.0104s/iter; left time: 13.0611s
	iters: 500, epoch: 9 | loss: 0.1247820
	speed: 0.0108s/iter; left time: 12.4593s
	iters: 600, epoch: 9 | loss: 0.1601515
	speed: 0.0111s/iter; left time: 11.6820s
	iters: 700, epoch: 9 | loss: 0.1227398
	speed: 0.0106s/iter; left time: 10.1300s
	iters: 800, epoch: 9 | loss: 0.1558180
	speed: 0.0105s/iter; left time: 9.0346s
Epoch: 9 cost time: 9.047117233276367
Epoch: 9, Steps: 828 | Train Loss: 0.1487394 Vali Loss: 0.5604855
EarlyStopping counter: 1 out of 4
Updating learning rate to 2.4471741852423235e-05
	iters: 100, epoch: 10 | loss: 0.1233038
	speed: 0.0293s/iter; left time: 21.3377s
	iters: 200, epoch: 10 | loss: 0.1135851
	speed: 0.0097s/iter; left time: 6.0756s
	iters: 300, epoch: 10 | loss: 0.1481145
	speed: 0.0098s/iter; left time: 5.1912s
	iters: 400, epoch: 10 | loss: 0.1385772
	speed: 0.0098s/iter; left time: 4.2242s
	iters: 500, epoch: 10 | loss: 0.1343053
	speed: 0.0103s/iter; left time: 3.3832s
	iters: 600, epoch: 10 | loss: 0.1633202
	speed: 0.0106s/iter; left time: 2.4351s
	iters: 700, epoch: 10 | loss: 0.1332190
	speed: 0.0107s/iter; left time: 1.3763s
	iters: 800, epoch: 10 | loss: 0.1442926
	speed: 0.0106s/iter; left time: 0.3086s
Epoch: 10 cost time: 8.89108157157898
Epoch: 10, Steps: 828 | Train Loss: 0.1489313 Vali Loss: 0.5619127
EarlyStopping counter: 2 out of 4
Updating learning rate to 0.0
Saved relation bottleneck training diagnostics: /data/modeluse/TS/ISTAD-release/checkpoints/ISTAD_r1_relation_bottleneck/anomaly_detection_PSM_ISTAD_PSM_ftM_sl64_bmhgat_relstatic_hglite_rb_bs128_r1_learned_static_s90_0/relation_bottleneck_train_diagnostics.json
>>>>>>>testing : anomaly_detection_PSM_ISTAD_PSM_ftM_sl64_bmhgat_relstatic_hglite_rb_bs128_r1_learned_static_s90_0<<<<<<<<<<<<<<<<<<<<<<<<<<<<<<<<<
test: (87841, 25)
train: (105984, 25)
test 1372
test: (87841, 25)
train: (105984, 25)
score_train 1656
test: (87841, 25)
train: (105984, 25)
val 26434
Saved relation bottleneck diagnostics: /data/modeluse/TS/ISTAD-release/analysis/r1_relation_bottleneck/runtime/anomaly_detection_PSM_ISTAD_PSM_ftM_sl64_bmhgat_relstatic_hglite_rb_bs128_r1_learned_static_s90_0/relation_bottleneck_diagnostics.json
Percentile Threshold Source: train
Percentile Threshold : 0.8290542984008786
Saved point scores and labels: /data/modeluse/TS/ISTAD-release/analysis/r1_relation_bottleneck/runtime/anomaly_detection_PSM_ISTAD_PSM_ftM_sl64_bmhgat_relstatic_hglite_rb_bs128_r1_learned_static_s90_0/point_scores.npz
pred_raw: (87808,)
gt:      (87808,)
pred_pa: (87808,)
gt_pa:   (87808,)

============================================================
使用百分位数阈值的结果:
============================================================
Raw point F1: 0.3696 (P=0.4258, R=0.3266)
Accuracy : 0.8731, Precision : 0.6905, Recall : 0.9827, F-score : 0.8111 
============================================================


使用自适应 Best F1 搜索（两阶段）
粗搜索步数: 200, 精细搜索步数: 500

============================================================
自适应 Best F1 阈值搜索（两阶段）
============================================================

分数统计信息:
  最小值: 0.004881
  最大值: 551.166870
  均值: 0.471298
  标准差: 2.951671
  中位数: 0.057180
  第1百分位: 0.012068
  第99百分位: 2.320136

自动确定的搜索范围: [0.006034, 4.640271]

============================================================
阶段 1: 粗搜索（步数: 200）
============================================================

============================================================
开始 Best F1 阈值搜索...
============================================================
搜索范围: [0.0060, 4.6403]
搜索步数: 200
使用点调整: False
阈值: 0.0292 | F1: 0.4395 | Precision: 0.2952 | Recall: 0.8599
阈值: 0.4926 | F1: 0.3862 | Precision: 0.4305 | Recall: 0.3502
阈值: 0.9561 | F1: 0.3623 | Precision: 0.4221 | Recall: 0.3173
阈值: 1.4195 | F1: 0.3738 | Precision: 0.5313 | Recall: 0.2883
阈值: 1.8829 | F1: 0.3579 | Precision: 0.5523 | Recall: 0.2648
阈值: 2.3463 | F1: 0.0457 | Precision: 0.7269 | Recall: 0.0236
阈值: 2.8097 | F1: 0.0208 | Precision: 0.6284 | Recall: 0.0106
阈值: 3.2732 | F1: 0.0171 | Precision: 0.6453 | Recall: 0.0087
阈值: 3.7366 | F1: 0.0153 | Precision: 0.7344 | Recall: 0.0077
阈值: 4.2000 | F1: 0.0135 | Precision: 0.8557 | Recall: 0.0068

============================================================
✓ 找到最佳阈值: 0.075547
  最佳 F1: 0.4489
  Precision: 0.3799
  Recall: 0.5485
============================================================


============================================================
阶段 2: 精细搜索（步数: 500）
============================================================
在最佳阈值 0.075547 附近精细搜索
精细搜索范围: [0.006034, 0.538971]

============================================================
开始 Best F1 阈值搜索...
============================================================
搜索范围: [0.0060, 0.5390]
搜索步数: 500
使用点调整: False
阈值: 0.0071 | F1: 0.4342 | Precision: 0.2774 | Recall: 0.9997
阈值: 0.0604 | F1: 0.4480 | Precision: 0.3539 | Recall: 0.6100
阈值: 0.1137 | F1: 0.4394 | Precision: 0.4139 | Recall: 0.4682
阈值: 0.1670 | F1: 0.4221 | Precision: 0.4271 | Recall: 0.4171
阈值: 0.2203 | F1: 0.4104 | Precision: 0.4295 | Recall: 0.3930
阈值: 0.2736 | F1: 0.4038 | Precision: 0.4308 | Recall: 0.3799
阈值: 0.3269 | F1: 0.3987 | Precision: 0.4312 | Recall: 0.3708
阈值: 0.3802 | F1: 0.3937 | Precision: 0.4307 | Recall: 0.3626
阈值: 0.4334 | F1: 0.3897 | Precision: 0.4303 | Recall: 0.3561
阈值: 0.4867 | F1: 0.3868 | Precision: 0.4307 | Recall: 0.3510

============================================================
✓ 找到最佳阈值: 0.069986
  最佳 F1: 0.4494
  Precision: 0.3716
  Recall: 0.5686
============================================================


✓ 精细搜索找到更好的阈值！

============================================================
自适应搜索完成！
============================================================
最终最佳阈值: 0.069986
最佳 F1: 0.4494
Precision: 0.3716
Recall: 0.5686
============================================================

Saved Best F1 results: /data/modeluse/TS/ISTAD-release/analysis/r1_relation_bottleneck/runtime/anomaly_detection_PSM_ISTAD_PSM_ftM_sl64_bmhgat_relstatic_hglite_rb_bs128_r1_learned_static_s90_0/bestf1_threshold_results.json
Saved anomaly score plot: /data/modeluse/TS/ISTAD-release/analysis/r1_relation_bottleneck/runtime/anomaly_detection_PSM_ISTAD_PSM_ftM_sl64_bmhgat_relstatic_hglite_rb_bs128_r1_learned_static_s90_0/anomaly_score_threshold.png
ISTAD explainability is disabled by --istad_enable_explain 0
Saved train time summary: /data/modeluse/TS/ISTAD-release/analysis/r1_relation_bottleneck/runtime/anomaly_detection_PSM_ISTAD_PSM_ftM_sl64_bmhgat_relstatic_hglite_rb_bs128_r1_learned_static_s90_0/train_time_summary.json
=== R1 PSM seed 90 fixed_random ===
Using GPU
Args in experiment:
[1mBasic Config[0m
  Task Name:          anomaly_detection   Is Training:        1                   
  Model ID:           PSM                 Model:              ISTAD               
  Seed:               90                  Itr:                1                   

[1mData Loader[0m
  Data:               PSM                 Root Path:          /data/modeluse/TS/ISTAD/dataset/PSM
  Features:           M                   Seq Len:            64                  
  Enc In:             25                  C Out:              25                  
  Checkpoints:        /data/modeluse/TS/ISTAD-release/checkpoints/ISTAD_r1_relation_bottleneck
  Eval Step:          64                  

[1mAnomaly Detection Task[0m
  Anomaly Ratio:      1.0                 Threshold Source:   train               

[1mISTAD Parameters[0m
  Kernel Size:        7                   Branch Mode:        hgat                
  TCN Type:           kan                 
  Feat GAT Dim:       -1                  GRU Layers:         1                   
  GRU Hidden:         150                 Recon Layers:       1                   
  Recon Hidden:       32                  ISTAD Dropout:      0.3                 
  Recon Type:         pointwise           KANAD Order:        3                   
  Objective:          reconstruct         Target / Lag:       ('', 1)             
  Leaky Alpha:        0.2                 H Init:             normal              
  Hyperedges:         -1                  Top-K Nodes:        -1                  
  Spatial Type:       lite                HGAT Rank:          8                   
  HGAT Projection:    linear              Relation Mode:      fixed_random        
  KAN Grid:           5                   KAN Order:          3                   
  Arch:               legacy              Ablation:           full                
  Relation bottleneck:1                   Mask ratio/folds:   (0.2, 8)            
  Explainability:     0                   Explain Batches:    0                   
  Explain Points:     20000               Explain TopK:       10                  
  SmoothGrad:         0                   SG Samples:         20                  
  SG Noise:           0.1                 Quad Mode:          quantile            
  Quad Value:         0.75                Err Agg:            sum                 
  Sal Agg:            sum                 

[1mRun Parameters[0m
  Num Workers:        4                   Batch Size:         128                 
  Train Epochs:       10                  Patience:           4                   
  Learning Rate:      0.001               Lradj:              cosine              
  Des:                r1_fixed_random_s90 

[1mGPU[0m
  Use GPU:            1                   GPU:                0                   
  Use Multi GPU:      0                   Devices:            0,1,2,3             

Use GPU: cuda:0
🚀 Lazy Loading: ISTAD ...
>>>>>>>start training : anomaly_detection_PSM_ISTAD_PSM_ftM_sl64_bmhgat_relfixed_random_hglite_rb_bs128_r1_fixed_random_s90_0>>>>>>>>>>>>>>>>>>>>>>>>>>
test: (87841, 25)
train: (105984, 25)
train 105921
test: (87841, 25)
train: (105984, 25)
val 26434
	iters: 100, epoch: 1 | loss: 0.5525123
	speed: 0.0320s/iter; left time: 262.0727s
	iters: 200, epoch: 1 | loss: 0.3543790
	speed: 0.0088s/iter; left time: 70.9357s
	iters: 300, epoch: 1 | loss: 0.2607125
	speed: 0.0091s/iter; left time: 72.6561s
	iters: 400, epoch: 1 | loss: 0.2483076
	speed: 0.0089s/iter; left time: 70.4974s
	iters: 500, epoch: 1 | loss: 0.2489969
	speed: 0.0094s/iter; left time: 72.7551s
	iters: 600, epoch: 1 | loss: 0.2102542
	speed: 0.0088s/iter; left time: 67.4135s
	iters: 700, epoch: 1 | loss: 0.2932512
	speed: 0.0090s/iter; left time: 68.0609s
	iters: 800, epoch: 1 | loss: 0.1824637
	speed: 0.0090s/iter; left time: 67.3015s
Epoch: 1 cost time: 8.744123935699463
Epoch: 1, Steps: 828 | Train Loss: 0.3676928 Vali Loss: 1.9448055
Validation loss decreased (inf --> 1.944806).  Saving model ...
Updating learning rate to 0.0009755282581475768
	iters: 100, epoch: 2 | loss: 0.2147030
	speed: 0.0251s/iter; left time: 184.2709s
	iters: 200, epoch: 2 | loss: 0.1712645
	speed: 0.0094s/iter; left time: 68.3184s
	iters: 300, epoch: 2 | loss: 0.1723822
	speed: 0.0091s/iter; left time: 64.8334s
	iters: 400, epoch: 2 | loss: 0.2186674
	speed: 0.0092s/iter; left time: 65.1628s
	iters: 500, epoch: 2 | loss: 0.1595723
	speed: 0.0094s/iter; left time: 65.0415s
	iters: 600, epoch: 2 | loss: 0.4374236
	speed: 0.0093s/iter; left time: 63.5134s
	iters: 700, epoch: 2 | loss: 0.1408831
	speed: 0.0089s/iter; left time: 60.0649s
	iters: 800, epoch: 2 | loss: 0.1377762
	speed: 0.0093s/iter; left time: 62.1545s
Epoch: 2 cost time: 7.921512842178345
Epoch: 2, Steps: 828 | Train Loss: 0.1834351 Vali Loss: 0.6728742
Validation loss decreased (1.944806 --> 0.672874).  Saving model ...
Updating learning rate to 0.0009045084971874737
	iters: 100, epoch: 3 | loss: 0.1738975
	speed: 0.0247s/iter; left time: 161.0785s
	iters: 200, epoch: 3 | loss: 0.1325723
	speed: 0.0095s/iter; left time: 61.0759s
	iters: 300, epoch: 3 | loss: 0.1377278
	speed: 0.0094s/iter; left time: 59.6941s
	iters: 400, epoch: 3 | loss: 0.2005824
	speed: 0.0093s/iter; left time: 57.6460s
	iters: 500, epoch: 3 | loss: 0.1312291
	speed: 0.0090s/iter; left time: 55.3846s
	iters: 600, epoch: 3 | loss: 0.1349320
	speed: 0.0088s/iter; left time: 52.8377s
	iters: 700, epoch: 3 | loss: 0.1198428
	speed: 0.0088s/iter; left time: 52.4061s
	iters: 800, epoch: 3 | loss: 0.1372929
	speed: 0.0086s/iter; left time: 49.8995s
Epoch: 3 cost time: 7.771836519241333
Epoch: 3, Steps: 828 | Train Loss: 0.1600298 Vali Loss: 0.5883057
Validation loss decreased (0.672874 --> 0.588306).  Saving model ...
Updating learning rate to 0.0007938926261462366
	iters: 100, epoch: 4 | loss: 0.1337426
	speed: 0.0246s/iter; left time: 140.4165s
	iters: 200, epoch: 4 | loss: 0.1271304
	speed: 0.0089s/iter; left time: 49.8133s
	iters: 300, epoch: 4 | loss: 0.1382092
	speed: 0.0091s/iter; left time: 50.2103s
	iters: 400, epoch: 4 | loss: 0.1894153
	speed: 0.0091s/iter; left time: 49.3031s
	iters: 500, epoch: 4 | loss: 0.1464413
	speed: 0.0091s/iter; left time: 48.3068s
	iters: 600, epoch: 4 | loss: 0.1304633
	speed: 0.0086s/iter; left time: 44.5334s
	iters: 700, epoch: 4 | loss: 0.1396676
	speed: 0.0086s/iter; left time: 43.6981s
	iters: 800, epoch: 4 | loss: 0.1653816
	speed: 0.0083s/iter; left time: 41.7081s
Epoch: 4 cost time: 7.581204175949097
Epoch: 4, Steps: 828 | Train Loss: 0.1536887 Vali Loss: 0.5503554
Validation loss decreased (0.588306 --> 0.550355).  Saving model ...
Updating learning rate to 0.0006545084971874737
	iters: 100, epoch: 5 | loss: 0.1325682
	speed: 0.0252s/iter; left time: 122.4647s
	iters: 200, epoch: 5 | loss: 0.1398627
	speed: 0.0091s/iter; left time: 43.4687s
	iters: 300, epoch: 5 | loss: 0.1747977
	speed: 0.0094s/iter; left time: 43.7223s
	iters: 400, epoch: 5 | loss: 0.1279563
	speed: 0.0094s/iter; left time: 43.0148s
	iters: 500, epoch: 5 | loss: 0.1564883
	speed: 0.0094s/iter; left time: 42.0805s
	iters: 600, epoch: 5 | loss: 0.1448046
	speed: 0.0092s/iter; left time: 40.3401s
	iters: 700, epoch: 5 | loss: 0.1739317
	speed: 0.0089s/iter; left time: 37.8488s
	iters: 800, epoch: 5 | loss: 0.2726649
	speed: 0.0087s/iter; left time: 36.2376s
Epoch: 5 cost time: 7.9176552295684814
Epoch: 5, Steps: 828 | Train Loss: 0.1520964 Vali Loss: 0.5407793
Validation loss decreased (0.550355 --> 0.540779).  Saving model ...
Updating learning rate to 0.0005
	iters: 100, epoch: 6 | loss: 0.1298930
	speed: 0.0257s/iter; left time: 103.6995s
	iters: 200, epoch: 6 | loss: 0.1456857
	speed: 0.0087s/iter; left time: 34.2326s
	iters: 300, epoch: 6 | loss: 0.1338991
	speed: 0.0087s/iter; left time: 33.4690s
	iters: 400, epoch: 6 | loss: 0.1388323
	speed: 0.0085s/iter; left time: 31.6216s
	iters: 500, epoch: 6 | loss: 0.1514288
	speed: 0.0085s/iter; left time: 30.7901s
	iters: 600, epoch: 6 | loss: 0.1392827
	speed: 0.0088s/iter; left time: 31.2668s
	iters: 700, epoch: 6 | loss: 0.1310658
	speed: 0.0090s/iter; left time: 30.8399s
	iters: 800, epoch: 6 | loss: 0.1180654
	speed: 0.0088s/iter; left time: 29.3260s
Epoch: 6 cost time: 7.572171926498413
Epoch: 6, Steps: 828 | Train Loss: 0.1509000 Vali Loss: 0.5404583
Validation loss decreased (0.540779 --> 0.540458).  Saving model ...
Updating learning rate to 0.00034549150281252633
	iters: 100, epoch: 7 | loss: 0.1547647
	speed: 0.0246s/iter; left time: 79.1615s
	iters: 200, epoch: 7 | loss: 0.1362119
	speed: 0.0087s/iter; left time: 27.1609s
	iters: 300, epoch: 7 | loss: 0.1553335
	speed: 0.0084s/iter; left time: 25.3498s
	iters: 400, epoch: 7 | loss: 0.1310878
	speed: 0.0094s/iter; left time: 27.2831s
	iters: 500, epoch: 7 | loss: 0.1374711
	speed: 0.0093s/iter; left time: 26.1879s
	iters: 600, epoch: 7 | loss: 0.1605796
	speed: 0.0094s/iter; left time: 25.4082s
	iters: 700, epoch: 7 | loss: 0.1487187
	speed: 0.0093s/iter; left time: 24.4012s
	iters: 800, epoch: 7 | loss: 0.1279376
	speed: 0.0095s/iter; left time: 23.7995s
Epoch: 7 cost time: 7.7887046337127686
Epoch: 7, Steps: 828 | Train Loss: 0.1488636 Vali Loss: 0.5381740
Validation loss decreased (0.540458 --> 0.538174).  Saving model ...
Updating learning rate to 0.00020610737385376348
	iters: 100, epoch: 8 | loss: 0.1382890
	speed: 0.0244s/iter; left time: 58.2393s
	iters: 200, epoch: 8 | loss: 0.1334934
	speed: 0.0091s/iter; left time: 20.6841s
	iters: 300, epoch: 8 | loss: 0.1408141
	speed: 0.0088s/iter; left time: 19.2019s
	iters: 400, epoch: 8 | loss: 0.1549718
	speed: 0.0087s/iter; left time: 18.0751s
	iters: 500, epoch: 8 | loss: 0.1511355
	speed: 0.0092s/iter; left time: 18.1988s
	iters: 600, epoch: 8 | loss: 0.1317874
	speed: 0.0094s/iter; left time: 17.7755s
	iters: 700, epoch: 8 | loss: 0.1454635
	speed: 0.0094s/iter; left time: 16.8469s
	iters: 800, epoch: 8 | loss: 0.1655577
	speed: 0.0085s/iter; left time: 14.3491s
Epoch: 8 cost time: 7.688657760620117
Epoch: 8, Steps: 828 | Train Loss: 0.1493863 Vali Loss: 0.5364130
Validation loss decreased (0.538174 --> 0.536413).  Saving model ...
Updating learning rate to 9.549150281252633e-05
	iters: 100, epoch: 9 | loss: 0.1340072
	speed: 0.0251s/iter; left time: 39.1092s
	iters: 200, epoch: 9 | loss: 0.1534157
	speed: 0.0090s/iter; left time: 13.0761s
	iters: 300, epoch: 9 | loss: 0.2148723
	speed: 0.0092s/iter; left time: 12.4904s
	iters: 400, epoch: 9 | loss: 0.1360932
	speed: 0.0086s/iter; left time: 10.7475s
	iters: 500, epoch: 9 | loss: 0.1241570
	speed: 0.0086s/iter; left time: 9.9186s
	iters: 600, epoch: 9 | loss: 0.1593138
	speed: 0.0087s/iter; left time: 9.2269s
	iters: 700, epoch: 9 | loss: 0.1213779
	speed: 0.0090s/iter; left time: 8.5660s
	iters: 800, epoch: 9 | loss: 0.1513612
	speed: 0.0092s/iter; left time: 7.9030s
Epoch: 9 cost time: 7.668743848800659
Epoch: 9, Steps: 828 | Train Loss: 0.1483587 Vali Loss: 0.5347594
Validation loss decreased (0.536413 --> 0.534759).  Saving model ...
Updating learning rate to 2.4471741852423235e-05
	iters: 100, epoch: 10 | loss: 0.1230710
	speed: 0.0249s/iter; left time: 18.1646s
	iters: 200, epoch: 10 | loss: 0.1130220
	speed: 0.0087s/iter; left time: 5.4605s
	iters: 300, epoch: 10 | loss: 0.1465493
	speed: 0.0089s/iter; left time: 4.7158s
	iters: 400, epoch: 10 | loss: 0.1403503
	speed: 0.0087s/iter; left time: 3.7221s
	iters: 500, epoch: 10 | loss: 0.1354796
	speed: 0.0087s/iter; left time: 2.8593s
	iters: 600, epoch: 10 | loss: 0.1604469
	speed: 0.0086s/iter; left time: 1.9603s
	iters: 700, epoch: 10 | loss: 0.1339543
	speed: 0.0094s/iter; left time: 1.2134s
	iters: 800, epoch: 10 | loss: 0.1430492
	speed: 0.0093s/iter; left time: 0.2711s
Epoch: 10 cost time: 7.717662334442139
Epoch: 10, Steps: 828 | Train Loss: 0.1485678 Vali Loss: 0.5317252
Validation loss decreased (0.534759 --> 0.531725).  Saving model ...
Updating learning rate to 0.0
Saved relation bottleneck training diagnostics: /data/modeluse/TS/ISTAD-release/checkpoints/ISTAD_r1_relation_bottleneck/anomaly_detection_PSM_ISTAD_PSM_ftM_sl64_bmhgat_relfixed_random_hglite_rb_bs128_r1_fixed_random_s90_0/relation_bottleneck_train_diagnostics.json
>>>>>>>testing : anomaly_detection_PSM_ISTAD_PSM_ftM_sl64_bmhgat_relfixed_random_hglite_rb_bs128_r1_fixed_random_s90_0<<<<<<<<<<<<<<<<<<<<<<<<<<<<<<<<<
test: (87841, 25)
train: (105984, 25)
test 1372
test: (87841, 25)
train: (105984, 25)
score_train 1656
test: (87841, 25)
train: (105984, 25)
val 26434
Saved relation bottleneck diagnostics: /data/modeluse/TS/ISTAD-release/analysis/r1_relation_bottleneck/runtime/anomaly_detection_PSM_ISTAD_PSM_ftM_sl64_bmhgat_relfixed_random_hglite_rb_bs128_r1_fixed_random_s90_0/relation_bottleneck_diagnostics.json
Percentile Threshold Source: train
Percentile Threshold : 0.8124709296226501
Saved point scores and labels: /data/modeluse/TS/ISTAD-release/analysis/r1_relation_bottleneck/runtime/anomaly_detection_PSM_ISTAD_PSM_ftM_sl64_bmhgat_relfixed_random_hglite_rb_bs128_r1_fixed_random_s90_0/point_scores.npz
pred_raw: (87808,)
gt:      (87808,)
pred_pa: (87808,)
gt_pa:   (87808,)

============================================================
使用百分位数阈值的结果:
============================================================
Raw point F1: 0.3685 (P=0.4245, R=0.3255)
Accuracy : 0.8769, Precision : 0.6933, Recall : 0.9974, F-score : 0.8180 
============================================================


使用自适应 Best F1 搜索（两阶段）
粗搜索步数: 200, 精细搜索步数: 500

============================================================
自适应 Best F1 阈值搜索（两阶段）
============================================================

分数统计信息:
  最小值: 0.004491
  最大值: 543.061768
  均值: 0.464593
  标准差: 2.930218
  中位数: 0.054247
  第1百分位: 0.012112
  第99百分位: 2.300549

自动确定的搜索范围: [0.006056, 4.601097]

============================================================
阶段 1: 粗搜索（步数: 200）
============================================================

============================================================
开始 Best F1 阈值搜索...
============================================================
搜索范围: [0.0061, 4.6011]
搜索步数: 200
使用点调整: False
阈值: 0.0290 | F1: 0.4408 | Precision: 0.2973 | Recall: 0.8519
阈值: 0.4885 | F1: 0.3852 | Precision: 0.4295 | Recall: 0.3493
阈值: 0.9480 | F1: 0.3583 | Precision: 0.4184 | Recall: 0.3133
阈值: 1.4075 | F1: 0.3728 | Precision: 0.5286 | Recall: 0.2879
阈值: 1.8670 | F1: 0.3584 | Precision: 0.5547 | Recall: 0.2647
阈值: 2.3266 | F1: 0.0454 | Precision: 0.7201 | Recall: 0.0234
阈值: 2.7861 | F1: 0.0209 | Precision: 0.6302 | Recall: 0.0106
阈值: 3.2456 | F1: 0.0174 | Precision: 0.6535 | Recall: 0.0088
阈值: 3.7051 | F1: 0.0149 | Precision: 0.7233 | Recall: 0.0075
阈值: 4.1646 | F1: 0.0138 | Precision: 0.8500 | Recall: 0.0070

============================================================
✓ 找到最佳阈值: 0.052006
  最佳 F1: 0.4474
  Precision: 0.3433
  Recall: 0.6419
============================================================


============================================================
阶段 2: 精细搜索（步数: 500）
============================================================
在最佳阈值 0.052006 附近精细搜索
精细搜索范围: [0.006056, 0.511510]

============================================================
开始 Best F1 阈值搜索...
============================================================
搜索范围: [0.0061, 0.5115]
搜索步数: 500
使用点调整: False
阈值: 0.0071 | F1: 0.4343 | Precision: 0.2774 | Recall: 0.9998
阈值: 0.0576 | F1: 0.4476 | Precision: 0.3544 | Recall: 0.6073
阈值: 0.1082 | F1: 0.4362 | Precision: 0.4128 | Recall: 0.4625
阈值: 0.1587 | F1: 0.4202 | Precision: 0.4260 | Recall: 0.4146
阈值: 0.2092 | F1: 0.4094 | Precision: 0.4288 | Recall: 0.3916
阈值: 0.2598 | F1: 0.4026 | Precision: 0.4295 | Recall: 0.3788
阈值: 0.3103 | F1: 0.3986 | Precision: 0.4308 | Recall: 0.3708
阈值: 0.3609 | F1: 0.3936 | Precision: 0.4302 | Recall: 0.3627
阈值: 0.4114 | F1: 0.3896 | Precision: 0.4298 | Recall: 0.3563
阈值: 0.4620 | F1: 0.3869 | Precision: 0.4297 | Recall: 0.3519

============================================================
✓ 找到最佳阈值: 0.066710
  最佳 F1: 0.4488
  Precision: 0.3719
  Recall: 0.5657
============================================================


✓ 精细搜索找到更好的阈值！

============================================================
自适应搜索完成！
============================================================
最终最佳阈值: 0.066710
最佳 F1: 0.4488
Precision: 0.3719
Recall: 0.5657
============================================================

Saved Best F1 results: /data/modeluse/TS/ISTAD-release/analysis/r1_relation_bottleneck/runtime/anomaly_detection_PSM_ISTAD_PSM_ftM_sl64_bmhgat_relfixed_random_hglite_rb_bs128_r1_fixed_random_s90_0/bestf1_threshold_results.json
Saved anomaly score plot: /data/modeluse/TS/ISTAD-release/analysis/r1_relation_bottleneck/runtime/anomaly_detection_PSM_ISTAD_PSM_ftM_sl64_bmhgat_relfixed_random_hglite_rb_bs128_r1_fixed_random_s90_0/anomaly_score_threshold.png
ISTAD explainability is disabled by --istad_enable_explain 0
Saved train time summary: /data/modeluse/TS/ISTAD-release/analysis/r1_relation_bottleneck/runtime/anomaly_detection_PSM_ISTAD_PSM_ftM_sl64_bmhgat_relfixed_random_hglite_rb_bs128_r1_fixed_random_s90_0/train_time_summary.json
=== R1 PSM seed 90 no_message ===
Using GPU
Args in experiment:
[1mBasic Config[0m
  Task Name:          anomaly_detection   Is Training:        1                   
  Model ID:           PSM                 Model:              ISTAD               
  Seed:               90                  Itr:                1                   

[1mData Loader[0m
  Data:               PSM                 Root Path:          /data/modeluse/TS/ISTAD/dataset/PSM
  Features:           M                   Seq Len:            64                  
  Enc In:             25                  C Out:              25                  
  Checkpoints:        /data/modeluse/TS/ISTAD-release/checkpoints/ISTAD_r1_relation_bottleneck
  Eval Step:          64                  

[1mAnomaly Detection Task[0m
  Anomaly Ratio:      1.0                 Threshold Source:   train               

[1mISTAD Parameters[0m
  Kernel Size:        7                   Branch Mode:        hgat                
  TCN Type:           kan                 
  Feat GAT Dim:       -1                  GRU Layers:         1                   
  GRU Hidden:         150                 Recon Layers:       1                   
  Recon Hidden:       32                  ISTAD Dropout:      0.3                 
  Recon Type:         pointwise           KANAD Order:        3                   
  Objective:          reconstruct         Target / Lag:       ('', 1)             
  Leaky Alpha:        0.2                 H Init:             normal              
  Hyperedges:         -1                  Top-K Nodes:        -1                  
  Spatial Type:       lite                HGAT Rank:          8                   
  HGAT Projection:    linear              Relation Mode:      no_message          
  KAN Grid:           5                   KAN Order:          3                   
  Arch:               legacy              Ablation:           full                
  Relation bottleneck:1                   Mask ratio/folds:   (0.2, 8)            
  Explainability:     0                   Explain Batches:    0                   
  Explain Points:     20000               Explain TopK:       10                  
  SmoothGrad:         0                   SG Samples:         20                  
  SG Noise:           0.1                 Quad Mode:          quantile            
  Quad Value:         0.75                Err Agg:            sum                 
  Sal Agg:            sum                 

[1mRun Parameters[0m
  Num Workers:        4                   Batch Size:         128                 
  Train Epochs:       10                  Patience:           4                   
  Learning Rate:      0.001               Lradj:              cosine              
  Des:                r1_no_message_s90   

[1mGPU[0m
  Use GPU:            1                   GPU:                0                   
  Use Multi GPU:      0                   Devices:            0,1,2,3             

Use GPU: cuda:0
🚀 Lazy Loading: ISTAD ...
>>>>>>>start training : anomaly_detection_PSM_ISTAD_PSM_ftM_sl64_bmhgat_relno_message_hglite_rb_bs128_r1_no_message_s90_0>>>>>>>>>>>>>>>>>>>>>>>>>>
test: (87841, 25)
train: (105984, 25)
train 105921
test: (87841, 25)
train: (105984, 25)
val 26434
	iters: 100, epoch: 1 | loss: 0.5671547
	speed: 0.0292s/iter; left time: 239.1456s
	iters: 200, epoch: 1 | loss: 0.3728324
	speed: 0.0045s/iter; left time: 36.2153s
	iters: 300, epoch: 1 | loss: 0.2845823
	speed: 0.0044s/iter; left time: 35.2852s
	iters: 400, epoch: 1 | loss: 0.2298200
	speed: 0.0040s/iter; left time: 31.7762s
	iters: 500, epoch: 1 | loss: 0.2481196
	speed: 0.0043s/iter; left time: 33.6298s
	iters: 600, epoch: 1 | loss: 0.1942966
	speed: 0.0044s/iter; left time: 34.0676s
	iters: 700, epoch: 1 | loss: 0.2501871
	speed: 0.0046s/iter; left time: 34.6678s
	iters: 800, epoch: 1 | loss: 0.1735925
	speed: 0.0044s/iter; left time: 33.2510s
Epoch: 1 cost time: 5.006031513214111
Epoch: 1, Steps: 828 | Train Loss: 0.3712020 Vali Loss: 2.0599086
Validation loss decreased (inf --> 2.059909).  Saving model ...
Updating learning rate to 0.0009755282581475768
	iters: 100, epoch: 2 | loss: 0.2078289
	speed: 0.0164s/iter; left time: 120.2947s
	iters: 200, epoch: 2 | loss: 0.1810890
	speed: 0.0049s/iter; left time: 35.6083s
	iters: 300, epoch: 2 | loss: 0.1839574
	speed: 0.0050s/iter; left time: 35.9626s
	iters: 400, epoch: 2 | loss: 0.2363912
	speed: 0.0049s/iter; left time: 34.5612s
	iters: 500, epoch: 2 | loss: 0.1675545
	speed: 0.0047s/iter; left time: 32.4037s
	iters: 600, epoch: 2 | loss: 0.1954347
	speed: 0.0045s/iter; left time: 30.9259s
	iters: 700, epoch: 2 | loss: 0.1469100
	speed: 0.0049s/iter; left time: 33.0487s
	iters: 800, epoch: 2 | loss: 0.1654103
	speed: 0.0049s/iter; left time: 32.6285s
Epoch: 2 cost time: 4.244573593139648
Epoch: 2, Steps: 828 | Train Loss: 0.1888368 Vali Loss: 0.6793870
Validation loss decreased (2.059909 --> 0.679387).  Saving model ...
Updating learning rate to 0.0009045084971874737
	iters: 100, epoch: 3 | loss: 0.1825116
	speed: 0.0172s/iter; left time: 111.9063s
	iters: 200, epoch: 3 | loss: 0.1456709
	speed: 0.0043s/iter; left time: 27.8291s
	iters: 300, epoch: 3 | loss: 0.1282235
	speed: 0.0048s/iter; left time: 30.3687s
	iters: 400, epoch: 3 | loss: 0.1837605
	speed: 0.0049s/iter; left time: 30.5632s
	iters: 500, epoch: 3 | loss: 0.1374962
	speed: 0.0045s/iter; left time: 27.8067s
	iters: 600, epoch: 3 | loss: 0.2277028
	speed: 0.0044s/iter; left time: 26.3379s
	iters: 700, epoch: 3 | loss: 0.1264307
	speed: 0.0045s/iter; left time: 26.3723s
	iters: 800, epoch: 3 | loss: 0.2359242
	speed: 0.0046s/iter; left time: 26.6812s
Epoch: 3 cost time: 4.085324764251709
Epoch: 3, Steps: 828 | Train Loss: 0.1640425 Vali Loss: 0.5826354
Validation loss decreased (0.679387 --> 0.582635).  Saving model ...
Updating learning rate to 0.0007938926261462366
	iters: 100, epoch: 4 | loss: 0.1379498
	speed: 0.0165s/iter; left time: 94.2755s
	iters: 200, epoch: 4 | loss: 0.1280870
	speed: 0.0048s/iter; left time: 27.0342s
	iters: 300, epoch: 4 | loss: 0.1374941
	speed: 0.0049s/iter; left time: 26.9232s
	iters: 400, epoch: 4 | loss: 0.1745422
	speed: 0.0048s/iter; left time: 25.8345s
	iters: 500, epoch: 4 | loss: 0.1474284
	speed: 0.0049s/iter; left time: 25.9216s
	iters: 600, epoch: 4 | loss: 0.1359552
	speed: 0.0048s/iter; left time: 25.1935s
	iters: 700, epoch: 4 | loss: 0.1432637
	speed: 0.0048s/iter; left time: 24.4552s
	iters: 800, epoch: 4 | loss: 0.1619888
	speed: 0.0049s/iter; left time: 24.5461s
Epoch: 4 cost time: 4.27898645401001
Epoch: 4, Steps: 828 | Train Loss: 0.1581245 Vali Loss: 0.5675998
Validation loss decreased (0.582635 --> 0.567600).  Saving model ...
Updating learning rate to 0.0006545084971874737
	iters: 100, epoch: 5 | loss: 0.1391475
	speed: 0.0177s/iter; left time: 86.3783s
	iters: 200, epoch: 5 | loss: 0.1512169
	speed: 0.0047s/iter; left time: 22.2241s
	iters: 300, epoch: 5 | loss: 0.1508235
	speed: 0.0049s/iter; left time: 22.9071s
	iters: 400, epoch: 5 | loss: 0.1568629
	speed: 0.0045s/iter; left time: 20.7765s
	iters: 500, epoch: 5 | loss: 0.1427874
	speed: 0.0048s/iter; left time: 21.4405s
	iters: 600, epoch: 5 | loss: 0.1482258
	speed: 0.0053s/iter; left time: 23.3196s
	iters: 700, epoch: 5 | loss: 0.1653778
	speed: 0.0048s/iter; left time: 20.5269s
	iters: 800, epoch: 5 | loss: 0.2699729
	speed: 0.0045s/iter; left time: 18.9213s
Epoch: 5 cost time: 4.285577774047852
Epoch: 5, Steps: 828 | Train Loss: 0.1591031 Vali Loss: 0.5603948
Validation loss decreased (0.567600 --> 0.560395).  Saving model ...
Updating learning rate to 0.0005
	iters: 100, epoch: 6 | loss: 0.1319739
	speed: 0.0171s/iter; left time: 69.1603s
	iters: 200, epoch: 6 | loss: 0.1504637
	speed: 0.0047s/iter; left time: 18.5673s
	iters: 300, epoch: 6 | loss: 0.1491607
	speed: 0.0048s/iter; left time: 18.5405s
	iters: 400, epoch: 6 | loss: 0.1416303
	speed: 0.0050s/iter; left time: 18.7264s
	iters: 500, epoch: 6 | loss: 0.1625354
	speed: 0.0049s/iter; left time: 17.6849s
	iters: 600, epoch: 6 | loss: 0.1574983
	speed: 0.0049s/iter; left time: 17.3638s
	iters: 700, epoch: 6 | loss: 0.1476789
	speed: 0.0044s/iter; left time: 15.2598s
	iters: 800, epoch: 6 | loss: 0.1268298
	speed: 0.0042s/iter; left time: 14.0723s
Epoch: 6 cost time: 4.13489556312561
Epoch: 6, Steps: 828 | Train Loss: 0.1580034 Vali Loss: 0.5623627
EarlyStopping counter: 1 out of 4
Updating learning rate to 0.00034549150281252633
	iters: 100, epoch: 7 | loss: 0.1577373
	speed: 0.0169s/iter; left time: 54.2299s
	iters: 200, epoch: 7 | loss: 0.1426218
	speed: 0.0048s/iter; left time: 15.0484s
	iters: 300, epoch: 7 | loss: 0.1538111
	speed: 0.0051s/iter; left time: 15.2455s
	iters: 400, epoch: 7 | loss: 0.1403640
	speed: 0.0049s/iter; left time: 14.1290s
	iters: 500, epoch: 7 | loss: 0.1567562
	speed: 0.0047s/iter; left time: 13.2885s
	iters: 600, epoch: 7 | loss: 0.1806024
	speed: 0.0048s/iter; left time: 13.1322s
	iters: 700, epoch: 7 | loss: 0.1400816
	speed: 0.0049s/iter; left time: 12.8468s
	iters: 800, epoch: 7 | loss: 0.1429605
	speed: 0.0050s/iter; left time: 12.5727s
Epoch: 7 cost time: 4.328312397003174
Epoch: 7, Steps: 828 | Train Loss: 0.1561981 Vali Loss: 0.5597086
Validation loss decreased (0.560395 --> 0.559709).  Saving model ...
Updating learning rate to 0.00020610737385376348
	iters: 100, epoch: 8 | loss: 0.1391218
	speed: 0.0167s/iter; left time: 39.7387s
	iters: 200, epoch: 8 | loss: 0.1447866
	speed: 0.0047s/iter; left time: 10.8152s
	iters: 300, epoch: 8 | loss: 0.1435165
	speed: 0.0047s/iter; left time: 10.1874s
	iters: 400, epoch: 8 | loss: 0.1714351
	speed: 0.0047s/iter; left time: 9.7941s
	iters: 500, epoch: 8 | loss: 0.1533557
	speed: 0.0046s/iter; left time: 9.0588s
	iters: 600, epoch: 8 | loss: 0.1306062
	speed: 0.0043s/iter; left time: 8.1494s
	iters: 700, epoch: 8 | loss: 0.1597522
	speed: 0.0047s/iter; left time: 8.3637s
	iters: 800, epoch: 8 | loss: 0.1523443
	speed: 0.0049s/iter; left time: 8.2402s
Epoch: 8 cost time: 4.161690711975098
Epoch: 8, Steps: 828 | Train Loss: 0.1568524 Vali Loss: 0.5586525
Validation loss decreased (0.559709 --> 0.558653).  Saving model ...
Updating learning rate to 9.549150281252633e-05
	iters: 100, epoch: 9 | loss: 0.1301414
	speed: 0.0182s/iter; left time: 28.4089s
	iters: 200, epoch: 9 | loss: 0.1619397
	speed: 0.0050s/iter; left time: 7.2935s
	iters: 300, epoch: 9 | loss: 0.1467593
	speed: 0.0047s/iter; left time: 6.4180s
	iters: 400, epoch: 9 | loss: 0.1368377
	speed: 0.0046s/iter; left time: 5.8305s
	iters: 500, epoch: 9 | loss: 0.1315282
	speed: 0.0050s/iter; left time: 5.7644s
	iters: 600, epoch: 9 | loss: 0.1838666
	speed: 0.0046s/iter; left time: 4.8407s
	iters: 700, epoch: 9 | loss: 0.1472280
	speed: 0.0042s/iter; left time: 4.0334s
	iters: 800, epoch: 9 | loss: 0.1485562
	speed: 0.0047s/iter; left time: 4.0416s
Epoch: 9 cost time: 4.269917249679565
Epoch: 9, Steps: 828 | Train Loss: 0.1557548 Vali Loss: 0.5558977
Validation loss decreased (0.558653 --> 0.555898).  Saving model ...
Updating learning rate to 2.4471741852423235e-05
	iters: 100, epoch: 10 | loss: 0.1395102
	speed: 0.0174s/iter; left time: 12.6558s
	iters: 200, epoch: 10 | loss: 0.1274880
	speed: 0.0049s/iter; left time: 3.0807s
	iters: 300, epoch: 10 | loss: 0.1488173
	speed: 0.0051s/iter; left time: 2.6831s
	iters: 400, epoch: 10 | loss: 0.1395362
	speed: 0.0047s/iter; left time: 2.0069s
	iters: 500, epoch: 10 | loss: 0.3824057
	speed: 0.0046s/iter; left time: 1.5175s
	iters: 600, epoch: 10 | loss: 0.1515828
	speed: 0.0051s/iter; left time: 1.1689s
	iters: 700, epoch: 10 | loss: 0.1491160
	speed: 0.0053s/iter; left time: 0.6789s
	iters: 800, epoch: 10 | loss: 0.1545097
	speed: 0.0052s/iter; left time: 0.1517s
Epoch: 10 cost time: 4.416729211807251
Epoch: 10, Steps: 828 | Train Loss: 0.1574527 Vali Loss: 0.5548040
Validation loss decreased (0.555898 --> 0.554804).  Saving model ...
Updating learning rate to 0.0
Saved relation bottleneck training diagnostics: /data/modeluse/TS/ISTAD-release/checkpoints/ISTAD_r1_relation_bottleneck/anomaly_detection_PSM_ISTAD_PSM_ftM_sl64_bmhgat_relno_message_hglite_rb_bs128_r1_no_message_s90_0/relation_bottleneck_train_diagnostics.json
>>>>>>>testing : anomaly_detection_PSM_ISTAD_PSM_ftM_sl64_bmhgat_relno_message_hglite_rb_bs128_r1_no_message_s90_0<<<<<<<<<<<<<<<<<<<<<<<<<<<<<<<<<
test: (87841, 25)
train: (105984, 25)
test 1372
test: (87841, 25)
train: (105984, 25)
score_train 1656
test: (87841, 25)
train: (105984, 25)
val 26434
Saved relation bottleneck diagnostics: /data/modeluse/TS/ISTAD-release/analysis/r1_relation_bottleneck/runtime/anomaly_detection_PSM_ISTAD_PSM_ftM_sl64_bmhgat_relno_message_hglite_rb_bs128_r1_no_message_s90_0/relation_bottleneck_diagnostics.json
Percentile Threshold Source: train
Percentile Threshold : 0.9262794405221939
Saved point scores and labels: /data/modeluse/TS/ISTAD-release/analysis/r1_relation_bottleneck/runtime/anomaly_detection_PSM_ISTAD_PSM_ftM_sl64_bmhgat_relno_message_hglite_rb_bs128_r1_no_message_s90_0/point_scores.npz
pred_raw: (87808,)
gt:      (87808,)
pred_pa: (87808,)
gt_pa:   (87808,)

============================================================
使用百分位数阈值的结果:
============================================================
Raw point F1: 0.3598 (P=0.4179, R=0.3159)
Accuracy : 0.8731, Precision : 0.6907, Recall : 0.9826, F-score : 0.8112 
============================================================


使用自适应 Best F1 搜索（两阶段）
粗搜索步数: 200, 精细搜索步数: 500

============================================================
自适应 Best F1 阈值搜索（两阶段）
============================================================

分数统计信息:
  最小值: 0.003672
  最大值: 550.657898
  均值: 0.467972
  标准差: 2.953953
  中位数: 0.054981
  第1百分位: 0.010761
  第99百分位: 2.294051

自动确定的搜索范围: [0.005381, 4.588102]

============================================================
阶段 1: 粗搜索（步数: 200）
============================================================

============================================================
开始 Best F1 阈值搜索...
============================================================
搜索范围: [0.0054, 4.5881]
搜索步数: 200
使用点调整: False
阈值: 0.0283 | F1: 0.4358 | Precision: 0.2944 | Recall: 0.8387
阈值: 0.4866 | F1: 0.3848 | Precision: 0.4274 | Recall: 0.3499
阈值: 0.9448 | F1: 0.3584 | Precision: 0.4173 | Recall: 0.3140
阈值: 1.4031 | F1: 0.3734 | Precision: 0.5290 | Recall: 0.2885
阈值: 1.8614 | F1: 0.3596 | Precision: 0.5549 | Recall: 0.2660
阈值: 2.3197 | F1: 0.0426 | Precision: 0.6828 | Recall: 0.0220
阈值: 2.7779 | F1: 0.0219 | Precision: 0.6326 | Recall: 0.0112
阈值: 3.2362 | F1: 0.0181 | Precision: 0.6299 | Recall: 0.0092
阈值: 3.6945 | F1: 0.0158 | Precision: 0.7065 | Recall: 0.0080
阈值: 4.1527 | F1: 0.0144 | Precision: 0.8157 | Recall: 0.0073

============================================================
✓ 找到最佳阈值: 0.074122
  最佳 F1: 0.4483
  Precision: 0.3795
  Recall: 0.5478
============================================================


============================================================
阶段 2: 精细搜索（步数: 500）
============================================================
在最佳阈值 0.074122 附近精细搜索
精细搜索范围: [0.005381, 0.532394]

============================================================
开始 Best F1 阈值搜索...
============================================================
搜索范围: [0.0054, 0.5324]
搜索步数: 500
使用点调整: False
阈值: 0.0064 | F1: 0.4343 | Precision: 0.2774 | Recall: 0.9995
阈值: 0.0591 | F1: 0.4478 | Precision: 0.3551 | Recall: 0.6062
阈值: 0.1118 | F1: 0.4359 | Precision: 0.4095 | Recall: 0.4659
阈值: 0.1645 | F1: 0.4203 | Precision: 0.4243 | Recall: 0.4165
阈值: 0.2172 | F1: 0.4086 | Precision: 0.4262 | Recall: 0.3923
阈值: 0.2699 | F1: 0.4027 | Precision: 0.4284 | Recall: 0.3799
阈值: 0.3226 | F1: 0.3974 | Precision: 0.4286 | Recall: 0.3705
阈值: 0.3753 | F1: 0.3933 | Precision: 0.4287 | Recall: 0.3634
阈值: 0.4280 | F1: 0.3890 | Precision: 0.4282 | Recall: 0.3564
阈值: 0.4807 | F1: 0.3851 | Precision: 0.4273 | Recall: 0.3505

============================================================
✓ 找到最佳阈值: 0.069676
  最佳 F1: 0.4488
  Precision: 0.3730
  Recall: 0.5632
============================================================


✓ 精细搜索找到更好的阈值！

============================================================
自适应搜索完成！
============================================================
最终最佳阈值: 0.069676
最佳 F1: 0.4488
Precision: 0.3730
Recall: 0.5632
============================================================

Saved Best F1 results: /data/modeluse/TS/ISTAD-release/analysis/r1_relation_bottleneck/runtime/anomaly_detection_PSM_ISTAD_PSM_ftM_sl64_bmhgat_relno_message_hglite_rb_bs128_r1_no_message_s90_0/bestf1_threshold_results.json
Saved anomaly score plot: /data/modeluse/TS/ISTAD-release/analysis/r1_relation_bottleneck/runtime/anomaly_detection_PSM_ISTAD_PSM_ftM_sl64_bmhgat_relno_message_hglite_rb_bs128_r1_no_message_s90_0/anomaly_score_threshold.png
ISTAD explainability is disabled by --istad_enable_explain 0
Saved train time summary: /data/modeluse/TS/ISTAD-release/analysis/r1_relation_bottleneck/runtime/anomaly_detection_PSM_ISTAD_PSM_ftM_sl64_bmhgat_relno_message_hglite_rb_bs128_r1_no_message_s90_0/train_time_summary.json
=== R1 PSM seed 98 learned_dynamic ===
Using GPU
Args in experiment:
[1mBasic Config[0m
  Task Name:          anomaly_detection   Is Training:        1                   
  Model ID:           PSM                 Model:              ISTAD               
  Seed:               98                  Itr:                1                   

[1mData Loader[0m
  Data:               PSM                 Root Path:          /data/modeluse/TS/ISTAD/dataset/PSM
  Features:           M                   Seq Len:            64                  
  Enc In:             25                  C Out:              25                  
  Checkpoints:        /data/modeluse/TS/ISTAD-release/checkpoints/ISTAD_r1_relation_bottleneck
  Eval Step:          64                  

[1mAnomaly Detection Task[0m
  Anomaly Ratio:      1.0                 Threshold Source:   train               

[1mISTAD Parameters[0m
  Kernel Size:        7                   Branch Mode:        hgat                
  TCN Type:           kan                 
  Feat GAT Dim:       -1                  GRU Layers:         1                   
  GRU Hidden:         150                 Recon Layers:       1                   
  Recon Hidden:       32                  ISTAD Dropout:      0.3                 
  Recon Type:         pointwise           KANAD Order:        3                   
  Objective:          reconstruct         Target / Lag:       ('', 1)             
  Leaky Alpha:        0.2                 H Init:             normal              
  Hyperedges:         -1                  Top-K Nodes:        -1                  
  Spatial Type:       lite                HGAT Rank:          8                   
  HGAT Projection:    linear              Relation Mode:      dynamic             
  KAN Grid:           5                   KAN Order:          3                   
  Arch:               legacy              Ablation:           full                
  Relation bottleneck:1                   Mask ratio/folds:   (0.2, 8)            
  Explainability:     0                   Explain Batches:    0                   
  Explain Points:     20000               Explain TopK:       10                  
  SmoothGrad:         0                   SG Samples:         20                  
  SG Noise:           0.1                 Quad Mode:          quantile            
  Quad Value:         0.75                Err Agg:            sum                 
  Sal Agg:            sum                 

[1mRun Parameters[0m
  Num Workers:        4                   Batch Size:         128                 
  Train Epochs:       10                  Patience:           4                   
  Learning Rate:      0.001               Lradj:              cosine              
  Des:                r1_learned_dynamic_s98

[1mGPU[0m
  Use GPU:            1                   GPU:                0                   
  Use Multi GPU:      0                   Devices:            0,1,2,3             

Use GPU: cuda:0
🚀 Lazy Loading: ISTAD ...
>>>>>>>start training : anomaly_detection_PSM_ISTAD_PSM_ftM_sl64_bmhgat_hglite_rb_bs128_r1_learned_dynamic_s98_0>>>>>>>>>>>>>>>>>>>>>>>>>>
test: (87841, 25)
train: (105984, 25)
train 105921
test: (87841, 25)
train: (105984, 25)
val 26434
	iters: 100, epoch: 1 | loss: 0.5757163
	speed: 0.0342s/iter; left time: 279.9572s
	iters: 200, epoch: 1 | loss: 0.2764189
	speed: 0.0113s/iter; left time: 90.9515s
	iters: 300, epoch: 1 | loss: 0.3362077
	speed: 0.0114s/iter; left time: 91.2305s
	iters: 400, epoch: 1 | loss: 0.2710276
	speed: 0.0116s/iter; left time: 91.5950s
	iters: 500, epoch: 1 | loss: 0.2373428
	speed: 0.0113s/iter; left time: 88.2822s
	iters: 600, epoch: 1 | loss: 0.1910137
	speed: 0.0125s/iter; left time: 95.7421s
	iters: 700, epoch: 1 | loss: 0.2939942
	speed: 0.0118s/iter; left time: 89.7198s
	iters: 800, epoch: 1 | loss: 0.2075206
	speed: 0.0113s/iter; left time: 84.1876s
Epoch: 1 cost time: 10.94399380683899
Epoch: 1, Steps: 828 | Train Loss: 0.3651661 Vali Loss: 0.7110775
Validation loss decreased (inf --> 0.711078).  Saving model ...
Updating learning rate to 0.0009755282581475768
	iters: 100, epoch: 2 | loss: 0.2448362
	speed: 0.0293s/iter; left time: 215.1413s
	iters: 200, epoch: 2 | loss: 0.1599191
	speed: 0.0117s/iter; left time: 85.0018s
	iters: 300, epoch: 2 | loss: 0.1716475
	speed: 0.0117s/iter; left time: 83.9834s
	iters: 400, epoch: 2 | loss: 0.1658692
	speed: 0.0113s/iter; left time: 79.4568s
	iters: 500, epoch: 2 | loss: 0.1754886
	speed: 0.0109s/iter; left time: 75.8695s
	iters: 600, epoch: 2 | loss: 0.1461029
	speed: 0.0108s/iter; left time: 74.3102s
	iters: 700, epoch: 2 | loss: 0.1655774
	speed: 0.0109s/iter; left time: 73.4064s
	iters: 800, epoch: 2 | loss: 0.1838070
	speed: 0.0110s/iter; left time: 73.3103s
Epoch: 2 cost time: 9.5664963722229
Epoch: 2, Steps: 828 | Train Loss: 0.1949022 Vali Loss: 0.4613681
Validation loss decreased (0.711078 --> 0.461368).  Saving model ...
Updating learning rate to 0.0009045084971874737
	iters: 100, epoch: 3 | loss: 0.1890577
	speed: 0.0305s/iter; left time: 199.1567s
	iters: 200, epoch: 3 | loss: 0.2069339
	speed: 0.0120s/iter; left time: 77.0045s
	iters: 300, epoch: 3 | loss: 0.1326243
	speed: 0.0111s/iter; left time: 70.1279s
	iters: 400, epoch: 3 | loss: 0.1498959
	speed: 0.0112s/iter; left time: 69.8787s
	iters: 500, epoch: 3 | loss: 0.1621644
	speed: 0.0113s/iter; left time: 69.3628s
	iters: 600, epoch: 3 | loss: 0.1541969
	speed: 0.0117s/iter; left time: 70.4897s
	iters: 700, epoch: 3 | loss: 0.1483426
	speed: 0.0116s/iter; left time: 68.9538s
	iters: 800, epoch: 3 | loss: 0.1375105
	speed: 0.0118s/iter; left time: 68.6321s
Epoch: 3 cost time: 9.890005350112915
Epoch: 3, Steps: 828 | Train Loss: 0.1632407 Vali Loss: 0.4392465
Validation loss decreased (0.461368 --> 0.439247).  Saving model ...
Updating learning rate to 0.0007938926261462366
	iters: 100, epoch: 4 | loss: 0.1759622
	speed: 0.0307s/iter; left time: 174.9747s
	iters: 200, epoch: 4 | loss: 0.1498925
	speed: 0.0120s/iter; left time: 67.0835s
	iters: 300, epoch: 4 | loss: 0.1346302
	speed: 0.0116s/iter; left time: 63.9914s
	iters: 400, epoch: 4 | loss: 0.1490573
	speed: 0.0112s/iter; left time: 60.5976s
	iters: 500, epoch: 4 | loss: 0.2434203
	speed: 0.0119s/iter; left time: 62.9351s
	iters: 600, epoch: 4 | loss: 0.2438387
	speed: 0.0119s/iter; left time: 61.8364s
	iters: 700, epoch: 4 | loss: 0.1635711
	speed: 0.0117s/iter; left time: 59.7598s
	iters: 800, epoch: 4 | loss: 0.1357869
	speed: 0.0121s/iter; left time: 60.3325s
Epoch: 4 cost time: 10.064677715301514
Epoch: 4, Steps: 828 | Train Loss: 0.1614481 Vali Loss: 0.4410330
EarlyStopping counter: 1 out of 4
Updating learning rate to 0.0006545084971874737
	iters: 100, epoch: 5 | loss: 0.1779995
	speed: 0.0312s/iter; left time: 151.8827s
	iters: 200, epoch: 5 | loss: 0.1597775
	speed: 0.0114s/iter; left time: 54.3314s
	iters: 300, epoch: 5 | loss: 0.1691549
	speed: 0.0119s/iter; left time: 55.4371s
	iters: 400, epoch: 5 | loss: 0.1791176
	speed: 0.0118s/iter; left time: 53.6990s
	iters: 500, epoch: 5 | loss: 0.1523062
	speed: 0.0120s/iter; left time: 53.8058s
	iters: 600, epoch: 5 | loss: 0.1634366
	speed: 0.0119s/iter; left time: 52.0219s
	iters: 700, epoch: 5 | loss: 0.1294230
	speed: 0.0120s/iter; left time: 51.0452s
	iters: 800, epoch: 5 | loss: 0.1516159
	speed: 0.0121s/iter; left time: 50.4213s
Epoch: 5 cost time: 10.12242603302002
Epoch: 5, Steps: 828 | Train Loss: 0.1558741 Vali Loss: 0.4278025
Validation loss decreased (0.439247 --> 0.427803).  Saving model ...
Updating learning rate to 0.0005
	iters: 100, epoch: 6 | loss: 0.1467875
	speed: 0.0310s/iter; left time: 125.1412s
	iters: 200, epoch: 6 | loss: 0.2430359
	speed: 0.0121s/iter; left time: 47.8544s
	iters: 300, epoch: 6 | loss: 0.2422561
	speed: 0.0122s/iter; left time: 46.9010s
	iters: 400, epoch: 6 | loss: 0.1483407
	speed: 0.0121s/iter; left time: 45.3312s
	iters: 500, epoch: 6 | loss: 0.1299949
	speed: 0.0115s/iter; left time: 41.7794s
	iters: 600, epoch: 6 | loss: 0.1489651
	speed: 0.0116s/iter; left time: 40.9537s
	iters: 700, epoch: 6 | loss: 0.1329283
	speed: 0.0116s/iter; left time: 39.8112s
	iters: 800, epoch: 6 | loss: 0.1417315
	speed: 0.0117s/iter; left time: 39.1498s
Epoch: 6 cost time: 10.038104772567749
Epoch: 6, Steps: 828 | Train Loss: 0.1552520 Vali Loss: 0.4275140
Validation loss decreased (0.427803 --> 0.427514).  Saving model ...
Updating learning rate to 0.00034549150281252633
	iters: 100, epoch: 7 | loss: 0.1391888
	speed: 0.0295s/iter; left time: 94.8659s
	iters: 200, epoch: 7 | loss: 0.1436404
	speed: 0.0122s/iter; left time: 37.9686s
	iters: 300, epoch: 7 | loss: 0.1642726
	speed: 0.0121s/iter; left time: 36.5054s
	iters: 400, epoch: 7 | loss: 0.1505702
	speed: 0.0118s/iter; left time: 34.4506s
	iters: 500, epoch: 7 | loss: 0.1449457
	speed: 0.0120s/iter; left time: 33.6623s
	iters: 600, epoch: 7 | loss: 0.1416662
	speed: 0.0119s/iter; left time: 32.2180s
	iters: 700, epoch: 7 | loss: 0.1424638
	speed: 0.0117s/iter; left time: 30.6816s
	iters: 800, epoch: 7 | loss: 0.1428249
	speed: 0.0112s/iter; left time: 28.0431s
Epoch: 7 cost time: 9.989997863769531
Epoch: 7, Steps: 828 | Train Loss: 0.1567457 Vali Loss: 0.4275975
EarlyStopping counter: 1 out of 4
Updating learning rate to 0.00020610737385376348
	iters: 100, epoch: 8 | loss: 0.1383000
	speed: 0.0306s/iter; left time: 73.0004s
	iters: 200, epoch: 8 | loss: 0.1595445
	speed: 0.0119s/iter; left time: 27.1687s
	iters: 300, epoch: 8 | loss: 0.1954263
	speed: 0.0120s/iter; left time: 26.1904s
	iters: 400, epoch: 8 | loss: 0.1467749
	speed: 0.0119s/iter; left time: 24.7622s
	iters: 500, epoch: 8 | loss: 0.1527847
	speed: 0.0119s/iter; left time: 23.5465s
	iters: 600, epoch: 8 | loss: 0.2473200
	speed: 0.0118s/iter; left time: 22.2194s
	iters: 700, epoch: 8 | loss: 0.1207956
	speed: 0.0121s/iter; left time: 21.6563s
	iters: 800, epoch: 8 | loss: 0.1860222
	speed: 0.0119s/iter; left time: 19.9763s
Epoch: 8 cost time: 10.201358318328857
Epoch: 8, Steps: 828 | Train Loss: 0.1549750 Vali Loss: 0.4277596
EarlyStopping counter: 2 out of 4
Updating learning rate to 9.549150281252633e-05
	iters: 100, epoch: 9 | loss: 0.1593610
	speed: 0.0317s/iter; left time: 49.3284s
	iters: 200, epoch: 9 | loss: 0.1521880
	speed: 0.0124s/iter; left time: 18.0692s
	iters: 300, epoch: 9 | loss: 0.1499067
	speed: 0.0122s/iter; left time: 16.5125s
	iters: 400, epoch: 9 | loss: 0.2190224
	speed: 0.0119s/iter; left time: 14.9814s
	iters: 500, epoch: 9 | loss: 0.1667933
	speed: 0.0118s/iter; left time: 13.6811s
	iters: 600, epoch: 9 | loss: 0.1409297
	speed: 0.0120s/iter; left time: 12.6340s
	iters: 700, epoch: 9 | loss: 0.2307280
	speed: 0.0119s/iter; left time: 11.4068s
	iters: 800, epoch: 9 | loss: 0.1722092
	speed: 0.0113s/iter; left time: 9.7086s
Epoch: 9 cost time: 10.22868824005127
Epoch: 9, Steps: 828 | Train Loss: 0.1553322 Vali Loss: 0.4272551
Validation loss decreased (0.427514 --> 0.427255).  Saving model ...
Updating learning rate to 2.4471741852423235e-05
	iters: 100, epoch: 10 | loss: 0.1360012
	speed: 0.0309s/iter; left time: 22.5554s
	iters: 200, epoch: 10 | loss: 0.1480341
	speed: 0.0122s/iter; left time: 7.6871s
	iters: 300, epoch: 10 | loss: 0.1509015
	speed: 0.0121s/iter; left time: 6.4178s
	iters: 400, epoch: 10 | loss: 0.1437045
	speed: 0.0115s/iter; left time: 4.9477s
	iters: 500, epoch: 10 | loss: 0.1551985
	speed: 0.0116s/iter; left time: 3.8215s
	iters: 600, epoch: 10 | loss: 0.1658174
	speed: 0.0118s/iter; left time: 2.6908s
	iters: 700, epoch: 10 | loss: 0.4239682
	speed: 0.0117s/iter; left time: 1.5074s
	iters: 800, epoch: 10 | loss: 0.1746739
	speed: 0.0112s/iter; left time: 0.3241s
Epoch: 10 cost time: 10.041321516036987
Epoch: 10, Steps: 828 | Train Loss: 0.1541755 Vali Loss: 0.4306258
EarlyStopping counter: 1 out of 4
Updating learning rate to 0.0
Saved relation bottleneck training diagnostics: /data/modeluse/TS/ISTAD-release/checkpoints/ISTAD_r1_relation_bottleneck/anomaly_detection_PSM_ISTAD_PSM_ftM_sl64_bmhgat_hglite_rb_bs128_r1_learned_dynamic_s98_0/relation_bottleneck_train_diagnostics.json
>>>>>>>testing : anomaly_detection_PSM_ISTAD_PSM_ftM_sl64_bmhgat_hglite_rb_bs128_r1_learned_dynamic_s98_0<<<<<<<<<<<<<<<<<<<<<<<<<<<<<<<<<
test: (87841, 25)
train: (105984, 25)
test 1372
test: (87841, 25)
train: (105984, 25)
score_train 1656
test: (87841, 25)
train: (105984, 25)
val 26434
Saved relation bottleneck diagnostics: /data/modeluse/TS/ISTAD-release/analysis/r1_relation_bottleneck/runtime/anomaly_detection_PSM_ISTAD_PSM_ftM_sl64_bmhgat_hglite_rb_bs128_r1_learned_dynamic_s98_0/relation_bottleneck_diagnostics.json
Percentile Threshold Source: train
Percentile Threshold : 0.895321941375732
Saved point scores and labels: /data/modeluse/TS/ISTAD-release/analysis/r1_relation_bottleneck/runtime/anomaly_detection_PSM_ISTAD_PSM_ftM_sl64_bmhgat_hglite_rb_bs128_r1_learned_dynamic_s98_0/point_scores.npz
pred_raw: (87808,)
gt:      (87808,)
pred_pa: (87808,)
gt_pa:   (87808,)

============================================================
使用百分位数阈值的结果:
============================================================
Raw point F1: 0.0734 (P=0.5114, R=0.0395)
Accuracy : 0.9799, Precision : 0.9623, Recall : 0.9655, F-score : 0.9639 
============================================================


使用自适应 Best F1 搜索（两阶段）
粗搜索步数: 200, 精细搜索步数: 500

============================================================
自适应 Best F1 阈值搜索（两阶段）
============================================================

分数统计信息:
  最小值: 0.003230
  最大值: 541.071167
  均值: 0.140597
  标准差: 2.858912
  中位数: 0.040401
  第1百分位: 0.009194
  第99百分位: 1.620506

自动确定的搜索范围: [0.004597, 3.241012]

============================================================
阶段 1: 粗搜索（步数: 200）
============================================================

============================================================
开始 Best F1 阈值搜索...
============================================================
搜索范围: [0.0046, 3.2410]
搜索步数: 200
使用点调整: False
阈值: 0.0208 | F1: 0.4450 | Precision: 0.2969 | Recall: 0.8875
阈值: 0.3444 | F1: 0.1443 | Precision: 0.4748 | Recall: 0.0851
阈值: 0.6681 | F1: 0.0946 | Precision: 0.4975 | Recall: 0.0523
阈值: 0.9917 | F1: 0.0662 | Precision: 0.5168 | Recall: 0.0354
阈值: 1.3153 | F1: 0.0477 | Precision: 0.5319 | Recall: 0.0250
阈值: 1.6390 | F1: 0.0379 | Precision: 0.5507 | Recall: 0.0196
阈值: 1.9626 | F1: 0.0320 | Precision: 0.5917 | Recall: 0.0164
阈值: 2.2863 | F1: 0.0260 | Precision: 0.6045 | Recall: 0.0133
阈值: 2.6099 | F1: 0.0223 | Precision: 0.6301 | Recall: 0.0113
阈值: 2.9336 | F1: 0.0197 | Precision: 0.6321 | Recall: 0.0100

============================================================
✓ 找到最佳阈值: 0.036961
  最佳 F1: 0.4515
  Precision: 0.3400
  Recall: 0.6718
============================================================


============================================================
阶段 2: 精细搜索（步数: 500）
============================================================
在最佳阈值 0.036961 附近精细搜索
精细搜索范围: [0.004597, 0.360603]

============================================================
开始 Best F1 阈值搜索...
============================================================
搜索范围: [0.0046, 0.3606]
搜索步数: 500
使用点调整: False
阈值: 0.0053 | F1: 0.4343 | Precision: 0.2774 | Recall: 0.9998
阈值: 0.0409 | F1: 0.4494 | Precision: 0.3509 | Recall: 0.6247
阈值: 0.0765 | F1: 0.3895 | Precision: 0.4278 | Recall: 0.3575
阈值: 0.1121 | F1: 0.3082 | Precision: 0.4572 | Recall: 0.2325
阈值: 0.1477 | F1: 0.2515 | Precision: 0.4690 | Recall: 0.1718
阈值: 0.1833 | F1: 0.2162 | Precision: 0.4684 | Recall: 0.1406
阈值: 0.2189 | F1: 0.1881 | Precision: 0.4602 | Recall: 0.1182
阈值: 0.2545 | F1: 0.1718 | Precision: 0.4636 | Recall: 0.1054
阈值: 0.2901 | F1: 0.1604 | Precision: 0.4679 | Recall: 0.0968
阈值: 0.3257 | F1: 0.1497 | Precision: 0.4735 | Recall: 0.0889

============================================================
✓ 找到最佳阈值: 0.035213
  最佳 F1: 0.4519
  Precision: 0.3352
  Recall: 0.6932
============================================================


✓ 精细搜索找到更好的阈值！

============================================================
自适应搜索完成！
============================================================
最终最佳阈值: 0.035213
最佳 F1: 0.4519
Precision: 0.3352
Recall: 0.6932
============================================================

Saved Best F1 results: /data/modeluse/TS/ISTAD-release/analysis/r1_relation_bottleneck/runtime/anomaly_detection_PSM_ISTAD_PSM_ftM_sl64_bmhgat_hglite_rb_bs128_r1_learned_dynamic_s98_0/bestf1_threshold_results.json
Saved anomaly score plot: /data/modeluse/TS/ISTAD-release/analysis/r1_relation_bottleneck/runtime/anomaly_detection_PSM_ISTAD_PSM_ftM_sl64_bmhgat_hglite_rb_bs128_r1_learned_dynamic_s98_0/anomaly_score_threshold.png
ISTAD explainability is disabled by --istad_enable_explain 0
Saved train time summary: /data/modeluse/TS/ISTAD-release/analysis/r1_relation_bottleneck/runtime/anomaly_detection_PSM_ISTAD_PSM_ftM_sl64_bmhgat_hglite_rb_bs128_r1_learned_dynamic_s98_0/train_time_summary.json
=== R1 PSM seed 98 learned_static ===
Using GPU
Args in experiment:
[1mBasic Config[0m
  Task Name:          anomaly_detection   Is Training:        1                   
  Model ID:           PSM                 Model:              ISTAD               
  Seed:               98                  Itr:                1                   

[1mData Loader[0m
  Data:               PSM                 Root Path:          /data/modeluse/TS/ISTAD/dataset/PSM
  Features:           M                   Seq Len:            64                  
  Enc In:             25                  C Out:              25                  
  Checkpoints:        /data/modeluse/TS/ISTAD-release/checkpoints/ISTAD_r1_relation_bottleneck
  Eval Step:          64                  

[1mAnomaly Detection Task[0m
  Anomaly Ratio:      1.0                 Threshold Source:   train               

[1mISTAD Parameters[0m
  Kernel Size:        7                   Branch Mode:        hgat                
  TCN Type:           kan                 
  Feat GAT Dim:       -1                  GRU Layers:         1                   
  GRU Hidden:         150                 Recon Layers:       1                   
  Recon Hidden:       32                  ISTAD Dropout:      0.3                 
  Recon Type:         pointwise           KANAD Order:        3                   
  Objective:          reconstruct         Target / Lag:       ('', 1)             
  Leaky Alpha:        0.2                 H Init:             normal              
  Hyperedges:         -1                  Top-K Nodes:        -1                  
  Spatial Type:       lite                HGAT Rank:          8                   
  HGAT Projection:    linear              Relation Mode:      static              
  KAN Grid:           5                   KAN Order:          3                   
  Arch:               legacy              Ablation:           full                
  Relation bottleneck:1                   Mask ratio/folds:   (0.2, 8)            
  Explainability:     0                   Explain Batches:    0                   
  Explain Points:     20000               Explain TopK:       10                  
  SmoothGrad:         0                   SG Samples:         20                  
  SG Noise:           0.1                 Quad Mode:          quantile            
  Quad Value:         0.75                Err Agg:            sum                 
  Sal Agg:            sum                 

[1mRun Parameters[0m
  Num Workers:        4                   Batch Size:         128                 
  Train Epochs:       10                  Patience:           4                   
  Learning Rate:      0.001               Lradj:              cosine              
  Des:                r1_learned_static_s98

[1mGPU[0m
  Use GPU:            1                   GPU:                0                   
  Use Multi GPU:      0                   Devices:            0,1,2,3             

Use GPU: cuda:0
🚀 Lazy Loading: ISTAD ...
>>>>>>>start training : anomaly_detection_PSM_ISTAD_PSM_ftM_sl64_bmhgat_relstatic_hglite_rb_bs128_r1_learned_static_s98_0>>>>>>>>>>>>>>>>>>>>>>>>>>
test: (87841, 25)
train: (105984, 25)
train 105921
test: (87841, 25)
train: (105984, 25)
val 26434
	iters: 100, epoch: 1 | loss: 0.6381487
	speed: 0.0337s/iter; left time: 275.5035s
	iters: 200, epoch: 1 | loss: 0.2987660
	speed: 0.0098s/iter; left time: 79.3099s
	iters: 300, epoch: 1 | loss: 0.3395871
	speed: 0.0097s/iter; left time: 77.2054s
	iters: 400, epoch: 1 | loss: 0.2669386
	speed: 0.0098s/iter; left time: 77.2320s
	iters: 500, epoch: 1 | loss: 0.2416528
	speed: 0.0098s/iter; left time: 76.0565s
	iters: 600, epoch: 1 | loss: 0.1840356
	speed: 0.0100s/iter; left time: 76.9318s
	iters: 700, epoch: 1 | loss: 0.2896359
	speed: 0.0102s/iter; left time: 77.5795s
	iters: 800, epoch: 1 | loss: 0.2012116
	speed: 0.0103s/iter; left time: 76.7954s
Epoch: 1 cost time: 9.662046194076538
Epoch: 1, Steps: 828 | Train Loss: 0.3720859 Vali Loss: 0.7312231
Validation loss decreased (inf --> 0.731223).  Saving model ...
Updating learning rate to 0.0009755282581475768
	iters: 100, epoch: 2 | loss: 0.2486158
	speed: 0.0265s/iter; left time: 194.7963s
	iters: 200, epoch: 2 | loss: 0.1612974
	speed: 0.0104s/iter; left time: 75.4238s
	iters: 300, epoch: 2 | loss: 0.1842851
	speed: 0.0106s/iter; left time: 75.6442s
	iters: 400, epoch: 2 | loss: 0.1757794
	speed: 0.0103s/iter; left time: 72.3554s
	iters: 500, epoch: 2 | loss: 0.1906064
	speed: 0.0103s/iter; left time: 71.5951s
	iters: 600, epoch: 2 | loss: 0.1456314
	speed: 0.0101s/iter; left time: 69.3786s
	iters: 700, epoch: 2 | loss: 0.1656185
	speed: 0.0098s/iter; left time: 66.2694s
	iters: 800, epoch: 2 | loss: 0.1903133
	speed: 0.0101s/iter; left time: 67.0769s
Epoch: 2 cost time: 8.794242858886719
Epoch: 2, Steps: 828 | Train Loss: 0.2025589 Vali Loss: 0.4706101
Validation loss decreased (0.731223 --> 0.470610).  Saving model ...
Updating learning rate to 0.0009045084971874737
	iters: 100, epoch: 3 | loss: 0.1896775
	speed: 0.0262s/iter; left time: 170.9998s
	iters: 200, epoch: 3 | loss: 0.2133954
	speed: 0.0097s/iter; left time: 62.5006s
	iters: 300, epoch: 3 | loss: 0.1293489
	speed: 0.0100s/iter; left time: 63.1902s
	iters: 400, epoch: 3 | loss: 0.1472785
	speed: 0.0105s/iter; left time: 65.1617s
	iters: 500, epoch: 3 | loss: 0.1606277
	speed: 0.0104s/iter; left time: 63.9407s
	iters: 600, epoch: 3 | loss: 0.1486830
	speed: 0.0107s/iter; left time: 64.4799s
	iters: 700, epoch: 3 | loss: 0.1460070
	speed: 0.0106s/iter; left time: 62.7550s
	iters: 800, epoch: 3 | loss: 0.1327453
	speed: 0.0105s/iter; left time: 61.1080s
Epoch: 3 cost time: 8.777846574783325
Epoch: 3, Steps: 828 | Train Loss: 0.1625702 Vali Loss: 0.4426730
Validation loss decreased (0.470610 --> 0.442673).  Saving model ...
Updating learning rate to 0.0007938926261462366
	iters: 100, epoch: 4 | loss: 0.1726318
	speed: 0.0273s/iter; left time: 155.5136s
	iters: 200, epoch: 4 | loss: 0.1483427
	speed: 0.0099s/iter; left time: 55.4338s
	iters: 300, epoch: 4 | loss: 0.1304244
	speed: 0.0099s/iter; left time: 54.2811s
	iters: 400, epoch: 4 | loss: 0.1435264
	speed: 0.0105s/iter; left time: 56.4102s
	iters: 500, epoch: 4 | loss: 0.2379773
	speed: 0.0104s/iter; left time: 55.2278s
	iters: 600, epoch: 4 | loss: 0.2394074
	speed: 0.0101s/iter; left time: 52.3076s
	iters: 700, epoch: 4 | loss: 0.1606157
	speed: 0.0103s/iter; left time: 52.2506s
	iters: 800, epoch: 4 | loss: 0.1327189
	speed: 0.0099s/iter; left time: 49.6177s
Epoch: 4 cost time: 8.725922584533691
Epoch: 4, Steps: 828 | Train Loss: 0.1570626 Vali Loss: 0.4271745
Validation loss decreased (0.442673 --> 0.427174).  Saving model ...
Updating learning rate to 0.0006545084971874737
	iters: 100, epoch: 5 | loss: 0.1721863
	speed: 0.0285s/iter; left time: 138.8063s
	iters: 200, epoch: 5 | loss: 0.1545453
	speed: 0.0106s/iter; left time: 50.4899s
	iters: 300, epoch: 5 | loss: 0.1643855
	speed: 0.0108s/iter; left time: 50.3263s
	iters: 400, epoch: 5 | loss: 0.1736428
	speed: 0.0119s/iter; left time: 54.2587s
	iters: 500, epoch: 5 | loss: 0.1460615
	speed: 0.0106s/iter; left time: 47.4239s
	iters: 600, epoch: 5 | loss: 0.1542144
	speed: 0.0106s/iter; left time: 46.4021s
	iters: 700, epoch: 5 | loss: 0.1234344
	speed: 0.0106s/iter; left time: 45.4061s
	iters: 800, epoch: 5 | loss: 0.1410032
	speed: 0.0104s/iter; left time: 43.2058s
Epoch: 5 cost time: 9.230578660964966
Epoch: 5, Steps: 828 | Train Loss: 0.1501731 Vali Loss: 0.4164059
Validation loss decreased (0.427174 --> 0.416406).  Saving model ...
Updating learning rate to 0.0005
	iters: 100, epoch: 6 | loss: 0.1394498
	speed: 0.0275s/iter; left time: 111.0567s
	iters: 200, epoch: 6 | loss: 0.2353081
	speed: 0.0103s/iter; left time: 40.6339s
	iters: 300, epoch: 6 | loss: 0.2333363
	speed: 0.0106s/iter; left time: 40.7158s
	iters: 400, epoch: 6 | loss: 0.1408602
	speed: 0.0108s/iter; left time: 40.2830s
	iters: 500, epoch: 6 | loss: 0.1218289
	speed: 0.0099s/iter; left time: 36.0750s
	iters: 600, epoch: 6 | loss: 0.1423553
	speed: 0.0098s/iter; left time: 34.7728s
	iters: 700, epoch: 6 | loss: 0.1231036
	speed: 0.0098s/iter; left time: 33.8250s
	iters: 800, epoch: 6 | loss: 0.1336471
	speed: 0.0101s/iter; left time: 33.6416s
Epoch: 6 cost time: 8.74237322807312
Epoch: 6, Steps: 828 | Train Loss: 0.1480601 Vali Loss: 0.4169163
EarlyStopping counter: 1 out of 4
Updating learning rate to 0.00034549150281252633
	iters: 100, epoch: 7 | loss: 0.1319058
	speed: 0.0269s/iter; left time: 86.4577s
	iters: 200, epoch: 7 | loss: 0.1327897
	speed: 0.0102s/iter; left time: 31.6655s
	iters: 300, epoch: 7 | loss: 0.1584375
	speed: 0.0104s/iter; left time: 31.3205s
	iters: 400, epoch: 7 | loss: 0.1412401
	speed: 0.0105s/iter; left time: 30.5510s
	iters: 500, epoch: 7 | loss: 0.1377403
	speed: 0.0100s/iter; left time: 28.2669s
	iters: 600, epoch: 7 | loss: 0.1311171
	speed: 0.0101s/iter; left time: 27.4493s
	iters: 700, epoch: 7 | loss: 0.1324888
	speed: 0.0097s/iter; left time: 25.3628s
	iters: 800, epoch: 7 | loss: 0.1355959
	speed: 0.0097s/iter; left time: 24.4985s
Epoch: 7 cost time: 8.657987594604492
Epoch: 7, Steps: 828 | Train Loss: 0.1486241 Vali Loss: 0.4064907
Validation loss decreased (0.416406 --> 0.406491).  Saving model ...
Updating learning rate to 0.00020610737385376348
	iters: 100, epoch: 8 | loss: 0.1293428
	speed: 0.0269s/iter; left time: 64.1794s
	iters: 200, epoch: 8 | loss: 0.1510211
	speed: 0.0104s/iter; left time: 23.7596s
	iters: 300, epoch: 8 | loss: 0.1851701
	speed: 0.0106s/iter; left time: 23.0746s
	iters: 400, epoch: 8 | loss: 0.1360726
	speed: 0.0105s/iter; left time: 21.8752s
	iters: 500, epoch: 8 | loss: 0.1428442
	speed: 0.0106s/iter; left time: 21.0440s
	iters: 600, epoch: 8 | loss: 0.2395658
	speed: 0.0105s/iter; left time: 19.8075s
	iters: 700, epoch: 8 | loss: 0.1143408
	speed: 0.0105s/iter; left time: 18.7507s
	iters: 800, epoch: 8 | loss: 0.1783932
	speed: 0.0101s/iter; left time: 17.0795s
Epoch: 8 cost time: 8.946919202804565
Epoch: 8, Steps: 828 | Train Loss: 0.1465436 Vali Loss: 0.4034115
Validation loss decreased (0.406491 --> 0.403412).  Saving model ...
Updating learning rate to 9.549150281252633e-05
	iters: 100, epoch: 9 | loss: 0.1524819
	speed: 0.0272s/iter; left time: 42.3665s
	iters: 200, epoch: 9 | loss: 0.1418395
	speed: 0.0106s/iter; left time: 15.4391s
	iters: 300, epoch: 9 | loss: 0.1442636
	speed: 0.0103s/iter; left time: 14.0405s
	iters: 400, epoch: 9 | loss: 0.2117034
	speed: 0.0106s/iter; left time: 13.3773s
	iters: 500, epoch: 9 | loss: 0.1565147
	speed: 0.0104s/iter; left time: 12.0186s
	iters: 600, epoch: 9 | loss: 0.1343032
	speed: 0.0099s/iter; left time: 10.5071s
	iters: 700, epoch: 9 | loss: 0.2249253
	speed: 0.0098s/iter; left time: 9.3696s
	iters: 800, epoch: 9 | loss: 0.1617984
	speed: 0.0099s/iter; left time: 8.4589s
Epoch: 9 cost time: 8.790168762207031
Epoch: 9, Steps: 828 | Train Loss: 0.1480119 Vali Loss: 0.4045113
EarlyStopping counter: 1 out of 4
Updating learning rate to 2.4471741852423235e-05
	iters: 100, epoch: 10 | loss: 0.1286859
	speed: 0.0271s/iter; left time: 19.7667s
	iters: 200, epoch: 10 | loss: 0.1375810
	speed: 0.0102s/iter; left time: 6.4467s
	iters: 300, epoch: 10 | loss: 0.1420476
	speed: 0.0102s/iter; left time: 5.3902s
	iters: 400, epoch: 10 | loss: 0.1340015
	speed: 0.0105s/iter; left time: 4.5246s
	iters: 500, epoch: 10 | loss: 0.1467932
	speed: 0.0111s/iter; left time: 3.6597s
	iters: 600, epoch: 10 | loss: 0.1583593
	speed: 0.0108s/iter; left time: 2.4707s
	iters: 700, epoch: 10 | loss: 0.4158049
	speed: 0.0107s/iter; left time: 1.3860s
	iters: 800, epoch: 10 | loss: 0.1662401
	speed: 0.0108s/iter; left time: 0.3135s
Epoch: 10 cost time: 9.071961641311646
Epoch: 10, Steps: 828 | Train Loss: 0.1466551 Vali Loss: 0.4035792
EarlyStopping counter: 2 out of 4
Updating learning rate to 0.0
Saved relation bottleneck training diagnostics: /data/modeluse/TS/ISTAD-release/checkpoints/ISTAD_r1_relation_bottleneck/anomaly_detection_PSM_ISTAD_PSM_ftM_sl64_bmhgat_relstatic_hglite_rb_bs128_r1_learned_static_s98_0/relation_bottleneck_train_diagnostics.json
>>>>>>>testing : anomaly_detection_PSM_ISTAD_PSM_ftM_sl64_bmhgat_relstatic_hglite_rb_bs128_r1_learned_static_s98_0<<<<<<<<<<<<<<<<<<<<<<<<<<<<<<<<<
test: (87841, 25)
train: (105984, 25)
test 1372
test: (87841, 25)
train: (105984, 25)
score_train 1656
test: (87841, 25)
train: (105984, 25)
val 26434
Saved relation bottleneck diagnostics: /data/modeluse/TS/ISTAD-release/analysis/r1_relation_bottleneck/runtime/anomaly_detection_PSM_ISTAD_PSM_ftM_sl64_bmhgat_relstatic_hglite_rb_bs128_r1_learned_static_s98_0/relation_bottleneck_diagnostics.json
Percentile Threshold Source: train
Percentile Threshold : 0.7600455534458159
Saved point scores and labels: /data/modeluse/TS/ISTAD-release/analysis/r1_relation_bottleneck/runtime/anomaly_detection_PSM_ISTAD_PSM_ftM_sl64_bmhgat_relstatic_hglite_rb_bs128_r1_learned_static_s98_0/point_scores.npz
pred_raw: (87808,)
gt:      (87808,)
pred_pa: (87808,)
gt_pa:   (87808,)

============================================================
使用百分位数阈值的结果:
============================================================
Raw point F1: 0.0736 (P=0.4838, R=0.0398)
Accuracy : 0.9877, Precision : 0.9592, Recall : 0.9981, F-score : 0.9782 
============================================================


使用自适应 Best F1 搜索（两阶段）
粗搜索步数: 200, 精细搜索步数: 500

============================================================
自适应 Best F1 阈值搜索（两阶段）
============================================================

分数统计信息:
  最小值: 0.004193
  最大值: 538.659241
  均值: 0.134070
  标准差: 2.831339
  中位数: 0.043024
  第1百分位: 0.010969
  第99百分位: 1.454192

自动确定的搜索范围: [0.005484, 2.908383]

============================================================
阶段 1: 粗搜索（步数: 200）
============================================================

============================================================
开始 Best F1 阈值搜索...
============================================================
搜索范围: [0.0055, 2.9084]
搜索步数: 200
使用点调整: False
阈值: 0.0200 | F1: 0.4471 | Precision: 0.2924 | Recall: 0.9489
阈值: 0.3103 | F1: 0.1416 | Precision: 0.4682 | Recall: 0.0834
阈值: 0.6006 | F1: 0.0865 | Precision: 0.4729 | Recall: 0.0476
阈值: 0.8909 | F1: 0.0632 | Precision: 0.5028 | Recall: 0.0337
阈值: 1.1812 | F1: 0.0451 | Precision: 0.5134 | Recall: 0.0236
阈值: 1.4714 | F1: 0.0378 | Precision: 0.5502 | Recall: 0.0196
阈值: 1.7617 | F1: 0.0322 | Precision: 0.5706 | Recall: 0.0166
阈值: 2.0520 | F1: 0.0289 | Precision: 0.6228 | Recall: 0.0148
阈值: 2.3423 | F1: 0.0232 | Precision: 0.6128 | Recall: 0.0118
阈值: 2.6326 | F1: 0.0196 | Precision: 0.6269 | Recall: 0.0099

============================================================
✓ 找到最佳阈值: 0.034513
  最佳 F1: 0.4590
  Precision: 0.3294
  Recall: 0.7570
============================================================


============================================================
阶段 2: 精细搜索（步数: 500）
============================================================
在最佳阈值 0.034513 附近精细搜索
精细搜索范围: [0.005484, 0.324803]

============================================================
开始 Best F1 阈值搜索...
============================================================
搜索范围: [0.0055, 0.3248]
搜索步数: 500
使用点调整: False
阈值: 0.0061 | F1: 0.4343 | Precision: 0.2774 | Recall: 0.9998
阈值: 0.0381 | F1: 0.4590 | Precision: 0.3400 | Recall: 0.7064
阈值: 0.0700 | F1: 0.4062 | Precision: 0.4260 | Recall: 0.3881
阈值: 0.1019 | F1: 0.3213 | Precision: 0.4647 | Recall: 0.2455
阈值: 0.1339 | F1: 0.2546 | Precision: 0.4709 | Recall: 0.1745
阈值: 0.1658 | F1: 0.2155 | Precision: 0.4718 | Recall: 0.1396
阈值: 0.1977 | F1: 0.1897 | Precision: 0.4665 | Recall: 0.1191
阈值: 0.2296 | F1: 0.1717 | Precision: 0.4665 | Recall: 0.1052
阈值: 0.2616 | F1: 0.1585 | Precision: 0.4694 | Recall: 0.0954
阈值: 0.2935 | F1: 0.1470 | Precision: 0.4671 | Recall: 0.0872

============================================================
✓ 找到最佳阈值: 0.039971
  最佳 F1: 0.4595
  Precision: 0.3467
  Recall: 0.6813
============================================================


✓ 精细搜索找到更好的阈值！

============================================================
自适应搜索完成！
============================================================
最终最佳阈值: 0.039971
最佳 F1: 0.4595
Precision: 0.3467
Recall: 0.6813
============================================================

Saved Best F1 results: /data/modeluse/TS/ISTAD-release/analysis/r1_relation_bottleneck/runtime/anomaly_detection_PSM_ISTAD_PSM_ftM_sl64_bmhgat_relstatic_hglite_rb_bs128_r1_learned_static_s98_0/bestf1_threshold_results.json
Saved anomaly score plot: /data/modeluse/TS/ISTAD-release/analysis/r1_relation_bottleneck/runtime/anomaly_detection_PSM_ISTAD_PSM_ftM_sl64_bmhgat_relstatic_hglite_rb_bs128_r1_learned_static_s98_0/anomaly_score_threshold.png
ISTAD explainability is disabled by --istad_enable_explain 0
Saved train time summary: /data/modeluse/TS/ISTAD-release/analysis/r1_relation_bottleneck/runtime/anomaly_detection_PSM_ISTAD_PSM_ftM_sl64_bmhgat_relstatic_hglite_rb_bs128_r1_learned_static_s98_0/train_time_summary.json
=== R1 PSM seed 98 fixed_random ===
Using GPU
Args in experiment:
[1mBasic Config[0m
  Task Name:          anomaly_detection   Is Training:        1                   
  Model ID:           PSM                 Model:              ISTAD               
  Seed:               98                  Itr:                1                   

[1mData Loader[0m
  Data:               PSM                 Root Path:          /data/modeluse/TS/ISTAD/dataset/PSM
  Features:           M                   Seq Len:            64                  
  Enc In:             25                  C Out:              25                  
  Checkpoints:        /data/modeluse/TS/ISTAD-release/checkpoints/ISTAD_r1_relation_bottleneck
  Eval Step:          64                  

[1mAnomaly Detection Task[0m
  Anomaly Ratio:      1.0                 Threshold Source:   train               

[1mISTAD Parameters[0m
  Kernel Size:        7                   Branch Mode:        hgat                
  TCN Type:           kan                 
  Feat GAT Dim:       -1                  GRU Layers:         1                   
  GRU Hidden:         150                 Recon Layers:       1                   
  Recon Hidden:       32                  ISTAD Dropout:      0.3                 
  Recon Type:         pointwise           KANAD Order:        3                   
  Objective:          reconstruct         Target / Lag:       ('', 1)             
  Leaky Alpha:        0.2                 H Init:             normal              
  Hyperedges:         -1                  Top-K Nodes:        -1                  
  Spatial Type:       lite                HGAT Rank:          8                   
  HGAT Projection:    linear              Relation Mode:      fixed_random        
  KAN Grid:           5                   KAN Order:          3                   
  Arch:               legacy              Ablation:           full                
  Relation bottleneck:1                   Mask ratio/folds:   (0.2, 8)            
  Explainability:     0                   Explain Batches:    0                   
  Explain Points:     20000               Explain TopK:       10                  
  SmoothGrad:         0                   SG Samples:         20                  
  SG Noise:           0.1                 Quad Mode:          quantile            
  Quad Value:         0.75                Err Agg:            sum                 
  Sal Agg:            sum                 

[1mRun Parameters[0m
  Num Workers:        4                   Batch Size:         128                 
  Train Epochs:       10                  Patience:           4                   
  Learning Rate:      0.001               Lradj:              cosine              
  Des:                r1_fixed_random_s98 

[1mGPU[0m
  Use GPU:            1                   GPU:                0                   
  Use Multi GPU:      0                   Devices:            0,1,2,3             

Use GPU: cuda:0
🚀 Lazy Loading: ISTAD ...
>>>>>>>start training : anomaly_detection_PSM_ISTAD_PSM_ftM_sl64_bmhgat_relfixed_random_hglite_rb_bs128_r1_fixed_random_s98_0>>>>>>>>>>>>>>>>>>>>>>>>>>
test: (87841, 25)
train: (105984, 25)
train 105921
test: (87841, 25)
train: (105984, 25)
val 26434
	iters: 100, epoch: 1 | loss: 0.5928460
	speed: 0.0304s/iter; left time: 249.0136s
	iters: 200, epoch: 1 | loss: 0.2809577
	speed: 0.0092s/iter; left time: 74.2611s
	iters: 300, epoch: 1 | loss: 0.3345330
	speed: 0.0089s/iter; left time: 70.9819s
	iters: 400, epoch: 1 | loss: 0.2627253
	speed: 0.0092s/iter; left time: 72.7727s
	iters: 500, epoch: 1 | loss: 0.2329241
	speed: 0.0090s/iter; left time: 70.2125s
	iters: 600, epoch: 1 | loss: 0.1810999
	speed: 0.0086s/iter; left time: 66.3410s
	iters: 700, epoch: 1 | loss: 0.2875119
	speed: 0.0085s/iter; left time: 64.1792s
	iters: 800, epoch: 1 | loss: 0.2012756
	speed: 0.0089s/iter; left time: 66.2319s
Epoch: 1 cost time: 8.662338733673096
Epoch: 1, Steps: 828 | Train Loss: 0.3638018 Vali Loss: 0.6742663
Validation loss decreased (inf --> 0.674266).  Saving model ...
Updating learning rate to 0.0009755282581475768
	iters: 100, epoch: 2 | loss: 0.2458309
	speed: 0.0243s/iter; left time: 178.7853s
	iters: 200, epoch: 2 | loss: 0.1587131
	speed: 0.0093s/iter; left time: 67.2533s
	iters: 300, epoch: 2 | loss: 0.1769519
	speed: 0.0093s/iter; left time: 66.1681s
	iters: 400, epoch: 2 | loss: 0.1688632
	speed: 0.0095s/iter; left time: 67.1130s
	iters: 500, epoch: 2 | loss: 0.1880516
	speed: 0.0088s/iter; left time: 60.9860s
	iters: 600, epoch: 2 | loss: 0.1460000
	speed: 0.0087s/iter; left time: 59.4833s
	iters: 700, epoch: 2 | loss: 0.1679523
	speed: 0.0087s/iter; left time: 58.9845s
	iters: 800, epoch: 2 | loss: 0.1857895
	speed: 0.0086s/iter; left time: 57.0262s
Epoch: 2 cost time: 7.69164776802063
Epoch: 2, Steps: 828 | Train Loss: 0.2007225 Vali Loss: 0.4527583
Validation loss decreased (0.674266 --> 0.452758).  Saving model ...
Updating learning rate to 0.0009045084971874737
	iters: 100, epoch: 3 | loss: 0.2071750
	speed: 0.0248s/iter; left time: 161.7365s
	iters: 200, epoch: 3 | loss: 0.2318008
	speed: 0.0091s/iter; left time: 58.6763s
	iters: 300, epoch: 3 | loss: 0.1325533
	speed: 0.0085s/iter; left time: 53.7543s
	iters: 400, epoch: 3 | loss: 0.1496468
	speed: 0.0087s/iter; left time: 54.0646s
	iters: 500, epoch: 3 | loss: 0.1666514
	speed: 0.0091s/iter; left time: 55.5990s
	iters: 600, epoch: 3 | loss: 0.1565462
	speed: 0.0094s/iter; left time: 56.4660s
	iters: 700, epoch: 3 | loss: 0.1474653
	speed: 0.0095s/iter; left time: 56.1835s
	iters: 800, epoch: 3 | loss: 0.1364123
	speed: 0.0090s/iter; left time: 52.4524s
Epoch: 3 cost time: 7.723357200622559
Epoch: 3, Steps: 828 | Train Loss: 0.1649980 Vali Loss: 0.4409887
Validation loss decreased (0.452758 --> 0.440989).  Saving model ...
Updating learning rate to 0.0007938926261462366
	iters: 100, epoch: 4 | loss: 0.1742114
	speed: 0.0248s/iter; left time: 141.3494s
	iters: 200, epoch: 4 | loss: 0.1471733
	speed: 0.0092s/iter; left time: 51.2831s
	iters: 300, epoch: 4 | loss: 0.1329893
	speed: 0.0089s/iter; left time: 48.9311s
	iters: 400, epoch: 4 | loss: 0.1460234
	speed: 0.0092s/iter; left time: 49.5032s
	iters: 500, epoch: 4 | loss: 0.2404988
	speed: 0.0090s/iter; left time: 47.7519s
	iters: 600, epoch: 4 | loss: 0.2413164
	speed: 0.0089s/iter; left time: 46.3774s
	iters: 700, epoch: 4 | loss: 0.1597756
	speed: 0.0093s/iter; left time: 47.5963s
	iters: 800, epoch: 4 | loss: 0.1326421
	speed: 0.0093s/iter; left time: 46.6302s
Epoch: 4 cost time: 7.846632480621338
Epoch: 4, Steps: 828 | Train Loss: 0.1587854 Vali Loss: 0.4263809
Validation loss decreased (0.440989 --> 0.426381).  Saving model ...
Updating learning rate to 0.0006545084971874737
	iters: 100, epoch: 5 | loss: 0.1726873
	speed: 0.0254s/iter; left time: 123.6366s
	iters: 200, epoch: 5 | loss: 0.1571743
	speed: 0.0096s/iter; left time: 45.7565s
	iters: 300, epoch: 5 | loss: 0.1631925
	speed: 0.0094s/iter; left time: 43.8969s
	iters: 400, epoch: 5 | loss: 0.1735686
	speed: 0.0092s/iter; left time: 41.9043s
	iters: 500, epoch: 5 | loss: 0.1490627
	speed: 0.0094s/iter; left time: 42.1528s
	iters: 600, epoch: 5 | loss: 0.1599139
	speed: 0.0090s/iter; left time: 39.2633s
	iters: 700, epoch: 5 | loss: 0.1260895
	speed: 0.0093s/iter; left time: 39.5972s
	iters: 800, epoch: 5 | loss: 0.1434067
	speed: 0.0093s/iter; left time: 38.8717s
Epoch: 5 cost time: 7.978558778762817
Epoch: 5, Steps: 828 | Train Loss: 0.1523094 Vali Loss: 0.4183641
Validation loss decreased (0.426381 --> 0.418364).  Saving model ...
Updating learning rate to 0.0005
	iters: 100, epoch: 6 | loss: 0.1428102
	speed: 0.0246s/iter; left time: 99.5123s
	iters: 200, epoch: 6 | loss: 0.2402383
	speed: 0.0092s/iter; left time: 36.2528s
	iters: 300, epoch: 6 | loss: 0.2351334
	speed: 0.0095s/iter; left time: 36.3069s
	iters: 400, epoch: 6 | loss: 0.1432300
	speed: 0.0095s/iter; left time: 35.5650s
	iters: 500, epoch: 6 | loss: 0.1255536
	speed: 0.0093s/iter; left time: 33.9290s
	iters: 600, epoch: 6 | loss: 0.1443573
	speed: 0.0082s/iter; left time: 29.1397s
	iters: 700, epoch: 6 | loss: 0.1278683
	speed: 0.0090s/iter; left time: 31.0353s
	iters: 800, epoch: 6 | loss: 0.1371046
	speed: 0.0084s/iter; left time: 28.2187s
Epoch: 6 cost time: 7.70293402671814
Epoch: 6, Steps: 828 | Train Loss: 0.1511686 Vali Loss: 0.4136017
Validation loss decreased (0.418364 --> 0.413602).  Saving model ...
Updating learning rate to 0.00034549150281252633
	iters: 100, epoch: 7 | loss: 0.1350558
	speed: 0.0255s/iter; left time: 81.8270s
	iters: 200, epoch: 7 | loss: 0.1383713
	speed: 0.0093s/iter; left time: 28.9659s
	iters: 300, epoch: 7 | loss: 0.1603265
	speed: 0.0093s/iter; left time: 27.9970s
	iters: 400, epoch: 7 | loss: 0.1464616
	speed: 0.0092s/iter; left time: 26.7544s
	iters: 500, epoch: 7 | loss: 0.1411559
	speed: 0.0093s/iter; left time: 26.2142s
	iters: 600, epoch: 7 | loss: 0.1367625
	speed: 0.0095s/iter; left time: 25.8345s
	iters: 700, epoch: 7 | loss: 0.1369070
	speed: 0.0092s/iter; left time: 24.1490s
	iters: 800, epoch: 7 | loss: 0.1382572
	speed: 0.0090s/iter; left time: 22.7271s
Epoch: 7 cost time: 7.99959397315979
Epoch: 7, Steps: 828 | Train Loss: 0.1525423 Vali Loss: 0.4134900
Validation loss decreased (0.413602 --> 0.413490).  Saving model ...
Updating learning rate to 0.00020610737385376348
	iters: 100, epoch: 8 | loss: 0.1329944
	speed: 0.0250s/iter; left time: 59.5560s
	iters: 200, epoch: 8 | loss: 0.1543815
	speed: 0.0095s/iter; left time: 21.6061s
	iters: 300, epoch: 8 | loss: 0.1917357
	speed: 0.0095s/iter; left time: 20.6824s
	iters: 400, epoch: 8 | loss: 0.1419493
	speed: 0.0095s/iter; left time: 19.8939s
	iters: 500, epoch: 8 | loss: 0.1478005
	speed: 0.0094s/iter; left time: 18.6865s
	iters: 600, epoch: 8 | loss: 0.2449963
	speed: 0.0094s/iter; left time: 17.7115s
	iters: 700, epoch: 8 | loss: 0.1177308
	speed: 0.0095s/iter; left time: 16.9272s
	iters: 800, epoch: 8 | loss: 0.1801108
	speed: 0.0090s/iter; left time: 15.1340s
Epoch: 8 cost time: 8.033499479293823
Epoch: 8, Steps: 828 | Train Loss: 0.1510484 Vali Loss: 0.4118631
Validation loss decreased (0.413490 --> 0.411863).  Saving model ...
Updating learning rate to 9.549150281252633e-05
	iters: 100, epoch: 9 | loss: 0.1534434
	speed: 0.0243s/iter; left time: 37.8513s
	iters: 200, epoch: 9 | loss: 0.1500154
	speed: 0.0089s/iter; left time: 12.9580s
	iters: 300, epoch: 9 | loss: 0.1438514
	speed: 0.0091s/iter; left time: 12.2905s
	iters: 400, epoch: 9 | loss: 0.2169839
	speed: 0.0094s/iter; left time: 11.7942s
	iters: 500, epoch: 9 | loss: 0.1615598
	speed: 0.0086s/iter; left time: 9.9761s
	iters: 600, epoch: 9 | loss: 0.1378753
	speed: 0.0089s/iter; left time: 9.4581s
	iters: 700, epoch: 9 | loss: 0.2283697
	speed: 0.0092s/iter; left time: 8.7824s
	iters: 800, epoch: 9 | loss: 0.1697847
	speed: 0.0092s/iter; left time: 7.8682s
Epoch: 9 cost time: 7.744952917098999
Epoch: 9, Steps: 828 | Train Loss: 0.1520142 Vali Loss: 0.4128235
EarlyStopping counter: 1 out of 4
Updating learning rate to 2.4471741852423235e-05
	iters: 100, epoch: 10 | loss: 0.1323725
	speed: 0.0245s/iter; left time: 17.8576s
	iters: 200, epoch: 10 | loss: 0.1417585
	speed: 0.0094s/iter; left time: 5.9239s
	iters: 300, epoch: 10 | loss: 0.1470687
	speed: 0.0096s/iter; left time: 5.0585s
	iters: 400, epoch: 10 | loss: 0.1414488
	speed: 0.0098s/iter; left time: 4.2106s
	iters: 500, epoch: 10 | loss: 0.1502014
	speed: 0.0088s/iter; left time: 2.8945s
	iters: 600, epoch: 10 | loss: 0.1591586
	speed: 0.0090s/iter; left time: 2.0528s
	iters: 700, epoch: 10 | loss: 0.4197770
	speed: 0.0095s/iter; left time: 1.2292s
	iters: 800, epoch: 10 | loss: 0.1695465
	speed: 0.0098s/iter; left time: 0.2852s
Epoch: 10 cost time: 8.054054260253906
Epoch: 10, Steps: 828 | Train Loss: 0.1509568 Vali Loss: 0.4132216
EarlyStopping counter: 2 out of 4
Updating learning rate to 0.0
Saved relation bottleneck training diagnostics: /data/modeluse/TS/ISTAD-release/checkpoints/ISTAD_r1_relation_bottleneck/anomaly_detection_PSM_ISTAD_PSM_ftM_sl64_bmhgat_relfixed_random_hglite_rb_bs128_r1_fixed_random_s98_0/relation_bottleneck_train_diagnostics.json
>>>>>>>testing : anomaly_detection_PSM_ISTAD_PSM_ftM_sl64_bmhgat_relfixed_random_hglite_rb_bs128_r1_fixed_random_s98_0<<<<<<<<<<<<<<<<<<<<<<<<<<<<<<<<<
test: (87841, 25)
train: (105984, 25)
test 1372
test: (87841, 25)
train: (105984, 25)
score_train 1656
test: (87841, 25)
train: (105984, 25)
val 26434
Saved relation bottleneck diagnostics: /data/modeluse/TS/ISTAD-release/analysis/r1_relation_bottleneck/runtime/anomaly_detection_PSM_ISTAD_PSM_ftM_sl64_bmhgat_relfixed_random_hglite_rb_bs128_r1_fixed_random_s98_0/relation_bottleneck_diagnostics.json
Percentile Threshold Source: train
Percentile Threshold : 0.8149204975366591
Saved point scores and labels: /data/modeluse/TS/ISTAD-release/analysis/r1_relation_bottleneck/runtime/anomaly_detection_PSM_ISTAD_PSM_ftM_sl64_bmhgat_relfixed_random_hglite_rb_bs128_r1_fixed_random_s98_0/point_scores.npz
pred_raw: (87808,)
gt:      (87808,)
pred_pa: (87808,)
gt_pa:   (87808,)

============================================================
使用百分位数阈值的结果:
============================================================
Raw point F1: 0.0777 (P=0.5117, R=0.0420)
Accuracy : 0.9881, Precision : 0.9613, Recall : 0.9971, F-score : 0.9789 
============================================================


使用自适应 Best F1 搜索（两阶段）
粗搜索步数: 200, 精细搜索步数: 500

============================================================
自适应 Best F1 阈值搜索（两阶段）
============================================================

分数统计信息:
  最小值: 0.004758
  最大值: 546.817810
  均值: 0.142932
  标准差: 2.868342
  中位数: 0.047025
  第1百分位: 0.013077
  第99百分位: 1.544671

自动确定的搜索范围: [0.006538, 3.089343]

============================================================
阶段 1: 粗搜索（步数: 200）
============================================================

============================================================
开始 Best F1 阈值搜索...
============================================================
搜索范围: [0.0065, 3.0893]
搜索步数: 200
使用点调整: False
阈值: 0.0220 | F1: 0.4508 | Precision: 0.2947 | Recall: 0.9584
阈值: 0.3302 | F1: 0.1462 | Precision: 0.4713 | Recall: 0.0865
阈值: 0.6385 | F1: 0.0936 | Precision: 0.4932 | Recall: 0.0517
阈值: 0.9468 | F1: 0.0672 | Precision: 0.5294 | Recall: 0.0359
阈值: 1.2551 | F1: 0.0471 | Precision: 0.5352 | Recall: 0.0246
阈值: 1.5634 | F1: 0.0380 | Precision: 0.5512 | Recall: 0.0197
阈值: 1.8716 | F1: 0.0324 | Precision: 0.5876 | Recall: 0.0167
阈值: 2.1799 | F1: 0.0281 | Precision: 0.6272 | Recall: 0.0144
阈值: 2.4882 | F1: 0.0215 | Precision: 0.6143 | Recall: 0.0109
阈值: 2.7965 | F1: 0.0188 | Precision: 0.6263 | Recall: 0.0096

============================================================
✓ 找到最佳阈值: 0.037366
  最佳 F1: 0.4759
  Precision: 0.3406
  Recall: 0.7895
============================================================


============================================================
阶段 2: 精细搜索（步数: 500）
============================================================
在最佳阈值 0.037366 附近精细搜索
精细搜索范围: [0.006538, 0.345647]

============================================================
开始 Best F1 阈值搜索...
============================================================
搜索范围: [0.0065, 0.3456]
搜索步数: 500
使用点调整: False
阈值: 0.0072 | F1: 0.4343 | Precision: 0.2774 | Recall: 1.0000
阈值: 0.0411 | F1: 0.4772 | Precision: 0.3520 | Recall: 0.7403
阈值: 0.0750 | F1: 0.4218 | Precision: 0.4334 | Recall: 0.4108
阈值: 0.1089 | F1: 0.3183 | Precision: 0.4511 | Recall: 0.2460
阈值: 0.1429 | F1: 0.2549 | Precision: 0.4584 | Recall: 0.1766
阈值: 0.1768 | F1: 0.2151 | Precision: 0.4601 | Recall: 0.1404
阈值: 0.2107 | F1: 0.1894 | Precision: 0.4566 | Recall: 0.1194
阈值: 0.2446 | F1: 0.1714 | Precision: 0.4578 | Recall: 0.1054
阈值: 0.2785 | F1: 0.1597 | Precision: 0.4618 | Recall: 0.0965
阈值: 0.3124 | F1: 0.1510 | Precision: 0.4691 | Recall: 0.0900

============================================================
✓ 找到最佳阈值: 0.046553
  最佳 F1: 0.4777
  Precision: 0.3697
  Recall: 0.6749
============================================================


✓ 精细搜索找到更好的阈值！

============================================================
自适应搜索完成！
============================================================
最终最佳阈值: 0.046553
最佳 F1: 0.4777
Precision: 0.3697
Recall: 0.6749
============================================================

Saved Best F1 results: /data/modeluse/TS/ISTAD-release/analysis/r1_relation_bottleneck/runtime/anomaly_detection_PSM_ISTAD_PSM_ftM_sl64_bmhgat_relfixed_random_hglite_rb_bs128_r1_fixed_random_s98_0/bestf1_threshold_results.json
Saved anomaly score plot: /data/modeluse/TS/ISTAD-release/analysis/r1_relation_bottleneck/runtime/anomaly_detection_PSM_ISTAD_PSM_ftM_sl64_bmhgat_relfixed_random_hglite_rb_bs128_r1_fixed_random_s98_0/anomaly_score_threshold.png
ISTAD explainability is disabled by --istad_enable_explain 0
Saved train time summary: /data/modeluse/TS/ISTAD-release/analysis/r1_relation_bottleneck/runtime/anomaly_detection_PSM_ISTAD_PSM_ftM_sl64_bmhgat_relfixed_random_hglite_rb_bs128_r1_fixed_random_s98_0/train_time_summary.json
=== R1 PSM seed 98 no_message ===
Using GPU
Args in experiment:
[1mBasic Config[0m
  Task Name:          anomaly_detection   Is Training:        1                   
  Model ID:           PSM                 Model:              ISTAD               
  Seed:               98                  Itr:                1                   

[1mData Loader[0m
  Data:               PSM                 Root Path:          /data/modeluse/TS/ISTAD/dataset/PSM
  Features:           M                   Seq Len:            64                  
  Enc In:             25                  C Out:              25                  
  Checkpoints:        /data/modeluse/TS/ISTAD-release/checkpoints/ISTAD_r1_relation_bottleneck
  Eval Step:          64                  

[1mAnomaly Detection Task[0m
  Anomaly Ratio:      1.0                 Threshold Source:   train               

[1mISTAD Parameters[0m
  Kernel Size:        7                   Branch Mode:        hgat                
  TCN Type:           kan                 
  Feat GAT Dim:       -1                  GRU Layers:         1                   
  GRU Hidden:         150                 Recon Layers:       1                   
  Recon Hidden:       32                  ISTAD Dropout:      0.3                 
  Recon Type:         pointwise           KANAD Order:        3                   
  Objective:          reconstruct         Target / Lag:       ('', 1)             
  Leaky Alpha:        0.2                 H Init:             normal              
  Hyperedges:         -1                  Top-K Nodes:        -1                  
  Spatial Type:       lite                HGAT Rank:          8                   
  HGAT Projection:    linear              Relation Mode:      no_message          
  KAN Grid:           5                   KAN Order:          3                   
  Arch:               legacy              Ablation:           full                
  Relation bottleneck:1                   Mask ratio/folds:   (0.2, 8)            
  Explainability:     0                   Explain Batches:    0                   
  Explain Points:     20000               Explain TopK:       10                  
  SmoothGrad:         0                   SG Samples:         20                  
  SG Noise:           0.1                 Quad Mode:          quantile            
  Quad Value:         0.75                Err Agg:            sum                 
  Sal Agg:            sum                 

[1mRun Parameters[0m
  Num Workers:        4                   Batch Size:         128                 
  Train Epochs:       10                  Patience:           4                   
  Learning Rate:      0.001               Lradj:              cosine              
  Des:                r1_no_message_s98   

[1mGPU[0m
  Use GPU:            1                   GPU:                0                   
  Use Multi GPU:      0                   Devices:            0,1,2,3             

Use GPU: cuda:0
🚀 Lazy Loading: ISTAD ...
>>>>>>>start training : anomaly_detection_PSM_ISTAD_PSM_ftM_sl64_bmhgat_relno_message_hglite_rb_bs128_r1_no_message_s98_0>>>>>>>>>>>>>>>>>>>>>>>>>>
test: (87841, 25)
train: (105984, 25)
train 105921
test: (87841, 25)
train: (105984, 25)
val 26434
	iters: 100, epoch: 1 | loss: 0.6685666
	speed: 0.0267s/iter; left time: 218.4090s
	iters: 200, epoch: 1 | loss: 0.2939452
	speed: 0.0041s/iter; left time: 33.3221s
	iters: 300, epoch: 1 | loss: 0.3268501
	speed: 0.0047s/iter; left time: 37.5683s
	iters: 400, epoch: 1 | loss: 0.2662449
	speed: 0.0049s/iter; left time: 38.4213s
	iters: 500, epoch: 1 | loss: 0.2428527
	speed: 0.0046s/iter; left time: 35.6235s
	iters: 600, epoch: 1 | loss: 0.1814906
	speed: 0.0042s/iter; left time: 32.2612s
	iters: 700, epoch: 1 | loss: 0.2938585
	speed: 0.0045s/iter; left time: 33.8801s
	iters: 800, epoch: 1 | loss: 0.1863244
	speed: 0.0042s/iter; left time: 31.1983s
Epoch: 1 cost time: 4.935289621353149
Epoch: 1, Steps: 828 | Train Loss: 0.3783704 Vali Loss: 0.7500417
Validation loss decreased (inf --> 0.750042).  Saving model ...
Updating learning rate to 0.0009755282581475768
	iters: 100, epoch: 2 | loss: 0.2445163
	speed: 0.0158s/iter; left time: 116.2323s
	iters: 200, epoch: 2 | loss: 0.1656558
	speed: 0.0047s/iter; left time: 34.1511s
	iters: 300, epoch: 2 | loss: 0.2950081
	speed: 0.0048s/iter; left time: 34.4685s
	iters: 400, epoch: 2 | loss: 0.1690087
	speed: 0.0044s/iter; left time: 31.3591s
	iters: 500, epoch: 2 | loss: 0.1853510
	speed: 0.0047s/iter; left time: 32.4843s
	iters: 600, epoch: 2 | loss: 0.1493683
	speed: 0.0048s/iter; left time: 32.9636s
	iters: 700, epoch: 2 | loss: 0.1607049
	speed: 0.0042s/iter; left time: 28.2581s
	iters: 800, epoch: 2 | loss: 0.1912730
	speed: 0.0044s/iter; left time: 29.4159s
Epoch: 2 cost time: 4.045907974243164
Epoch: 2, Steps: 828 | Train Loss: 0.2041782 Vali Loss: 0.4834118
Validation loss decreased (0.750042 --> 0.483412).  Saving model ...
Updating learning rate to 0.0009045084971874737
	iters: 100, epoch: 3 | loss: 0.1847362
	speed: 0.0155s/iter; left time: 101.3415s
	iters: 200, epoch: 3 | loss: 0.1950591
	speed: 0.0042s/iter; left time: 26.8138s
	iters: 300, epoch: 3 | loss: 0.1682259
	speed: 0.0041s/iter; left time: 25.8016s
	iters: 400, epoch: 3 | loss: 0.1592375
	speed: 0.0038s/iter; left time: 23.7719s
	iters: 500, epoch: 3 | loss: 0.1446809
	speed: 0.0040s/iter; left time: 24.2240s
	iters: 600, epoch: 3 | loss: 0.1678471
	speed: 0.0041s/iter; left time: 24.6914s
	iters: 700, epoch: 3 | loss: 0.1507273
	speed: 0.0046s/iter; left time: 27.3673s
	iters: 800, epoch: 3 | loss: 0.1423890
	speed: 0.0042s/iter; left time: 24.6249s
Epoch: 3 cost time: 3.6737983226776123
Epoch: 3, Steps: 828 | Train Loss: 0.1699254 Vali Loss: 0.4589723
Validation loss decreased (0.483412 --> 0.458972).  Saving model ...
Updating learning rate to 0.0007938926261462366
	iters: 100, epoch: 4 | loss: 0.1407448
	speed: 0.0164s/iter; left time: 93.4975s
	iters: 200, epoch: 4 | loss: 0.1629967
	speed: 0.0045s/iter; left time: 25.0028s
	iters: 300, epoch: 4 | loss: 0.1383795
	speed: 0.0046s/iter; left time: 25.2004s
	iters: 400, epoch: 4 | loss: 0.1520264
	speed: 0.0045s/iter; left time: 24.1647s
	iters: 500, epoch: 4 | loss: 0.1472544
	speed: 0.0042s/iter; left time: 22.2180s
	iters: 600, epoch: 4 | loss: 0.2561196
	speed: 0.0046s/iter; left time: 23.6743s
	iters: 700, epoch: 4 | loss: 0.1583860
	speed: 0.0044s/iter; left time: 22.2301s
	iters: 800, epoch: 4 | loss: 0.1399710
	speed: 0.0044s/iter; left time: 22.0427s
Epoch: 4 cost time: 3.9959640502929688
Epoch: 4, Steps: 828 | Train Loss: 0.1600297 Vali Loss: 0.4484190
Validation loss decreased (0.458972 --> 0.448419).  Saving model ...
Updating learning rate to 0.0006545084971874737
	iters: 100, epoch: 5 | loss: 0.1718453
	speed: 0.0161s/iter; left time: 78.2807s
	iters: 200, epoch: 5 | loss: 0.1621906
	speed: 0.0041s/iter; left time: 19.6887s
	iters: 300, epoch: 5 | loss: 0.1740695
	speed: 0.0044s/iter; left time: 20.7381s
	iters: 400, epoch: 5 | loss: 0.1735254
	speed: 0.0050s/iter; left time: 22.7958s
	iters: 500, epoch: 5 | loss: 0.1381359
	speed: 0.0047s/iter; left time: 20.8766s
	iters: 600, epoch: 5 | loss: 0.1562585
	speed: 0.0050s/iter; left time: 22.0066s
	iters: 700, epoch: 5 | loss: 0.1575279
	speed: 0.0045s/iter; left time: 19.1476s
	iters: 800, epoch: 5 | loss: 0.1523863
	speed: 0.0048s/iter; left time: 20.2156s
Epoch: 5 cost time: 4.056092262268066
Epoch: 5, Steps: 828 | Train Loss: 0.1578017 Vali Loss: 0.4435625
Validation loss decreased (0.448419 --> 0.443562).  Saving model ...
Updating learning rate to 0.0005
	iters: 100, epoch: 6 | loss: 0.1541277
	speed: 0.0163s/iter; left time: 65.8519s
	iters: 200, epoch: 6 | loss: 0.2455628
	speed: 0.0045s/iter; left time: 17.8272s
	iters: 300, epoch: 6 | loss: 0.2405409
	speed: 0.0042s/iter; left time: 15.9743s
	iters: 400, epoch: 6 | loss: 0.1555107
	speed: 0.0044s/iter; left time: 16.4886s
	iters: 500, epoch: 6 | loss: 0.1276284
	speed: 0.0047s/iter; left time: 17.0858s
	iters: 600, epoch: 6 | loss: 0.1529305
	speed: 0.0048s/iter; left time: 16.8563s
	iters: 700, epoch: 6 | loss: 0.1488294
	speed: 0.0042s/iter; left time: 14.5284s
	iters: 800, epoch: 6 | loss: 0.1526291
	speed: 0.0045s/iter; left time: 15.0049s
Epoch: 6 cost time: 4.038346290588379
Epoch: 6, Steps: 828 | Train Loss: 0.1582954 Vali Loss: 0.4297165
Validation loss decreased (0.443562 --> 0.429717).  Saving model ...
Updating learning rate to 0.00034549150281252633
	iters: 100, epoch: 7 | loss: 0.1456560
	speed: 0.0171s/iter; left time: 54.8020s
	iters: 200, epoch: 7 | loss: 0.1563639
	speed: 0.0047s/iter; left time: 14.5345s
	iters: 300, epoch: 7 | loss: 0.1997879
	speed: 0.0043s/iter; left time: 12.9762s
	iters: 400, epoch: 7 | loss: 0.1343257
	speed: 0.0040s/iter; left time: 11.7543s
	iters: 500, epoch: 7 | loss: 0.1633405
	speed: 0.0043s/iter; left time: 12.1907s
	iters: 600, epoch: 7 | loss: 0.2397697
	speed: 0.0043s/iter; left time: 11.7116s
	iters: 700, epoch: 7 | loss: 0.1475575
	speed: 0.0046s/iter; left time: 12.0077s
	iters: 800, epoch: 7 | loss: 0.1525476
	speed: 0.0046s/iter; left time: 11.5073s
Epoch: 7 cost time: 3.9442548751831055
Epoch: 7, Steps: 828 | Train Loss: 0.1553196 Vali Loss: 0.4300667
EarlyStopping counter: 1 out of 4
Updating learning rate to 0.00020610737385376348
	iters: 100, epoch: 8 | loss: 0.1392241
	speed: 0.0167s/iter; left time: 39.9019s
	iters: 200, epoch: 8 | loss: 0.1674098
	speed: 0.0047s/iter; left time: 10.8238s
	iters: 300, epoch: 8 | loss: 0.1512769
	speed: 0.0042s/iter; left time: 9.2363s
	iters: 400, epoch: 8 | loss: 0.1503305
	speed: 0.0047s/iter; left time: 9.8471s
	iters: 500, epoch: 8 | loss: 0.1570006
	speed: 0.0049s/iter; left time: 9.6506s
	iters: 600, epoch: 8 | loss: 0.2557019
	speed: 0.0046s/iter; left time: 8.6578s
	iters: 700, epoch: 8 | loss: 0.1212142
	speed: 0.0043s/iter; left time: 7.7485s
	iters: 800, epoch: 8 | loss: 0.1476723
	speed: 0.0046s/iter; left time: 7.8137s
Epoch: 8 cost time: 4.08814001083374
Epoch: 8, Steps: 828 | Train Loss: 0.1577248 Vali Loss: 0.4345268
EarlyStopping counter: 2 out of 4
Updating learning rate to 9.549150281252633e-05
	iters: 100, epoch: 9 | loss: 0.1601737
	speed: 0.0172s/iter; left time: 26.8420s
	iters: 200, epoch: 9 | loss: 0.1325918
	speed: 0.0046s/iter; left time: 6.7106s
	iters: 300, epoch: 9 | loss: 0.1599685
	speed: 0.0043s/iter; left time: 5.8660s
	iters: 400, epoch: 9 | loss: 0.1250971
	speed: 0.0044s/iter; left time: 5.4699s
	iters: 500, epoch: 9 | loss: 0.1655410
	speed: 0.0048s/iter; left time: 5.5967s
	iters: 600, epoch: 9 | loss: 0.1293160
	speed: 0.0041s/iter; left time: 4.3464s
	iters: 700, epoch: 9 | loss: 0.1315365
	speed: 0.0044s/iter; left time: 4.2355s
	iters: 800, epoch: 9 | loss: 0.1631125
	speed: 0.0044s/iter; left time: 3.7791s
Epoch: 9 cost time: 3.9901022911071777
Epoch: 9, Steps: 828 | Train Loss: 0.1553909 Vali Loss: 0.4330256
EarlyStopping counter: 3 out of 4
Updating learning rate to 2.4471741852423235e-05
	iters: 100, epoch: 10 | loss: 0.1445326
	speed: 0.0176s/iter; left time: 12.8266s
	iters: 200, epoch: 10 | loss: 0.1491769
	speed: 0.0045s/iter; left time: 2.8573s
	iters: 300, epoch: 10 | loss: 0.1495823
	speed: 0.0044s/iter; left time: 2.3399s
	iters: 400, epoch: 10 | loss: 0.1480066
	speed: 0.0041s/iter; left time: 1.7771s
	iters: 500, epoch: 10 | loss: 0.1593223
	speed: 0.0047s/iter; left time: 1.5562s
	iters: 600, epoch: 10 | loss: 0.1903775
	speed: 0.0045s/iter; left time: 1.0265s
	iters: 700, epoch: 10 | loss: 0.3961501
	speed: 0.0045s/iter; left time: 0.5780s
	iters: 800, epoch: 10 | loss: 0.1641258
	speed: 0.0048s/iter; left time: 0.1398s
Epoch: 10 cost time: 4.0808165073394775
Epoch: 10, Steps: 828 | Train Loss: 0.1552740 Vali Loss: 0.4282307
Validation loss decreased (0.429717 --> 0.428231).  Saving model ...
Updating learning rate to 0.0
Saved relation bottleneck training diagnostics: /data/modeluse/TS/ISTAD-release/checkpoints/ISTAD_r1_relation_bottleneck/anomaly_detection_PSM_ISTAD_PSM_ftM_sl64_bmhgat_relno_message_hglite_rb_bs128_r1_no_message_s98_0/relation_bottleneck_train_diagnostics.json
>>>>>>>testing : anomaly_detection_PSM_ISTAD_PSM_ftM_sl64_bmhgat_relno_message_hglite_rb_bs128_r1_no_message_s98_0<<<<<<<<<<<<<<<<<<<<<<<<<<<<<<<<<
test: (87841, 25)
train: (105984, 25)
test 1372
test: (87841, 25)
train: (105984, 25)
score_train 1656
test: (87841, 25)
train: (105984, 25)
val 26434
Saved relation bottleneck diagnostics: /data/modeluse/TS/ISTAD-release/analysis/r1_relation_bottleneck/runtime/anomaly_detection_PSM_ISTAD_PSM_ftM_sl64_bmhgat_relno_message_hglite_rb_bs128_r1_no_message_s98_0/relation_bottleneck_diagnostics.json
Percentile Threshold Source: train
Percentile Threshold : 0.9321665471792211
Saved point scores and labels: /data/modeluse/TS/ISTAD-release/analysis/r1_relation_bottleneck/runtime/anomaly_detection_PSM_ISTAD_PSM_ftM_sl64_bmhgat_relno_message_hglite_rb_bs128_r1_no_message_s98_0/point_scores.npz
pred_raw: (87808,)
gt:      (87808,)
pred_pa: (87808,)
gt_pa:   (87808,)

============================================================
使用百分位数阈值的结果:
============================================================
Raw point F1: 0.0677 (P=0.4933, R=0.0363)
Accuracy : 0.9846, Precision : 0.9634, Recall : 0.9816, F-score : 0.9724 
============================================================


使用自适应 Best F1 搜索（两阶段）
粗搜索步数: 200, 精细搜索步数: 500

============================================================
自适应 Best F1 阈值搜索（两阶段）
============================================================

分数统计信息:
  最小值: 0.002964
  最大值: 544.218140
  均值: 0.138712
  标准差: 2.866037
  中位数: 0.038478
  第1百分位: 0.008709
  第99百分位: 1.637439

自动确定的搜索范围: [0.004355, 3.274879]

============================================================
阶段 1: 粗搜索（步数: 200）
============================================================

============================================================
开始 Best F1 阈值搜索...
============================================================
搜索范围: [0.0044, 3.2749]
搜索步数: 200
使用点调整: False
阈值: 0.0207 | F1: 0.4389 | Precision: 0.2943 | Recall: 0.8629
阈值: 0.3478 | F1: 0.1397 | Precision: 0.4628 | Recall: 0.0823
阈值: 0.6748 | F1: 0.0885 | Precision: 0.4773 | Recall: 0.0488
阈值: 1.0019 | F1: 0.0624 | Precision: 0.4957 | Recall: 0.0333
阈值: 1.3289 | F1: 0.0459 | Precision: 0.5163 | Recall: 0.0240
阈值: 1.6560 | F1: 0.0377 | Precision: 0.5471 | Recall: 0.0195
阈值: 1.9830 | F1: 0.0319 | Precision: 0.5868 | Recall: 0.0164
阈值: 2.3101 | F1: 0.0263 | Precision: 0.6056 | Recall: 0.0134
阈值: 2.6371 | F1: 0.0222 | Precision: 0.6250 | Recall: 0.0113
阈值: 2.9642 | F1: 0.0200 | Precision: 0.6333 | Recall: 0.0101

============================================================
✓ 找到最佳阈值: 0.020707
  最佳 F1: 0.4389
  Precision: 0.2943
  Recall: 0.8629
============================================================


============================================================
阶段 2: 精细搜索（步数: 500）
============================================================
在最佳阈值 0.020707 附近精细搜索
精细搜索范围: [0.004355, 0.347760]

============================================================
开始 Best F1 阈值搜索...
============================================================
搜索范围: [0.0044, 0.3478]
搜索步数: 500
使用点调整: False
阈值: 0.0050 | F1: 0.4342 | Precision: 0.2774 | Recall: 0.9996
阈值: 0.0394 | F1: 0.4243 | Precision: 0.3330 | Recall: 0.5847
阈值: 0.0737 | F1: 0.3593 | Precision: 0.3975 | Recall: 0.3279
阈值: 0.1081 | F1: 0.2887 | Precision: 0.4268 | Recall: 0.2181
阈值: 0.1424 | F1: 0.2416 | Precision: 0.4445 | Recall: 0.1659
阈值: 0.1767 | F1: 0.2085 | Precision: 0.4484 | Recall: 0.1359
阈值: 0.2111 | F1: 0.1864 | Precision: 0.4495 | Recall: 0.1176
阈值: 0.2454 | F1: 0.1701 | Precision: 0.4520 | Recall: 0.1048
阈值: 0.2798 | F1: 0.1594 | Precision: 0.4587 | Recall: 0.0965
阈值: 0.3141 | F1: 0.1488 | Precision: 0.4600 | Recall: 0.0888

============================================================
✓ 找到最佳阈值: 0.022212
  最佳 F1: 0.4397
  Precision: 0.2977
  Recall: 0.8403
============================================================


✓ 精细搜索找到更好的阈值！

============================================================
自适应搜索完成！
============================================================
最终最佳阈值: 0.022212
最佳 F1: 0.4397
Precision: 0.2977
Recall: 0.8403
============================================================

Saved Best F1 results: /data/modeluse/TS/ISTAD-release/analysis/r1_relation_bottleneck/runtime/anomaly_detection_PSM_ISTAD_PSM_ftM_sl64_bmhgat_relno_message_hglite_rb_bs128_r1_no_message_s98_0/bestf1_threshold_results.json
Saved anomaly score plot: /data/modeluse/TS/ISTAD-release/analysis/r1_relation_bottleneck/runtime/anomaly_detection_PSM_ISTAD_PSM_ftM_sl64_bmhgat_relno_message_hglite_rb_bs128_r1_no_message_s98_0/anomaly_score_threshold.png
ISTAD explainability is disabled by --istad_enable_explain 0
Saved train time summary: /data/modeluse/TS/ISTAD-release/analysis/r1_relation_bottleneck/runtime/anomaly_detection_PSM_ISTAD_PSM_ftM_sl64_bmhgat_relno_message_hglite_rb_bs128_r1_no_message_s98_0/train_time_summary.json
=== R1 SMD seed 87 learned_dynamic ===
Using GPU
Args in experiment:
[1mBasic Config[0m
  Task Name:          anomaly_detection   Is Training:        1                   
  Model ID:           SMD                 Model:              ISTAD               
  Seed:               87                  Itr:                1                   

[1mData Loader[0m
  Data:               SMD                 Root Path:          /data/modeluse/TS/ISTAD/dataset/SMD
  Features:           M                   Seq Len:            96                  
  Enc In:             38                  C Out:              38                  
  Checkpoints:        /data/modeluse/TS/ISTAD-release/checkpoints/ISTAD_r1_relation_bottleneck
  Eval Step:          96                  

[1mAnomaly Detection Task[0m
  Anomaly Ratio:      1.0                 Threshold Source:   train               

[1mISTAD Parameters[0m
  Kernel Size:        7                   Branch Mode:        hgat                
  TCN Type:           kan                 
  Feat GAT Dim:       -1                  GRU Layers:         1                   
  GRU Hidden:         150                 Recon Layers:       1                   
  Recon Hidden:       32                  ISTAD Dropout:      0.3                 
  Recon Type:         pointwise           KANAD Order:        3                   
  Objective:          reconstruct         Target / Lag:       ('', 1)             
  Leaky Alpha:        0.2                 H Init:             normal              
  Hyperedges:         -1                  Top-K Nodes:        -1                  
  Spatial Type:       lite                HGAT Rank:          8                   
  HGAT Projection:    linear              Relation Mode:      dynamic             
  KAN Grid:           5                   KAN Order:          3                   
  Arch:               legacy              Ablation:           full                
  Relation bottleneck:1                   Mask ratio/folds:   (0.2, 8)            
  Explainability:     0                   Explain Batches:    0                   
  Explain Points:     20000               Explain TopK:       10                  
  SmoothGrad:         0                   SG Samples:         20                  
  SG Noise:           0.1                 Quad Mode:          quantile            
  Quad Value:         0.75                Err Agg:            sum                 
  Sal Agg:            sum                 

[1mRun Parameters[0m
  Num Workers:        4                   Batch Size:         128                 
  Train Epochs:       20                  Patience:           5                   
  Learning Rate:      0.001               Lradj:              cosine              
  Des:                r1_learned_dynamic_s87

[1mGPU[0m
  Use GPU:            1                   GPU:                0                   
  Use Multi GPU:      0                   Devices:            0,1,2,3             

Use GPU: cuda:0
🚀 Lazy Loading: ISTAD ...
>>>>>>>start training : anomaly_detection_SMD_ISTAD_SMD_ftM_sl96_bmhgat_ent_hglite_rb_bs128_r1_learned_dynamic_s87_0>>>>>>>>>>>>>>>>>>>>>>>>>>
test: (708420, 38)
train: (566713, 38)
SMD entity-aware windows: 5949
train 5949
test: (708420, 38)
train: (566713, 38)
SMD entity-aware windows: 1470
val 1470
Epoch: 1 cost time: 2.519972801208496
Epoch: 1, Steps: 47 | Train Loss: 0.9155433 Vali Loss: 0.7553840
Validation loss decreased (inf --> 0.755384).  Saving model ...
Updating learning rate to 0.0009938441702975688
Epoch: 2 cost time: 1.3928296566009521
Epoch: 2, Steps: 47 | Train Loss: 0.7110667 Vali Loss: 0.5251321
Validation loss decreased (0.755384 --> 0.525132).  Saving model ...
Updating learning rate to 0.0009755282581475768
Epoch: 3 cost time: 1.3549368381500244
Epoch: 3, Steps: 47 | Train Loss: 0.5405205 Vali Loss: 0.3495973
Validation loss decreased (0.525132 --> 0.349597).  Saving model ...
Updating learning rate to 0.0009455032620941839
Epoch: 4 cost time: 1.3501627445220947
Epoch: 4, Steps: 47 | Train Loss: 0.4480515 Vali Loss: 0.2962390
Validation loss decreased (0.349597 --> 0.296239).  Saving model ...
Updating learning rate to 0.0009045084971874737
Epoch: 5 cost time: 1.363541603088379
Epoch: 5, Steps: 47 | Train Loss: 0.4320196 Vali Loss: 0.3699768
EarlyStopping counter: 1 out of 5
Updating learning rate to 0.0008535533905932737
Epoch: 6 cost time: 1.4072716236114502
Epoch: 6, Steps: 47 | Train Loss: 0.4011372 Vali Loss: 0.3208786
EarlyStopping counter: 2 out of 5
Updating learning rate to 0.0007938926261462366
Epoch: 7 cost time: 1.3726489543914795
Epoch: 7, Steps: 47 | Train Loss: 0.4172381 Vali Loss: 0.3310454
EarlyStopping counter: 3 out of 5
Updating learning rate to 0.0007269952498697733
Epoch: 8 cost time: 1.3755035400390625
Epoch: 8, Steps: 47 | Train Loss: 0.3741392 Vali Loss: 0.3246791
EarlyStopping counter: 4 out of 5
Updating learning rate to 0.0006545084971874737
Epoch: 9 cost time: 1.3242201805114746
Epoch: 9, Steps: 47 | Train Loss: 0.3892723 Vali Loss: 0.2781903
Validation loss decreased (0.296239 --> 0.278190).  Saving model ...
Updating learning rate to 0.0005782172325201155
Epoch: 10 cost time: 1.3774869441986084
Epoch: 10, Steps: 47 | Train Loss: 0.3514529 Vali Loss: 0.2519128
Validation loss decreased (0.278190 --> 0.251913).  Saving model ...
Updating learning rate to 0.0005
Epoch: 11 cost time: 1.3664872646331787
Epoch: 11, Steps: 47 | Train Loss: 0.3313771 Vali Loss: 0.2297886
Validation loss decreased (0.251913 --> 0.229789).  Saving model ...
Updating learning rate to 0.0004217827674798845
Epoch: 12 cost time: 1.3808844089508057
Epoch: 12, Steps: 47 | Train Loss: 0.4160363 Vali Loss: 0.2967899
EarlyStopping counter: 1 out of 5
Updating learning rate to 0.00034549150281252633
Epoch: 13 cost time: 1.3601922988891602
Epoch: 13, Steps: 47 | Train Loss: 0.3891726 Vali Loss: 0.2685741
EarlyStopping counter: 2 out of 5
Updating learning rate to 0.00027300475013022663
Epoch: 14 cost time: 1.3712718486785889
Epoch: 14, Steps: 47 | Train Loss: 0.3594850 Vali Loss: 0.3409193
EarlyStopping counter: 3 out of 5
Updating learning rate to 0.00020610737385376348
Epoch: 15 cost time: 1.3347444534301758
Epoch: 15, Steps: 47 | Train Loss: 0.3586746 Vali Loss: 0.2385993
EarlyStopping counter: 4 out of 5
Updating learning rate to 0.00014644660940672628
Epoch: 16 cost time: 1.3704383373260498
Epoch: 16, Steps: 47 | Train Loss: 0.3268875 Vali Loss: 0.2445595
EarlyStopping counter: 5 out of 5
Early stopping
Saved relation bottleneck training diagnostics: /data/modeluse/TS/ISTAD-release/checkpoints/ISTAD_r1_relation_bottleneck/anomaly_detection_SMD_ISTAD_SMD_ftM_sl96_bmhgat_ent_hglite_rb_bs128_r1_learned_dynamic_s87_0/relation_bottleneck_train_diagnostics.json
>>>>>>>testing : anomaly_detection_SMD_ISTAD_SMD_ftM_sl96_bmhgat_ent_hglite_rb_bs128_r1_learned_dynamic_s87_0<<<<<<<<<<<<<<<<<<<<<<<<<<<<<<<<<
test: (708420, 38)
train: (566713, 38)
SMD entity-aware windows: 7360
test 7360
test: (708420, 38)
train: (566713, 38)
SMD entity-aware windows: 5892
score_train 5892
test: (708420, 38)
train: (566713, 38)
SMD entity-aware windows: 1470
val 1470
Saved relation bottleneck diagnostics: /data/modeluse/TS/ISTAD-release/analysis/r1_relation_bottleneck/runtime/anomaly_detection_SMD_ISTAD_SMD_ftM_sl96_bmhgat_ent_hglite_rb_bs128_r1_learned_dynamic_s87_0/relation_bottleneck_diagnostics.json
Percentile Threshold Source: train
Percentile Threshold : 2.23905113697052
Saved point scores and labels: /data/modeluse/TS/ISTAD-release/analysis/r1_relation_bottleneck/runtime/anomaly_detection_SMD_ISTAD_SMD_ftM_sl96_bmhgat_ent_hglite_rb_bs128_r1_learned_dynamic_s87_0/point_scores.npz
pred_raw: (706560,)
gt:      (706560,)
pred_pa: (706560,)
gt_pa:   (706560,)

============================================================
使用百分位数阈值的结果:
============================================================
Raw point F1: 0.1165 (P=0.1560, R=0.0930)
Accuracy : 0.9749, Precision : 0.6415, Recall : 0.8998, F-score : 0.7490 
============================================================


使用自适应 Best F1 搜索（两阶段）
粗搜索步数: 200, 精细搜索步数: 500

============================================================
自适应 Best F1 阈值搜索（两阶段）
============================================================

分数统计信息:
  最小值: 0.006116
  最大值: 13009.790039
  均值: 0.947209
  标准差: 65.680061
  中位数: 0.093765
  第1百分位: 0.017422
  第99百分位: 4.372268

自动确定的搜索范围: [0.008711, 8.744535]

============================================================
阶段 1: 粗搜索（步数: 200）
============================================================

============================================================
开始 Best F1 阈值搜索...
============================================================
搜索范围: [0.0087, 8.7445]
搜索步数: 200
使用点调整: False
阈值: 0.0524 | F1: 0.0974 | Precision: 0.0515 | Recall: 0.8980
阈值: 0.9260 | F1: 0.1758 | Precision: 0.1503 | Recall: 0.2117
阈值: 1.7996 | F1: 0.1303 | Precision: 0.1526 | Recall: 0.1137
阈值: 2.6731 | F1: 0.1073 | Precision: 0.1609 | Recall: 0.0805
阈值: 3.5467 | F1: 0.0928 | Precision: 0.1798 | Recall: 0.0626
阈值: 4.4203 | F1: 0.0846 | Precision: 0.2211 | Recall: 0.0523
阈值: 5.2939 | F1: 0.0792 | Precision: 0.2621 | Recall: 0.0467
阈值: 6.1675 | F1: 0.0742 | Precision: 0.3053 | Recall: 0.0422
阈值: 7.0410 | F1: 0.0593 | Precision: 0.3138 | Recall: 0.0328
阈值: 7.9146 | F1: 0.0530 | Precision: 0.3371 | Recall: 0.0287

============================================================
✓ 找到最佳阈值: 0.620219
  最佳 F1: 0.1941
  Precision: 0.1453
  Recall: 0.2922
============================================================


============================================================
阶段 2: 精细搜索（步数: 500）
============================================================
在最佳阈值 0.620219 附近精细搜索
精细搜索范围: [0.008711, 1.493801]

============================================================
开始 Best F1 阈值搜索...
============================================================
搜索范围: [0.0087, 1.4938]
搜索步数: 500
使用点调整: False
阈值: 0.0117 | F1: 0.0798 | Precision: 0.0415 | Recall: 0.9995
阈值: 0.1602 | F1: 0.1404 | Precision: 0.0797 | Recall: 0.5930
阈值: 0.3087 | F1: 0.1656 | Precision: 0.1040 | Recall: 0.4066
阈值: 0.4572 | F1: 0.1850 | Precision: 0.1272 | Recall: 0.3392
阈值: 0.6057 | F1: 0.1942 | Precision: 0.1443 | Recall: 0.2968
阈值: 0.7542 | F1: 0.1893 | Precision: 0.1504 | Recall: 0.2552
阈值: 0.9027 | F1: 0.1775 | Precision: 0.1501 | Recall: 0.2170
阈值: 1.0512 | F1: 0.1671 | Precision: 0.1499 | Recall: 0.1889
阈值: 1.1998 | F1: 0.1590 | Precision: 0.1504 | Recall: 0.1687
阈值: 1.3483 | F1: 0.1522 | Precision: 0.1520 | Recall: 0.1523

============================================================
✓ 找到最佳阈值: 0.602747
  最佳 F1: 0.1943
  Precision: 0.1442
  Recall: 0.2980
============================================================


✓ 精细搜索找到更好的阈值！

============================================================
自适应搜索完成！
============================================================
最终最佳阈值: 0.602747
最佳 F1: 0.1943
Precision: 0.1442
Recall: 0.2980
============================================================

Saved Best F1 results: /data/modeluse/TS/ISTAD-release/analysis/r1_relation_bottleneck/runtime/anomaly_detection_SMD_ISTAD_SMD_ftM_sl96_bmhgat_ent_hglite_rb_bs128_r1_learned_dynamic_s87_0/bestf1_threshold_results.json
Saved anomaly score plot: /data/modeluse/TS/ISTAD-release/analysis/r1_relation_bottleneck/runtime/anomaly_detection_SMD_ISTAD_SMD_ftM_sl96_bmhgat_ent_hglite_rb_bs128_r1_learned_dynamic_s87_0/anomaly_score_threshold.png
ISTAD explainability is disabled by --istad_enable_explain 0
Saved train time summary: /data/modeluse/TS/ISTAD-release/analysis/r1_relation_bottleneck/runtime/anomaly_detection_SMD_ISTAD_SMD_ftM_sl96_bmhgat_ent_hglite_rb_bs128_r1_learned_dynamic_s87_0/train_time_summary.json
=== R1 SMD seed 87 learned_static ===
Using GPU
Args in experiment:
[1mBasic Config[0m
  Task Name:          anomaly_detection   Is Training:        1                   
  Model ID:           SMD                 Model:              ISTAD               
  Seed:               87                  Itr:                1                   

[1mData Loader[0m
  Data:               SMD                 Root Path:          /data/modeluse/TS/ISTAD/dataset/SMD
  Features:           M                   Seq Len:            96                  
  Enc In:             38                  C Out:              38                  
  Checkpoints:        /data/modeluse/TS/ISTAD-release/checkpoints/ISTAD_r1_relation_bottleneck
  Eval Step:          96                  

[1mAnomaly Detection Task[0m
  Anomaly Ratio:      1.0                 Threshold Source:   train               

[1mISTAD Parameters[0m
  Kernel Size:        7                   Branch Mode:        hgat                
  TCN Type:           kan                 
  Feat GAT Dim:       -1                  GRU Layers:         1                   
  GRU Hidden:         150                 Recon Layers:       1                   
  Recon Hidden:       32                  ISTAD Dropout:      0.3                 
  Recon Type:         pointwise           KANAD Order:        3                   
  Objective:          reconstruct         Target / Lag:       ('', 1)             
  Leaky Alpha:        0.2                 H Init:             normal              
  Hyperedges:         -1                  Top-K Nodes:        -1                  
  Spatial Type:       lite                HGAT Rank:          8                   
  HGAT Projection:    linear              Relation Mode:      static              
  KAN Grid:           5                   KAN Order:          3                   
  Arch:               legacy              Ablation:           full                
  Relation bottleneck:1                   Mask ratio/folds:   (0.2, 8)            
  Explainability:     0                   Explain Batches:    0                   
  Explain Points:     20000               Explain TopK:       10                  
  SmoothGrad:         0                   SG Samples:         20                  
  SG Noise:           0.1                 Quad Mode:          quantile            
  Quad Value:         0.75                Err Agg:            sum                 
  Sal Agg:            sum                 

[1mRun Parameters[0m
  Num Workers:        4                   Batch Size:         128                 
  Train Epochs:       20                  Patience:           5                   
  Learning Rate:      0.001               Lradj:              cosine              
  Des:                r1_learned_static_s87

[1mGPU[0m
  Use GPU:            1                   GPU:                0                   
  Use Multi GPU:      0                   Devices:            0,1,2,3             

Use GPU: cuda:0
🚀 Lazy Loading: ISTAD ...
>>>>>>>start training : anomaly_detection_SMD_ISTAD_SMD_ftM_sl96_bmhgat_relstatic_ent_hglite_rb_bs128_r1_learned_static_s87_0>>>>>>>>>>>>>>>>>>>>>>>>>>
test: (708420, 38)
train: (566713, 38)
SMD entity-aware windows: 5949
train 5949
test: (708420, 38)
train: (566713, 38)
SMD entity-aware windows: 1470
val 1470
Epoch: 1 cost time: 2.1394474506378174
Epoch: 1, Steps: 47 | Train Loss: 0.9266578 Vali Loss: 0.7853661
Validation loss decreased (inf --> 0.785366).  Saving model ...
Updating learning rate to 0.0009938441702975688
Epoch: 2 cost time: 1.1242704391479492
Epoch: 2, Steps: 47 | Train Loss: 0.7466445 Vali Loss: 0.5781770
Validation loss decreased (0.785366 --> 0.578177).  Saving model ...
Updating learning rate to 0.0009755282581475768
Epoch: 3 cost time: 1.1466877460479736
Epoch: 3, Steps: 47 | Train Loss: 0.5748716 Vali Loss: 0.3835959
Validation loss decreased (0.578177 --> 0.383596).  Saving model ...
Updating learning rate to 0.0009455032620941839
Epoch: 4 cost time: 1.1100854873657227
Epoch: 4, Steps: 47 | Train Loss: 0.4660577 Vali Loss: 0.3220531
Validation loss decreased (0.383596 --> 0.322053).  Saving model ...
Updating learning rate to 0.0009045084971874737
Epoch: 5 cost time: 1.1287579536437988
Epoch: 5, Steps: 47 | Train Loss: 0.4385252 Vali Loss: 0.3830233
EarlyStopping counter: 1 out of 5
Updating learning rate to 0.0008535533905932737
Epoch: 6 cost time: 1.1382598876953125
Epoch: 6, Steps: 47 | Train Loss: 0.4041253 Vali Loss: 0.3257292
EarlyStopping counter: 2 out of 5
Updating learning rate to 0.0007938926261462366
Epoch: 7 cost time: 1.1349060535430908
Epoch: 7, Steps: 47 | Train Loss: 0.4160028 Vali Loss: 0.3289707
EarlyStopping counter: 3 out of 5
Updating learning rate to 0.0007269952498697733
Epoch: 8 cost time: 1.1445109844207764
Epoch: 8, Steps: 47 | Train Loss: 0.3693083 Vali Loss: 0.3187868
Validation loss decreased (0.322053 --> 0.318787).  Saving model ...
Updating learning rate to 0.0006545084971874737
Epoch: 9 cost time: 1.1244456768035889
Epoch: 9, Steps: 47 | Train Loss: 0.3827162 Vali Loss: 0.2689679
Validation loss decreased (0.318787 --> 0.268968).  Saving model ...
Updating learning rate to 0.0005782172325201155
Epoch: 10 cost time: 1.1211926937103271
Epoch: 10, Steps: 47 | Train Loss: 0.3431788 Vali Loss: 0.2406276
Validation loss decreased (0.268968 --> 0.240628).  Saving model ...
Updating learning rate to 0.0005
Epoch: 11 cost time: 1.1066718101501465
Epoch: 11, Steps: 47 | Train Loss: 0.3221698 Vali Loss: 0.2225559
Validation loss decreased (0.240628 --> 0.222556).  Saving model ...
Updating learning rate to 0.0004217827674798845
Epoch: 12 cost time: 1.109663724899292
Epoch: 12, Steps: 47 | Train Loss: 0.4081030 Vali Loss: 0.2873631
EarlyStopping counter: 1 out of 5
Updating learning rate to 0.00034549150281252633
Epoch: 13 cost time: 1.1470444202423096
Epoch: 13, Steps: 47 | Train Loss: 0.3808693 Vali Loss: 0.2591008
EarlyStopping counter: 2 out of 5
Updating learning rate to 0.00027300475013022663
Epoch: 14 cost time: 1.1359272003173828
Epoch: 14, Steps: 47 | Train Loss: 0.3504901 Vali Loss: 0.3313942
EarlyStopping counter: 3 out of 5
Updating learning rate to 0.00020610737385376348
Epoch: 15 cost time: 1.0941705703735352
Epoch: 15, Steps: 47 | Train Loss: 0.3505265 Vali Loss: 0.2294126
EarlyStopping counter: 4 out of 5
Updating learning rate to 0.00014644660940672628
Epoch: 16 cost time: 1.0800995826721191
Epoch: 16, Steps: 47 | Train Loss: 0.3184242 Vali Loss: 0.2394169
EarlyStopping counter: 5 out of 5
Early stopping
Saved relation bottleneck training diagnostics: /data/modeluse/TS/ISTAD-release/checkpoints/ISTAD_r1_relation_bottleneck/anomaly_detection_SMD_ISTAD_SMD_ftM_sl96_bmhgat_relstatic_ent_hglite_rb_bs128_r1_learned_static_s87_0/relation_bottleneck_train_diagnostics.json
>>>>>>>testing : anomaly_detection_SMD_ISTAD_SMD_ftM_sl96_bmhgat_relstatic_ent_hglite_rb_bs128_r1_learned_static_s87_0<<<<<<<<<<<<<<<<<<<<<<<<<<<<<<<<<
test: (708420, 38)
train: (566713, 38)
SMD entity-aware windows: 7360
test 7360
test: (708420, 38)
train: (566713, 38)
SMD entity-aware windows: 5892
score_train 5892
test: (708420, 38)
train: (566713, 38)
SMD entity-aware windows: 1470
val 1470
Saved relation bottleneck diagnostics: /data/modeluse/TS/ISTAD-release/analysis/r1_relation_bottleneck/runtime/anomaly_detection_SMD_ISTAD_SMD_ftM_sl96_bmhgat_relstatic_ent_hglite_rb_bs128_r1_learned_static_s87_0/relation_bottleneck_diagnostics.json
Percentile Threshold Source: train
Percentile Threshold : 2.212195801734919
Saved point scores and labels: /data/modeluse/TS/ISTAD-release/analysis/r1_relation_bottleneck/runtime/anomaly_detection_SMD_ISTAD_SMD_ftM_sl96_bmhgat_relstatic_ent_hglite_rb_bs128_r1_learned_static_s87_0/point_scores.npz
pred_raw: (706560,)
gt:      (706560,)
pred_pa: (706560,)
gt_pa:   (706560,)

============================================================
使用百分位数阈值的结果:
============================================================
Raw point F1: 0.1140 (P=0.1535, R=0.0906)
Accuracy : 0.9746, Precision : 0.6399, Recall : 0.8879, F-score : 0.7438 
============================================================


使用自适应 Best F1 搜索（两阶段）
粗搜索步数: 200, 精细搜索步数: 500

============================================================
自适应 Best F1 阈值搜索（两阶段）
============================================================

分数统计信息:
  最小值: 0.007781
  最大值: 13007.248047
  均值: 0.937781
  标准差: 65.664070
  中位数: 0.089106
  第1百分位: 0.016894
  第99百分位: 4.310749

自动确定的搜索范围: [0.008447, 8.621498]

============================================================
阶段 1: 粗搜索（步数: 200）
============================================================

============================================================
开始 Best F1 阈值搜索...
============================================================
搜索范围: [0.0084, 8.6215]
搜索步数: 200
使用点调整: False
阈值: 0.0515 | F1: 0.0970 | Precision: 0.0513 | Recall: 0.8960
阈值: 0.9128 | F1: 0.1654 | Precision: 0.1436 | Recall: 0.1951
阈值: 1.7741 | F1: 0.1246 | Precision: 0.1471 | Recall: 0.1080
阈值: 2.6354 | F1: 0.1040 | Precision: 0.1569 | Recall: 0.0778
阈值: 3.4967 | F1: 0.0914 | Precision: 0.1776 | Recall: 0.0615
阈值: 4.3580 | F1: 0.0846 | Precision: 0.2214 | Recall: 0.0523
阈值: 5.2193 | F1: 0.0786 | Precision: 0.2601 | Recall: 0.0463
阈值: 6.0806 | F1: 0.0743 | Precision: 0.3041 | Recall: 0.0423
阈值: 6.9420 | F1: 0.0593 | Precision: 0.3107 | Recall: 0.0328
阈值: 7.8033 | F1: 0.0529 | Precision: 0.3343 | Recall: 0.0287

============================================================
✓ 找到最佳阈值: 0.525230
  最佳 F1: 0.1921
  Precision: 0.1398
  Recall: 0.3073
============================================================


============================================================
阶段 2: 精细搜索（步数: 500）
============================================================
在最佳阈值 0.525230 附近精细搜索
精细搜索范围: [0.008447, 1.386535]

============================================================
开始 Best F1 阈值搜索...
============================================================
搜索范围: [0.0084, 1.3865]
搜索步数: 500
使用点调整: False
阈值: 0.0112 | F1: 0.0798 | Precision: 0.0416 | Recall: 1.0000
阈值: 0.1490 | F1: 0.1381 | Precision: 0.0780 | Recall: 0.6009
阈值: 0.2868 | F1: 0.1645 | Precision: 0.1028 | Recall: 0.4122
阈值: 0.4246 | F1: 0.1855 | Precision: 0.1270 | Recall: 0.3435
阈值: 0.5624 | F1: 0.1915 | Precision: 0.1421 | Recall: 0.2936
阈值: 0.7002 | F1: 0.1832 | Precision: 0.1456 | Recall: 0.2472
阈值: 0.8381 | F1: 0.1711 | Precision: 0.1441 | Recall: 0.2106
阈值: 0.9759 | F1: 0.1618 | Precision: 0.1438 | Recall: 0.1851
阈值: 1.1137 | F1: 0.1546 | Precision: 0.1441 | Recall: 0.1668
阈值: 1.2515 | F1: 0.1471 | Precision: 0.1440 | Recall: 0.1505

============================================================
✓ 找到最佳阈值: 0.545902
  最佳 F1: 0.1923
  Precision: 0.1415
  Recall: 0.3003
============================================================


✓ 精细搜索找到更好的阈值！

============================================================
自适应搜索完成！
============================================================
最终最佳阈值: 0.545902
最佳 F1: 0.1923
Precision: 0.1415
Recall: 0.3003
============================================================

Saved Best F1 results: /data/modeluse/TS/ISTAD-release/analysis/r1_relation_bottleneck/runtime/anomaly_detection_SMD_ISTAD_SMD_ftM_sl96_bmhgat_relstatic_ent_hglite_rb_bs128_r1_learned_static_s87_0/bestf1_threshold_results.json
Saved anomaly score plot: /data/modeluse/TS/ISTAD-release/analysis/r1_relation_bottleneck/runtime/anomaly_detection_SMD_ISTAD_SMD_ftM_sl96_bmhgat_relstatic_ent_hglite_rb_bs128_r1_learned_static_s87_0/anomaly_score_threshold.png
ISTAD explainability is disabled by --istad_enable_explain 0
Saved train time summary: /data/modeluse/TS/ISTAD-release/analysis/r1_relation_bottleneck/runtime/anomaly_detection_SMD_ISTAD_SMD_ftM_sl96_bmhgat_relstatic_ent_hglite_rb_bs128_r1_learned_static_s87_0/train_time_summary.json
=== R1 SMD seed 87 fixed_random ===
Using GPU
Args in experiment:
[1mBasic Config[0m
  Task Name:          anomaly_detection   Is Training:        1                   
  Model ID:           SMD                 Model:              ISTAD               
  Seed:               87                  Itr:                1                   

[1mData Loader[0m
  Data:               SMD                 Root Path:          /data/modeluse/TS/ISTAD/dataset/SMD
  Features:           M                   Seq Len:            96                  
  Enc In:             38                  C Out:              38                  
  Checkpoints:        /data/modeluse/TS/ISTAD-release/checkpoints/ISTAD_r1_relation_bottleneck
  Eval Step:          96                  

[1mAnomaly Detection Task[0m
  Anomaly Ratio:      1.0                 Threshold Source:   train               

[1mISTAD Parameters[0m
  Kernel Size:        7                   Branch Mode:        hgat                
  TCN Type:           kan                 
  Feat GAT Dim:       -1                  GRU Layers:         1                   
  GRU Hidden:         150                 Recon Layers:       1                   
  Recon Hidden:       32                  ISTAD Dropout:      0.3                 
  Recon Type:         pointwise           KANAD Order:        3                   
  Objective:          reconstruct         Target / Lag:       ('', 1)             
  Leaky Alpha:        0.2                 H Init:             normal              
  Hyperedges:         -1                  Top-K Nodes:        -1                  
  Spatial Type:       lite                HGAT Rank:          8                   
  HGAT Projection:    linear              Relation Mode:      fixed_random        
  KAN Grid:           5                   KAN Order:          3                   
  Arch:               legacy              Ablation:           full                
  Relation bottleneck:1                   Mask ratio/folds:   (0.2, 8)            
  Explainability:     0                   Explain Batches:    0                   
  Explain Points:     20000               Explain TopK:       10                  
  SmoothGrad:         0                   SG Samples:         20                  
  SG Noise:           0.1                 Quad Mode:          quantile            
  Quad Value:         0.75                Err Agg:            sum                 
  Sal Agg:            sum                 

[1mRun Parameters[0m
  Num Workers:        4                   Batch Size:         128                 
  Train Epochs:       20                  Patience:           5                   
  Learning Rate:      0.001               Lradj:              cosine              
  Des:                r1_fixed_random_s87 

[1mGPU[0m
  Use GPU:            1                   GPU:                0                   
  Use Multi GPU:      0                   Devices:            0,1,2,3             

Use GPU: cuda:0
🚀 Lazy Loading: ISTAD ...
>>>>>>>start training : anomaly_detection_SMD_ISTAD_SMD_ftM_sl96_bmhgat_relfixed_random_ent_hglite_rb_bs128_r1_fixed_random_s87_0>>>>>>>>>>>>>>>>>>>>>>>>>>
test: (708420, 38)
train: (566713, 38)
SMD entity-aware windows: 5949
train 5949
test: (708420, 38)
train: (566713, 38)
SMD entity-aware windows: 1470
val 1470
Epoch: 1 cost time: 1.9972057342529297
Epoch: 1, Steps: 47 | Train Loss: 0.9282686 Vali Loss: 0.7846709
Validation loss decreased (inf --> 0.784671).  Saving model ...
Updating learning rate to 0.0009938441702975688
Epoch: 2 cost time: 0.9975848197937012
Epoch: 2, Steps: 47 | Train Loss: 0.7352113 Vali Loss: 0.5595931
Validation loss decreased (0.784671 --> 0.559593).  Saving model ...
Updating learning rate to 0.0009755282581475768
Epoch: 3 cost time: 0.9602563381195068
Epoch: 3, Steps: 47 | Train Loss: 0.5734594 Vali Loss: 0.4073990
Validation loss decreased (0.559593 --> 0.407399).  Saving model ...
Updating learning rate to 0.0009455032620941839
Epoch: 4 cost time: 0.9473912715911865
Epoch: 4, Steps: 47 | Train Loss: 0.4868982 Vali Loss: 0.3351211
Validation loss decreased (0.407399 --> 0.335121).  Saving model ...
Updating learning rate to 0.0009045084971874737
Epoch: 5 cost time: 0.9546146392822266
Epoch: 5, Steps: 47 | Train Loss: 0.4502818 Vali Loss: 0.3889272
EarlyStopping counter: 1 out of 5
Updating learning rate to 0.0008535533905932737
Epoch: 6 cost time: 0.944833517074585
Epoch: 6, Steps: 47 | Train Loss: 0.4105658 Vali Loss: 0.3329874
Validation loss decreased (0.335121 --> 0.332987).  Saving model ...
Updating learning rate to 0.0007938926261462366
Epoch: 7 cost time: 0.9431612491607666
Epoch: 7, Steps: 47 | Train Loss: 0.4243510 Vali Loss: 0.3345060
EarlyStopping counter: 1 out of 5
Updating learning rate to 0.0007269952498697733
Epoch: 8 cost time: 0.9936926364898682
Epoch: 8, Steps: 47 | Train Loss: 0.3736198 Vali Loss: 0.3151928
Validation loss decreased (0.332987 --> 0.315193).  Saving model ...
Updating learning rate to 0.0006545084971874737
Epoch: 9 cost time: 0.9731776714324951
Epoch: 9, Steps: 47 | Train Loss: 0.3824441 Vali Loss: 0.2690332
Validation loss decreased (0.315193 --> 0.269033).  Saving model ...
Updating learning rate to 0.0005782172325201155
Epoch: 10 cost time: 1.0103981494903564
Epoch: 10, Steps: 47 | Train Loss: 0.3434696 Vali Loss: 0.2434290
Validation loss decreased (0.269033 --> 0.243429).  Saving model ...
Updating learning rate to 0.0005
Epoch: 11 cost time: 0.9968106746673584
Epoch: 11, Steps: 47 | Train Loss: 0.3230906 Vali Loss: 0.2226781
Validation loss decreased (0.243429 --> 0.222678).  Saving model ...
Updating learning rate to 0.0004217827674798845
Epoch: 12 cost time: 0.9380621910095215
Epoch: 12, Steps: 47 | Train Loss: 0.4073826 Vali Loss: 0.2838577
EarlyStopping counter: 1 out of 5
Updating learning rate to 0.00034549150281252633
Epoch: 13 cost time: 0.9121749401092529
Epoch: 13, Steps: 47 | Train Loss: 0.3800785 Vali Loss: 0.2587402
EarlyStopping counter: 2 out of 5
Updating learning rate to 0.00027300475013022663
Epoch: 14 cost time: 0.9513747692108154
Epoch: 14, Steps: 47 | Train Loss: 0.3499928 Vali Loss: 0.3309769
EarlyStopping counter: 3 out of 5
Updating learning rate to 0.00020610737385376348
Epoch: 15 cost time: 0.9745724201202393
Epoch: 15, Steps: 47 | Train Loss: 0.3492933 Vali Loss: 0.2268031
EarlyStopping counter: 4 out of 5
Updating learning rate to 0.00014644660940672628
Epoch: 16 cost time: 0.9918036460876465
Epoch: 16, Steps: 47 | Train Loss: 0.3163403 Vali Loss: 0.2339651
EarlyStopping counter: 5 out of 5
Early stopping
Saved relation bottleneck training diagnostics: /data/modeluse/TS/ISTAD-release/checkpoints/ISTAD_r1_relation_bottleneck/anomaly_detection_SMD_ISTAD_SMD_ftM_sl96_bmhgat_relfixed_random_ent_hglite_rb_bs128_r1_fixed_random_s87_0/relation_bottleneck_train_diagnostics.json
>>>>>>>testing : anomaly_detection_SMD_ISTAD_SMD_ftM_sl96_bmhgat_relfixed_random_ent_hglite_rb_bs128_r1_fixed_random_s87_0<<<<<<<<<<<<<<<<<<<<<<<<<<<<<<<<<
test: (708420, 38)
train: (566713, 38)
SMD entity-aware windows: 7360
test 7360
test: (708420, 38)
train: (566713, 38)
SMD entity-aware windows: 5892
score_train 5892
test: (708420, 38)
train: (566713, 38)
SMD entity-aware windows: 1470
val 1470
Saved relation bottleneck diagnostics: /data/modeluse/TS/ISTAD-release/analysis/r1_relation_bottleneck/runtime/anomaly_detection_SMD_ISTAD_SMD_ftM_sl96_bmhgat_relfixed_random_ent_hglite_rb_bs128_r1_fixed_random_s87_0/relation_bottleneck_diagnostics.json
Percentile Threshold Source: train
Percentile Threshold : 2.208639512062069
Saved point scores and labels: /data/modeluse/TS/ISTAD-release/analysis/r1_relation_bottleneck/runtime/anomaly_detection_SMD_ISTAD_SMD_ftM_sl96_bmhgat_relfixed_random_ent_hglite_rb_bs128_r1_fixed_random_s87_0/point_scores.npz
pred_raw: (706560,)
gt:      (706560,)
pred_pa: (706560,)
gt_pa:   (706560,)

============================================================
使用百分位数阈值的结果:
============================================================
Raw point F1: 0.1136 (P=0.1520, R=0.0906)
Accuracy : 0.9744, Precision : 0.6374, Recall : 0.8888, F-score : 0.7424 
============================================================


使用自适应 Best F1 搜索（两阶段）
粗搜索步数: 200, 精细搜索步数: 500

============================================================
自适应 Best F1 阈值搜索（两阶段）
============================================================

分数统计信息:
  最小值: 0.009757
  最大值: 13008.690430
  均值: 0.942309
  标准差: 65.701889
  中位数: 0.091413
  第1百分位: 0.018529
  第99百分位: 4.417998

自动确定的搜索范围: [0.009757, 8.835996]

============================================================
阶段 1: 粗搜索（步数: 200）
============================================================

============================================================
开始 Best F1 阈值搜索...
============================================================
搜索范围: [0.0098, 8.8360]
搜索步数: 200
使用点调整: False
阈值: 0.0539 | F1: 0.0968 | Precision: 0.0511 | Recall: 0.9006
阈值: 0.9365 | F1: 0.1621 | Precision: 0.1415 | Recall: 0.1898
阈值: 1.8191 | F1: 0.1238 | Precision: 0.1485 | Recall: 0.1062
阈值: 2.7018 | F1: 0.1035 | Precision: 0.1567 | Recall: 0.0772
阈值: 3.5844 | F1: 0.0914 | Precision: 0.1780 | Recall: 0.0615
阈值: 4.4670 | F1: 0.0822 | Precision: 0.2152 | Recall: 0.0508
阈值: 5.3496 | F1: 0.0776 | Precision: 0.2564 | Recall: 0.0457
阈值: 6.2323 | F1: 0.0730 | Precision: 0.2994 | Recall: 0.0416
阈值: 7.1149 | F1: 0.0577 | Precision: 0.3034 | Recall: 0.0319
阈值: 7.9975 | F1: 0.0521 | Precision: 0.3298 | Recall: 0.0283

============================================================
✓ 找到最佳阈值: 0.539332
  最佳 F1: 0.1927
  Precision: 0.1409
  Recall: 0.3046
============================================================


============================================================
阶段 2: 精细搜索（步数: 500）
============================================================
在最佳阈值 0.539332 附近精细搜索
精细搜索范围: [0.009757, 1.421956]

============================================================
开始 Best F1 阈值搜索...
============================================================
搜索范围: [0.0098, 1.4220]
搜索步数: 500
使用点调整: False
阈值: 0.0126 | F1: 0.0798 | Precision: 0.0416 | Recall: 1.0000
阈值: 0.1538 | F1: 0.1406 | Precision: 0.0797 | Recall: 0.5939
阈值: 0.2950 | F1: 0.1715 | Precision: 0.1083 | Recall: 0.4120
阈值: 0.4362 | F1: 0.1888 | Precision: 0.1305 | Recall: 0.3412
阈值: 0.5775 | F1: 0.1916 | Precision: 0.1429 | Recall: 0.2905
阈值: 0.7187 | F1: 0.1793 | Precision: 0.1429 | Recall: 0.2407
阈值: 0.8599 | F1: 0.1665 | Precision: 0.1410 | Recall: 0.2034
阈值: 1.0011 | F1: 0.1588 | Precision: 0.1421 | Recall: 0.1801
阈值: 1.1423 | F1: 0.1516 | Precision: 0.1428 | Recall: 0.1615
阈值: 1.2836 | F1: 0.1451 | Precision: 0.1438 | Recall: 0.1463

============================================================
✓ 找到最佳阈值: 0.540744
  最佳 F1: 0.1927
  Precision: 0.1410
  Recall: 0.3041
============================================================


✓ 精细搜索找到更好的阈值！

============================================================
自适应搜索完成！
============================================================
最终最佳阈值: 0.540744
最佳 F1: 0.1927
Precision: 0.1410
Recall: 0.3041
============================================================

Saved Best F1 results: /data/modeluse/TS/ISTAD-release/analysis/r1_relation_bottleneck/runtime/anomaly_detection_SMD_ISTAD_SMD_ftM_sl96_bmhgat_relfixed_random_ent_hglite_rb_bs128_r1_fixed_random_s87_0/bestf1_threshold_results.json
Saved anomaly score plot: /data/modeluse/TS/ISTAD-release/analysis/r1_relation_bottleneck/runtime/anomaly_detection_SMD_ISTAD_SMD_ftM_sl96_bmhgat_relfixed_random_ent_hglite_rb_bs128_r1_fixed_random_s87_0/anomaly_score_threshold.png
ISTAD explainability is disabled by --istad_enable_explain 0
Saved train time summary: /data/modeluse/TS/ISTAD-release/analysis/r1_relation_bottleneck/runtime/anomaly_detection_SMD_ISTAD_SMD_ftM_sl96_bmhgat_relfixed_random_ent_hglite_rb_bs128_r1_fixed_random_s87_0/train_time_summary.json
=== R1 SMD seed 87 no_message ===
Using GPU
Args in experiment:
[1mBasic Config[0m
  Task Name:          anomaly_detection   Is Training:        1                   
  Model ID:           SMD                 Model:              ISTAD               
  Seed:               87                  Itr:                1                   

[1mData Loader[0m
  Data:               SMD                 Root Path:          /data/modeluse/TS/ISTAD/dataset/SMD
  Features:           M                   Seq Len:            96                  
  Enc In:             38                  C Out:              38                  
  Checkpoints:        /data/modeluse/TS/ISTAD-release/checkpoints/ISTAD_r1_relation_bottleneck
  Eval Step:          96                  

[1mAnomaly Detection Task[0m
  Anomaly Ratio:      1.0                 Threshold Source:   train               

[1mISTAD Parameters[0m
  Kernel Size:        7                   Branch Mode:        hgat                
  TCN Type:           kan                 
  Feat GAT Dim:       -1                  GRU Layers:         1                   
  GRU Hidden:         150                 Recon Layers:       1                   
  Recon Hidden:       32                  ISTAD Dropout:      0.3                 
  Recon Type:         pointwise           KANAD Order:        3                   
  Objective:          reconstruct         Target / Lag:       ('', 1)             
  Leaky Alpha:        0.2                 H Init:             normal              
  Hyperedges:         -1                  Top-K Nodes:        -1                  
  Spatial Type:       lite                HGAT Rank:          8                   
  HGAT Projection:    linear              Relation Mode:      no_message          
  KAN Grid:           5                   KAN Order:          3                   
  Arch:               legacy              Ablation:           full                
  Relation bottleneck:1                   Mask ratio/folds:   (0.2, 8)            
  Explainability:     0                   Explain Batches:    0                   
  Explain Points:     20000               Explain TopK:       10                  
  SmoothGrad:         0                   SG Samples:         20                  
  SG Noise:           0.1                 Quad Mode:          quantile            
  Quad Value:         0.75                Err Agg:            sum                 
  Sal Agg:            sum                 

[1mRun Parameters[0m
  Num Workers:        4                   Batch Size:         128                 
  Train Epochs:       20                  Patience:           5                   
  Learning Rate:      0.001               Lradj:              cosine              
  Des:                r1_no_message_s87   

[1mGPU[0m
  Use GPU:            1                   GPU:                0                   
  Use Multi GPU:      0                   Devices:            0,1,2,3             

Use GPU: cuda:0
🚀 Lazy Loading: ISTAD ...
>>>>>>>start training : anomaly_detection_SMD_ISTAD_SMD_ftM_sl96_bmhgat_relno_message_ent_hglite_rb_bs128_r1_no_message_s87_0>>>>>>>>>>>>>>>>>>>>>>>>>>
test: (708420, 38)
train: (566713, 38)
SMD entity-aware windows: 5949
train 5949
test: (708420, 38)
train: (566713, 38)
SMD entity-aware windows: 1470
val 1470
Epoch: 1 cost time: 1.5606622695922852
Epoch: 1, Steps: 47 | Train Loss: 1.0372439 Vali Loss: 0.7963671
Validation loss decreased (inf --> 0.796367).  Saving model ...
Updating learning rate to 0.0009938441702975688
Epoch: 2 cost time: 0.543816089630127
Epoch: 2, Steps: 47 | Train Loss: 0.7626223 Vali Loss: 0.6136686
Validation loss decreased (0.796367 --> 0.613669).  Saving model ...
Updating learning rate to 0.0009755282581475768
Epoch: 3 cost time: 0.5920400619506836
Epoch: 3, Steps: 47 | Train Loss: 0.5742915 Vali Loss: 0.4378083
Validation loss decreased (0.613669 --> 0.437808).  Saving model ...
Updating learning rate to 0.0009455032620941839
Epoch: 4 cost time: 0.5820646286010742
Epoch: 4, Steps: 47 | Train Loss: 0.6541465 Vali Loss: 0.3659456
Validation loss decreased (0.437808 --> 0.365946).  Saving model ...
Updating learning rate to 0.0009045084971874737
Epoch: 5 cost time: 0.5674824714660645
Epoch: 5, Steps: 47 | Train Loss: 0.4627429 Vali Loss: 0.4173008
EarlyStopping counter: 1 out of 5
Updating learning rate to 0.0008535533905932737
Epoch: 6 cost time: 0.5574018955230713
Epoch: 6, Steps: 47 | Train Loss: 0.4482177 Vali Loss: 0.3614108
Validation loss decreased (0.365946 --> 0.361411).  Saving model ...
Updating learning rate to 0.0007938926261462366
Epoch: 7 cost time: 0.603191614151001
Epoch: 7, Steps: 47 | Train Loss: 0.4957156 Vali Loss: 0.3626040
EarlyStopping counter: 1 out of 5
Updating learning rate to 0.0007269952498697733
Epoch: 8 cost time: 0.5773186683654785
Epoch: 8, Steps: 47 | Train Loss: 0.5027986 Vali Loss: 0.3491196
Validation loss decreased (0.361411 --> 0.349120).  Saving model ...
Updating learning rate to 0.0006545084971874737
Epoch: 9 cost time: 0.5799846649169922
Epoch: 9, Steps: 47 | Train Loss: 0.3681241 Vali Loss: 0.3043809
Validation loss decreased (0.349120 --> 0.304381).  Saving model ...
Updating learning rate to 0.0005782172325201155
Epoch: 10 cost time: 0.5748274326324463
Epoch: 10, Steps: 47 | Train Loss: 0.4028228 Vali Loss: 0.2756685
Validation loss decreased (0.304381 --> 0.275668).  Saving model ...
Updating learning rate to 0.0005
Epoch: 11 cost time: 0.5782561302185059
Epoch: 11, Steps: 47 | Train Loss: 0.4247529 Vali Loss: 0.2535054
Validation loss decreased (0.275668 --> 0.253505).  Saving model ...
Updating learning rate to 0.0004217827674798845
Epoch: 12 cost time: 0.5499441623687744
Epoch: 12, Steps: 47 | Train Loss: 0.3567404 Vali Loss: 0.3115620
EarlyStopping counter: 1 out of 5
Updating learning rate to 0.00034549150281252633
Epoch: 13 cost time: 0.5692331790924072
Epoch: 13, Steps: 47 | Train Loss: 0.3435863 Vali Loss: 0.2853713
EarlyStopping counter: 2 out of 5
Updating learning rate to 0.00027300475013022663
Epoch: 14 cost time: 0.5995521545410156
Epoch: 14, Steps: 47 | Train Loss: 0.3305748 Vali Loss: 0.3573773
EarlyStopping counter: 3 out of 5
Updating learning rate to 0.00020610737385376348
Epoch: 15 cost time: 0.5627174377441406
Epoch: 15, Steps: 47 | Train Loss: 0.3400868 Vali Loss: 0.2509801
Validation loss decreased (0.253505 --> 0.250980).  Saving model ...
Updating learning rate to 0.00014644660940672628
Epoch: 16 cost time: 0.5274896621704102
Epoch: 16, Steps: 47 | Train Loss: 0.3455687 Vali Loss: 0.2586694
EarlyStopping counter: 1 out of 5
Updating learning rate to 9.549150281252633e-05
Epoch: 17 cost time: 0.5623986721038818
Epoch: 17, Steps: 47 | Train Loss: 0.3474244 Vali Loss: 0.3268235
EarlyStopping counter: 2 out of 5
Updating learning rate to 5.449673790581611e-05
Epoch: 18 cost time: 0.5475196838378906
Epoch: 18, Steps: 47 | Train Loss: 0.3326148 Vali Loss: 0.2332677
Validation loss decreased (0.250980 --> 0.233268).  Saving model ...
Updating learning rate to 2.4471741852423235e-05
Epoch: 19 cost time: 0.5615742206573486
Epoch: 19, Steps: 47 | Train Loss: 0.3774301 Vali Loss: 0.2296841
Validation loss decreased (0.233268 --> 0.229684).  Saving model ...
Updating learning rate to 6.15582970243117e-06
Epoch: 20 cost time: 0.5807895660400391
Epoch: 20, Steps: 47 | Train Loss: 0.3413062 Vali Loss: 0.2544219
EarlyStopping counter: 1 out of 5
Updating learning rate to 0.0
Saved relation bottleneck training diagnostics: /data/modeluse/TS/ISTAD-release/checkpoints/ISTAD_r1_relation_bottleneck/anomaly_detection_SMD_ISTAD_SMD_ftM_sl96_bmhgat_relno_message_ent_hglite_rb_bs128_r1_no_message_s87_0/relation_bottleneck_train_diagnostics.json
>>>>>>>testing : anomaly_detection_SMD_ISTAD_SMD_ftM_sl96_bmhgat_relno_message_ent_hglite_rb_bs128_r1_no_message_s87_0<<<<<<<<<<<<<<<<<<<<<<<<<<<<<<<<<
test: (708420, 38)
train: (566713, 38)
SMD entity-aware windows: 7360
test 7360
test: (708420, 38)
train: (566713, 38)
SMD entity-aware windows: 5892
score_train 5892
test: (708420, 38)
train: (566713, 38)
SMD entity-aware windows: 1470
val 1470
Saved relation bottleneck diagnostics: /data/modeluse/TS/ISTAD-release/analysis/r1_relation_bottleneck/runtime/anomaly_detection_SMD_ISTAD_SMD_ftM_sl96_bmhgat_relno_message_ent_hglite_rb_bs128_r1_no_message_s87_0/relation_bottleneck_diagnostics.json
Percentile Threshold Source: train
Percentile Threshold : 2.1890116357803127
Saved point scores and labels: /data/modeluse/TS/ISTAD-release/analysis/r1_relation_bottleneck/runtime/anomaly_detection_SMD_ISTAD_SMD_ftM_sl96_bmhgat_relno_message_ent_hglite_rb_bs128_r1_no_message_s87_0/point_scores.npz
pred_raw: (706560,)
gt:      (706560,)
pred_pa: (706560,)
gt_pa:   (706560,)

============================================================
使用百分位数阈值的结果:
============================================================
Raw point F1: 0.1179 (P=0.1589, R=0.0937)
Accuracy : 0.9748, Precision : 0.6418, Recall : 0.8883, F-score : 0.7452 
============================================================


使用自适应 Best F1 搜索（两阶段）
粗搜索步数: 200, 精细搜索步数: 500

============================================================
自适应 Best F1 阈值搜索（两阶段）
============================================================

分数统计信息:
  最小值: 0.004858
  最大值: 12990.921875
  均值: 0.940831
  标准差: 65.299896
  中位数: 0.091325
  第1百分位: 0.014860
  第99百分位: 4.238672

自动确定的搜索范围: [0.007430, 8.477345]

============================================================
阶段 1: 粗搜索（步数: 200）
============================================================

============================================================
开始 Best F1 阈值搜索...
============================================================
搜索范围: [0.0074, 8.4773]
搜索步数: 200
使用点调整: False
阈值: 0.0498 | F1: 0.0955 | Precision: 0.0504 | Recall: 0.9033
阈值: 0.8968 | F1: 0.1695 | Precision: 0.1422 | Recall: 0.2099
阈值: 1.7438 | F1: 0.1342 | Precision: 0.1577 | Recall: 0.1168
阈值: 2.5908 | F1: 0.1070 | Precision: 0.1611 | Recall: 0.0802
阈值: 3.4377 | F1: 0.0918 | Precision: 0.1788 | Recall: 0.0618
阈值: 4.2847 | F1: 0.0854 | Precision: 0.2231 | Recall: 0.0528
阈值: 5.1317 | F1: 0.0799 | Precision: 0.2661 | Recall: 0.0470
阈值: 5.9787 | F1: 0.0743 | Precision: 0.3061 | Recall: 0.0423
阈值: 6.8257 | F1: 0.0600 | Precision: 0.3186 | Recall: 0.0331
阈值: 7.6727 | F1: 0.0541 | Precision: 0.3443 | Recall: 0.0293

============================================================
✓ 找到最佳阈值: 0.515625
  最佳 F1: 0.1815
  Precision: 0.1252
  Recall: 0.3301
============================================================


============================================================
阶段 2: 精细搜索（步数: 500）
============================================================
在最佳阈值 0.515625 附近精细搜索
精细搜索范围: [0.007430, 1.362616]

============================================================
开始 Best F1 阈值搜索...
============================================================
搜索范围: [0.0074, 1.3626]
搜索步数: 500
使用点调整: False
阈值: 0.0101 | F1: 0.0798 | Precision: 0.0416 | Recall: 1.0000
阈值: 0.1457 | F1: 0.1322 | Precision: 0.0742 | Recall: 0.6085
阈值: 0.2812 | F1: 0.1612 | Precision: 0.0984 | Recall: 0.4453
阈值: 0.4167 | F1: 0.1763 | Precision: 0.1156 | Recall: 0.3707
阈值: 0.5522 | F1: 0.1812 | Precision: 0.1273 | Recall: 0.3142
阈值: 0.6877 | F1: 0.1779 | Precision: 0.1340 | Recall: 0.2646
阈值: 0.8233 | F1: 0.1726 | Precision: 0.1397 | Recall: 0.2258
阈值: 0.9588 | F1: 0.1671 | Precision: 0.1439 | Recall: 0.1993
阈值: 1.0943 | F1: 0.1622 | Precision: 0.1473 | Recall: 0.1803
阈值: 1.2298 | F1: 0.1574 | Precision: 0.1512 | Recall: 0.1642

============================================================
✓ 找到最佳阈值: 0.511559
  最佳 F1: 0.1818
  Precision: 0.1251
  Recall: 0.3324
============================================================


✓ 精细搜索找到更好的阈值！

============================================================
自适应搜索完成！
============================================================
最终最佳阈值: 0.511559
最佳 F1: 0.1818
Precision: 0.1251
Recall: 0.3324
============================================================

Saved Best F1 results: /data/modeluse/TS/ISTAD-release/analysis/r1_relation_bottleneck/runtime/anomaly_detection_SMD_ISTAD_SMD_ftM_sl96_bmhgat_relno_message_ent_hglite_rb_bs128_r1_no_message_s87_0/bestf1_threshold_results.json
Saved anomaly score plot: /data/modeluse/TS/ISTAD-release/analysis/r1_relation_bottleneck/runtime/anomaly_detection_SMD_ISTAD_SMD_ftM_sl96_bmhgat_relno_message_ent_hglite_rb_bs128_r1_no_message_s87_0/anomaly_score_threshold.png
ISTAD explainability is disabled by --istad_enable_explain 0
Saved train time summary: /data/modeluse/TS/ISTAD-release/analysis/r1_relation_bottleneck/runtime/anomaly_detection_SMD_ISTAD_SMD_ftM_sl96_bmhgat_relno_message_ent_hglite_rb_bs128_r1_no_message_s87_0/train_time_summary.json
=== R1 SMD seed 90 learned_dynamic ===
Using GPU
Args in experiment:
[1mBasic Config[0m
  Task Name:          anomaly_detection   Is Training:        1                   
  Model ID:           SMD                 Model:              ISTAD               
  Seed:               90                  Itr:                1                   

[1mData Loader[0m
  Data:               SMD                 Root Path:          /data/modeluse/TS/ISTAD/dataset/SMD
  Features:           M                   Seq Len:            96                  
  Enc In:             38                  C Out:              38                  
  Checkpoints:        /data/modeluse/TS/ISTAD-release/checkpoints/ISTAD_r1_relation_bottleneck
  Eval Step:          96                  

[1mAnomaly Detection Task[0m
  Anomaly Ratio:      1.0                 Threshold Source:   train               

[1mISTAD Parameters[0m
  Kernel Size:        7                   Branch Mode:        hgat                
  TCN Type:           kan                 
  Feat GAT Dim:       -1                  GRU Layers:         1                   
  GRU Hidden:         150                 Recon Layers:       1                   
  Recon Hidden:       32                  ISTAD Dropout:      0.3                 
  Recon Type:         pointwise           KANAD Order:        3                   
  Objective:          reconstruct         Target / Lag:       ('', 1)             
  Leaky Alpha:        0.2                 H Init:             normal              
  Hyperedges:         -1                  Top-K Nodes:        -1                  
  Spatial Type:       lite                HGAT Rank:          8                   
  HGAT Projection:    linear              Relation Mode:      dynamic             
  KAN Grid:           5                   KAN Order:          3                   
  Arch:               legacy              Ablation:           full                
  Relation bottleneck:1                   Mask ratio/folds:   (0.2, 8)            
  Explainability:     0                   Explain Batches:    0                   
  Explain Points:     20000               Explain TopK:       10                  
  SmoothGrad:         0                   SG Samples:         20                  
  SG Noise:           0.1                 Quad Mode:          quantile            
  Quad Value:         0.75                Err Agg:            sum                 
  Sal Agg:            sum                 

[1mRun Parameters[0m
  Num Workers:        4                   Batch Size:         128                 
  Train Epochs:       20                  Patience:           5                   
  Learning Rate:      0.001               Lradj:              cosine              
  Des:                r1_learned_dynamic_s90

[1mGPU[0m
  Use GPU:            1                   GPU:                0                   
  Use Multi GPU:      0                   Devices:            0,1,2,3             

Use GPU: cuda:0
🚀 Lazy Loading: ISTAD ...
>>>>>>>start training : anomaly_detection_SMD_ISTAD_SMD_ftM_sl96_bmhgat_ent_hglite_rb_bs128_r1_learned_dynamic_s90_0>>>>>>>>>>>>>>>>>>>>>>>>>>
test: (708420, 38)
train: (566713, 38)
SMD entity-aware windows: 5949
train 5949
test: (708420, 38)
train: (566713, 38)
SMD entity-aware windows: 1470
val 1470
Epoch: 1 cost time: 2.400355815887451
Epoch: 1, Steps: 47 | Train Loss: 0.9641693 Vali Loss: 0.7551518
Validation loss decreased (inf --> 0.755152).  Saving model ...
Updating learning rate to 0.0009938441702975688
Epoch: 2 cost time: 1.3122246265411377
Epoch: 2, Steps: 47 | Train Loss: 0.7374164 Vali Loss: 0.5295590
Validation loss decreased (0.755152 --> 0.529559).  Saving model ...
Updating learning rate to 0.0009755282581475768
Epoch: 3 cost time: 1.3245337009429932
Epoch: 3, Steps: 47 | Train Loss: 0.5495594 Vali Loss: 0.3814272
Validation loss decreased (0.529559 --> 0.381427).  Saving model ...
Updating learning rate to 0.0009455032620941839
Epoch: 4 cost time: 1.3400063514709473
Epoch: 4, Steps: 47 | Train Loss: 0.4978979 Vali Loss: 0.3516987
Validation loss decreased (0.381427 --> 0.351699).  Saving model ...
Updating learning rate to 0.0009045084971874737
Epoch: 5 cost time: 1.337991714477539
Epoch: 5, Steps: 47 | Train Loss: 0.4272844 Vali Loss: 0.3612923
EarlyStopping counter: 1 out of 5
Updating learning rate to 0.0008535533905932737
Epoch: 6 cost time: 1.3117225170135498
Epoch: 6, Steps: 47 | Train Loss: 0.4198006 Vali Loss: 0.3005358
Validation loss decreased (0.351699 --> 0.300536).  Saving model ...
Updating learning rate to 0.0007938926261462366
Epoch: 7 cost time: 1.3020548820495605
Epoch: 7, Steps: 47 | Train Loss: 0.5082749 Vali Loss: 0.3031104
EarlyStopping counter: 1 out of 5
Updating learning rate to 0.0007269952498697733
Epoch: 8 cost time: 1.2921886444091797
Epoch: 8, Steps: 47 | Train Loss: 0.4412665 Vali Loss: 0.2696739
Validation loss decreased (0.300536 --> 0.269674).  Saving model ...
Updating learning rate to 0.0006545084971874737
Epoch: 9 cost time: 1.333770513534546
Epoch: 9, Steps: 47 | Train Loss: 0.3794479 Vali Loss: 0.3195202
EarlyStopping counter: 1 out of 5
Updating learning rate to 0.0005782172325201155
Epoch: 10 cost time: 1.3521406650543213
Epoch: 10, Steps: 47 | Train Loss: 0.3670149 Vali Loss: 0.2488187
Validation loss decreased (0.269674 --> 0.248819).  Saving model ...
Updating learning rate to 0.0005
Epoch: 11 cost time: 1.2975490093231201
Epoch: 11, Steps: 47 | Train Loss: 0.3576137 Vali Loss: 0.2927359
EarlyStopping counter: 1 out of 5
Updating learning rate to 0.0004217827674798845
Epoch: 12 cost time: 1.3161110877990723
Epoch: 12, Steps: 47 | Train Loss: 0.4470074 Vali Loss: 0.2642155
EarlyStopping counter: 2 out of 5
Updating learning rate to 0.00034549150281252633
Epoch: 13 cost time: 1.3343274593353271
Epoch: 13, Steps: 47 | Train Loss: 0.4254971 Vali Loss: 0.2810404
EarlyStopping counter: 3 out of 5
Updating learning rate to 0.00027300475013022663
Epoch: 14 cost time: 1.3040030002593994
Epoch: 14, Steps: 47 | Train Loss: 0.3946942 Vali Loss: 0.2747608
EarlyStopping counter: 4 out of 5
Updating learning rate to 0.00020610737385376348
Epoch: 15 cost time: 1.3173537254333496
Epoch: 15, Steps: 47 | Train Loss: 0.3770727 Vali Loss: 0.2304837
Validation loss decreased (0.248819 --> 0.230484).  Saving model ...
Updating learning rate to 0.00014644660940672628
Epoch: 16 cost time: 1.3387727737426758
Epoch: 16, Steps: 47 | Train Loss: 0.4261432 Vali Loss: 0.2752577
EarlyStopping counter: 1 out of 5
Updating learning rate to 9.549150281252633e-05
Epoch: 17 cost time: 1.3152613639831543
Epoch: 17, Steps: 47 | Train Loss: 0.4181435 Vali Loss: 0.2294228
Validation loss decreased (0.230484 --> 0.229423).  Saving model ...
Updating learning rate to 5.449673790581611e-05
Epoch: 18 cost time: 1.3133094310760498
Epoch: 18, Steps: 47 | Train Loss: 0.3409007 Vali Loss: 0.2387802
EarlyStopping counter: 1 out of 5
Updating learning rate to 2.4471741852423235e-05
Epoch: 19 cost time: 1.2926514148712158
Epoch: 19, Steps: 47 | Train Loss: 0.3402121 Vali Loss: 0.2270809
Validation loss decreased (0.229423 --> 0.227081).  Saving model ...
Updating learning rate to 6.15582970243117e-06
Epoch: 20 cost time: 1.2903492450714111
Epoch: 20, Steps: 47 | Train Loss: 0.4399643 Vali Loss: 0.2093920
Validation loss decreased (0.227081 --> 0.209392).  Saving model ...
Updating learning rate to 0.0
Saved relation bottleneck training diagnostics: /data/modeluse/TS/ISTAD-release/checkpoints/ISTAD_r1_relation_bottleneck/anomaly_detection_SMD_ISTAD_SMD_ftM_sl96_bmhgat_ent_hglite_rb_bs128_r1_learned_dynamic_s90_0/relation_bottleneck_train_diagnostics.json
>>>>>>>testing : anomaly_detection_SMD_ISTAD_SMD_ftM_sl96_bmhgat_ent_hglite_rb_bs128_r1_learned_dynamic_s90_0<<<<<<<<<<<<<<<<<<<<<<<<<<<<<<<<<
test: (708420, 38)
train: (566713, 38)
SMD entity-aware windows: 7360
test 7360
test: (708420, 38)
train: (566713, 38)
SMD entity-aware windows: 5892
score_train 5892
test: (708420, 38)
train: (566713, 38)
SMD entity-aware windows: 1470
val 1470
Saved relation bottleneck diagnostics: /data/modeluse/TS/ISTAD-release/analysis/r1_relation_bottleneck/runtime/anomaly_detection_SMD_ISTAD_SMD_ftM_sl96_bmhgat_ent_hglite_rb_bs128_r1_learned_dynamic_s90_0/relation_bottleneck_diagnostics.json
Percentile Threshold Source: train
Percentile Threshold : 2.1803851532935683
Saved point scores and labels: /data/modeluse/TS/ISTAD-release/analysis/r1_relation_bottleneck/runtime/anomaly_detection_SMD_ISTAD_SMD_ftM_sl96_bmhgat_ent_hglite_rb_bs128_r1_learned_dynamic_s90_0/point_scores.npz
pred_raw: (706560,)
gt:      (706560,)
pred_pa: (706560,)
gt_pa:   (706560,)

============================================================
使用百分位数阈值的结果:
============================================================
Raw point F1: 0.1262 (P=0.1683, R=0.1010)
Accuracy : 0.9752, Precision : 0.6441, Recall : 0.9032, F-score : 0.7519 
============================================================


使用自适应 Best F1 搜索（两阶段）
粗搜索步数: 200, 精细搜索步数: 500

============================================================
自适应 Best F1 阈值搜索（两阶段）
============================================================

分数统计信息:
  最小值: 0.005866
  最大值: 13112.589844
  均值: 0.946844
  标准差: 66.558517
  中位数: 0.084613
  第1百分位: 0.012504
  第99百分位: 4.167571

自动确定的搜索范围: [0.006252, 8.335142]

============================================================
阶段 1: 粗搜索（步数: 200）
============================================================

============================================================
开始 Best F1 阈值搜索...
============================================================
搜索范围: [0.0063, 8.3351]
搜索步数: 200
使用点调整: False
阈值: 0.0479 | F1: 0.0963 | Precision: 0.0511 | Recall: 0.8406
阈值: 0.8808 | F1: 0.1909 | Precision: 0.1620 | Recall: 0.2323
阈值: 1.7137 | F1: 0.1470 | Precision: 0.1681 | Recall: 0.1305
阈值: 2.5466 | F1: 0.1105 | Precision: 0.1627 | Recall: 0.0837
阈值: 3.3795 | F1: 0.0930 | Precision: 0.1768 | Recall: 0.0631
阈值: 4.2123 | F1: 0.0866 | Precision: 0.2271 | Recall: 0.0535
阈值: 5.0452 | F1: 0.0773 | Precision: 0.2655 | Recall: 0.0452
阈值: 5.8781 | F1: 0.0625 | Precision: 0.2789 | Recall: 0.0352
阈值: 6.7110 | F1: 0.0569 | Precision: 0.3184 | Recall: 0.0313
阈值: 7.5439 | F1: 0.0537 | Precision: 0.3574 | Recall: 0.0290

============================================================
✓ 找到最佳阈值: 0.630919
  最佳 F1: 0.2031
  Precision: 0.1544
  Recall: 0.2967
============================================================


============================================================
阶段 2: 精细搜索（步数: 500）
============================================================
在最佳阈值 0.630919 附近精细搜索
精细搜索范围: [0.006252, 1.463808]

============================================================
开始 Best F1 阈值搜索...
============================================================
搜索范围: [0.0063, 1.4638]
搜索步数: 500
使用点调整: False
阈值: 0.0092 | F1: 0.0799 | Precision: 0.0416 | Recall: 0.9999
阈值: 0.1549 | F1: 0.1236 | Precision: 0.0697 | Recall: 0.5439
阈值: 0.3007 | F1: 0.1532 | Precision: 0.0940 | Recall: 0.4128
阈值: 0.4464 | F1: 0.1874 | Precision: 0.1277 | Recall: 0.3524
阈值: 0.5922 | F1: 0.2028 | Precision: 0.1513 | Recall: 0.3075
阈值: 0.7379 | F1: 0.2002 | Precision: 0.1599 | Recall: 0.2677
阈值: 0.8837 | F1: 0.1904 | Precision: 0.1618 | Recall: 0.2315
阈值: 1.0295 | F1: 0.1813 | Precision: 0.1628 | Recall: 0.2046
阈值: 1.1752 | F1: 0.1740 | Precision: 0.1654 | Recall: 0.1837
阈值: 1.3210 | F1: 0.1663 | Precision: 0.1674 | Recall: 0.1652

============================================================
✓ 找到最佳阈值: 0.624256
  最佳 F1: 0.2033
  Precision: 0.1540
  Recall: 0.2989
============================================================


✓ 精细搜索找到更好的阈值！

============================================================
自适应搜索完成！
============================================================
最终最佳阈值: 0.624256
最佳 F1: 0.2033
Precision: 0.1540
Recall: 0.2989
============================================================

Saved Best F1 results: /data/modeluse/TS/ISTAD-release/analysis/r1_relation_bottleneck/runtime/anomaly_detection_SMD_ISTAD_SMD_ftM_sl96_bmhgat_ent_hglite_rb_bs128_r1_learned_dynamic_s90_0/bestf1_threshold_results.json
Saved anomaly score plot: /data/modeluse/TS/ISTAD-release/analysis/r1_relation_bottleneck/runtime/anomaly_detection_SMD_ISTAD_SMD_ftM_sl96_bmhgat_ent_hglite_rb_bs128_r1_learned_dynamic_s90_0/anomaly_score_threshold.png
ISTAD explainability is disabled by --istad_enable_explain 0
Saved train time summary: /data/modeluse/TS/ISTAD-release/analysis/r1_relation_bottleneck/runtime/anomaly_detection_SMD_ISTAD_SMD_ftM_sl96_bmhgat_ent_hglite_rb_bs128_r1_learned_dynamic_s90_0/train_time_summary.json
=== R1 SMD seed 90 learned_static ===
Using GPU
Args in experiment:
[1mBasic Config[0m
  Task Name:          anomaly_detection   Is Training:        1                   
  Model ID:           SMD                 Model:              ISTAD               
  Seed:               90                  Itr:                1                   

[1mData Loader[0m
  Data:               SMD                 Root Path:          /data/modeluse/TS/ISTAD/dataset/SMD
  Features:           M                   Seq Len:            96                  
  Enc In:             38                  C Out:              38                  
  Checkpoints:        /data/modeluse/TS/ISTAD-release/checkpoints/ISTAD_r1_relation_bottleneck
  Eval Step:          96                  

[1mAnomaly Detection Task[0m
  Anomaly Ratio:      1.0                 Threshold Source:   train               

[1mISTAD Parameters[0m
  Kernel Size:        7                   Branch Mode:        hgat                
  TCN Type:           kan                 
  Feat GAT Dim:       -1                  GRU Layers:         1                   
  GRU Hidden:         150                 Recon Layers:       1                   
  Recon Hidden:       32                  ISTAD Dropout:      0.3                 
  Recon Type:         pointwise           KANAD Order:        3                   
  Objective:          reconstruct         Target / Lag:       ('', 1)             
  Leaky Alpha:        0.2                 H Init:             normal              
  Hyperedges:         -1                  Top-K Nodes:        -1                  
  Spatial Type:       lite                HGAT Rank:          8                   
  HGAT Projection:    linear              Relation Mode:      static              
  KAN Grid:           5                   KAN Order:          3                   
  Arch:               legacy              Ablation:           full                
  Relation bottleneck:1                   Mask ratio/folds:   (0.2, 8)            
  Explainability:     0                   Explain Batches:    0                   
  Explain Points:     20000               Explain TopK:       10                  
  SmoothGrad:         0                   SG Samples:         20                  
  SG Noise:           0.1                 Quad Mode:          quantile            
  Quad Value:         0.75                Err Agg:            sum                 
  Sal Agg:            sum                 

[1mRun Parameters[0m
  Num Workers:        4                   Batch Size:         128                 
  Train Epochs:       20                  Patience:           5                   
  Learning Rate:      0.001               Lradj:              cosine              
  Des:                r1_learned_static_s90

[1mGPU[0m
  Use GPU:            1                   GPU:                0                   
  Use Multi GPU:      0                   Devices:            0,1,2,3             

Use GPU: cuda:0
🚀 Lazy Loading: ISTAD ...
>>>>>>>start training : anomaly_detection_SMD_ISTAD_SMD_ftM_sl96_bmhgat_relstatic_ent_hglite_rb_bs128_r1_learned_static_s90_0>>>>>>>>>>>>>>>>>>>>>>>>>>
test: (708420, 38)
train: (566713, 38)
SMD entity-aware windows: 5949
train 5949
test: (708420, 38)
train: (566713, 38)
SMD entity-aware windows: 1470
val 1470
Epoch: 1 cost time: 2.151934862136841
Epoch: 1, Steps: 47 | Train Loss: 0.9729604 Vali Loss: 0.7846826
Validation loss decreased (inf --> 0.784683).  Saving model ...
Updating learning rate to 0.0009938441702975688
Epoch: 2 cost time: 1.101654291152954
Epoch: 2, Steps: 47 | Train Loss: 0.7763048 Vali Loss: 0.5878661
Validation loss decreased (0.784683 --> 0.587866).  Saving model ...
Updating learning rate to 0.0009755282581475768
Epoch: 3 cost time: 1.073176383972168
Epoch: 3, Steps: 47 | Train Loss: 0.5835818 Vali Loss: 0.4269869
Validation loss decreased (0.587866 --> 0.426987).  Saving model ...
Updating learning rate to 0.0009455032620941839
Epoch: 4 cost time: 1.0795230865478516
Epoch: 4, Steps: 47 | Train Loss: 0.5230601 Vali Loss: 0.3921518
Validation loss decreased (0.426987 --> 0.392152).  Saving model ...
Updating learning rate to 0.0009045084971874737
Epoch: 5 cost time: 1.080214500427246
Epoch: 5, Steps: 47 | Train Loss: 0.4545124 Vali Loss: 0.4008450
EarlyStopping counter: 1 out of 5
Updating learning rate to 0.0008535533905932737
Epoch: 6 cost time: 1.0520575046539307
Epoch: 6, Steps: 47 | Train Loss: 0.4451135 Vali Loss: 0.3317746
Validation loss decreased (0.392152 --> 0.331775).  Saving model ...
Updating learning rate to 0.0007938926261462366
Epoch: 7 cost time: 1.1056883335113525
Epoch: 7, Steps: 47 | Train Loss: 0.5353408 Vali Loss: 0.3411361
EarlyStopping counter: 1 out of 5
Updating learning rate to 0.0007269952498697733
Epoch: 8 cost time: 1.0864038467407227
Epoch: 8, Steps: 47 | Train Loss: 0.4691117 Vali Loss: 0.3010404
Validation loss decreased (0.331775 --> 0.301040).  Saving model ...
Updating learning rate to 0.0006545084971874737
Epoch: 9 cost time: 1.0905237197875977
Epoch: 9, Steps: 47 | Train Loss: 0.4059099 Vali Loss: 0.3563558
EarlyStopping counter: 1 out of 5
Updating learning rate to 0.0005782172325201155
Epoch: 10 cost time: 1.1060519218444824
Epoch: 10, Steps: 47 | Train Loss: 0.3929987 Vali Loss: 0.2814245
Validation loss decreased (0.301040 --> 0.281425).  Saving model ...
Updating learning rate to 0.0005
Epoch: 11 cost time: 1.0855631828308105
Epoch: 11, Steps: 47 | Train Loss: 0.3836184 Vali Loss: 0.3266395
EarlyStopping counter: 1 out of 5
Updating learning rate to 0.0004217827674798845
Epoch: 12 cost time: 1.0656368732452393
Epoch: 12, Steps: 47 | Train Loss: 0.4732552 Vali Loss: 0.2968767
EarlyStopping counter: 2 out of 5
Updating learning rate to 0.00034549150281252633
Epoch: 13 cost time: 1.113691806793213
Epoch: 13, Steps: 47 | Train Loss: 0.4507817 Vali Loss: 0.3148161
EarlyStopping counter: 3 out of 5
Updating learning rate to 0.00027300475013022663
Epoch: 14 cost time: 1.1087298393249512
Epoch: 14, Steps: 47 | Train Loss: 0.4209012 Vali Loss: 0.3062055
EarlyStopping counter: 4 out of 5
Updating learning rate to 0.00020610737385376348
Epoch: 15 cost time: 1.090559720993042
Epoch: 15, Steps: 47 | Train Loss: 0.4014586 Vali Loss: 0.2600979
Validation loss decreased (0.281425 --> 0.260098).  Saving model ...
Updating learning rate to 0.00014644660940672628
Epoch: 16 cost time: 1.08579683303833
Epoch: 16, Steps: 47 | Train Loss: 0.4489786 Vali Loss: 0.3045567
EarlyStopping counter: 1 out of 5
Updating learning rate to 9.549150281252633e-05
Epoch: 17 cost time: 1.0613441467285156
Epoch: 17, Steps: 47 | Train Loss: 0.4410265 Vali Loss: 0.2593678
Validation loss decreased (0.260098 --> 0.259368).  Saving model ...
Updating learning rate to 5.449673790581611e-05
Epoch: 18 cost time: 1.103278398513794
Epoch: 18, Steps: 47 | Train Loss: 0.3635767 Vali Loss: 0.2685352
EarlyStopping counter: 1 out of 5
Updating learning rate to 2.4471741852423235e-05
Epoch: 19 cost time: 1.0884428024291992
Epoch: 19, Steps: 47 | Train Loss: 0.3637345 Vali Loss: 0.2583569
Validation loss decreased (0.259368 --> 0.258357).  Saving model ...
Updating learning rate to 6.15582970243117e-06
Epoch: 20 cost time: 1.1204423904418945
Epoch: 20, Steps: 47 | Train Loss: 0.4630482 Vali Loss: 0.2384042
Validation loss decreased (0.258357 --> 0.238404).  Saving model ...
Updating learning rate to 0.0
Saved relation bottleneck training diagnostics: /data/modeluse/TS/ISTAD-release/checkpoints/ISTAD_r1_relation_bottleneck/anomaly_detection_SMD_ISTAD_SMD_ftM_sl96_bmhgat_relstatic_ent_hglite_rb_bs128_r1_learned_static_s90_0/relation_bottleneck_train_diagnostics.json
>>>>>>>testing : anomaly_detection_SMD_ISTAD_SMD_ftM_sl96_bmhgat_relstatic_ent_hglite_rb_bs128_r1_learned_static_s90_0<<<<<<<<<<<<<<<<<<<<<<<<<<<<<<<<<
test: (708420, 38)
train: (566713, 38)
SMD entity-aware windows: 7360
test 7360
test: (708420, 38)
train: (566713, 38)
SMD entity-aware windows: 5892
score_train 5892
test: (708420, 38)
train: (566713, 38)
SMD entity-aware windows: 1470
val 1470
Saved relation bottleneck diagnostics: /data/modeluse/TS/ISTAD-release/analysis/r1_relation_bottleneck/runtime/anomaly_detection_SMD_ISTAD_SMD_ftM_sl96_bmhgat_relstatic_ent_hglite_rb_bs128_r1_learned_static_s90_0/relation_bottleneck_diagnostics.json
Percentile Threshold Source: train
Percentile Threshold : 2.438865642547597
Saved point scores and labels: /data/modeluse/TS/ISTAD-release/analysis/r1_relation_bottleneck/runtime/anomaly_detection_SMD_ISTAD_SMD_ftM_sl96_bmhgat_relstatic_ent_hglite_rb_bs128_r1_learned_static_s90_0/point_scores.npz
pred_raw: (706560,)
gt:      (706560,)
pred_pa: (706560,)
gt_pa:   (706560,)

============================================================
使用百分位数阈值的结果:
============================================================
Raw point F1: 0.1114 (P=0.1528, R=0.0876)
Accuracy : 0.9748, Precision : 0.6438, Recall : 0.8786, F-score : 0.7431 
============================================================


使用自适应 Best F1 搜索（两阶段）
粗搜索步数: 200, 精细搜索步数: 500

============================================================
自适应 Best F1 阈值搜索（两阶段）
============================================================

分数统计信息:
  最小值: 0.004217
  最大值: 13116.441406
  均值: 0.978979
  标准差: 66.769592
  中位数: 0.087357
  第1百分位: 0.012749
  第99百分位: 4.195443

自动确定的搜索范围: [0.006374, 8.390886]

============================================================
阶段 1: 粗搜索（步数: 200）
============================================================

============================================================
开始 Best F1 阈值搜索...
============================================================
搜索范围: [0.0064, 8.3909]
搜索步数: 200
使用点调整: False
阈值: 0.0483 | F1: 0.0971 | Precision: 0.0514 | Recall: 0.8604
阈值: 0.8867 | F1: 0.1648 | Precision: 0.1281 | Recall: 0.2309
阈值: 1.7252 | F1: 0.1376 | Precision: 0.1455 | Recall: 0.1305
阈值: 2.5637 | F1: 0.1089 | Precision: 0.1557 | Recall: 0.0838
阈值: 3.4021 | F1: 0.0920 | Precision: 0.1744 | Recall: 0.0624
阈值: 4.2406 | F1: 0.0865 | Precision: 0.2270 | Recall: 0.0534
阈值: 5.0790 | F1: 0.0764 | Precision: 0.2648 | Recall: 0.0447
阈值: 5.9175 | F1: 0.0627 | Precision: 0.2797 | Recall: 0.0353
阈值: 6.7559 | F1: 0.0576 | Precision: 0.3233 | Recall: 0.0316
阈值: 7.5944 | F1: 0.0537 | Precision: 0.3601 | Recall: 0.0290

============================================================
✓ 找到最佳阈值: 0.593290
  最佳 F1: 0.1722
  Precision: 0.1191
  Recall: 0.3105
============================================================


============================================================
阶段 2: 精细搜索（步数: 500）
============================================================
在最佳阈值 0.593290 附近精细搜索
精细搜索范围: [0.006374, 1.431741]

============================================================
开始 Best F1 阈值搜索...
============================================================
搜索范围: [0.0064, 1.4317]
搜索步数: 500
使用点调整: False
阈值: 0.0092 | F1: 0.0799 | Precision: 0.0416 | Recall: 1.0000
阈值: 0.1518 | F1: 0.1213 | Precision: 0.0680 | Recall: 0.5608
阈值: 0.2943 | F1: 0.1379 | Precision: 0.0824 | Recall: 0.4225
阈值: 0.4368 | F1: 0.1605 | Precision: 0.1028 | Recall: 0.3653
阈值: 0.5794 | F1: 0.1727 | Precision: 0.1189 | Recall: 0.3158
阈值: 0.7219 | F1: 0.1717 | Precision: 0.1249 | Recall: 0.2746
阈值: 0.8644 | F1: 0.1655 | Precision: 0.1275 | Recall: 0.2357
阈值: 1.0070 | F1: 0.1608 | Precision: 0.1308 | Recall: 0.2087
阈值: 1.1495 | F1: 0.1572 | Precision: 0.1347 | Recall: 0.1888
阈值: 1.2921 | F1: 0.1528 | Precision: 0.1376 | Recall: 0.1717

============================================================
✓ 找到最佳阈值: 0.579372
  最佳 F1: 0.1727
  Precision: 0.1189
  Recall: 0.3158
============================================================


✓ 精细搜索找到更好的阈值！

============================================================
自适应搜索完成！
============================================================
最终最佳阈值: 0.579372
最佳 F1: 0.1727
Precision: 0.1189
Recall: 0.3158
============================================================

Saved Best F1 results: /data/modeluse/TS/ISTAD-release/analysis/r1_relation_bottleneck/runtime/anomaly_detection_SMD_ISTAD_SMD_ftM_sl96_bmhgat_relstatic_ent_hglite_rb_bs128_r1_learned_static_s90_0/bestf1_threshold_results.json
Saved anomaly score plot: /data/modeluse/TS/ISTAD-release/analysis/r1_relation_bottleneck/runtime/anomaly_detection_SMD_ISTAD_SMD_ftM_sl96_bmhgat_relstatic_ent_hglite_rb_bs128_r1_learned_static_s90_0/anomaly_score_threshold.png
ISTAD explainability is disabled by --istad_enable_explain 0
Saved train time summary: /data/modeluse/TS/ISTAD-release/analysis/r1_relation_bottleneck/runtime/anomaly_detection_SMD_ISTAD_SMD_ftM_sl96_bmhgat_relstatic_ent_hglite_rb_bs128_r1_learned_static_s90_0/train_time_summary.json
=== R1 SMD seed 90 fixed_random ===
Using GPU
Args in experiment:
[1mBasic Config[0m
  Task Name:          anomaly_detection   Is Training:        1                   
  Model ID:           SMD                 Model:              ISTAD               
  Seed:               90                  Itr:                1                   

[1mData Loader[0m
  Data:               SMD                 Root Path:          /data/modeluse/TS/ISTAD/dataset/SMD
  Features:           M                   Seq Len:            96                  
  Enc In:             38                  C Out:              38                  
  Checkpoints:        /data/modeluse/TS/ISTAD-release/checkpoints/ISTAD_r1_relation_bottleneck
  Eval Step:          96                  

[1mAnomaly Detection Task[0m
  Anomaly Ratio:      1.0                 Threshold Source:   train               

[1mISTAD Parameters[0m
  Kernel Size:        7                   Branch Mode:        hgat                
  TCN Type:           kan                 
  Feat GAT Dim:       -1                  GRU Layers:         1                   
  GRU Hidden:         150                 Recon Layers:       1                   
  Recon Hidden:       32                  ISTAD Dropout:      0.3                 
  Recon Type:         pointwise           KANAD Order:        3                   
  Objective:          reconstruct         Target / Lag:       ('', 1)             
  Leaky Alpha:        0.2                 H Init:             normal              
  Hyperedges:         -1                  Top-K Nodes:        -1                  
  Spatial Type:       lite                HGAT Rank:          8                   
  HGAT Projection:    linear              Relation Mode:      fixed_random        
  KAN Grid:           5                   KAN Order:          3                   
  Arch:               legacy              Ablation:           full                
  Relation bottleneck:1                   Mask ratio/folds:   (0.2, 8)            
  Explainability:     0                   Explain Batches:    0                   
  Explain Points:     20000               Explain TopK:       10                  
  SmoothGrad:         0                   SG Samples:         20                  
  SG Noise:           0.1                 Quad Mode:          quantile            
  Quad Value:         0.75                Err Agg:            sum                 
  Sal Agg:            sum                 

[1mRun Parameters[0m
  Num Workers:        4                   Batch Size:         128                 
  Train Epochs:       20                  Patience:           5                   
  Learning Rate:      0.001               Lradj:              cosine              
  Des:                r1_fixed_random_s90 

[1mGPU[0m
  Use GPU:            1                   GPU:                0                   
  Use Multi GPU:      0                   Devices:            0,1,2,3             

Use GPU: cuda:0
🚀 Lazy Loading: ISTAD ...
>>>>>>>start training : anomaly_detection_SMD_ISTAD_SMD_ftM_sl96_bmhgat_relfixed_random_ent_hglite_rb_bs128_r1_fixed_random_s90_0>>>>>>>>>>>>>>>>>>>>>>>>>>
test: (708420, 38)
train: (566713, 38)
SMD entity-aware windows: 5949
train 5949
test: (708420, 38)
train: (566713, 38)
SMD entity-aware windows: 1470
val 1470
Epoch: 1 cost time: 1.965998649597168
Epoch: 1, Steps: 47 | Train Loss: 0.9742867 Vali Loss: 0.7841444
Validation loss decreased (inf --> 0.784144).  Saving model ...
Updating learning rate to 0.0009938441702975688
Epoch: 2 cost time: 0.9537336826324463
Epoch: 2, Steps: 47 | Train Loss: 0.7714011 Vali Loss: 0.5788898
Validation loss decreased (0.784144 --> 0.578890).  Saving model ...
Updating learning rate to 0.0009755282581475768
Epoch: 3 cost time: 0.9872972965240479
Epoch: 3, Steps: 47 | Train Loss: 0.5747414 Vali Loss: 0.4155494
Validation loss decreased (0.578890 --> 0.415549).  Saving model ...
Updating learning rate to 0.0009455032620941839
Epoch: 4 cost time: 0.95194411277771
Epoch: 4, Steps: 47 | Train Loss: 0.5186474 Vali Loss: 0.3838955
Validation loss decreased (0.415549 --> 0.383895).  Saving model ...
Updating learning rate to 0.0009045084971874737
Epoch: 5 cost time: 0.9785826206207275
Epoch: 5, Steps: 47 | Train Loss: 0.4494100 Vali Loss: 0.3858723
EarlyStopping counter: 1 out of 5
Updating learning rate to 0.0008535533905932737
Epoch: 6 cost time: 0.9677073955535889
Epoch: 6, Steps: 47 | Train Loss: 0.4365335 Vali Loss: 0.3143586
Validation loss decreased (0.383895 --> 0.314359).  Saving model ...
Updating learning rate to 0.0007938926261462366
Epoch: 7 cost time: 0.9582397937774658
Epoch: 7, Steps: 47 | Train Loss: 0.5218778 Vali Loss: 0.3216190
EarlyStopping counter: 1 out of 5
Updating learning rate to 0.0007269952498697733
Epoch: 8 cost time: 0.9816334247589111
Epoch: 8, Steps: 47 | Train Loss: 0.4558524 Vali Loss: 0.2854625
Validation loss decreased (0.314359 --> 0.285462).  Saving model ...
Updating learning rate to 0.0006545084971874737
Epoch: 9 cost time: 0.9612038135528564
Epoch: 9, Steps: 47 | Train Loss: 0.3958137 Vali Loss: 0.3419641
EarlyStopping counter: 1 out of 5
Updating learning rate to 0.0005782172325201155
Epoch: 10 cost time: 0.9821841716766357
Epoch: 10, Steps: 47 | Train Loss: 0.3844269 Vali Loss: 0.2720816
Validation loss decreased (0.285462 --> 0.272082).  Saving model ...
Updating learning rate to 0.0005
Epoch: 11 cost time: 0.9723589420318604
Epoch: 11, Steps: 47 | Train Loss: 0.3763917 Vali Loss: 0.3174932
EarlyStopping counter: 1 out of 5
Updating learning rate to 0.0004217827674798845
Epoch: 12 cost time: 0.9488856792449951
Epoch: 12, Steps: 47 | Train Loss: 0.4672009 Vali Loss: 0.2892306
EarlyStopping counter: 2 out of 5
Updating learning rate to 0.00034549150281252633
Epoch: 13 cost time: 0.9994285106658936
Epoch: 13, Steps: 47 | Train Loss: 0.4472176 Vali Loss: 0.3099334
EarlyStopping counter: 3 out of 5
Updating learning rate to 0.00027300475013022663
Epoch: 14 cost time: 0.9638030529022217
Epoch: 14, Steps: 47 | Train Loss: 0.4172413 Vali Loss: 0.3006238
EarlyStopping counter: 4 out of 5
Updating learning rate to 0.00020610737385376348
Epoch: 15 cost time: 0.9845030307769775
Epoch: 15, Steps: 47 | Train Loss: 0.3987401 Vali Loss: 0.2567263
Validation loss decreased (0.272082 --> 0.256726).  Saving model ...
Updating learning rate to 0.00014644660940672628
Epoch: 16 cost time: 0.9666619300842285
Epoch: 16, Steps: 47 | Train Loss: 0.4474741 Vali Loss: 0.3022318
EarlyStopping counter: 1 out of 5
Updating learning rate to 9.549150281252633e-05
Epoch: 17 cost time: 0.9744102954864502
Epoch: 17, Steps: 47 | Train Loss: 0.4390052 Vali Loss: 0.2601894
EarlyStopping counter: 2 out of 5
Updating learning rate to 5.449673790581611e-05
Epoch: 18 cost time: 0.9669344425201416
Epoch: 18, Steps: 47 | Train Loss: 0.3620988 Vali Loss: 0.2664722
EarlyStopping counter: 3 out of 5
Updating learning rate to 2.4471741852423235e-05
Epoch: 19 cost time: 0.9931697845458984
Epoch: 19, Steps: 47 | Train Loss: 0.3616684 Vali Loss: 0.2539981
Validation loss decreased (0.256726 --> 0.253998).  Saving model ...
Updating learning rate to 6.15582970243117e-06
Epoch: 20 cost time: 0.9806113243103027
Epoch: 20, Steps: 47 | Train Loss: 0.4606722 Vali Loss: 0.2351231
Validation loss decreased (0.253998 --> 0.235123).  Saving model ...
Updating learning rate to 0.0
Saved relation bottleneck training diagnostics: /data/modeluse/TS/ISTAD-release/checkpoints/ISTAD_r1_relation_bottleneck/anomaly_detection_SMD_ISTAD_SMD_ftM_sl96_bmhgat_relfixed_random_ent_hglite_rb_bs128_r1_fixed_random_s90_0/relation_bottleneck_train_diagnostics.json
>>>>>>>testing : anomaly_detection_SMD_ISTAD_SMD_ftM_sl96_bmhgat_relfixed_random_ent_hglite_rb_bs128_r1_fixed_random_s90_0<<<<<<<<<<<<<<<<<<<<<<<<<<<<<<<<<
test: (708420, 38)
train: (566713, 38)
SMD entity-aware windows: 7360
test 7360
test: (708420, 38)
train: (566713, 38)
SMD entity-aware windows: 5892
score_train 5892
test: (708420, 38)
train: (566713, 38)
SMD entity-aware windows: 1470
val 1470
Saved relation bottleneck diagnostics: /data/modeluse/TS/ISTAD-release/analysis/r1_relation_bottleneck/runtime/anomaly_detection_SMD_ISTAD_SMD_ftM_sl96_bmhgat_relfixed_random_ent_hglite_rb_bs128_r1_fixed_random_s90_0/relation_bottleneck_diagnostics.json
Percentile Threshold Source: train
Percentile Threshold : 2.4845142960548317
Saved point scores and labels: /data/modeluse/TS/ISTAD-release/analysis/r1_relation_bottleneck/runtime/anomaly_detection_SMD_ISTAD_SMD_ftM_sl96_bmhgat_relfixed_random_ent_hglite_rb_bs128_r1_fixed_random_s90_0/point_scores.npz
pred_raw: (706560,)
gt:      (706560,)
pred_pa: (706560,)
gt_pa:   (706560,)

============================================================
使用百分位数阈值的结果:
============================================================
Raw point F1: 0.1039 (P=0.1374, R=0.0835)
Accuracy : 0.9731, Precision : 0.6258, Recall : 0.8767, F-score : 0.7303 
============================================================


使用自适应 Best F1 搜索（两阶段）
粗搜索步数: 200, 精细搜索步数: 500

============================================================
自适应 Best F1 阈值搜索（两阶段）
============================================================

分数统计信息:
  最小值: 0.004600
  最大值: 13116.377930
  均值: 1.018965
  标准差: 66.835426
  中位数: 0.089076
  第1百分位: 0.012447
  第99百分位: 5.699569

自动确定的搜索范围: [0.006224, 11.399138]

============================================================
阶段 1: 粗搜索（步数: 200）
============================================================

============================================================
开始 Best F1 阈值搜索...
============================================================
搜索范围: [0.0062, 11.3991]
搜索步数: 200
使用点调整: False
阈值: 0.0632 | F1: 0.1051 | Precision: 0.0561 | Recall: 0.8374
阈值: 1.2025 | F1: 0.1480 | Precision: 0.1286 | Recall: 0.1742
阈值: 2.3418 | F1: 0.1081 | Precision: 0.1373 | Recall: 0.0891
阈值: 3.4811 | F1: 0.0889 | Precision: 0.1480 | Recall: 0.0635
阈值: 4.6204 | F1: 0.0807 | Precision: 0.1704 | Recall: 0.0528
阈值: 5.7596 | F1: 0.0646 | Precision: 0.1679 | Recall: 0.0400
阈值: 6.8989 | F1: 0.0547 | Precision: 0.1783 | Recall: 0.0323
阈值: 8.0382 | F1: 0.0505 | Precision: 0.2077 | Recall: 0.0287
阈值: 9.1775 | F1: 0.0473 | Precision: 0.2447 | Recall: 0.0262
阈值: 10.3168 | F1: 0.0453 | Precision: 0.2841 | Recall: 0.0246

============================================================
✓ 找到最佳阈值: 0.575869
  最佳 F1: 0.1717
  Precision: 0.1186
  Recall: 0.3109
============================================================


============================================================
阶段 2: 精细搜索（步数: 500）
============================================================
在最佳阈值 0.575869 附近精细搜索
精细搜索范围: [0.006224, 1.715161]

============================================================
开始 Best F1 阈值搜索...
============================================================
搜索范围: [0.0062, 1.7152]
搜索步数: 500
使用点调整: False
阈值: 0.0096 | F1: 0.0799 | Precision: 0.0416 | Recall: 1.0000
阈值: 0.1805 | F1: 0.1296 | Precision: 0.0738 | Recall: 0.5308
阈值: 0.3514 | F1: 0.1459 | Precision: 0.0896 | Recall: 0.3933
阈值: 0.5223 | F1: 0.1678 | Precision: 0.1124 | Recall: 0.3307
阈值: 0.6932 | F1: 0.1694 | Precision: 0.1232 | Recall: 0.2709
阈值: 0.8641 | F1: 0.1610 | Precision: 0.1252 | Recall: 0.2257
阈值: 1.0350 | F1: 0.1546 | Precision: 0.1273 | Recall: 0.1969
阈值: 1.2059 | F1: 0.1478 | Precision: 0.1286 | Recall: 0.1737
阈值: 1.3768 | F1: 0.1426 | Precision: 0.1310 | Recall: 0.1564
阈值: 1.5477 | F1: 0.1363 | Precision: 0.1323 | Recall: 0.1405

============================================================
✓ 找到最佳阈值: 0.590680
  最佳 F1: 0.1719
  Precision: 0.1196
  Recall: 0.3060
============================================================


✓ 精细搜索找到更好的阈值！

============================================================
自适应搜索完成！
============================================================
最终最佳阈值: 0.590680
最佳 F1: 0.1719
Precision: 0.1196
Recall: 0.3060
============================================================

Saved Best F1 results: /data/modeluse/TS/ISTAD-release/analysis/r1_relation_bottleneck/runtime/anomaly_detection_SMD_ISTAD_SMD_ftM_sl96_bmhgat_relfixed_random_ent_hglite_rb_bs128_r1_fixed_random_s90_0/bestf1_threshold_results.json
Saved anomaly score plot: /data/modeluse/TS/ISTAD-release/analysis/r1_relation_bottleneck/runtime/anomaly_detection_SMD_ISTAD_SMD_ftM_sl96_bmhgat_relfixed_random_ent_hglite_rb_bs128_r1_fixed_random_s90_0/anomaly_score_threshold.png
ISTAD explainability is disabled by --istad_enable_explain 0
Saved train time summary: /data/modeluse/TS/ISTAD-release/analysis/r1_relation_bottleneck/runtime/anomaly_detection_SMD_ISTAD_SMD_ftM_sl96_bmhgat_relfixed_random_ent_hglite_rb_bs128_r1_fixed_random_s90_0/train_time_summary.json
=== R1 SMD seed 90 no_message ===
Using GPU
Args in experiment:
[1mBasic Config[0m
  Task Name:          anomaly_detection   Is Training:        1                   
  Model ID:           SMD                 Model:              ISTAD               
  Seed:               90                  Itr:                1                   

[1mData Loader[0m
  Data:               SMD                 Root Path:          /data/modeluse/TS/ISTAD/dataset/SMD
  Features:           M                   Seq Len:            96                  
  Enc In:             38                  C Out:              38                  
  Checkpoints:        /data/modeluse/TS/ISTAD-release/checkpoints/ISTAD_r1_relation_bottleneck
  Eval Step:          96                  

[1mAnomaly Detection Task[0m
  Anomaly Ratio:      1.0                 Threshold Source:   train               

[1mISTAD Parameters[0m
  Kernel Size:        7                   Branch Mode:        hgat                
  TCN Type:           kan                 
  Feat GAT Dim:       -1                  GRU Layers:         1                   
  GRU Hidden:         150                 Recon Layers:       1                   
  Recon Hidden:       32                  ISTAD Dropout:      0.3                 
  Recon Type:         pointwise           KANAD Order:        3                   
  Objective:          reconstruct         Target / Lag:       ('', 1)             
  Leaky Alpha:        0.2                 H Init:             normal              
  Hyperedges:         -1                  Top-K Nodes:        -1                  
  Spatial Type:       lite                HGAT Rank:          8                   
  HGAT Projection:    linear              Relation Mode:      no_message          
  KAN Grid:           5                   KAN Order:          3                   
  Arch:               legacy              Ablation:           full                
  Relation bottleneck:1                   Mask ratio/folds:   (0.2, 8)            
  Explainability:     0                   Explain Batches:    0                   
  Explain Points:     20000               Explain TopK:       10                  
  SmoothGrad:         0                   SG Samples:         20                  
  SG Noise:           0.1                 Quad Mode:          quantile            
  Quad Value:         0.75                Err Agg:            sum                 
  Sal Agg:            sum                 

[1mRun Parameters[0m
  Num Workers:        4                   Batch Size:         128                 
  Train Epochs:       20                  Patience:           5                   
  Learning Rate:      0.001               Lradj:              cosine              
  Des:                r1_no_message_s90   

[1mGPU[0m
  Use GPU:            1                   GPU:                0                   
  Use Multi GPU:      0                   Devices:            0,1,2,3             

Use GPU: cuda:0
🚀 Lazy Loading: ISTAD ...
>>>>>>>start training : anomaly_detection_SMD_ISTAD_SMD_ftM_sl96_bmhgat_relno_message_ent_hglite_rb_bs128_r1_no_message_s90_0>>>>>>>>>>>>>>>>>>>>>>>>>>
test: (708420, 38)
train: (566713, 38)
SMD entity-aware windows: 5949
train 5949
test: (708420, 38)
train: (566713, 38)
SMD entity-aware windows: 1470
val 1470
Epoch: 1 cost time: 1.5113193988800049
Epoch: 1, Steps: 47 | Train Loss: 0.9743771 Vali Loss: 0.7888170
Validation loss decreased (inf --> 0.788817).  Saving model ...
Updating learning rate to 0.0009938441702975688
Epoch: 2 cost time: 0.5249385833740234
Epoch: 2, Steps: 47 | Train Loss: 0.8388229 Vali Loss: 0.6105944
Validation loss decreased (0.788817 --> 0.610594).  Saving model ...
Updating learning rate to 0.0009755282581475768
Epoch: 3 cost time: 0.5465912818908691
Epoch: 3, Steps: 47 | Train Loss: 0.6413277 Vali Loss: 0.4453344
Validation loss decreased (0.610594 --> 0.445334).  Saving model ...
Updating learning rate to 0.0009455032620941839
Epoch: 4 cost time: 0.5768465995788574
Epoch: 4, Steps: 47 | Train Loss: 0.6078650 Vali Loss: 0.4056020
Validation loss decreased (0.445334 --> 0.405602).  Saving model ...
Updating learning rate to 0.0009045084971874737
Epoch: 5 cost time: 0.569220781326294
Epoch: 5, Steps: 47 | Train Loss: 0.4414798 Vali Loss: 0.4061043
EarlyStopping counter: 1 out of 5
Updating learning rate to 0.0008535533905932737
Epoch: 6 cost time: 0.5799970626831055
Epoch: 6, Steps: 47 | Train Loss: 0.4583424 Vali Loss: 0.3359545
Validation loss decreased (0.405602 --> 0.335954).  Saving model ...
Updating learning rate to 0.0007938926261462366
Epoch: 7 cost time: 0.5529539585113525
Epoch: 7, Steps: 47 | Train Loss: 0.4416868 Vali Loss: 0.3417150
EarlyStopping counter: 1 out of 5
Updating learning rate to 0.0007269952498697733
Epoch: 8 cost time: 0.5748629570007324
Epoch: 8, Steps: 47 | Train Loss: 0.4622608 Vali Loss: 0.3042171
Validation loss decreased (0.335954 --> 0.304217).  Saving model ...
Updating learning rate to 0.0006545084971874737
Epoch: 9 cost time: 0.5353333950042725
Epoch: 9, Steps: 47 | Train Loss: 0.3781607 Vali Loss: 0.3569214
EarlyStopping counter: 1 out of 5
Updating learning rate to 0.0005782172325201155
Epoch: 10 cost time: 0.5817720890045166
Epoch: 10, Steps: 47 | Train Loss: 0.4870860 Vali Loss: 0.2841775
Validation loss decreased (0.304217 --> 0.284177).  Saving model ...
Updating learning rate to 0.0005
Epoch: 11 cost time: 0.5178329944610596
Epoch: 11, Steps: 47 | Train Loss: 0.3725452 Vali Loss: 0.3276806
EarlyStopping counter: 1 out of 5
Updating learning rate to 0.0004217827674798845
Epoch: 12 cost time: 0.5950045585632324
Epoch: 12, Steps: 47 | Train Loss: 0.3992278 Vali Loss: 0.2998863
EarlyStopping counter: 2 out of 5
Updating learning rate to 0.00034549150281252633
Epoch: 13 cost time: 0.5220241546630859
Epoch: 13, Steps: 47 | Train Loss: 0.3525557 Vali Loss: 0.3141543
EarlyStopping counter: 3 out of 5
Updating learning rate to 0.00027300475013022663
Epoch: 14 cost time: 0.5548226833343506
Epoch: 14, Steps: 47 | Train Loss: 0.4669511 Vali Loss: 0.3067499
EarlyStopping counter: 4 out of 5
Updating learning rate to 0.00020610737385376348
Epoch: 15 cost time: 0.5703675746917725
Epoch: 15, Steps: 47 | Train Loss: 0.4603756 Vali Loss: 0.2614109
Validation loss decreased (0.284177 --> 0.261411).  Saving model ...
Updating learning rate to 0.00014644660940672628
Epoch: 16 cost time: 0.5545938014984131
Epoch: 16, Steps: 47 | Train Loss: 0.3613561 Vali Loss: 0.3056663
EarlyStopping counter: 1 out of 5
Updating learning rate to 9.549150281252633e-05
Epoch: 17 cost time: 0.5879974365234375
Epoch: 17, Steps: 47 | Train Loss: 0.3076487 Vali Loss: 0.2602439
Validation loss decreased (0.261411 --> 0.260244).  Saving model ...
Updating learning rate to 5.449673790581611e-05
Epoch: 18 cost time: 0.5408146381378174
Epoch: 18, Steps: 47 | Train Loss: 0.3526633 Vali Loss: 0.2693843
EarlyStopping counter: 1 out of 5
Updating learning rate to 2.4471741852423235e-05
Epoch: 19 cost time: 0.5665237903594971
Epoch: 19, Steps: 47 | Train Loss: 0.4153261 Vali Loss: 0.2563956
Validation loss decreased (0.260244 --> 0.256396).  Saving model ...
Updating learning rate to 6.15582970243117e-06
Epoch: 20 cost time: 0.5466868877410889
Epoch: 20, Steps: 47 | Train Loss: 0.3533686 Vali Loss: 0.2389010
Validation loss decreased (0.256396 --> 0.238901).  Saving model ...
Updating learning rate to 0.0
Saved relation bottleneck training diagnostics: /data/modeluse/TS/ISTAD-release/checkpoints/ISTAD_r1_relation_bottleneck/anomaly_detection_SMD_ISTAD_SMD_ftM_sl96_bmhgat_relno_message_ent_hglite_rb_bs128_r1_no_message_s90_0/relation_bottleneck_train_diagnostics.json
>>>>>>>testing : anomaly_detection_SMD_ISTAD_SMD_ftM_sl96_bmhgat_relno_message_ent_hglite_rb_bs128_r1_no_message_s90_0<<<<<<<<<<<<<<<<<<<<<<<<<<<<<<<<<
test: (708420, 38)
train: (566713, 38)
SMD entity-aware windows: 7360
test 7360
test: (708420, 38)
train: (566713, 38)
SMD entity-aware windows: 5892
score_train 5892
test: (708420, 38)
train: (566713, 38)
SMD entity-aware windows: 1470
val 1470
Saved relation bottleneck diagnostics: /data/modeluse/TS/ISTAD-release/analysis/r1_relation_bottleneck/runtime/anomaly_detection_SMD_ISTAD_SMD_ftM_sl96_bmhgat_relno_message_ent_hglite_rb_bs128_r1_no_message_s90_0/relation_bottleneck_diagnostics.json
Percentile Threshold Source: train
Percentile Threshold : 2.2385336995124754
Saved point scores and labels: /data/modeluse/TS/ISTAD-release/analysis/r1_relation_bottleneck/runtime/anomaly_detection_SMD_ISTAD_SMD_ftM_sl96_bmhgat_relno_message_ent_hglite_rb_bs128_r1_no_message_s90_0/point_scores.npz
pred_raw: (706560,)
gt:      (706560,)
pred_pa: (706560,)
gt_pa:   (706560,)

============================================================
使用百分位数阈值的结果:
============================================================
Raw point F1: 0.1266 (P=0.1682, R=0.1014)
Accuracy : 0.9751, Precision : 0.6430, Recall : 0.9033, F-score : 0.7512 
============================================================


使用自适应 Best F1 搜索（两阶段）
粗搜索步数: 200, 精细搜索步数: 500

============================================================
自适应 Best F1 阈值搜索（两阶段）
============================================================

分数统计信息:
  最小值: 0.004465
  最大值: 13002.625000
  均值: 0.976797
  标准差: 66.933723
  中位数: 0.093595
  第1百分位: 0.013666
  第99百分位: 4.246049

自动确定的搜索范围: [0.006833, 8.492099]

============================================================
阶段 1: 粗搜索（步数: 200）
============================================================

============================================================
开始 Best F1 阈值搜索...
============================================================
搜索范围: [0.0068, 8.4921]
搜索步数: 200
使用点调整: False
阈值: 0.0493 | F1: 0.0958 | Precision: 0.0507 | Recall: 0.8648
阈值: 0.8978 | F1: 0.1782 | Precision: 0.1430 | Recall: 0.2364
阈值: 1.7463 | F1: 0.1498 | Precision: 0.1692 | Recall: 0.1344
阈值: 2.5948 | F1: 0.1101 | Precision: 0.1612 | Recall: 0.0836
阈值: 3.4434 | F1: 0.0924 | Precision: 0.1742 | Recall: 0.0629
阈值: 4.2919 | F1: 0.0860 | Precision: 0.2256 | Recall: 0.0531
阈值: 5.1404 | F1: 0.0761 | Precision: 0.2642 | Recall: 0.0445
阈值: 5.9889 | F1: 0.0627 | Precision: 0.2845 | Recall: 0.0352
阈值: 6.8375 | F1: 0.0576 | Precision: 0.3301 | Recall: 0.0315
阈值: 7.6860 | F1: 0.0530 | Precision: 0.3640 | Recall: 0.0286

============================================================
✓ 找到最佳阈值: 0.643228
  最佳 F1: 0.1852
  Precision: 0.1333
  Recall: 0.3031
============================================================


============================================================
阶段 2: 精细搜索（步数: 500）
============================================================
在最佳阈值 0.643228 附近精细搜索
精细搜索范围: [0.006833, 1.491754]

============================================================
开始 Best F1 阈值搜索...
============================================================
搜索范围: [0.0068, 1.4918]
搜索步数: 500
使用点调整: False
阈值: 0.0098 | F1: 0.0798 | Precision: 0.0416 | Recall: 1.0000
阈值: 0.1583 | F1: 0.1188 | Precision: 0.0664 | Recall: 0.5605
阈值: 0.3068 | F1: 0.1367 | Precision: 0.0815 | Recall: 0.4224
阈值: 0.4553 | F1: 0.1667 | Precision: 0.1081 | Recall: 0.3642
阈值: 0.6038 | F1: 0.1849 | Precision: 0.1307 | Recall: 0.3162
阈值: 0.7523 | F1: 0.1839 | Precision: 0.1387 | Recall: 0.2728
阈值: 0.9008 | F1: 0.1779 | Precision: 0.1429 | Recall: 0.2355
阈值: 1.0492 | F1: 0.1749 | Precision: 0.1499 | Recall: 0.2099
阈值: 1.1977 | F1: 0.1703 | Precision: 0.1552 | Recall: 0.1887
阈值: 1.3462 | F1: 0.1656 | Precision: 0.1617 | Recall: 0.1696

============================================================
✓ 找到最佳阈值: 0.639409
  最佳 F1: 0.1854
  Precision: 0.1332
  Recall: 0.3047
============================================================


✓ 精细搜索找到更好的阈值！

============================================================
自适应搜索完成！
============================================================
最终最佳阈值: 0.639409
最佳 F1: 0.1854
Precision: 0.1332
Recall: 0.3047
============================================================

Saved Best F1 results: /data/modeluse/TS/ISTAD-release/analysis/r1_relation_bottleneck/runtime/anomaly_detection_SMD_ISTAD_SMD_ftM_sl96_bmhgat_relno_message_ent_hglite_rb_bs128_r1_no_message_s90_0/bestf1_threshold_results.json
Saved anomaly score plot: /data/modeluse/TS/ISTAD-release/analysis/r1_relation_bottleneck/runtime/anomaly_detection_SMD_ISTAD_SMD_ftM_sl96_bmhgat_relno_message_ent_hglite_rb_bs128_r1_no_message_s90_0/anomaly_score_threshold.png
ISTAD explainability is disabled by --istad_enable_explain 0
Saved train time summary: /data/modeluse/TS/ISTAD-release/analysis/r1_relation_bottleneck/runtime/anomaly_detection_SMD_ISTAD_SMD_ftM_sl96_bmhgat_relno_message_ent_hglite_rb_bs128_r1_no_message_s90_0/train_time_summary.json
=== R1 SMD seed 98 learned_dynamic ===
Using GPU
Args in experiment:
[1mBasic Config[0m
  Task Name:          anomaly_detection   Is Training:        1                   
  Model ID:           SMD                 Model:              ISTAD               
  Seed:               98                  Itr:                1                   

[1mData Loader[0m
  Data:               SMD                 Root Path:          /data/modeluse/TS/ISTAD/dataset/SMD
  Features:           M                   Seq Len:            96                  
  Enc In:             38                  C Out:              38                  
  Checkpoints:        /data/modeluse/TS/ISTAD-release/checkpoints/ISTAD_r1_relation_bottleneck
  Eval Step:          96                  

[1mAnomaly Detection Task[0m
  Anomaly Ratio:      1.0                 Threshold Source:   train               

[1mISTAD Parameters[0m
  Kernel Size:        7                   Branch Mode:        hgat                
  TCN Type:           kan                 
  Feat GAT Dim:       -1                  GRU Layers:         1                   
  GRU Hidden:         150                 Recon Layers:       1                   
  Recon Hidden:       32                  ISTAD Dropout:      0.3                 
  Recon Type:         pointwise           KANAD Order:        3                   
  Objective:          reconstruct         Target / Lag:       ('', 1)             
  Leaky Alpha:        0.2                 H Init:             normal              
  Hyperedges:         -1                  Top-K Nodes:        -1                  
  Spatial Type:       lite                HGAT Rank:          8                   
  HGAT Projection:    linear              Relation Mode:      dynamic             
  KAN Grid:           5                   KAN Order:          3                   
  Arch:               legacy              Ablation:           full                
  Relation bottleneck:1                   Mask ratio/folds:   (0.2, 8)            
  Explainability:     0                   Explain Batches:    0                   
  Explain Points:     20000               Explain TopK:       10                  
  SmoothGrad:         0                   SG Samples:         20                  
  SG Noise:           0.1                 Quad Mode:          quantile            
  Quad Value:         0.75                Err Agg:            sum                 
  Sal Agg:            sum                 

[1mRun Parameters[0m
  Num Workers:        4                   Batch Size:         128                 
  Train Epochs:       20                  Patience:           5                   
  Learning Rate:      0.001               Lradj:              cosine              
  Des:                r1_learned_dynamic_s98

[1mGPU[0m
  Use GPU:            1                   GPU:                0                   
  Use Multi GPU:      0                   Devices:            0,1,2,3             

Use GPU: cuda:0
🚀 Lazy Loading: ISTAD ...
>>>>>>>start training : anomaly_detection_SMD_ISTAD_SMD_ftM_sl96_bmhgat_ent_hglite_rb_bs128_r1_learned_dynamic_s98_0>>>>>>>>>>>>>>>>>>>>>>>>>>
test: (708420, 38)
train: (566713, 38)
SMD entity-aware windows: 5949
train 5949
test: (708420, 38)
train: (566713, 38)
SMD entity-aware windows: 1470
val 1470
Epoch: 1 cost time: 2.371955156326294
Epoch: 1, Steps: 47 | Train Loss: 0.8493391 Vali Loss: 0.7408946
Validation loss decreased (inf --> 0.740895).  Saving model ...
Updating learning rate to 0.0009938441702975688
Epoch: 2 cost time: 1.338042974472046
Epoch: 2, Steps: 47 | Train Loss: 0.7013130 Vali Loss: 0.4500976
Validation loss decreased (0.740895 --> 0.450098).  Saving model ...
Updating learning rate to 0.0009755282581475768
Epoch: 3 cost time: 1.3344817161560059
Epoch: 3, Steps: 47 | Train Loss: 0.5636837 Vali Loss: 0.3488527
Validation loss decreased (0.450098 --> 0.348853).  Saving model ...
Updating learning rate to 0.0009455032620941839
Epoch: 4 cost time: 1.3250761032104492
Epoch: 4, Steps: 47 | Train Loss: 0.4300727 Vali Loss: 0.3063639
Validation loss decreased (0.348853 --> 0.306364).  Saving model ...
Updating learning rate to 0.0009045084971874737
Epoch: 5 cost time: 1.3007326126098633
Epoch: 5, Steps: 47 | Train Loss: 0.3896828 Vali Loss: 0.3021321
Validation loss decreased (0.306364 --> 0.302132).  Saving model ...
Updating learning rate to 0.0008535533905932737
Epoch: 6 cost time: 1.32470703125
Epoch: 6, Steps: 47 | Train Loss: 0.4065815 Vali Loss: 0.2607840
Validation loss decreased (0.302132 --> 0.260784).  Saving model ...
Updating learning rate to 0.0007938926261462366
Epoch: 7 cost time: 1.3106887340545654
Epoch: 7, Steps: 47 | Train Loss: 0.3719324 Vali Loss: 0.3014957
EarlyStopping counter: 1 out of 5
Updating learning rate to 0.0007269952498697733
Epoch: 8 cost time: 1.3378803730010986
Epoch: 8, Steps: 47 | Train Loss: 0.4420143 Vali Loss: 0.2917231
EarlyStopping counter: 2 out of 5
Updating learning rate to 0.0006545084971874737
Epoch: 9 cost time: 1.2996506690979004
Epoch: 9, Steps: 47 | Train Loss: 0.4561993 Vali Loss: 0.2664192
EarlyStopping counter: 3 out of 5
Updating learning rate to 0.0005782172325201155
Epoch: 10 cost time: 1.3076848983764648
Epoch: 10, Steps: 47 | Train Loss: 0.3537510 Vali Loss: 0.3177932
EarlyStopping counter: 4 out of 5
Updating learning rate to 0.0005
Epoch: 11 cost time: 1.3109705448150635
Epoch: 11, Steps: 47 | Train Loss: 0.3507545 Vali Loss: 0.2568787
Validation loss decreased (0.260784 --> 0.256879).  Saving model ...
Updating learning rate to 0.0004217827674798845
Epoch: 12 cost time: 1.3369522094726562
Epoch: 12, Steps: 47 | Train Loss: 0.4507737 Vali Loss: 0.3612556
EarlyStopping counter: 1 out of 5
Updating learning rate to 0.00034549150281252633
Epoch: 13 cost time: 1.3080451488494873
Epoch: 13, Steps: 47 | Train Loss: 0.3388846 Vali Loss: 0.2316486
Validation loss decreased (0.256879 --> 0.231649).  Saving model ...
Updating learning rate to 0.00027300475013022663
Epoch: 14 cost time: 1.3344902992248535
Epoch: 14, Steps: 47 | Train Loss: 0.3605766 Vali Loss: 0.2778221
EarlyStopping counter: 1 out of 5
Updating learning rate to 0.00020610737385376348
Epoch: 15 cost time: 1.3303699493408203
Epoch: 15, Steps: 47 | Train Loss: 0.4380311 Vali Loss: 0.2098784
Validation loss decreased (0.231649 --> 0.209878).  Saving model ...
Updating learning rate to 0.00014644660940672628
Epoch: 16 cost time: 1.318788766860962
Epoch: 16, Steps: 47 | Train Loss: 0.3004846 Vali Loss: 0.3004859
EarlyStopping counter: 1 out of 5
Updating learning rate to 9.549150281252633e-05
Epoch: 17 cost time: 1.289764404296875
Epoch: 17, Steps: 47 | Train Loss: 0.3079901 Vali Loss: 0.2266940
EarlyStopping counter: 2 out of 5
Updating learning rate to 5.449673790581611e-05
Epoch: 18 cost time: 1.3022913932800293
Epoch: 18, Steps: 47 | Train Loss: 0.3925324 Vali Loss: 0.1928276
Validation loss decreased (0.209878 --> 0.192828).  Saving model ...
Updating learning rate to 2.4471741852423235e-05
Epoch: 19 cost time: 1.3128631114959717
Epoch: 19, Steps: 47 | Train Loss: 0.3255634 Vali Loss: 0.2446208
EarlyStopping counter: 1 out of 5
Updating learning rate to 6.15582970243117e-06
Epoch: 20 cost time: 1.2743730545043945
Epoch: 20, Steps: 47 | Train Loss: 0.2914477 Vali Loss: 0.2789250
EarlyStopping counter: 2 out of 5
Updating learning rate to 0.0
Saved relation bottleneck training diagnostics: /data/modeluse/TS/ISTAD-release/checkpoints/ISTAD_r1_relation_bottleneck/anomaly_detection_SMD_ISTAD_SMD_ftM_sl96_bmhgat_ent_hglite_rb_bs128_r1_learned_dynamic_s98_0/relation_bottleneck_train_diagnostics.json
>>>>>>>testing : anomaly_detection_SMD_ISTAD_SMD_ftM_sl96_bmhgat_ent_hglite_rb_bs128_r1_learned_dynamic_s98_0<<<<<<<<<<<<<<<<<<<<<<<<<<<<<<<<<
test: (708420, 38)
train: (566713, 38)
SMD entity-aware windows: 7360
test 7360
test: (708420, 38)
train: (566713, 38)
SMD entity-aware windows: 5892
score_train 5892
test: (708420, 38)
train: (566713, 38)
SMD entity-aware windows: 1470
val 1470
Saved relation bottleneck diagnostics: /data/modeluse/TS/ISTAD-release/analysis/r1_relation_bottleneck/runtime/anomaly_detection_SMD_ISTAD_SMD_ftM_sl96_bmhgat_ent_hglite_rb_bs128_r1_learned_dynamic_s98_0/relation_bottleneck_diagnostics.json
Percentile Threshold Source: train
Percentile Threshold : 2.1927389979362295
Saved point scores and labels: /data/modeluse/TS/ISTAD-release/analysis/r1_relation_bottleneck/runtime/anomaly_detection_SMD_ISTAD_SMD_ftM_sl96_bmhgat_ent_hglite_rb_bs128_r1_learned_dynamic_s98_0/point_scores.npz
pred_raw: (706560,)
gt:      (706560,)
pred_pa: (706560,)
gt_pa:   (706560,)

============================================================
使用百分位数阈值的结果:
============================================================
Raw point F1: 0.1135 (P=0.1534, R=0.0901)
Accuracy : 0.9753, Precision : 0.6446, Recall : 0.9018, F-score : 0.7518 
============================================================


使用自适应 Best F1 搜索（两阶段）
粗搜索步数: 200, 精细搜索步数: 500

============================================================
自适应 Best F1 阈值搜索（两阶段）
============================================================

分数统计信息:
  最小值: 0.007404
  最大值: 13005.430664
  均值: 0.918356
  标准差: 65.888588
  中位数: 0.084271
  第1百分位: 0.017020
  第99百分位: 4.290484

自动确定的搜索范围: [0.008510, 8.580968]

============================================================
阶段 1: 粗搜索（步数: 200）
============================================================

============================================================
开始 Best F1 阈值搜索...
============================================================
搜索范围: [0.0085, 8.5810]
搜索步数: 200
使用点调整: False
阈值: 0.0514 | F1: 0.1016 | Precision: 0.0540 | Recall: 0.8631
阈值: 0.9086 | F1: 0.1688 | Precision: 0.1519 | Recall: 0.1899
阈值: 1.7659 | F1: 0.1256 | Precision: 0.1485 | Recall: 0.1088
阈值: 2.6231 | F1: 0.1036 | Precision: 0.1552 | Recall: 0.0777
阈值: 3.4804 | F1: 0.0888 | Precision: 0.1709 | Recall: 0.0600
阈值: 4.3376 | F1: 0.0772 | Precision: 0.2022 | Recall: 0.0477
阈值: 5.1948 | F1: 0.0654 | Precision: 0.2233 | Recall: 0.0383
阈值: 6.0521 | F1: 0.0596 | Precision: 0.2585 | Recall: 0.0337
阈值: 6.9093 | F1: 0.0542 | Precision: 0.2947 | Recall: 0.0299
阈值: 7.7666 | F1: 0.0505 | Precision: 0.3307 | Recall: 0.0274

============================================================
✓ 找到最佳阈值: 0.522857
  最佳 F1: 0.1978
  Precision: 0.1496
  Recall: 0.2918
============================================================


============================================================
阶段 2: 精细搜索（步数: 500）
============================================================
在最佳阈值 0.522857 附近精细搜索
精细搜索范围: [0.008510, 1.380103]

============================================================
开始 Best F1 阈值搜索...
============================================================
搜索范围: [0.0085, 1.3801]
搜索步数: 500
使用点调整: False
阈值: 0.0113 | F1: 0.0798 | Precision: 0.0416 | Recall: 1.0000
阈值: 0.1484 | F1: 0.1381 | Precision: 0.0785 | Recall: 0.5713
阈值: 0.2856 | F1: 0.1732 | Precision: 0.1108 | Recall: 0.3967
阈值: 0.4227 | F1: 0.1906 | Precision: 0.1349 | Recall: 0.3247
阈值: 0.5599 | F1: 0.1974 | Precision: 0.1527 | Recall: 0.2793
阈值: 0.6970 | F1: 0.1869 | Precision: 0.1553 | Recall: 0.2347
阈值: 0.8342 | F1: 0.1749 | Precision: 0.1535 | Recall: 0.2031
阈值: 0.9714 | F1: 0.1631 | Precision: 0.1496 | Recall: 0.1793
阈值: 1.1085 | F1: 0.1555 | Precision: 0.1486 | Recall: 0.1632
阈值: 1.2457 | F1: 0.1506 | Precision: 0.1500 | Recall: 0.1511

============================================================
✓ 找到最佳阈值: 0.548918
  最佳 F1: 0.1980
  Precision: 0.1522
  Recall: 0.2834
============================================================


✓ 精细搜索找到更好的阈值！

============================================================
自适应搜索完成！
============================================================
最终最佳阈值: 0.548918
最佳 F1: 0.1980
Precision: 0.1522
Recall: 0.2834
============================================================

Saved Best F1 results: /data/modeluse/TS/ISTAD-release/analysis/r1_relation_bottleneck/runtime/anomaly_detection_SMD_ISTAD_SMD_ftM_sl96_bmhgat_ent_hglite_rb_bs128_r1_learned_dynamic_s98_0/bestf1_threshold_results.json
Saved anomaly score plot: /data/modeluse/TS/ISTAD-release/analysis/r1_relation_bottleneck/runtime/anomaly_detection_SMD_ISTAD_SMD_ftM_sl96_bmhgat_ent_hglite_rb_bs128_r1_learned_dynamic_s98_0/anomaly_score_threshold.png
ISTAD explainability is disabled by --istad_enable_explain 0
Saved train time summary: /data/modeluse/TS/ISTAD-release/analysis/r1_relation_bottleneck/runtime/anomaly_detection_SMD_ISTAD_SMD_ftM_sl96_bmhgat_ent_hglite_rb_bs128_r1_learned_dynamic_s98_0/train_time_summary.json
=== R1 SMD seed 98 learned_static ===
Using GPU
Args in experiment:
[1mBasic Config[0m
  Task Name:          anomaly_detection   Is Training:        1                   
  Model ID:           SMD                 Model:              ISTAD               
  Seed:               98                  Itr:                1                   

[1mData Loader[0m
  Data:               SMD                 Root Path:          /data/modeluse/TS/ISTAD/dataset/SMD
  Features:           M                   Seq Len:            96                  
  Enc In:             38                  C Out:              38                  
  Checkpoints:        /data/modeluse/TS/ISTAD-release/checkpoints/ISTAD_r1_relation_bottleneck
  Eval Step:          96                  

[1mAnomaly Detection Task[0m
  Anomaly Ratio:      1.0                 Threshold Source:   train               

[1mISTAD Parameters[0m
  Kernel Size:        7                   Branch Mode:        hgat                
  TCN Type:           kan                 
  Feat GAT Dim:       -1                  GRU Layers:         1                   
  GRU Hidden:         150                 Recon Layers:       1                   
  Recon Hidden:       32                  ISTAD Dropout:      0.3                 
  Recon Type:         pointwise           KANAD Order:        3                   
  Objective:          reconstruct         Target / Lag:       ('', 1)             
  Leaky Alpha:        0.2                 H Init:             normal              
  Hyperedges:         -1                  Top-K Nodes:        -1                  
  Spatial Type:       lite                HGAT Rank:          8                   
  HGAT Projection:    linear              Relation Mode:      static              
  KAN Grid:           5                   KAN Order:          3                   
  Arch:               legacy              Ablation:           full                
  Relation bottleneck:1                   Mask ratio/folds:   (0.2, 8)            
  Explainability:     0                   Explain Batches:    0                   
  Explain Points:     20000               Explain TopK:       10                  
  SmoothGrad:         0                   SG Samples:         20                  
  SG Noise:           0.1                 Quad Mode:          quantile            
  Quad Value:         0.75                Err Agg:            sum                 
  Sal Agg:            sum                 

[1mRun Parameters[0m
  Num Workers:        4                   Batch Size:         128                 
  Train Epochs:       20                  Patience:           5                   
  Learning Rate:      0.001               Lradj:              cosine              
  Des:                r1_learned_static_s98

[1mGPU[0m
  Use GPU:            1                   GPU:                0                   
  Use Multi GPU:      0                   Devices:            0,1,2,3             

Use GPU: cuda:0
🚀 Lazy Loading: ISTAD ...
>>>>>>>start training : anomaly_detection_SMD_ISTAD_SMD_ftM_sl96_bmhgat_relstatic_ent_hglite_rb_bs128_r1_learned_static_s98_0>>>>>>>>>>>>>>>>>>>>>>>>>>
test: (708420, 38)
train: (566713, 38)
SMD entity-aware windows: 5949
train 5949
test: (708420, 38)
train: (566713, 38)
SMD entity-aware windows: 1470
val 1470
Epoch: 1 cost time: 2.275496482849121
Epoch: 1, Steps: 47 | Train Loss: 0.8585329 Vali Loss: 0.7733608
Validation loss decreased (inf --> 0.773361).  Saving model ...
Updating learning rate to 0.0009938441702975688
Epoch: 2 cost time: 1.0987589359283447
Epoch: 2, Steps: 47 | Train Loss: 0.7424749 Vali Loss: 0.5077749
Validation loss decreased (0.773361 --> 0.507775).  Saving model ...
Updating learning rate to 0.0009755282581475768
Epoch: 3 cost time: 1.0963547229766846
Epoch: 3, Steps: 47 | Train Loss: 0.6135213 Vali Loss: 0.4084559
Validation loss decreased (0.507775 --> 0.408456).  Saving model ...
Updating learning rate to 0.0009455032620941839
Epoch: 4 cost time: 1.0899412631988525
Epoch: 4, Steps: 47 | Train Loss: 0.4665135 Vali Loss: 0.3328002
Validation loss decreased (0.408456 --> 0.332800).  Saving model ...
Updating learning rate to 0.0009045084971874737
Epoch: 5 cost time: 1.1275246143341064
Epoch: 5, Steps: 47 | Train Loss: 0.4071566 Vali Loss: 0.3235612
Validation loss decreased (0.332800 --> 0.323561).  Saving model ...
Updating learning rate to 0.0008535533905932737
Epoch: 6 cost time: 1.1194920539855957
Epoch: 6, Steps: 47 | Train Loss: 0.4186518 Vali Loss: 0.2726987
Validation loss decreased (0.323561 --> 0.272699).  Saving model ...
Updating learning rate to 0.0007938926261462366
Epoch: 7 cost time: 1.1049838066101074
Epoch: 7, Steps: 47 | Train Loss: 0.3799921 Vali Loss: 0.3132550
EarlyStopping counter: 1 out of 5
Updating learning rate to 0.0007269952498697733
Epoch: 8 cost time: 1.1066370010375977
Epoch: 8, Steps: 47 | Train Loss: 0.4476326 Vali Loss: 0.2974206
EarlyStopping counter: 2 out of 5
Updating learning rate to 0.0006545084971874737
Epoch: 9 cost time: 1.159815788269043
Epoch: 9, Steps: 47 | Train Loss: 0.4610890 Vali Loss: 0.2752912
EarlyStopping counter: 3 out of 5
Updating learning rate to 0.0005782172325201155
Epoch: 10 cost time: 1.1336033344268799
Epoch: 10, Steps: 47 | Train Loss: 0.3559788 Vali Loss: 0.3241170
EarlyStopping counter: 4 out of 5
Updating learning rate to 0.0005
Epoch: 11 cost time: 1.1150782108306885
Epoch: 11, Steps: 47 | Train Loss: 0.3532769 Vali Loss: 0.2620401
Validation loss decreased (0.272699 --> 0.262040).  Saving model ...
Updating learning rate to 0.0004217827674798845
Epoch: 12 cost time: 1.1058955192565918
Epoch: 12, Steps: 47 | Train Loss: 0.4528171 Vali Loss: 0.3673517
EarlyStopping counter: 1 out of 5
Updating learning rate to 0.00034549150281252633
Epoch: 13 cost time: 1.1189544200897217
Epoch: 13, Steps: 47 | Train Loss: 0.3410992 Vali Loss: 0.2373369
Validation loss decreased (0.262040 --> 0.237337).  Saving model ...
Updating learning rate to 0.00027300475013022663
Epoch: 14 cost time: 1.121427297592163
Epoch: 14, Steps: 47 | Train Loss: 0.3638882 Vali Loss: 0.2861735
EarlyStopping counter: 1 out of 5
Updating learning rate to 0.00020610737385376348
Epoch: 15 cost time: 1.132777452468872
Epoch: 15, Steps: 47 | Train Loss: 0.4421745 Vali Loss: 0.2179247
Validation loss decreased (0.237337 --> 0.217925).  Saving model ...
Updating learning rate to 0.00014644660940672628
Epoch: 16 cost time: 1.111377239227295
Epoch: 16, Steps: 47 | Train Loss: 0.3043800 Vali Loss: 0.3087473
EarlyStopping counter: 1 out of 5
Updating learning rate to 9.549150281252633e-05
Epoch: 17 cost time: 1.1095645427703857
Epoch: 17, Steps: 47 | Train Loss: 0.3121259 Vali Loss: 0.2325446
EarlyStopping counter: 2 out of 5
Updating learning rate to 5.449673790581611e-05
Epoch: 18 cost time: 1.1000316143035889
Epoch: 18, Steps: 47 | Train Loss: 0.3964419 Vali Loss: 0.1992042
Validation loss decreased (0.217925 --> 0.199204).  Saving model ...
Updating learning rate to 2.4471741852423235e-05
Epoch: 19 cost time: 1.1523592472076416
Epoch: 19, Steps: 47 | Train Loss: 0.3304254 Vali Loss: 0.2533358
EarlyStopping counter: 1 out of 5
Updating learning rate to 6.15582970243117e-06
Epoch: 20 cost time: 1.095658779144287
Epoch: 20, Steps: 47 | Train Loss: 0.2958416 Vali Loss: 0.2867864
EarlyStopping counter: 2 out of 5
Updating learning rate to 0.0
Saved relation bottleneck training diagnostics: /data/modeluse/TS/ISTAD-release/checkpoints/ISTAD_r1_relation_bottleneck/anomaly_detection_SMD_ISTAD_SMD_ftM_sl96_bmhgat_relstatic_ent_hglite_rb_bs128_r1_learned_static_s98_0/relation_bottleneck_train_diagnostics.json
>>>>>>>testing : anomaly_detection_SMD_ISTAD_SMD_ftM_sl96_bmhgat_relstatic_ent_hglite_rb_bs128_r1_learned_static_s98_0<<<<<<<<<<<<<<<<<<<<<<<<<<<<<<<<<
test: (708420, 38)
train: (566713, 38)
SMD entity-aware windows: 7360
test 7360
test: (708420, 38)
train: (566713, 38)
SMD entity-aware windows: 5892
score_train 5892
test: (708420, 38)
train: (566713, 38)
SMD entity-aware windows: 1470
val 1470
Saved relation bottleneck diagnostics: /data/modeluse/TS/ISTAD-release/analysis/r1_relation_bottleneck/runtime/anomaly_detection_SMD_ISTAD_SMD_ftM_sl96_bmhgat_relstatic_ent_hglite_rb_bs128_r1_learned_static_s98_0/relation_bottleneck_diagnostics.json
Percentile Threshold Source: train
Percentile Threshold : 2.206520948410028
Saved point scores and labels: /data/modeluse/TS/ISTAD-release/analysis/r1_relation_bottleneck/runtime/anomaly_detection_SMD_ISTAD_SMD_ftM_sl96_bmhgat_relstatic_ent_hglite_rb_bs128_r1_learned_static_s98_0/point_scores.npz
pred_raw: (706560,)
gt:      (706560,)
pred_pa: (706560,)
gt_pa:   (706560,)

============================================================
使用百分位数阈值的结果:
============================================================
Raw point F1: 0.1150 (P=0.1567, R=0.0908)
Accuracy : 0.9756, Precision : 0.6484, Recall : 0.9018, F-score : 0.7544 
============================================================


使用自适应 Best F1 搜索（两阶段）
粗搜索步数: 200, 精细搜索步数: 500

============================================================
自适应 Best F1 阈值搜索（两阶段）
============================================================

分数统计信息:
  最小值: 0.008473
  最大值: 13000.964844
  均值: 0.921005
  标准差: 65.881866
  中位数: 0.087209
  第1百分位: 0.017314
  第99百分位: 4.199946

自动确定的搜索范围: [0.008657, 8.399893]

============================================================
阶段 1: 粗搜索（步数: 200）
============================================================

============================================================
开始 Best F1 阈值搜索...
============================================================
搜索范围: [0.0087, 8.3999]
搜索步数: 200
使用点调整: False
阈值: 0.0506 | F1: 0.0999 | Precision: 0.0530 | Recall: 0.8698
阈值: 0.8897 | F1: 0.1731 | Precision: 0.1536 | Recall: 0.1982
阈值: 1.7289 | F1: 0.1293 | Precision: 0.1508 | Recall: 0.1132
阈值: 2.5680 | F1: 0.1062 | Precision: 0.1587 | Recall: 0.0798
阈值: 3.4071 | F1: 0.0905 | Precision: 0.1739 | Recall: 0.0612
阈值: 4.2462 | F1: 0.0792 | Precision: 0.2074 | Recall: 0.0489
阈值: 5.0854 | F1: 0.0673 | Precision: 0.2306 | Recall: 0.0394
阈值: 5.9245 | F1: 0.0613 | Precision: 0.2643 | Recall: 0.0347
阈值: 6.7636 | F1: 0.0558 | Precision: 0.2995 | Recall: 0.0308
阈值: 7.6027 | F1: 0.0516 | Precision: 0.3365 | Recall: 0.0279

============================================================
✓ 找到最佳阈值: 0.596043
  最佳 F1: 0.1961
  Precision: 0.1526
  Recall: 0.2745
============================================================


============================================================
阶段 2: 精细搜索（步数: 500）
============================================================
在最佳阈值 0.596043 附近精细搜索
精细搜索范围: [0.008657, 1.435167]

============================================================
开始 Best F1 阈值搜索...
============================================================
搜索范围: [0.0087, 1.4352]
搜索步数: 500
使用点调整: False
阈值: 0.0115 | F1: 0.0798 | Precision: 0.0416 | Recall: 0.9999
阈值: 0.1542 | F1: 0.1350 | Precision: 0.0767 | Recall: 0.5638
阈值: 0.2968 | F1: 0.1706 | Precision: 0.1092 | Recall: 0.3899
阈值: 0.4395 | F1: 0.1886 | Precision: 0.1330 | Recall: 0.3237
阈值: 0.5821 | F1: 0.1957 | Precision: 0.1509 | Recall: 0.2785
阈值: 0.7248 | F1: 0.1875 | Precision: 0.1561 | Recall: 0.2348
阈值: 0.8674 | F1: 0.1753 | Precision: 0.1545 | Recall: 0.2026
阈值: 1.0101 | F1: 0.1643 | Precision: 0.1514 | Recall: 0.1796
阈值: 1.1527 | F1: 0.1554 | Precision: 0.1495 | Recall: 0.1618
阈值: 1.2954 | F1: 0.1507 | Precision: 0.1524 | Recall: 0.1490

============================================================
✓ 找到最佳阈值: 0.599232
  最佳 F1: 0.1962
  Precision: 0.1530
  Recall: 0.2736
============================================================


✓ 精细搜索找到更好的阈值！

============================================================
自适应搜索完成！
============================================================
最终最佳阈值: 0.599232
最佳 F1: 0.1962
Precision: 0.1530
Recall: 0.2736
============================================================

Saved Best F1 results: /data/modeluse/TS/ISTAD-release/analysis/r1_relation_bottleneck/runtime/anomaly_detection_SMD_ISTAD_SMD_ftM_sl96_bmhgat_relstatic_ent_hglite_rb_bs128_r1_learned_static_s98_0/bestf1_threshold_results.json
Saved anomaly score plot: /data/modeluse/TS/ISTAD-release/analysis/r1_relation_bottleneck/runtime/anomaly_detection_SMD_ISTAD_SMD_ftM_sl96_bmhgat_relstatic_ent_hglite_rb_bs128_r1_learned_static_s98_0/anomaly_score_threshold.png
ISTAD explainability is disabled by --istad_enable_explain 0
Saved train time summary: /data/modeluse/TS/ISTAD-release/analysis/r1_relation_bottleneck/runtime/anomaly_detection_SMD_ISTAD_SMD_ftM_sl96_bmhgat_relstatic_ent_hglite_rb_bs128_r1_learned_static_s98_0/train_time_summary.json
=== R1 SMD seed 98 fixed_random ===
Using GPU
Args in experiment:
[1mBasic Config[0m
  Task Name:          anomaly_detection   Is Training:        1                   
  Model ID:           SMD                 Model:              ISTAD               
  Seed:               98                  Itr:                1                   

[1mData Loader[0m
  Data:               SMD                 Root Path:          /data/modeluse/TS/ISTAD/dataset/SMD
  Features:           M                   Seq Len:            96                  
  Enc In:             38                  C Out:              38                  
  Checkpoints:        /data/modeluse/TS/ISTAD-release/checkpoints/ISTAD_r1_relation_bottleneck
  Eval Step:          96                  

[1mAnomaly Detection Task[0m
  Anomaly Ratio:      1.0                 Threshold Source:   train               

[1mISTAD Parameters[0m
  Kernel Size:        7                   Branch Mode:        hgat                
  TCN Type:           kan                 
  Feat GAT Dim:       -1                  GRU Layers:         1                   
  GRU Hidden:         150                 Recon Layers:       1                   
  Recon Hidden:       32                  ISTAD Dropout:      0.3                 
  Recon Type:         pointwise           KANAD Order:        3                   
  Objective:          reconstruct         Target / Lag:       ('', 1)             
  Leaky Alpha:        0.2                 H Init:             normal              
  Hyperedges:         -1                  Top-K Nodes:        -1                  
  Spatial Type:       lite                HGAT Rank:          8                   
  HGAT Projection:    linear              Relation Mode:      fixed_random        
  KAN Grid:           5                   KAN Order:          3                   
  Arch:               legacy              Ablation:           full                
  Relation bottleneck:1                   Mask ratio/folds:   (0.2, 8)            
  Explainability:     0                   Explain Batches:    0                   
  Explain Points:     20000               Explain TopK:       10                  
  SmoothGrad:         0                   SG Samples:         20                  
  SG Noise:           0.1                 Quad Mode:          quantile            
  Quad Value:         0.75                Err Agg:            sum                 
  Sal Agg:            sum                 

[1mRun Parameters[0m
  Num Workers:        4                   Batch Size:         128                 
  Train Epochs:       20                  Patience:           5                   
  Learning Rate:      0.001               Lradj:              cosine              
  Des:                r1_fixed_random_s98 

[1mGPU[0m
  Use GPU:            1                   GPU:                0                   
  Use Multi GPU:      0                   Devices:            0,1,2,3             

Use GPU: cuda:0
🚀 Lazy Loading: ISTAD ...
>>>>>>>start training : anomaly_detection_SMD_ISTAD_SMD_ftM_sl96_bmhgat_relfixed_random_ent_hglite_rb_bs128_r1_fixed_random_s98_0>>>>>>>>>>>>>>>>>>>>>>>>>>
test: (708420, 38)
train: (566713, 38)
SMD entity-aware windows: 5949
train 5949
test: (708420, 38)
train: (566713, 38)
SMD entity-aware windows: 1470
val 1470
Epoch: 1 cost time: 1.9297332763671875
Epoch: 1, Steps: 47 | Train Loss: 0.8540418 Vali Loss: 0.7550857
Validation loss decreased (inf --> 0.755086).  Saving model ...
Updating learning rate to 0.0009938441702975688
Epoch: 2 cost time: 0.9574325084686279
Epoch: 2, Steps: 47 | Train Loss: 0.7055392 Vali Loss: 0.4650094
Validation loss decreased (0.755086 --> 0.465009).  Saving model ...
Updating learning rate to 0.0009755282581475768
Epoch: 3 cost time: 0.9920186996459961
Epoch: 3, Steps: 47 | Train Loss: 0.5885678 Vali Loss: 0.3958505
Validation loss decreased (0.465009 --> 0.395850).  Saving model ...
Updating learning rate to 0.0009455032620941839
Epoch: 4 cost time: 0.9807193279266357
Epoch: 4, Steps: 47 | Train Loss: 0.4654785 Vali Loss: 0.3438642
Validation loss decreased (0.395850 --> 0.343864).  Saving model ...
Updating learning rate to 0.0009045084971874737
Epoch: 5 cost time: 0.9529085159301758
Epoch: 5, Steps: 47 | Train Loss: 0.4226771 Vali Loss: 0.3380159
Validation loss decreased (0.343864 --> 0.338016).  Saving model ...
Updating learning rate to 0.0008535533905932737
Epoch: 6 cost time: 0.9881927967071533
Epoch: 6, Steps: 47 | Train Loss: 0.4294158 Vali Loss: 0.2796783
Validation loss decreased (0.338016 --> 0.279678).  Saving model ...
Updating learning rate to 0.0007938926261462366
Epoch: 7 cost time: 0.985323429107666
Epoch: 7, Steps: 47 | Train Loss: 0.3890084 Vali Loss: 0.3189977
EarlyStopping counter: 1 out of 5
Updating learning rate to 0.0007269952498697733
Epoch: 8 cost time: 0.9774844646453857
Epoch: 8, Steps: 47 | Train Loss: 0.4559466 Vali Loss: 0.3050274
EarlyStopping counter: 2 out of 5
Updating learning rate to 0.0006545084971874737
Epoch: 9 cost time: 0.9453761577606201
Epoch: 9, Steps: 47 | Train Loss: 0.4690870 Vali Loss: 0.2815140
EarlyStopping counter: 3 out of 5
Updating learning rate to 0.0005782172325201155
Epoch: 10 cost time: 0.9544565677642822
Epoch: 10, Steps: 47 | Train Loss: 0.3648431 Vali Loss: 0.3291073
EarlyStopping counter: 4 out of 5
Updating learning rate to 0.0005
Epoch: 11 cost time: 0.9790763854980469
Epoch: 11, Steps: 47 | Train Loss: 0.3618149 Vali Loss: 0.2678357
Validation loss decreased (0.279678 --> 0.267836).  Saving model ...
Updating learning rate to 0.0004217827674798845
Epoch: 12 cost time: 0.9885213375091553
Epoch: 12, Steps: 47 | Train Loss: 0.4619011 Vali Loss: 0.3737373
EarlyStopping counter: 1 out of 5
Updating learning rate to 0.00034549150281252633
Epoch: 13 cost time: 0.9996757507324219
Epoch: 13, Steps: 47 | Train Loss: 0.3497553 Vali Loss: 0.2431881
Validation loss decreased (0.267836 --> 0.243188).  Saving model ...
Updating learning rate to 0.00027300475013022663
Epoch: 14 cost time: 0.9547107219696045
Epoch: 14, Steps: 47 | Train Loss: 0.3714523 Vali Loss: 0.2911206
EarlyStopping counter: 1 out of 5
Updating learning rate to 0.00020610737385376348
Epoch: 15 cost time: 0.9757335186004639
Epoch: 15, Steps: 47 | Train Loss: 0.4498744 Vali Loss: 0.2246045
Validation loss decreased (0.243188 --> 0.224604).  Saving model ...
Updating learning rate to 0.00014644660940672628
Epoch: 16 cost time: 0.9884035587310791
Epoch: 16, Steps: 47 | Train Loss: 0.3126167 Vali Loss: 0.3140890
EarlyStopping counter: 1 out of 5
Updating learning rate to 9.549150281252633e-05
Epoch: 17 cost time: 0.9529964923858643
Epoch: 17, Steps: 47 | Train Loss: 0.3197281 Vali Loss: 0.2397000
EarlyStopping counter: 2 out of 5
Updating learning rate to 5.449673790581611e-05
Epoch: 18 cost time: 0.9768824577331543
Epoch: 18, Steps: 47 | Train Loss: 0.4046304 Vali Loss: 0.2050755
Validation loss decreased (0.224604 --> 0.205076).  Saving model ...
Updating learning rate to 2.4471741852423235e-05
Epoch: 19 cost time: 0.9536919593811035
Epoch: 19, Steps: 47 | Train Loss: 0.3384236 Vali Loss: 0.2581170
EarlyStopping counter: 1 out of 5
Updating learning rate to 6.15582970243117e-06
Epoch: 20 cost time: 0.9795613288879395
Epoch: 20, Steps: 47 | Train Loss: 0.3040478 Vali Loss: 0.2917942
EarlyStopping counter: 2 out of 5
Updating learning rate to 0.0
Saved relation bottleneck training diagnostics: /data/modeluse/TS/ISTAD-release/checkpoints/ISTAD_r1_relation_bottleneck/anomaly_detection_SMD_ISTAD_SMD_ftM_sl96_bmhgat_relfixed_random_ent_hglite_rb_bs128_r1_fixed_random_s98_0/relation_bottleneck_train_diagnostics.json
>>>>>>>testing : anomaly_detection_SMD_ISTAD_SMD_ftM_sl96_bmhgat_relfixed_random_ent_hglite_rb_bs128_r1_fixed_random_s98_0<<<<<<<<<<<<<<<<<<<<<<<<<<<<<<<<<
test: (708420, 38)
train: (566713, 38)
SMD entity-aware windows: 7360
test 7360
test: (708420, 38)
train: (566713, 38)
SMD entity-aware windows: 5892
score_train 5892
test: (708420, 38)
train: (566713, 38)
SMD entity-aware windows: 1470
val 1470
Saved relation bottleneck diagnostics: /data/modeluse/TS/ISTAD-release/analysis/r1_relation_bottleneck/runtime/anomaly_detection_SMD_ISTAD_SMD_ftM_sl96_bmhgat_relfixed_random_ent_hglite_rb_bs128_r1_fixed_random_s98_0/relation_bottleneck_diagnostics.json
Percentile Threshold Source: train
Percentile Threshold : 2.204659206867198
Saved point scores and labels: /data/modeluse/TS/ISTAD-release/analysis/r1_relation_bottleneck/runtime/anomaly_detection_SMD_ISTAD_SMD_ftM_sl96_bmhgat_relfixed_random_ent_hglite_rb_bs128_r1_fixed_random_s98_0/point_scores.npz
pred_raw: (706560,)
gt:      (706560,)
pred_pa: (706560,)
gt_pa:   (706560,)

============================================================
使用百分位数阈值的结果:
============================================================
Raw point F1: 0.1152 (P=0.1564, R=0.0912)
Accuracy : 0.9757, Precision : 0.6485, Recall : 0.9076, F-score : 0.7564 
============================================================


使用自适应 Best F1 搜索（两阶段）
粗搜索步数: 200, 精细搜索步数: 500

============================================================
自适应 Best F1 阈值搜索（两阶段）
============================================================

分数统计信息:
  最小值: 0.008891
  最大值: 13005.270508
  均值: 0.929629
  标准差: 65.869736
  中位数: 0.089870
  第1百分位: 0.020569
  第99百分位: 4.162899

自动确定的搜索范围: [0.010284, 8.325798]

============================================================
阶段 1: 粗搜索（步数: 200）
============================================================

============================================================
开始 Best F1 阈值搜索...
============================================================
搜索范围: [0.0103, 8.3258]
搜索步数: 200
使用点调整: False
阈值: 0.0519 | F1: 0.0991 | Precision: 0.0525 | Recall: 0.8912
阈值: 0.8834 | F1: 0.1754 | Precision: 0.1527 | Recall: 0.2059
阈值: 1.7150 | F1: 0.1295 | Precision: 0.1486 | Recall: 0.1147
阈值: 2.5465 | F1: 0.1069 | Precision: 0.1595 | Recall: 0.0804
阈值: 3.3781 | F1: 0.0910 | Precision: 0.1728 | Recall: 0.0617
阈值: 4.2096 | F1: 0.0769 | Precision: 0.2019 | Recall: 0.0475
阈值: 5.0412 | F1: 0.0675 | Precision: 0.2296 | Recall: 0.0396
阈值: 5.8727 | F1: 0.0615 | Precision: 0.2652 | Recall: 0.0348
阈值: 6.7043 | F1: 0.0558 | Precision: 0.2993 | Recall: 0.0308
阈值: 7.5358 | F1: 0.0516 | Precision: 0.3350 | Recall: 0.0279

============================================================
✓ 找到最佳阈值: 0.592370
  最佳 F1: 0.1940
  Precision: 0.1476
  Recall: 0.2831
============================================================


============================================================
阶段 2: 精细搜索（步数: 500）
============================================================
在最佳阈值 0.592370 附近精细搜索
精细搜索范围: [0.010284, 1.423922]

============================================================
开始 Best F1 阈值搜索...
============================================================
搜索范围: [0.0103, 1.4239]
搜索步数: 500
使用点调整: False
阈值: 0.0131 | F1: 0.0798 | Precision: 0.0415 | Recall: 0.9998
阈值: 0.1545 | F1: 0.1383 | Precision: 0.0784 | Recall: 0.5859
阈值: 0.2958 | F1: 0.1611 | Precision: 0.1002 | Recall: 0.4102
阈值: 0.4372 | F1: 0.1863 | Precision: 0.1305 | Recall: 0.3255
阈值: 0.5786 | F1: 0.1939 | Precision: 0.1466 | Recall: 0.2862
阈值: 0.7199 | F1: 0.1876 | Precision: 0.1524 | Recall: 0.2441
阈值: 0.8613 | F1: 0.1770 | Precision: 0.1529 | Recall: 0.2101
阈值: 1.0027 | F1: 0.1661 | Precision: 0.1509 | Recall: 0.1847
阈值: 1.1440 | F1: 0.1565 | Precision: 0.1494 | Recall: 0.1643
阈值: 1.2854 | F1: 0.1493 | Precision: 0.1494 | Recall: 0.1492

============================================================
✓ 找到最佳阈值: 0.643594
  最佳 F1: 0.1943
  Precision: 0.1521
  Recall: 0.2690
============================================================


✓ 精细搜索找到更好的阈值！

============================================================
自适应搜索完成！
============================================================
最终最佳阈值: 0.643594
最佳 F1: 0.1943
Precision: 0.1521
Recall: 0.2690
============================================================

Saved Best F1 results: /data/modeluse/TS/ISTAD-release/analysis/r1_relation_bottleneck/runtime/anomaly_detection_SMD_ISTAD_SMD_ftM_sl96_bmhgat_relfixed_random_ent_hglite_rb_bs128_r1_fixed_random_s98_0/bestf1_threshold_results.json
Saved anomaly score plot: /data/modeluse/TS/ISTAD-release/analysis/r1_relation_bottleneck/runtime/anomaly_detection_SMD_ISTAD_SMD_ftM_sl96_bmhgat_relfixed_random_ent_hglite_rb_bs128_r1_fixed_random_s98_0/anomaly_score_threshold.png
ISTAD explainability is disabled by --istad_enable_explain 0
Saved train time summary: /data/modeluse/TS/ISTAD-release/analysis/r1_relation_bottleneck/runtime/anomaly_detection_SMD_ISTAD_SMD_ftM_sl96_bmhgat_relfixed_random_ent_hglite_rb_bs128_r1_fixed_random_s98_0/train_time_summary.json
=== R1 SMD seed 98 no_message ===
Using GPU
Args in experiment:
[1mBasic Config[0m
  Task Name:          anomaly_detection   Is Training:        1                   
  Model ID:           SMD                 Model:              ISTAD               
  Seed:               98                  Itr:                1                   

[1mData Loader[0m
  Data:               SMD                 Root Path:          /data/modeluse/TS/ISTAD/dataset/SMD
  Features:           M                   Seq Len:            96                  
  Enc In:             38                  C Out:              38                  
  Checkpoints:        /data/modeluse/TS/ISTAD-release/checkpoints/ISTAD_r1_relation_bottleneck
  Eval Step:          96                  

[1mAnomaly Detection Task[0m
  Anomaly Ratio:      1.0                 Threshold Source:   train               

[1mISTAD Parameters[0m
  Kernel Size:        7                   Branch Mode:        hgat                
  TCN Type:           kan                 
  Feat GAT Dim:       -1                  GRU Layers:         1                   
  GRU Hidden:         150                 Recon Layers:       1                   
  Recon Hidden:       32                  ISTAD Dropout:      0.3                 
  Recon Type:         pointwise           KANAD Order:        3                   
  Objective:          reconstruct         Target / Lag:       ('', 1)             
  Leaky Alpha:        0.2                 H Init:             normal              
  Hyperedges:         -1                  Top-K Nodes:        -1                  
  Spatial Type:       lite                HGAT Rank:          8                   
  HGAT Projection:    linear              Relation Mode:      no_message          
  KAN Grid:           5                   KAN Order:          3                   
  Arch:               legacy              Ablation:           full                
  Relation bottleneck:1                   Mask ratio/folds:   (0.2, 8)            
  Explainability:     0                   Explain Batches:    0                   
  Explain Points:     20000               Explain TopK:       10                  
  SmoothGrad:         0                   SG Samples:         20                  
  SG Noise:           0.1                 Quad Mode:          quantile            
  Quad Value:         0.75                Err Agg:            sum                 
  Sal Agg:            sum                 

[1mRun Parameters[0m
  Num Workers:        4                   Batch Size:         128                 
  Train Epochs:       20                  Patience:           5                   
  Learning Rate:      0.001               Lradj:              cosine              
  Des:                r1_no_message_s98   

[1mGPU[0m
  Use GPU:            1                   GPU:                0                   
  Use Multi GPU:      0                   Devices:            0,1,2,3             

Use GPU: cuda:0
🚀 Lazy Loading: ISTAD ...
>>>>>>>start training : anomaly_detection_SMD_ISTAD_SMD_ftM_sl96_bmhgat_relno_message_ent_hglite_rb_bs128_r1_no_message_s98_0>>>>>>>>>>>>>>>>>>>>>>>>>>
test: (708420, 38)
train: (566713, 38)
SMD entity-aware windows: 5949
train 5949
test: (708420, 38)
train: (566713, 38)
SMD entity-aware windows: 1470
val 1470
Epoch: 1 cost time: 1.5484297275543213
Epoch: 1, Steps: 47 | Train Loss: 0.9056170 Vali Loss: 0.7824577
Validation loss decreased (inf --> 0.782458).  Saving model ...
Updating learning rate to 0.0009938441702975688
Epoch: 2 cost time: 0.5381331443786621
Epoch: 2, Steps: 47 | Train Loss: 0.7408696 Vali Loss: 0.5239764
Validation loss decreased (0.782458 --> 0.523976).  Saving model ...
Updating learning rate to 0.0009755282581475768
Epoch: 3 cost time: 0.5809841156005859
Epoch: 3, Steps: 47 | Train Loss: 0.5397193 Vali Loss: 0.4164874
Validation loss decreased (0.523976 --> 0.416487).  Saving model ...
Updating learning rate to 0.0009455032620941839
Epoch: 4 cost time: 0.5420703887939453
Epoch: 4, Steps: 47 | Train Loss: 0.5067939 Vali Loss: 0.3490597
Validation loss decreased (0.416487 --> 0.349060).  Saving model ...
Updating learning rate to 0.0009045084971874737
Epoch: 5 cost time: 0.5554180145263672
Epoch: 5, Steps: 47 | Train Loss: 0.4936282 Vali Loss: 0.3481593
Validation loss decreased (0.349060 --> 0.348159).  Saving model ...
Updating learning rate to 0.0008535533905932737
Epoch: 6 cost time: 0.551414966583252
Epoch: 6, Steps: 47 | Train Loss: 0.4684313 Vali Loss: 0.2978998
Validation loss decreased (0.348159 --> 0.297900).  Saving model ...
Updating learning rate to 0.0007938926261462366
Epoch: 7 cost time: 0.5632100105285645
Epoch: 7, Steps: 47 | Train Loss: 0.4252860 Vali Loss: 0.3394099
EarlyStopping counter: 1 out of 5
Updating learning rate to 0.0007269952498697733
Epoch: 8 cost time: 0.5632727146148682
Epoch: 8, Steps: 47 | Train Loss: 0.4383781 Vali Loss: 0.3243964
EarlyStopping counter: 2 out of 5
Updating learning rate to 0.0006545084971874737
Epoch: 9 cost time: 0.5291719436645508
Epoch: 9, Steps: 47 | Train Loss: 0.3805948 Vali Loss: 0.3009515
EarlyStopping counter: 3 out of 5
Updating learning rate to 0.0005782172325201155
Epoch: 10 cost time: 0.5556371212005615
Epoch: 10, Steps: 47 | Train Loss: 0.3396428 Vali Loss: 0.3475578
EarlyStopping counter: 4 out of 5
Updating learning rate to 0.0005
Epoch: 11 cost time: 0.5607123374938965
Epoch: 11, Steps: 47 | Train Loss: 0.3474465 Vali Loss: 0.2852591
Validation loss decreased (0.297900 --> 0.285259).  Saving model ...
Updating learning rate to 0.0004217827674798845
Epoch: 12 cost time: 0.5371971130371094
Epoch: 12, Steps: 47 | Train Loss: 0.4430756 Vali Loss: 0.3913411
EarlyStopping counter: 1 out of 5
Updating learning rate to 0.00034549150281252633
Epoch: 13 cost time: 0.5561726093292236
Epoch: 13, Steps: 47 | Train Loss: 0.3717898 Vali Loss: 0.2609910
Validation loss decreased (0.285259 --> 0.260991).  Saving model ...
Updating learning rate to 0.00027300475013022663
Epoch: 14 cost time: 0.5442736148834229
Epoch: 14, Steps: 47 | Train Loss: 0.3680604 Vali Loss: 0.3085700
EarlyStopping counter: 1 out of 5
Updating learning rate to 0.00020610737385376348
Epoch: 15 cost time: 0.5954692363739014
Epoch: 15, Steps: 47 | Train Loss: 0.4505894 Vali Loss: 0.2423998
Validation loss decreased (0.260991 --> 0.242400).  Saving model ...
Updating learning rate to 0.00014644660940672628
Epoch: 16 cost time: 0.5535476207733154
Epoch: 16, Steps: 47 | Train Loss: 0.4698724 Vali Loss: 0.3319883
EarlyStopping counter: 1 out of 5
Updating learning rate to 9.549150281252633e-05
Epoch: 17 cost time: 0.5081157684326172
Epoch: 17, Steps: 47 | Train Loss: 0.3543620 Vali Loss: 0.2566576
EarlyStopping counter: 2 out of 5
Updating learning rate to 5.449673790581611e-05
Epoch: 18 cost time: 0.5137898921966553
Epoch: 18, Steps: 47 | Train Loss: 0.4566955 Vali Loss: 0.2228542
Validation loss decreased (0.242400 --> 0.222854).  Saving model ...
Updating learning rate to 2.4471741852423235e-05
Epoch: 19 cost time: 0.5684475898742676
Epoch: 19, Steps: 47 | Train Loss: 0.4707633 Vali Loss: 0.2757328
EarlyStopping counter: 1 out of 5
Updating learning rate to 6.15582970243117e-06
Epoch: 20 cost time: 0.5494461059570312
Epoch: 20, Steps: 47 | Train Loss: 0.3233032 Vali Loss: 0.3088419
EarlyStopping counter: 2 out of 5
Updating learning rate to 0.0
Saved relation bottleneck training diagnostics: /data/modeluse/TS/ISTAD-release/checkpoints/ISTAD_r1_relation_bottleneck/anomaly_detection_SMD_ISTAD_SMD_ftM_sl96_bmhgat_relno_message_ent_hglite_rb_bs128_r1_no_message_s98_0/relation_bottleneck_train_diagnostics.json
>>>>>>>testing : anomaly_detection_SMD_ISTAD_SMD_ftM_sl96_bmhgat_relno_message_ent_hglite_rb_bs128_r1_no_message_s98_0<<<<<<<<<<<<<<<<<<<<<<<<<<<<<<<<<
test: (708420, 38)
train: (566713, 38)
SMD entity-aware windows: 7360
test 7360
test: (708420, 38)
train: (566713, 38)
SMD entity-aware windows: 5892
score_train 5892
test: (708420, 38)
train: (566713, 38)
SMD entity-aware windows: 1470
val 1470
Saved relation bottleneck diagnostics: /data/modeluse/TS/ISTAD-release/analysis/r1_relation_bottleneck/runtime/anomaly_detection_SMD_ISTAD_SMD_ftM_sl96_bmhgat_relno_message_ent_hglite_rb_bs128_r1_no_message_s98_0/relation_bottleneck_diagnostics.json
Percentile Threshold Source: train
Percentile Threshold : 2.227736730575545
Saved point scores and labels: /data/modeluse/TS/ISTAD-release/analysis/r1_relation_bottleneck/runtime/anomaly_detection_SMD_ISTAD_SMD_ftM_sl96_bmhgat_relno_message_ent_hglite_rb_bs128_r1_no_message_s98_0/point_scores.npz
pred_raw: (706560,)
gt:      (706560,)
pred_pa: (706560,)
gt_pa:   (706560,)

============================================================
使用百分位数阈值的结果:
============================================================
Raw point F1: 0.1169 (P=0.1567, R=0.0932)
Accuracy : 0.9747, Precision : 0.6404, Recall : 0.8931, F-score : 0.7459 
============================================================


使用自适应 Best F1 搜索（两阶段）
粗搜索步数: 200, 精细搜索步数: 500

============================================================
自适应 Best F1 阈值搜索（两阶段）
============================================================

分数统计信息:
  最小值: 0.007457
  最大值: 13070.344727
  均值: 0.954094
  标准差: 65.798950
  中位数: 0.101216
  第1百分位: 0.020574
  第99百分位: 4.381864

自动确定的搜索范围: [0.010287, 8.763728]

============================================================
阶段 1: 粗搜索（步数: 200）
============================================================

============================================================
开始 Best F1 阈值搜索...
============================================================
搜索范围: [0.0103, 8.7637]
搜索步数: 200
使用点调整: False
阈值: 0.0541 | F1: 0.0990 | Precision: 0.0524 | Recall: 0.8889
阈值: 0.9294 | F1: 0.1735 | Precision: 0.1506 | Recall: 0.2047
阈值: 1.8047 | F1: 0.1292 | Precision: 0.1524 | Recall: 0.1122
阈值: 2.6801 | F1: 0.1051 | Precision: 0.1572 | Recall: 0.0789
阈值: 3.5554 | F1: 0.0891 | Precision: 0.1707 | Recall: 0.0603
阈值: 4.4308 | F1: 0.0741 | Precision: 0.1944 | Recall: 0.0458
阈值: 5.3061 | F1: 0.0646 | Precision: 0.2194 | Recall: 0.0378
阈值: 6.1815 | F1: 0.0586 | Precision: 0.2535 | Recall: 0.0331
阈值: 7.0568 | F1: 0.0536 | Precision: 0.2905 | Recall: 0.0295
阈值: 7.9322 | F1: 0.0504 | Precision: 0.3287 | Recall: 0.0273

============================================================
✓ 找到最佳阈值: 0.623028
  最佳 F1: 0.1854
  Precision: 0.1392
  Recall: 0.2774
============================================================


============================================================
阶段 2: 精细搜索（步数: 500）
============================================================
在最佳阈值 0.623028 附近精细搜索
精细搜索范围: [0.010287, 1.498372]

============================================================
开始 Best F1 阈值搜索...
============================================================
搜索范围: [0.0103, 1.4984]
搜索步数: 500
使用点调整: False
阈值: 0.0133 | F1: 0.0797 | Precision: 0.0415 | Recall: 0.9993
阈值: 0.1621 | F1: 0.1267 | Precision: 0.0710 | Recall: 0.5874
阈值: 0.3109 | F1: 0.1549 | Precision: 0.0949 | Recall: 0.4202
阈值: 0.4597 | F1: 0.1790 | Precision: 0.1226 | Recall: 0.3319
阈值: 0.6085 | F1: 0.1853 | Precision: 0.1380 | Recall: 0.2816
阈值: 0.7573 | F1: 0.1816 | Precision: 0.1459 | Recall: 0.2404
阈值: 0.9061 | F1: 0.1749 | Precision: 0.1502 | Recall: 0.2093
阈值: 1.0549 | F1: 0.1647 | Precision: 0.1494 | Recall: 0.1836
阈值: 1.2037 | F1: 0.1558 | Precision: 0.1488 | Recall: 0.1635
阈值: 1.3525 | F1: 0.1492 | Precision: 0.1503 | Recall: 0.1481

============================================================
✓ 找到最佳阈值: 0.688854
  最佳 F1: 0.1858
  Precision: 0.1446
  Recall: 0.2597
============================================================


✓ 精细搜索找到更好的阈值！

============================================================
自适应搜索完成！
============================================================
最终最佳阈值: 0.688854
最佳 F1: 0.1858
Precision: 0.1446
Recall: 0.2597
============================================================

Saved Best F1 results: /data/modeluse/TS/ISTAD-release/analysis/r1_relation_bottleneck/runtime/anomaly_detection_SMD_ISTAD_SMD_ftM_sl96_bmhgat_relno_message_ent_hglite_rb_bs128_r1_no_message_s98_0/bestf1_threshold_results.json
Saved anomaly score plot: /data/modeluse/TS/ISTAD-release/analysis/r1_relation_bottleneck/runtime/anomaly_detection_SMD_ISTAD_SMD_ftM_sl96_bmhgat_relno_message_ent_hglite_rb_bs128_r1_no_message_s98_0/anomaly_score_threshold.png
ISTAD explainability is disabled by --istad_enable_explain 0
Saved train time summary: /data/modeluse/TS/ISTAD-release/analysis/r1_relation_bottleneck/runtime/anomaly_detection_SMD_ISTAD_SMD_ftM_sl96_bmhgat_relno_message_ent_hglite_rb_bs128_r1_no_message_s98_0/train_time_summary.json
=== R1 SWAT seed 87 learned_dynamic ===
Using GPU
Args in experiment:
[1mBasic Config[0m
  Task Name:          anomaly_detection   Is Training:        1                   
  Model ID:           SWAT                Model:              ISTAD               
  Seed:               87                  Itr:                1                   

[1mData Loader[0m
  Data:               SWAT                Root Path:          /data/modeluse/TS/ISTAD/dataset/SWAT
  Features:           M                   Seq Len:            96                  
  Enc In:             51                  C Out:              51                  
  Checkpoints:        /data/modeluse/TS/ISTAD-release/checkpoints/ISTAD_r1_relation_bottleneck
  Eval Step:          96                  

[1mAnomaly Detection Task[0m
  Anomaly Ratio:      1.0                 Threshold Source:   train               

[1mISTAD Parameters[0m
  Kernel Size:        15                  Branch Mode:        hgat                
  TCN Type:           kan                 
  Feat GAT Dim:       -1                  GRU Layers:         1                   
  GRU Hidden:         150                 Recon Layers:       1                   
  Recon Hidden:       32                  ISTAD Dropout:      0.3                 
  Recon Type:         pointwise           KANAD Order:        3                   
  Objective:          reconstruct         Target / Lag:       ('', 1)             
  Leaky Alpha:        0.2                 H Init:             normal              
  Hyperedges:         20                  Top-K Nodes:        10                  
  Spatial Type:       lite                HGAT Rank:          8                   
  HGAT Projection:    linear              Relation Mode:      dynamic             
  KAN Grid:           5                   KAN Order:          3                   
  Arch:               legacy              Ablation:           full                
  Relation bottleneck:1                   Mask ratio/folds:   (0.2, 8)            
  Explainability:     0                   Explain Batches:    0                   
  Explain Points:     20000               Explain TopK:       10                  
  SmoothGrad:         0                   SG Samples:         20                  
  SG Noise:           0.1                 Quad Mode:          quantile            
  Quad Value:         0.75                Err Agg:            sum                 
  Sal Agg:            sum                 

[1mRun Parameters[0m
  Num Workers:        4                   Batch Size:         64                  
  Train Epochs:       12                  Patience:           4                   
  Learning Rate:      0.001               Lradj:              cosine              
  Des:                r1_learned_dynamic_s87

[1mGPU[0m
  Use GPU:            1                   GPU:                0                   
  Use Multi GPU:      0                   Devices:            0,1,2,3             

Use GPU: cuda:0
🚀 Lazy Loading: ISTAD ...
>>>>>>>start training : anomaly_detection_SWAT_ISTAD_SWAT_ftM_sl96_bmhgat_hglite_rb_bs64_r1_learned_dynamic_s87_0>>>>>>>>>>>>>>>>>>>>>>>>>>
test: (449919, 51)
train: (396000, 51)
train 4168
test: (449919, 51)
train: (396000, 51)
val 1042
Epoch: 1 cost time: 2.4734597206115723
Epoch: 1, Steps: 66 | Train Loss: 0.6974227 Vali Loss: 0.2800884
Validation loss decreased (inf --> 0.280088).  Saving model ...
Updating learning rate to 0.0009829629131445341
Epoch: 2 cost time: 1.3704731464385986
Epoch: 2, Steps: 66 | Train Loss: 0.4528011 Vali Loss: 0.1501167
Validation loss decreased (0.280088 --> 0.150117).  Saving model ...
Updating learning rate to 0.0009330127018922195
Epoch: 3 cost time: 1.370497226715088
Epoch: 3, Steps: 66 | Train Loss: 0.3124407 Vali Loss: 0.1143190
Validation loss decreased (0.150117 --> 0.114319).  Saving model ...
Updating learning rate to 0.0008535533905932737
Epoch: 4 cost time: 1.3261151313781738
Epoch: 4, Steps: 66 | Train Loss: 0.2589899 Vali Loss: 0.1011074
Validation loss decreased (0.114319 --> 0.101107).  Saving model ...
Updating learning rate to 0.00075
Epoch: 5 cost time: 1.3568675518035889
Epoch: 5, Steps: 66 | Train Loss: 0.2315401 Vali Loss: 0.0929418
Validation loss decreased (0.101107 --> 0.092942).  Saving model ...
Updating learning rate to 0.0006294095225512603
Epoch: 6 cost time: 1.2916805744171143
Epoch: 6, Steps: 66 | Train Loss: 0.2051165 Vali Loss: 0.0842488
Validation loss decreased (0.092942 --> 0.084249).  Saving model ...
Updating learning rate to 0.0005
Epoch: 7 cost time: 1.3789865970611572
Epoch: 7, Steps: 66 | Train Loss: 0.1827588 Vali Loss: 0.0780813
Validation loss decreased (0.084249 --> 0.078081).  Saving model ...
Updating learning rate to 0.0003705904774487396
Epoch: 8 cost time: 1.3189976215362549
Epoch: 8, Steps: 66 | Train Loss: 0.1785889 Vali Loss: 0.0742226
Validation loss decreased (0.078081 --> 0.074223).  Saving model ...
Updating learning rate to 0.0002500000000000001
Epoch: 9 cost time: 1.3712353706359863
Epoch: 9, Steps: 66 | Train Loss: 0.1742934 Vali Loss: 0.0711468
Validation loss decreased (0.074223 --> 0.071147).  Saving model ...
Updating learning rate to 0.00014644660940672628
Epoch: 10 cost time: 1.304034948348999
Epoch: 10, Steps: 66 | Train Loss: 0.1737613 Vali Loss: 0.0728651
EarlyStopping counter: 1 out of 4
Updating learning rate to 6.698729810778065e-05
Epoch: 11 cost time: 1.353222131729126
Epoch: 11, Steps: 66 | Train Loss: 0.1725314 Vali Loss: 0.0720990
EarlyStopping counter: 2 out of 4
Updating learning rate to 1.70370868554659e-05
Epoch: 12 cost time: 1.318587303161621
Epoch: 12, Steps: 66 | Train Loss: 0.1701660 Vali Loss: 0.0747688
EarlyStopping counter: 3 out of 4
Updating learning rate to 0.0
Saved relation bottleneck training diagnostics: /data/modeluse/TS/ISTAD-release/checkpoints/ISTAD_r1_relation_bottleneck/anomaly_detection_SWAT_ISTAD_SWAT_ftM_sl96_bmhgat_hglite_rb_bs64_r1_learned_dynamic_s87_0/relation_bottleneck_train_diagnostics.json
>>>>>>>testing : anomaly_detection_SWAT_ISTAD_SWAT_ftM_sl96_bmhgat_hglite_rb_bs64_r1_learned_dynamic_s87_0<<<<<<<<<<<<<<<<<<<<<<<<<<<<<<<<<
test: (449919, 51)
train: (396000, 51)
test 4686
test: (449919, 51)
train: (396000, 51)
score_train 4125
test: (449919, 51)
train: (396000, 51)
val 1042
Saved relation bottleneck diagnostics: /data/modeluse/TS/ISTAD-release/analysis/r1_relation_bottleneck/runtime/anomaly_detection_SWAT_ISTAD_SWAT_ftM_sl96_bmhgat_hglite_rb_bs64_r1_learned_dynamic_s87_0/relation_bottleneck_diagnostics.json
Percentile Threshold Source: train
Percentile Threshold : 2.0495676231384286
Saved point scores and labels: /data/modeluse/TS/ISTAD-release/analysis/r1_relation_bottleneck/runtime/anomaly_detection_SWAT_ISTAD_SWAT_ftM_sl96_bmhgat_hglite_rb_bs64_r1_learned_dynamic_s87_0/point_scores.npz
pred_raw: (449856,)
gt:      (449856,)
pred_pa: (449856,)
gt_pa:   (449856,)

============================================================
使用百分位数阈值的结果:
============================================================
Raw point F1: 0.2870 (P=0.1745, R=0.8073)
Accuracy : 0.5263, Precision : 0.1937, Recall : 0.9172, F-score : 0.3198 
============================================================


使用自适应 Best F1 搜索（两阶段）
粗搜索步数: 200, 精细搜索步数: 500

============================================================
自适应 Best F1 阈值搜索（两阶段）
============================================================

分数统计信息:
  最小值: 0.011758
  最大值: 62.621326
  均值: 3.550327
  标准差: 4.462569
  中位数: 3.208734
  第1百分位: 0.021695
  第99百分位: 14.367750

自动确定的搜索范围: [0.011758, 28.735500]

============================================================
阶段 1: 粗搜索（步数: 200）
============================================================

============================================================
开始 Best F1 阈值搜索...
============================================================
搜索范围: [0.0118, 28.7355]
搜索步数: 200
使用点调整: False
阈值: 0.1554 | F1: 0.2533 | Precision: 0.1474 | Recall: 0.8982
阈值: 3.0278 | F1: 0.3009 | Precision: 0.1856 | Recall: 0.7937
阈值: 5.9001 | F1: 0.7166 | Precision: 0.8678 | Recall: 0.6104
阈值: 8.7725 | F1: 0.7381 | Precision: 0.9899 | Recall: 0.5884
阈值: 11.6449 | F1: 0.7386 | Precision: 0.9953 | Recall: 0.5872
阈值: 14.5172 | F1: 0.1475 | Precision: 0.9922 | Recall: 0.0797
阈值: 17.3896 | F1: 0.0950 | Precision: 0.9924 | Recall: 0.0499
阈值: 20.2620 | F1: 0.0833 | Precision: 0.9937 | Recall: 0.0435
阈值: 23.1344 | F1: 0.0822 | Precision: 0.9953 | Recall: 0.0429
阈值: 26.0067 | F1: 0.0709 | Precision: 0.9965 | Recall: 0.0368

============================================================
✓ 找到最佳阈值: 8.198025
  最佳 F1: 0.7388
  Precision: 0.9872
  Recall: 0.5903
============================================================


============================================================
阶段 2: 精细搜索（步数: 500）
============================================================
在最佳阈值 8.198025 附近精细搜索
精细搜索范围: [5.325651, 11.070399]

============================================================
开始 Best F1 阈值搜索...
============================================================
搜索范围: [5.3257, 11.0704]
搜索步数: 500
使用点调整: False
阈值: 5.3371 | F1: 0.5535 | Precision: 0.4824 | Recall: 0.6492
阈值: 5.9116 | F1: 0.7177 | Precision: 0.8714 | Recall: 0.6101
阈值: 6.4861 | F1: 0.7342 | Precision: 0.9283 | Recall: 0.6073
阈值: 7.0606 | F1: 0.7342 | Precision: 0.9570 | Recall: 0.5956
阈值: 7.6350 | F1: 0.7373 | Precision: 0.9781 | Recall: 0.5916
阈值: 8.2095 | F1: 0.7388 | Precision: 0.9874 | Recall: 0.5902
阈值: 8.7840 | F1: 0.7381 | Precision: 0.9899 | Recall: 0.5884
阈值: 9.3585 | F1: 0.7384 | Precision: 0.9919 | Recall: 0.5881
阈值: 9.9329 | F1: 0.7385 | Precision: 0.9932 | Recall: 0.5877
阈值: 10.5074 | F1: 0.7385 | Precision: 0.9939 | Recall: 0.5876

============================================================
✓ 找到最佳阈值: 8.152067
  最佳 F1: 0.7389
  Precision: 0.9868
  Recall: 0.5905
============================================================


✓ 精细搜索找到更好的阈值！

============================================================
自适应搜索完成！
============================================================
最终最佳阈值: 8.152067
最佳 F1: 0.7389
Precision: 0.9868
Recall: 0.5905
============================================================

Saved Best F1 results: /data/modeluse/TS/ISTAD-release/analysis/r1_relation_bottleneck/runtime/anomaly_detection_SWAT_ISTAD_SWAT_ftM_sl96_bmhgat_hglite_rb_bs64_r1_learned_dynamic_s87_0/bestf1_threshold_results.json
Saved anomaly score plot: /data/modeluse/TS/ISTAD-release/analysis/r1_relation_bottleneck/runtime/anomaly_detection_SWAT_ISTAD_SWAT_ftM_sl96_bmhgat_hglite_rb_bs64_r1_learned_dynamic_s87_0/anomaly_score_threshold.png
ISTAD explainability is disabled by --istad_enable_explain 0
Saved train time summary: /data/modeluse/TS/ISTAD-release/analysis/r1_relation_bottleneck/runtime/anomaly_detection_SWAT_ISTAD_SWAT_ftM_sl96_bmhgat_hglite_rb_bs64_r1_learned_dynamic_s87_0/train_time_summary.json
=== R1 SWAT seed 87 learned_static ===
Using GPU
Args in experiment:
[1mBasic Config[0m
  Task Name:          anomaly_detection   Is Training:        1                   
  Model ID:           SWAT                Model:              ISTAD               
  Seed:               87                  Itr:                1                   

[1mData Loader[0m
  Data:               SWAT                Root Path:          /data/modeluse/TS/ISTAD/dataset/SWAT
  Features:           M                   Seq Len:            96                  
  Enc In:             51                  C Out:              51                  
  Checkpoints:        /data/modeluse/TS/ISTAD-release/checkpoints/ISTAD_r1_relation_bottleneck
  Eval Step:          96                  

[1mAnomaly Detection Task[0m
  Anomaly Ratio:      1.0                 Threshold Source:   train               

[1mISTAD Parameters[0m
  Kernel Size:        15                  Branch Mode:        hgat                
  TCN Type:           kan                 
  Feat GAT Dim:       -1                  GRU Layers:         1                   
  GRU Hidden:         150                 Recon Layers:       1                   
  Recon Hidden:       32                  ISTAD Dropout:      0.3                 
  Recon Type:         pointwise           KANAD Order:        3                   
  Objective:          reconstruct         Target / Lag:       ('', 1)             
  Leaky Alpha:        0.2                 H Init:             normal              
  Hyperedges:         20                  Top-K Nodes:        10                  
  Spatial Type:       lite                HGAT Rank:          8                   
  HGAT Projection:    linear              Relation Mode:      static              
  KAN Grid:           5                   KAN Order:          3                   
  Arch:               legacy              Ablation:           full                
  Relation bottleneck:1                   Mask ratio/folds:   (0.2, 8)            
  Explainability:     0                   Explain Batches:    0                   
  Explain Points:     20000               Explain TopK:       10                  
  SmoothGrad:         0                   SG Samples:         20                  
  SG Noise:           0.1                 Quad Mode:          quantile            
  Quad Value:         0.75                Err Agg:            sum                 
  Sal Agg:            sum                 

[1mRun Parameters[0m
  Num Workers:        4                   Batch Size:         64                  
  Train Epochs:       12                  Patience:           4                   
  Learning Rate:      0.001               Lradj:              cosine              
  Des:                r1_learned_static_s87

[1mGPU[0m
  Use GPU:            1                   GPU:                0                   
  Use Multi GPU:      0                   Devices:            0,1,2,3             

Use GPU: cuda:0
🚀 Lazy Loading: ISTAD ...
>>>>>>>start training : anomaly_detection_SWAT_ISTAD_SWAT_ftM_sl96_bmhgat_relstatic_hglite_rb_bs64_r1_learned_static_s87_0>>>>>>>>>>>>>>>>>>>>>>>>>>
test: (449919, 51)
train: (396000, 51)
train 4168
test: (449919, 51)
train: (396000, 51)
val 1042
Epoch: 1 cost time: 2.3270580768585205
Epoch: 1, Steps: 66 | Train Loss: 0.7117668 Vali Loss: 0.3085037
Validation loss decreased (inf --> 0.308504).  Saving model ...
Updating learning rate to 0.0009829629131445341
Epoch: 2 cost time: 1.1520004272460938
Epoch: 2, Steps: 66 | Train Loss: 0.4740529 Vali Loss: 0.1671657
Validation loss decreased (0.308504 --> 0.167166).  Saving model ...
Updating learning rate to 0.0009330127018922195
Epoch: 3 cost time: 1.2549476623535156
Epoch: 3, Steps: 66 | Train Loss: 0.3304126 Vali Loss: 0.1326845
Validation loss decreased (0.167166 --> 0.132685).  Saving model ...
Updating learning rate to 0.0008535533905932737
Epoch: 4 cost time: 1.2207186222076416
Epoch: 4, Steps: 66 | Train Loss: 0.2686304 Vali Loss: 0.1123672
Validation loss decreased (0.132685 --> 0.112367).  Saving model ...
Updating learning rate to 0.00075
Epoch: 5 cost time: 1.1860880851745605
Epoch: 5, Steps: 66 | Train Loss: 0.2421853 Vali Loss: 0.1028317
Validation loss decreased (0.112367 --> 0.102832).  Saving model ...
Updating learning rate to 0.0006294095225512603
Epoch: 6 cost time: 1.243488073348999
Epoch: 6, Steps: 66 | Train Loss: 0.2135855 Vali Loss: 0.0954278
Validation loss decreased (0.102832 --> 0.095428).  Saving model ...
Updating learning rate to 0.0005
Epoch: 7 cost time: 1.2215206623077393
Epoch: 7, Steps: 66 | Train Loss: 0.1874432 Vali Loss: 0.0854581
Validation loss decreased (0.095428 --> 0.085458).  Saving model ...
Updating learning rate to 0.0003705904774487396
Epoch: 8 cost time: 1.2514150142669678
Epoch: 8, Steps: 66 | Train Loss: 0.1809755 Vali Loss: 0.0792521
Validation loss decreased (0.085458 --> 0.079252).  Saving model ...
Updating learning rate to 0.0002500000000000001
Epoch: 9 cost time: 1.1944613456726074
Epoch: 9, Steps: 66 | Train Loss: 0.1765799 Vali Loss: 0.0766737
Validation loss decreased (0.079252 --> 0.076674).  Saving model ...
Updating learning rate to 0.00014644660940672628
Epoch: 10 cost time: 1.2315101623535156
Epoch: 10, Steps: 66 | Train Loss: 0.1751571 Vali Loss: 0.0772806
EarlyStopping counter: 1 out of 4
Updating learning rate to 6.698729810778065e-05
Epoch: 11 cost time: 1.252755880355835
Epoch: 11, Steps: 66 | Train Loss: 0.1741993 Vali Loss: 0.0754570
Validation loss decreased (0.076674 --> 0.075457).  Saving model ...
Updating learning rate to 1.70370868554659e-05
Epoch: 12 cost time: 1.2099921703338623
Epoch: 12, Steps: 66 | Train Loss: 0.1713893 Vali Loss: 0.0787299
EarlyStopping counter: 1 out of 4
Updating learning rate to 0.0
Saved relation bottleneck training diagnostics: /data/modeluse/TS/ISTAD-release/checkpoints/ISTAD_r1_relation_bottleneck/anomaly_detection_SWAT_ISTAD_SWAT_ftM_sl96_bmhgat_relstatic_hglite_rb_bs64_r1_learned_static_s87_0/relation_bottleneck_train_diagnostics.json
>>>>>>>testing : anomaly_detection_SWAT_ISTAD_SWAT_ftM_sl96_bmhgat_relstatic_hglite_rb_bs64_r1_learned_static_s87_0<<<<<<<<<<<<<<<<<<<<<<<<<<<<<<<<<
test: (449919, 51)
train: (396000, 51)
test 4686
test: (449919, 51)
train: (396000, 51)
score_train 4125
test: (449919, 51)
train: (396000, 51)
val 1042
Saved relation bottleneck diagnostics: /data/modeluse/TS/ISTAD-release/analysis/r1_relation_bottleneck/runtime/anomaly_detection_SWAT_ISTAD_SWAT_ftM_sl96_bmhgat_relstatic_hglite_rb_bs64_r1_learned_static_s87_0/relation_bottleneck_diagnostics.json
Percentile Threshold Source: train
Percentile Threshold : 2.034257452487946
Saved point scores and labels: /data/modeluse/TS/ISTAD-release/analysis/r1_relation_bottleneck/runtime/anomaly_detection_SWAT_ISTAD_SWAT_ftM_sl96_bmhgat_relstatic_hglite_rb_bs64_r1_learned_static_s87_0/point_scores.npz
pred_raw: (449856,)
gt:      (449856,)
pred_pa: (449856,)
gt_pa:   (449856,)

============================================================
使用百分位数阈值的结果:
============================================================
Raw point F1: 0.2889 (P=0.1756, R=0.8146)
Accuracy : 0.5255, Precision : 0.1934, Recall : 0.9172, F-score : 0.3194 
============================================================


使用自适应 Best F1 搜索（两阶段）
粗搜索步数: 200, 精细搜索步数: 500

============================================================
自适应 Best F1 阈值搜索（两阶段）
============================================================

分数统计信息:
  最小值: 0.012158
  最大值: 62.370956
  均值: 3.685471
  标准差: 4.584439
  中位数: 3.386763
  第1百分位: 0.024098
  第99百分位: 14.980682

自动确定的搜索范围: [0.012158, 29.961363]

============================================================
阶段 1: 粗搜索（步数: 200）
============================================================

============================================================
开始 Best F1 阈值搜索...
============================================================
搜索范围: [0.0122, 29.9614]
搜索步数: 200
使用点调整: False
阈值: 0.1619 | F1: 0.2504 | Precision: 0.1455 | Recall: 0.8984
阈值: 3.1568 | F1: 0.3009 | Precision: 0.1856 | Recall: 0.7935
阈值: 6.1517 | F1: 0.7250 | Precision: 0.8938 | Recall: 0.6099
阈值: 9.1467 | F1: 0.7382 | Precision: 0.9909 | Recall: 0.5882
阈值: 12.1416 | F1: 0.7386 | Precision: 0.9955 | Recall: 0.5871
阈值: 15.1365 | F1: 0.1474 | Precision: 0.9931 | Recall: 0.0796
阈值: 18.1314 | F1: 0.0948 | Precision: 0.9927 | Recall: 0.0498
阈值: 21.1263 | F1: 0.0831 | Precision: 0.9937 | Recall: 0.0434
阈值: 24.1213 | F1: 0.0803 | Precision: 0.9961 | Recall: 0.0418
阈值: 27.1162 | F1: 0.0709 | Precision: 0.9965 | Recall: 0.0367

============================================================
✓ 找到最佳阈值: 8.397935
  最佳 F1: 0.7388
  Precision: 0.9877
  Recall: 0.5901
============================================================


============================================================
阶段 2: 精细搜索（步数: 500）
============================================================
在最佳阈值 8.397935 附近精细搜索
精细搜索范围: [5.403015, 11.392856]

============================================================
开始 Best F1 阈值搜索...
============================================================
搜索范围: [5.4030, 11.3929]
搜索步数: 500
使用点调整: False
阈值: 5.4150 | F1: 0.5170 | Precision: 0.4294 | Recall: 0.6493
阈值: 6.0140 | F1: 0.7185 | Precision: 0.8352 | Recall: 0.6304
阈值: 6.6130 | F1: 0.7340 | Precision: 0.9357 | Recall: 0.6039
阈值: 7.2119 | F1: 0.7351 | Precision: 0.9592 | Recall: 0.5959
阈值: 7.8109 | F1: 0.7386 | Precision: 0.9792 | Recall: 0.5929
阈值: 8.4099 | F1: 0.7388 | Precision: 0.9878 | Recall: 0.5901
阈值: 9.0089 | F1: 0.7381 | Precision: 0.9901 | Recall: 0.5883
阈值: 9.6079 | F1: 0.7384 | Precision: 0.9922 | Recall: 0.5880
阈值: 10.2069 | F1: 0.7385 | Precision: 0.9933 | Recall: 0.5877
阈值: 10.8059 | F1: 0.7385 | Precision: 0.9940 | Recall: 0.5875

============================================================
✓ 找到最佳阈值: 8.373976
  最佳 F1: 0.7389
  Precision: 0.9875
  Recall: 0.5903
============================================================


✓ 精细搜索找到更好的阈值！

============================================================
自适应搜索完成！
============================================================
最终最佳阈值: 8.373976
最佳 F1: 0.7389
Precision: 0.9875
Recall: 0.5903
============================================================

Saved Best F1 results: /data/modeluse/TS/ISTAD-release/analysis/r1_relation_bottleneck/runtime/anomaly_detection_SWAT_ISTAD_SWAT_ftM_sl96_bmhgat_relstatic_hglite_rb_bs64_r1_learned_static_s87_0/bestf1_threshold_results.json
Saved anomaly score plot: /data/modeluse/TS/ISTAD-release/analysis/r1_relation_bottleneck/runtime/anomaly_detection_SWAT_ISTAD_SWAT_ftM_sl96_bmhgat_relstatic_hglite_rb_bs64_r1_learned_static_s87_0/anomaly_score_threshold.png
ISTAD explainability is disabled by --istad_enable_explain 0
Saved train time summary: /data/modeluse/TS/ISTAD-release/analysis/r1_relation_bottleneck/runtime/anomaly_detection_SWAT_ISTAD_SWAT_ftM_sl96_bmhgat_relstatic_hglite_rb_bs64_r1_learned_static_s87_0/train_time_summary.json
=== R1 SWAT seed 87 fixed_random ===
Using GPU
Args in experiment:
[1mBasic Config[0m
  Task Name:          anomaly_detection   Is Training:        1                   
  Model ID:           SWAT                Model:              ISTAD               
  Seed:               87                  Itr:                1                   

[1mData Loader[0m
  Data:               SWAT                Root Path:          /data/modeluse/TS/ISTAD/dataset/SWAT
  Features:           M                   Seq Len:            96                  
  Enc In:             51                  C Out:              51                  
  Checkpoints:        /data/modeluse/TS/ISTAD-release/checkpoints/ISTAD_r1_relation_bottleneck
  Eval Step:          96                  

[1mAnomaly Detection Task[0m
  Anomaly Ratio:      1.0                 Threshold Source:   train               

[1mISTAD Parameters[0m
  Kernel Size:        15                  Branch Mode:        hgat                
  TCN Type:           kan                 
  Feat GAT Dim:       -1                  GRU Layers:         1                   
  GRU Hidden:         150                 Recon Layers:       1                   
  Recon Hidden:       32                  ISTAD Dropout:      0.3                 
  Recon Type:         pointwise           KANAD Order:        3                   
  Objective:          reconstruct         Target / Lag:       ('', 1)             
  Leaky Alpha:        0.2                 H Init:             normal              
  Hyperedges:         20                  Top-K Nodes:        10                  
  Spatial Type:       lite                HGAT Rank:          8                   
  HGAT Projection:    linear              Relation Mode:      fixed_random        
  KAN Grid:           5                   KAN Order:          3                   
  Arch:               legacy              Ablation:           full                
  Relation bottleneck:1                   Mask ratio/folds:   (0.2, 8)            
  Explainability:     0                   Explain Batches:    0                   
  Explain Points:     20000               Explain TopK:       10                  
  SmoothGrad:         0                   SG Samples:         20                  
  SG Noise:           0.1                 Quad Mode:          quantile            
  Quad Value:         0.75                Err Agg:            sum                 
  Sal Agg:            sum                 

[1mRun Parameters[0m
  Num Workers:        4                   Batch Size:         64                  
  Train Epochs:       12                  Patience:           4                   
  Learning Rate:      0.001               Lradj:              cosine              
  Des:                r1_fixed_random_s87 

[1mGPU[0m
  Use GPU:            1                   GPU:                0                   
  Use Multi GPU:      0                   Devices:            0,1,2,3             

Use GPU: cuda:0
🚀 Lazy Loading: ISTAD ...
>>>>>>>start training : anomaly_detection_SWAT_ISTAD_SWAT_ftM_sl96_bmhgat_relfixed_random_hglite_rb_bs64_r1_fixed_random_s87_0>>>>>>>>>>>>>>>>>>>>>>>>>>
test: (449919, 51)
train: (396000, 51)
train 4168
test: (449919, 51)
train: (396000, 51)
val 1042
Epoch: 1 cost time: 2.0336930751800537
Epoch: 1, Steps: 66 | Train Loss: 0.7083462 Vali Loss: 0.2980867
Validation loss decreased (inf --> 0.298087).  Saving model ...
Updating learning rate to 0.0009829629131445341
Epoch: 2 cost time: 1.1187963485717773
Epoch: 2, Steps: 66 | Train Loss: 0.4697415 Vali Loss: 0.1718795
Validation loss decreased (0.298087 --> 0.171880).  Saving model ...
Updating learning rate to 0.0009330127018922195
Epoch: 3 cost time: 1.1419126987457275
Epoch: 3, Steps: 66 | Train Loss: 0.3282154 Vali Loss: 0.1344866
Validation loss decreased (0.171880 --> 0.134487).  Saving model ...
Updating learning rate to 0.0008535533905932737
Epoch: 4 cost time: 1.113905906677246
Epoch: 4, Steps: 66 | Train Loss: 0.2570674 Vali Loss: 0.1134686
Validation loss decreased (0.134487 --> 0.113469).  Saving model ...
Updating learning rate to 0.00075
Epoch: 5 cost time: 1.107802391052246
Epoch: 5, Steps: 66 | Train Loss: 0.2290307 Vali Loss: 0.1065054
Validation loss decreased (0.113469 --> 0.106505).  Saving model ...
Updating learning rate to 0.0006294095225512603
Epoch: 6 cost time: 1.0569264888763428
Epoch: 6, Steps: 66 | Train Loss: 0.2022283 Vali Loss: 0.0937380
Validation loss decreased (0.106505 --> 0.093738).  Saving model ...
Updating learning rate to 0.0005
Epoch: 7 cost time: 1.0325002670288086
Epoch: 7, Steps: 66 | Train Loss: 0.1777872 Vali Loss: 0.0833713
Validation loss decreased (0.093738 --> 0.083371).  Saving model ...
Updating learning rate to 0.0003705904774487396
Epoch: 8 cost time: 1.0796732902526855
Epoch: 8, Steps: 66 | Train Loss: 0.1701778 Vali Loss: 0.0802939
Validation loss decreased (0.083371 --> 0.080294).  Saving model ...
Updating learning rate to 0.0002500000000000001
Epoch: 9 cost time: 1.064335584640503
Epoch: 9, Steps: 66 | Train Loss: 0.1647060 Vali Loss: 0.0773410
Validation loss decreased (0.080294 --> 0.077341).  Saving model ...
Updating learning rate to 0.00014644660940672628
Epoch: 10 cost time: 1.0500218868255615
Epoch: 10, Steps: 66 | Train Loss: 0.1643867 Vali Loss: 0.0788602
EarlyStopping counter: 1 out of 4
Updating learning rate to 6.698729810778065e-05
Epoch: 11 cost time: 1.084904670715332
Epoch: 11, Steps: 66 | Train Loss: 0.1623610 Vali Loss: 0.0774492
EarlyStopping counter: 2 out of 4
Updating learning rate to 1.70370868554659e-05
Epoch: 12 cost time: 1.1119966506958008
Epoch: 12, Steps: 66 | Train Loss: 0.1607711 Vali Loss: 0.0802411
EarlyStopping counter: 3 out of 4
Updating learning rate to 0.0
Saved relation bottleneck training diagnostics: /data/modeluse/TS/ISTAD-release/checkpoints/ISTAD_r1_relation_bottleneck/anomaly_detection_SWAT_ISTAD_SWAT_ftM_sl96_bmhgat_relfixed_random_hglite_rb_bs64_r1_fixed_random_s87_0/relation_bottleneck_train_diagnostics.json
>>>>>>>testing : anomaly_detection_SWAT_ISTAD_SWAT_ftM_sl96_bmhgat_relfixed_random_hglite_rb_bs64_r1_fixed_random_s87_0<<<<<<<<<<<<<<<<<<<<<<<<<<<<<<<<<
test: (449919, 51)
train: (396000, 51)
test 4686
test: (449919, 51)
train: (396000, 51)
score_train 4125
test: (449919, 51)
train: (396000, 51)
val 1042
Saved relation bottleneck diagnostics: /data/modeluse/TS/ISTAD-release/analysis/r1_relation_bottleneck/runtime/anomaly_detection_SWAT_ISTAD_SWAT_ftM_sl96_bmhgat_relfixed_random_hglite_rb_bs64_r1_fixed_random_s87_0/relation_bottleneck_diagnostics.json
Percentile Threshold Source: train
Percentile Threshold : 2.0880903887748734
Saved point scores and labels: /data/modeluse/TS/ISTAD-release/analysis/r1_relation_bottleneck/runtime/anomaly_detection_SWAT_ISTAD_SWAT_ftM_sl96_bmhgat_relfixed_random_hglite_rb_bs64_r1_fixed_random_s87_0/point_scores.npz
pred_raw: (449856,)
gt:      (449856,)
pred_pa: (449856,)
gt_pa:   (449856,)

============================================================
使用百分位数阈值的结果:
============================================================
Raw point F1: 0.2864 (P=0.1742, R=0.8054)
Accuracy : 0.5256, Precision : 0.1927, Recall : 0.9113, F-score : 0.3181 
============================================================


使用自适应 Best F1 搜索（两阶段）
粗搜索步数: 200, 精细搜索步数: 500

============================================================
自适应 Best F1 阈值搜索（两阶段）
============================================================

分数统计信息:
  最小值: 0.017920
  最大值: 62.427292
  均值: 3.388624
  标准差: 3.994551
  中位数: 3.329107
  第1百分位: 0.024688
  第99百分位: 10.960342

自动确定的搜索范围: [0.017920, 21.920683]

============================================================
阶段 1: 粗搜索（步数: 200）
============================================================

============================================================
开始 Best F1 阈值搜索...
============================================================
搜索范围: [0.0179, 21.9207]
搜索步数: 200
使用点调整: False
阈值: 0.1274 | F1: 0.2503 | Precision: 0.1451 | Recall: 0.9088
阈值: 2.3177 | F1: 0.2879 | Precision: 0.1754 | Recall: 0.8029
阈值: 4.5080 | F1: 0.3037 | Precision: 0.1950 | Recall: 0.6854
阈值: 6.6983 | F1: 0.7355 | Precision: 0.9410 | Recall: 0.6036
阈值: 8.8885 | F1: 0.7380 | Precision: 0.9897 | Recall: 0.5883
阈值: 11.0788 | F1: 0.1457 | Precision: 0.9733 | Recall: 0.0788
阈值: 13.2691 | F1: 0.1058 | Precision: 0.9823 | Recall: 0.0559
阈值: 15.4594 | F1: 0.0956 | Precision: 0.9895 | Recall: 0.0502
阈值: 17.6496 | F1: 0.0837 | Precision: 0.9900 | Recall: 0.0437
阈值: 19.8399 | F1: 0.0833 | Precision: 0.9921 | Recall: 0.0435

============================================================
✓ 找到最佳阈值: 8.340970
  最佳 F1: 0.7390
  Precision: 0.9874
  Recall: 0.5905
============================================================


============================================================
阶段 2: 精细搜索（步数: 500）
============================================================
在最佳阈值 8.340970 附近精细搜索
精细搜索范围: [6.150694, 10.531246]

============================================================
开始 Best F1 阈值搜索...
============================================================
搜索范围: [6.1507, 10.5312]
搜索步数: 500
使用点调整: False
阈值: 6.1595 | F1: 0.7270 | Precision: 0.9007 | Recall: 0.6094
阈值: 6.5975 | F1: 0.7347 | Precision: 0.9370 | Recall: 0.6042
阈值: 7.0356 | F1: 0.7360 | Precision: 0.9540 | Recall: 0.5991
阈值: 7.4736 | F1: 0.7368 | Precision: 0.9693 | Recall: 0.5943
阈值: 7.9117 | F1: 0.7379 | Precision: 0.9811 | Recall: 0.5913
阈值: 8.3497 | F1: 0.7390 | Precision: 0.9875 | Recall: 0.5904
阈值: 8.7878 | F1: 0.7382 | Precision: 0.9894 | Recall: 0.5888
阈值: 9.2258 | F1: 0.7210 | Precision: 0.9921 | Recall: 0.5663
阈值: 9.6639 | F1: 0.6449 | Precision: 0.9928 | Recall: 0.4775
阈值: 10.1020 | F1: 0.4342 | Precision: 0.9898 | Recall: 0.2781

============================================================
✓ 找到最佳阈值: 8.481148
  最佳 F1: 0.7390
  Precision: 0.9884
  Recall: 0.5902
============================================================


✓ 精细搜索找到更好的阈值！

============================================================
自适应搜索完成！
============================================================
最终最佳阈值: 8.481148
最佳 F1: 0.7390
Precision: 0.9884
Recall: 0.5902
============================================================

Saved Best F1 results: /data/modeluse/TS/ISTAD-release/analysis/r1_relation_bottleneck/runtime/anomaly_detection_SWAT_ISTAD_SWAT_ftM_sl96_bmhgat_relfixed_random_hglite_rb_bs64_r1_fixed_random_s87_0/bestf1_threshold_results.json
Saved anomaly score plot: /data/modeluse/TS/ISTAD-release/analysis/r1_relation_bottleneck/runtime/anomaly_detection_SWAT_ISTAD_SWAT_ftM_sl96_bmhgat_relfixed_random_hglite_rb_bs64_r1_fixed_random_s87_0/anomaly_score_threshold.png
ISTAD explainability is disabled by --istad_enable_explain 0
Saved train time summary: /data/modeluse/TS/ISTAD-release/analysis/r1_relation_bottleneck/runtime/anomaly_detection_SWAT_ISTAD_SWAT_ftM_sl96_bmhgat_relfixed_random_hglite_rb_bs64_r1_fixed_random_s87_0/train_time_summary.json
=== R1 SWAT seed 87 no_message ===
Using GPU
Args in experiment:
[1mBasic Config[0m
  Task Name:          anomaly_detection   Is Training:        1                   
  Model ID:           SWAT                Model:              ISTAD               
  Seed:               87                  Itr:                1                   

[1mData Loader[0m
  Data:               SWAT                Root Path:          /data/modeluse/TS/ISTAD/dataset/SWAT
  Features:           M                   Seq Len:            96                  
  Enc In:             51                  C Out:              51                  
  Checkpoints:        /data/modeluse/TS/ISTAD-release/checkpoints/ISTAD_r1_relation_bottleneck
  Eval Step:          96                  

[1mAnomaly Detection Task[0m
  Anomaly Ratio:      1.0                 Threshold Source:   train               

[1mISTAD Parameters[0m
  Kernel Size:        15                  Branch Mode:        hgat                
  TCN Type:           kan                 
  Feat GAT Dim:       -1                  GRU Layers:         1                   
  GRU Hidden:         150                 Recon Layers:       1                   
  Recon Hidden:       32                  ISTAD Dropout:      0.3                 
  Recon Type:         pointwise           KANAD Order:        3                   
  Objective:          reconstruct         Target / Lag:       ('', 1)             
  Leaky Alpha:        0.2                 H Init:             normal              
  Hyperedges:         20                  Top-K Nodes:        10                  
  Spatial Type:       lite                HGAT Rank:          8                   
  HGAT Projection:    linear              Relation Mode:      no_message          
  KAN Grid:           5                   KAN Order:          3                   
  Arch:               legacy              Ablation:           full                
  Relation bottleneck:1                   Mask ratio/folds:   (0.2, 8)            
  Explainability:     0                   Explain Batches:    0                   
  Explain Points:     20000               Explain TopK:       10                  
  SmoothGrad:         0                   SG Samples:         20                  
  SG Noise:           0.1                 Quad Mode:          quantile            
  Quad Value:         0.75                Err Agg:            sum                 
  Sal Agg:            sum                 

[1mRun Parameters[0m
  Num Workers:        4                   Batch Size:         64                  
  Train Epochs:       12                  Patience:           4                   
  Learning Rate:      0.001               Lradj:              cosine              
  Des:                r1_no_message_s87   

[1mGPU[0m
  Use GPU:            1                   GPU:                0                   
  Use Multi GPU:      0                   Devices:            0,1,2,3             

Use GPU: cuda:0
🚀 Lazy Loading: ISTAD ...
>>>>>>>start training : anomaly_detection_SWAT_ISTAD_SWAT_ftM_sl96_bmhgat_relno_message_hglite_rb_bs64_r1_no_message_s87_0>>>>>>>>>>>>>>>>>>>>>>>>>>
test: (449919, 51)
train: (396000, 51)
train 4168
test: (449919, 51)
train: (396000, 51)
val 1042
Epoch: 1 cost time: 1.639991044998169
Epoch: 1, Steps: 66 | Train Loss: 0.7151281 Vali Loss: 0.3251210
Validation loss decreased (inf --> 0.325121).  Saving model ...
Updating learning rate to 0.0009829629131445341
Epoch: 2 cost time: 0.6320812702178955
Epoch: 2, Steps: 66 | Train Loss: 0.4930774 Vali Loss: 0.1970400
Validation loss decreased (0.325121 --> 0.197040).  Saving model ...
Updating learning rate to 0.0009330127018922195
Epoch: 3 cost time: 0.6964168548583984
Epoch: 3, Steps: 66 | Train Loss: 0.3378211 Vali Loss: 0.1481708
Validation loss decreased (0.197040 --> 0.148171).  Saving model ...
Updating learning rate to 0.0008535533905932737
Epoch: 4 cost time: 0.6758153438568115
Epoch: 4, Steps: 66 | Train Loss: 0.2581490 Vali Loss: 0.1205289
Validation loss decreased (0.148171 --> 0.120529).  Saving model ...
Updating learning rate to 0.00075
Epoch: 5 cost time: 0.6873772144317627
Epoch: 5, Steps: 66 | Train Loss: 0.2260930 Vali Loss: 0.1087935
Validation loss decreased (0.120529 --> 0.108793).  Saving model ...
Updating learning rate to 0.0006294095225512603
Epoch: 6 cost time: 0.6450049877166748
Epoch: 6, Steps: 66 | Train Loss: 0.2104669 Vali Loss: 0.0981548
Validation loss decreased (0.108793 --> 0.098155).  Saving model ...
Updating learning rate to 0.0005
Epoch: 7 cost time: 0.6453585624694824
Epoch: 7, Steps: 66 | Train Loss: 0.1861522 Vali Loss: 0.0859678
Validation loss decreased (0.098155 --> 0.085968).  Saving model ...
Updating learning rate to 0.0003705904774487396
Epoch: 8 cost time: 0.6351513862609863
Epoch: 8, Steps: 66 | Train Loss: 0.1721496 Vali Loss: 0.0815900
Validation loss decreased (0.085968 --> 0.081590).  Saving model ...
Updating learning rate to 0.0002500000000000001
Epoch: 9 cost time: 0.6458768844604492
Epoch: 9, Steps: 66 | Train Loss: 0.1637639 Vali Loss: 0.0774297
Validation loss decreased (0.081590 --> 0.077430).  Saving model ...
Updating learning rate to 0.00014644660940672628
Epoch: 10 cost time: 0.6347367763519287
Epoch: 10, Steps: 66 | Train Loss: 0.1596215 Vali Loss: 0.0785875
EarlyStopping counter: 1 out of 4
Updating learning rate to 6.698729810778065e-05
Epoch: 11 cost time: 0.6559040546417236
Epoch: 11, Steps: 66 | Train Loss: 0.1614786 Vali Loss: 0.0771068
Validation loss decreased (0.077430 --> 0.077107).  Saving model ...
Updating learning rate to 1.70370868554659e-05
Epoch: 12 cost time: 0.6871001720428467
Epoch: 12, Steps: 66 | Train Loss: 0.1563708 Vali Loss: 0.0798456
EarlyStopping counter: 1 out of 4
Updating learning rate to 0.0
Saved relation bottleneck training diagnostics: /data/modeluse/TS/ISTAD-release/checkpoints/ISTAD_r1_relation_bottleneck/anomaly_detection_SWAT_ISTAD_SWAT_ftM_sl96_bmhgat_relno_message_hglite_rb_bs64_r1_no_message_s87_0/relation_bottleneck_train_diagnostics.json
>>>>>>>testing : anomaly_detection_SWAT_ISTAD_SWAT_ftM_sl96_bmhgat_relno_message_hglite_rb_bs64_r1_no_message_s87_0<<<<<<<<<<<<<<<<<<<<<<<<<<<<<<<<<
test: (449919, 51)
train: (396000, 51)
test 4686
test: (449919, 51)
train: (396000, 51)
score_train 4125
test: (449919, 51)
train: (396000, 51)
val 1042
Saved relation bottleneck diagnostics: /data/modeluse/TS/ISTAD-release/analysis/r1_relation_bottleneck/runtime/anomaly_detection_SWAT_ISTAD_SWAT_ftM_sl96_bmhgat_relno_message_hglite_rb_bs64_r1_no_message_s87_0/relation_bottleneck_diagnostics.json
Percentile Threshold Source: train
Percentile Threshold : 2.0923718643188485
Saved point scores and labels: /data/modeluse/TS/ISTAD-release/analysis/r1_relation_bottleneck/runtime/anomaly_detection_SWAT_ISTAD_SWAT_ftM_sl96_bmhgat_relno_message_hglite_rb_bs64_r1_no_message_s87_0/point_scores.npz
pred_raw: (449856,)
gt:      (449856,)
pred_pa: (449856,)
gt_pa:   (449856,)

============================================================
使用百分位数阈值的结果:
============================================================
Raw point F1: 0.6521 (P=0.6889, R=0.6190)
Accuracy : 0.9560, Precision : 0.7664, Recall : 0.9172, F-score : 0.8350 
============================================================


使用自适应 Best F1 搜索（两阶段）
粗搜索步数: 200, 精细搜索步数: 500

============================================================
自适应 Best F1 阈值搜索（两阶段）
============================================================

分数统计信息:
  最小值: 0.012053
  最大值: 62.747280
  均值: 0.943741
  标准差: 3.399559
  中位数: 0.105213
  第1百分位: 0.021623
  第99百分位: 7.919073

自动确定的搜索范围: [0.012053, 15.838146]

============================================================
阶段 1: 粗搜索（步数: 200）
============================================================

============================================================
开始 Best F1 阈值搜索...
============================================================
搜索范围: [0.0121, 15.8381]
搜索步数: 200
使用点调整: False
阈值: 0.0912 | F1: 0.3105 | Precision: 0.1893 | Recall: 0.8638
阈值: 1.6738 | F1: 0.6404 | Precision: 0.6539 | Recall: 0.6275
阈值: 3.2564 | F1: 0.6865 | Precision: 0.7998 | Recall: 0.6013
阈值: 4.8390 | F1: 0.7115 | Precision: 0.8875 | Recall: 0.5937
阈值: 6.4216 | F1: 0.6056 | Precision: 0.9390 | Recall: 0.4470
阈值: 8.0042 | F1: 0.1464 | Precision: 0.9691 | Recall: 0.0792
阈值: 9.5868 | F1: 0.1160 | Precision: 0.9757 | Recall: 0.0617
阈值: 11.1694 | F1: 0.1007 | Precision: 0.9820 | Recall: 0.0531
阈值: 12.7521 | F1: 0.0960 | Precision: 0.9836 | Recall: 0.0505
阈值: 14.3347 | F1: 0.0921 | Precision: 0.9891 | Recall: 0.0483

============================================================
✓ 找到最佳阈值: 6.263360
  最佳 F1: 0.7250
  Precision: 0.9388
  Recall: 0.5905
============================================================


============================================================
阶段 2: 精细搜索（步数: 500）
============================================================
在最佳阈值 6.263360 附近精细搜索
精细搜索范围: [4.680750, 7.845969]

============================================================
开始 Best F1 阈值搜索...
============================================================
搜索范围: [4.6808, 7.8460]
搜索步数: 500
使用点调整: False
阈值: 4.6871 | F1: 0.7107 | Precision: 0.8838 | Recall: 0.5942
阈值: 5.0036 | F1: 0.7124 | Precision: 0.8913 | Recall: 0.5933
阈值: 5.3201 | F1: 0.7133 | Precision: 0.8961 | Recall: 0.5925
阈值: 5.6366 | F1: 0.7147 | Precision: 0.9019 | Recall: 0.5918
阈值: 5.9532 | F1: 0.7199 | Precision: 0.9206 | Recall: 0.5910
阈值: 6.2697 | F1: 0.7251 | Precision: 0.9393 | Recall: 0.5905
阈值: 6.5862 | F1: 0.5042 | Precision: 0.9412 | Recall: 0.3443
阈值: 6.9027 | F1: 0.3173 | Precision: 0.9415 | Recall: 0.1908
阈值: 7.2193 | F1: 0.1591 | Precision: 0.9285 | Recall: 0.0870
阈值: 7.5358 | F1: 0.1552 | Precision: 0.9569 | Recall: 0.0845

============================================================
✓ 找到最佳阈值: 6.301342
  最佳 F1: 0.7258
  Precision: 0.9418
  Recall: 0.5904
============================================================


✓ 精细搜索找到更好的阈值！

============================================================
自适应搜索完成！
============================================================
最终最佳阈值: 6.301342
最佳 F1: 0.7258
Precision: 0.9418
Recall: 0.5904
============================================================

Saved Best F1 results: /data/modeluse/TS/ISTAD-release/analysis/r1_relation_bottleneck/runtime/anomaly_detection_SWAT_ISTAD_SWAT_ftM_sl96_bmhgat_relno_message_hglite_rb_bs64_r1_no_message_s87_0/bestf1_threshold_results.json
Saved anomaly score plot: /data/modeluse/TS/ISTAD-release/analysis/r1_relation_bottleneck/runtime/anomaly_detection_SWAT_ISTAD_SWAT_ftM_sl96_bmhgat_relno_message_hglite_rb_bs64_r1_no_message_s87_0/anomaly_score_threshold.png
ISTAD explainability is disabled by --istad_enable_explain 0
Saved train time summary: /data/modeluse/TS/ISTAD-release/analysis/r1_relation_bottleneck/runtime/anomaly_detection_SWAT_ISTAD_SWAT_ftM_sl96_bmhgat_relno_message_hglite_rb_bs64_r1_no_message_s87_0/train_time_summary.json
=== R1 SWAT seed 90 learned_dynamic ===
Using GPU
Args in experiment:
[1mBasic Config[0m
  Task Name:          anomaly_detection   Is Training:        1                   
  Model ID:           SWAT                Model:              ISTAD               
  Seed:               90                  Itr:                1                   

[1mData Loader[0m
  Data:               SWAT                Root Path:          /data/modeluse/TS/ISTAD/dataset/SWAT
  Features:           M                   Seq Len:            96                  
  Enc In:             51                  C Out:              51                  
  Checkpoints:        /data/modeluse/TS/ISTAD-release/checkpoints/ISTAD_r1_relation_bottleneck
  Eval Step:          96                  

[1mAnomaly Detection Task[0m
  Anomaly Ratio:      1.0                 Threshold Source:   train               

[1mISTAD Parameters[0m
  Kernel Size:        15                  Branch Mode:        hgat                
  TCN Type:           kan                 
  Feat GAT Dim:       -1                  GRU Layers:         1                   
  GRU Hidden:         150                 Recon Layers:       1                   
  Recon Hidden:       32                  ISTAD Dropout:      0.3                 
  Recon Type:         pointwise           KANAD Order:        3                   
  Objective:          reconstruct         Target / Lag:       ('', 1)             
  Leaky Alpha:        0.2                 H Init:             normal              
  Hyperedges:         20                  Top-K Nodes:        10                  
  Spatial Type:       lite                HGAT Rank:          8                   
  HGAT Projection:    linear              Relation Mode:      dynamic             
  KAN Grid:           5                   KAN Order:          3                   
  Arch:               legacy              Ablation:           full                
  Relation bottleneck:1                   Mask ratio/folds:   (0.2, 8)            
  Explainability:     0                   Explain Batches:    0                   
  Explain Points:     20000               Explain TopK:       10                  
  SmoothGrad:         0                   SG Samples:         20                  
  SG Noise:           0.1                 Quad Mode:          quantile            
  Quad Value:         0.75                Err Agg:            sum                 
  Sal Agg:            sum                 

[1mRun Parameters[0m
  Num Workers:        4                   Batch Size:         64                  
  Train Epochs:       12                  Patience:           4                   
  Learning Rate:      0.001               Lradj:              cosine              
  Des:                r1_learned_dynamic_s90

[1mGPU[0m
  Use GPU:            1                   GPU:                0                   
  Use Multi GPU:      0                   Devices:            0,1,2,3             

Use GPU: cuda:0
🚀 Lazy Loading: ISTAD ...
>>>>>>>start training : anomaly_detection_SWAT_ISTAD_SWAT_ftM_sl96_bmhgat_hglite_rb_bs64_r1_learned_dynamic_s90_0>>>>>>>>>>>>>>>>>>>>>>>>>>
test: (449919, 51)
train: (396000, 51)
train 4168
test: (449919, 51)
train: (396000, 51)
val 1042
Epoch: 1 cost time: 2.4399313926696777
Epoch: 1, Steps: 66 | Train Loss: 0.6707876 Vali Loss: 0.2968063
Validation loss decreased (inf --> 0.296806).  Saving model ...
Updating learning rate to 0.0009829629131445341
Epoch: 2 cost time: 1.3534388542175293
Epoch: 2, Steps: 66 | Train Loss: 0.4394253 Vali Loss: 0.1779414
Validation loss decreased (0.296806 --> 0.177941).  Saving model ...
Updating learning rate to 0.0009330127018922195
Epoch: 3 cost time: 1.3575358390808105
Epoch: 3, Steps: 66 | Train Loss: 0.3026285 Vali Loss: 0.1300342
Validation loss decreased (0.177941 --> 0.130034).  Saving model ...
Updating learning rate to 0.0008535533905932737
Epoch: 4 cost time: 1.3676600456237793
Epoch: 4, Steps: 66 | Train Loss: 0.2524297 Vali Loss: 0.1145313
Validation loss decreased (0.130034 --> 0.114531).  Saving model ...
Updating learning rate to 0.00075
Epoch: 5 cost time: 1.3646070957183838
Epoch: 5, Steps: 66 | Train Loss: 0.2257998 Vali Loss: 0.1016908
Validation loss decreased (0.114531 --> 0.101691).  Saving model ...
Updating learning rate to 0.0006294095225512603
Epoch: 6 cost time: 1.3810670375823975
Epoch: 6, Steps: 66 | Train Loss: 0.2160260 Vali Loss: 0.1131752
EarlyStopping counter: 1 out of 4
Updating learning rate to 0.0005
Epoch: 7 cost time: 1.3983936309814453
Epoch: 7, Steps: 66 | Train Loss: 0.2034428 Vali Loss: 0.0950720
Validation loss decreased (0.101691 --> 0.095072).  Saving model ...
Updating learning rate to 0.0003705904774487396
Epoch: 8 cost time: 1.359189748764038
Epoch: 8, Steps: 66 | Train Loss: 0.1952685 Vali Loss: 0.0955772
EarlyStopping counter: 1 out of 4
Updating learning rate to 0.0002500000000000001
Epoch: 9 cost time: 1.3742601871490479
Epoch: 9, Steps: 66 | Train Loss: 0.1882276 Vali Loss: 0.0933818
Validation loss decreased (0.095072 --> 0.093382).  Saving model ...
Updating learning rate to 0.00014644660940672628
Epoch: 10 cost time: 1.4024584293365479
Epoch: 10, Steps: 66 | Train Loss: 0.1827308 Vali Loss: 0.0881914
Validation loss decreased (0.093382 --> 0.088191).  Saving model ...
Updating learning rate to 6.698729810778065e-05
Epoch: 11 cost time: 1.349027395248413
Epoch: 11, Steps: 66 | Train Loss: 0.1806322 Vali Loss: 0.0882454
EarlyStopping counter: 1 out of 4
Updating learning rate to 1.70370868554659e-05
Epoch: 12 cost time: 1.2857422828674316
Epoch: 12, Steps: 66 | Train Loss: 0.1795955 Vali Loss: 0.0913799
EarlyStopping counter: 2 out of 4
Updating learning rate to 0.0
Saved relation bottleneck training diagnostics: /data/modeluse/TS/ISTAD-release/checkpoints/ISTAD_r1_relation_bottleneck/anomaly_detection_SWAT_ISTAD_SWAT_ftM_sl96_bmhgat_hglite_rb_bs64_r1_learned_dynamic_s90_0/relation_bottleneck_train_diagnostics.json
>>>>>>>testing : anomaly_detection_SWAT_ISTAD_SWAT_ftM_sl96_bmhgat_hglite_rb_bs64_r1_learned_dynamic_s90_0<<<<<<<<<<<<<<<<<<<<<<<<<<<<<<<<<
test: (449919, 51)
train: (396000, 51)
test 4686
test: (449919, 51)
train: (396000, 51)
score_train 4125
test: (449919, 51)
train: (396000, 51)
val 1042
Saved relation bottleneck diagnostics: /data/modeluse/TS/ISTAD-release/analysis/r1_relation_bottleneck/runtime/anomaly_detection_SWAT_ISTAD_SWAT_ftM_sl96_bmhgat_hglite_rb_bs64_r1_learned_dynamic_s90_0/relation_bottleneck_diagnostics.json
Percentile Threshold Source: train
Percentile Threshold : 2.192198145389557
Saved point scores and labels: /data/modeluse/TS/ISTAD-release/analysis/r1_relation_bottleneck/runtime/anomaly_detection_SWAT_ISTAD_SWAT_ftM_sl96_bmhgat_hglite_rb_bs64_r1_learned_dynamic_s90_0/point_scores.npz
pred_raw: (449856,)
gt:      (449856,)
pred_pa: (449856,)
gt_pa:   (449856,)

============================================================
使用百分位数阈值的结果:
============================================================
Raw point F1: 0.2908 (P=0.1770, R=0.8151)
Accuracy : 0.5298, Precision : 0.1949, Recall : 0.9172, F-score : 0.3214 
============================================================


使用自适应 Best F1 搜索（两阶段）
粗搜索步数: 200, 精细搜索步数: 500

============================================================
自适应 Best F1 阈值搜索（两阶段）
============================================================

分数统计信息:
  最小值: 0.018992
  最大值: 62.484425
  均值: 3.518427
  标准差: 4.421391
  中位数: 3.221361
  第1百分位: 0.028531
  第99百分位: 14.428720

自动确定的搜索范围: [0.018992, 28.857439]

============================================================
阶段 1: 粗搜索（步数: 200）
============================================================

============================================================
开始 Best F1 阈值搜索...
============================================================
搜索范围: [0.0190, 28.8574]
搜索步数: 200
使用点调整: False
阈值: 0.1632 | F1: 0.2516 | Precision: 0.1464 | Recall: 0.8926
阈值: 3.0470 | F1: 0.3084 | Precision: 0.1904 | Recall: 0.8099
阈值: 5.9309 | F1: 0.7320 | Precision: 0.8635 | Recall: 0.6353
阈值: 8.8147 | F1: 0.7435 | Precision: 0.9837 | Recall: 0.5976
阈值: 11.6986 | F1: 0.7399 | Precision: 0.9925 | Recall: 0.5898
阈值: 14.5824 | F1: 0.1490 | Precision: 0.9850 | Recall: 0.0806
阈值: 17.4663 | F1: 0.1279 | Precision: 0.9955 | Recall: 0.0683
阈值: 20.3501 | F1: 0.1054 | Precision: 0.9967 | Recall: 0.0556
阈值: 23.2339 | F1: 0.0921 | Precision: 0.9977 | Recall: 0.0483
阈值: 26.1178 | F1: 0.0818 | Precision: 0.9983 | Recall: 0.0427

============================================================
✓ 找到最佳阈值: 10.689217
  最佳 F1: 0.7439
  Precision: 0.9898
  Recall: 0.5959
============================================================


============================================================
阶段 2: 精细搜索（步数: 500）
============================================================
在最佳阈值 10.689217 附近精细搜索
精细搜索范围: [7.805373, 13.573062]

============================================================
开始 Best F1 阈值搜索...
============================================================
搜索范围: [7.8054, 13.5731]
搜索步数: 500
使用点调整: False
阈值: 7.8169 | F1: 0.7419 | Precision: 0.9752 | Recall: 0.5987
阈值: 8.3937 | F1: 0.7431 | Precision: 0.9814 | Recall: 0.5979
阈值: 8.9704 | F1: 0.7436 | Precision: 0.9846 | Recall: 0.5974
阈值: 9.5472 | F1: 0.7435 | Precision: 0.9864 | Recall: 0.5966
阈值: 10.1240 | F1: 0.7437 | Precision: 0.9884 | Recall: 0.5962
阈值: 10.7008 | F1: 0.7439 | Precision: 0.9898 | Recall: 0.5959
阈值: 11.2775 | F1: 0.7416 | Precision: 0.9915 | Recall: 0.5924
阈值: 11.8543 | F1: 0.7398 | Precision: 0.9928 | Recall: 0.5896
阈值: 12.4311 | F1: 0.7389 | Precision: 0.9934 | Recall: 0.5881
阈值: 13.0078 | F1: 0.6771 | Precision: 0.9957 | Recall: 0.5130

============================================================
✓ 找到最佳阈值: 10.700753
  最佳 F1: 0.7439
  Precision: 0.9898
  Recall: 0.5959
============================================================


✓ 精细搜索找到更好的阈值！

============================================================
自适应搜索完成！
============================================================
最终最佳阈值: 10.700753
最佳 F1: 0.7439
Precision: 0.9898
Recall: 0.5959
============================================================

Saved Best F1 results: /data/modeluse/TS/ISTAD-release/analysis/r1_relation_bottleneck/runtime/anomaly_detection_SWAT_ISTAD_SWAT_ftM_sl96_bmhgat_hglite_rb_bs64_r1_learned_dynamic_s90_0/bestf1_threshold_results.json
Saved anomaly score plot: /data/modeluse/TS/ISTAD-release/analysis/r1_relation_bottleneck/runtime/anomaly_detection_SWAT_ISTAD_SWAT_ftM_sl96_bmhgat_hglite_rb_bs64_r1_learned_dynamic_s90_0/anomaly_score_threshold.png
ISTAD explainability is disabled by --istad_enable_explain 0
Saved train time summary: /data/modeluse/TS/ISTAD-release/analysis/r1_relation_bottleneck/runtime/anomaly_detection_SWAT_ISTAD_SWAT_ftM_sl96_bmhgat_hglite_rb_bs64_r1_learned_dynamic_s90_0/train_time_summary.json
=== R1 SWAT seed 90 learned_static ===
Using GPU
Args in experiment:
[1mBasic Config[0m
  Task Name:          anomaly_detection   Is Training:        1                   
  Model ID:           SWAT                Model:              ISTAD               
  Seed:               90                  Itr:                1                   

[1mData Loader[0m
  Data:               SWAT                Root Path:          /data/modeluse/TS/ISTAD/dataset/SWAT
  Features:           M                   Seq Len:            96                  
  Enc In:             51                  C Out:              51                  
  Checkpoints:        /data/modeluse/TS/ISTAD-release/checkpoints/ISTAD_r1_relation_bottleneck
  Eval Step:          96                  

[1mAnomaly Detection Task[0m
  Anomaly Ratio:      1.0                 Threshold Source:   train               

[1mISTAD Parameters[0m
  Kernel Size:        15                  Branch Mode:        hgat                
  TCN Type:           kan                 
  Feat GAT Dim:       -1                  GRU Layers:         1                   
  GRU Hidden:         150                 Recon Layers:       1                   
  Recon Hidden:       32                  ISTAD Dropout:      0.3                 
  Recon Type:         pointwise           KANAD Order:        3                   
  Objective:          reconstruct         Target / Lag:       ('', 1)             
  Leaky Alpha:        0.2                 H Init:             normal              
  Hyperedges:         20                  Top-K Nodes:        10                  
  Spatial Type:       lite                HGAT Rank:          8                   
  HGAT Projection:    linear              Relation Mode:      static              
  KAN Grid:           5                   KAN Order:          3                   
  Arch:               legacy              Ablation:           full                
  Relation bottleneck:1                   Mask ratio/folds:   (0.2, 8)            
  Explainability:     0                   Explain Batches:    0                   
  Explain Points:     20000               Explain TopK:       10                  
  SmoothGrad:         0                   SG Samples:         20                  
  SG Noise:           0.1                 Quad Mode:          quantile            
  Quad Value:         0.75                Err Agg:            sum                 
  Sal Agg:            sum                 

[1mRun Parameters[0m
  Num Workers:        4                   Batch Size:         64                  
  Train Epochs:       12                  Patience:           4                   
  Learning Rate:      0.001               Lradj:              cosine              
  Des:                r1_learned_static_s90

[1mGPU[0m
  Use GPU:            1                   GPU:                0                   
  Use Multi GPU:      0                   Devices:            0,1,2,3             

Use GPU: cuda:0
🚀 Lazy Loading: ISTAD ...
>>>>>>>start training : anomaly_detection_SWAT_ISTAD_SWAT_ftM_sl96_bmhgat_relstatic_hglite_rb_bs64_r1_learned_static_s90_0>>>>>>>>>>>>>>>>>>>>>>>>>>
test: (449919, 51)
train: (396000, 51)
train 4168
test: (449919, 51)
train: (396000, 51)
val 1042
Epoch: 1 cost time: 2.3060412406921387
Epoch: 1, Steps: 66 | Train Loss: 0.6928749 Vali Loss: 0.3374792
Validation loss decreased (inf --> 0.337479).  Saving model ...
Updating learning rate to 0.0009829629131445341
Epoch: 2 cost time: 1.1820652484893799
Epoch: 2, Steps: 66 | Train Loss: 0.4743659 Vali Loss: 0.2080175
Validation loss decreased (0.337479 --> 0.208018).  Saving model ...
Updating learning rate to 0.0009330127018922195
Epoch: 3 cost time: 1.1833345890045166
Epoch: 3, Steps: 66 | Train Loss: 0.3194538 Vali Loss: 0.1421006
Validation loss decreased (0.208018 --> 0.142101).  Saving model ...
Updating learning rate to 0.0008535533905932737
Epoch: 4 cost time: 1.2527568340301514
Epoch: 4, Steps: 66 | Train Loss: 0.2605206 Vali Loss: 0.1239158
Validation loss decreased (0.142101 --> 0.123916).  Saving model ...
Updating learning rate to 0.00075
Epoch: 5 cost time: 1.2089393138885498
Epoch: 5, Steps: 66 | Train Loss: 0.2329130 Vali Loss: 0.1094204
Validation loss decreased (0.123916 --> 0.109420).  Saving model ...
Updating learning rate to 0.0006294095225512603
Epoch: 6 cost time: 1.2279255390167236
Epoch: 6, Steps: 66 | Train Loss: 0.2191352 Vali Loss: 0.1221745
EarlyStopping counter: 1 out of 4
Updating learning rate to 0.0005
Epoch: 7 cost time: 1.1969351768493652
Epoch: 7, Steps: 66 | Train Loss: 0.1985640 Vali Loss: 0.1002808
Validation loss decreased (0.109420 --> 0.100281).  Saving model ...
Updating learning rate to 0.0003705904774487396
Epoch: 8 cost time: 1.1878013610839844
Epoch: 8, Steps: 66 | Train Loss: 0.1908272 Vali Loss: 0.1020417
EarlyStopping counter: 1 out of 4
Updating learning rate to 0.0002500000000000001
Epoch: 9 cost time: 1.2175447940826416
Epoch: 9, Steps: 66 | Train Loss: 0.1894310 Vali Loss: 0.1026041
EarlyStopping counter: 2 out of 4
Updating learning rate to 0.00014644660940672628
Epoch: 10 cost time: 1.1409897804260254
Epoch: 10, Steps: 66 | Train Loss: 0.1855776 Vali Loss: 0.0938796
Validation loss decreased (0.100281 --> 0.093880).  Saving model ...
Updating learning rate to 6.698729810778065e-05
Epoch: 11 cost time: 1.148714542388916
Epoch: 11, Steps: 66 | Train Loss: 0.1861633 Vali Loss: 0.0945931
EarlyStopping counter: 1 out of 4
Updating learning rate to 1.70370868554659e-05
Epoch: 12 cost time: 1.14992094039917
Epoch: 12, Steps: 66 | Train Loss: 0.1854051 Vali Loss: 0.0978317
EarlyStopping counter: 2 out of 4
Updating learning rate to 0.0
Saved relation bottleneck training diagnostics: /data/modeluse/TS/ISTAD-release/checkpoints/ISTAD_r1_relation_bottleneck/anomaly_detection_SWAT_ISTAD_SWAT_ftM_sl96_bmhgat_relstatic_hglite_rb_bs64_r1_learned_static_s90_0/relation_bottleneck_train_diagnostics.json
>>>>>>>testing : anomaly_detection_SWAT_ISTAD_SWAT_ftM_sl96_bmhgat_relstatic_hglite_rb_bs64_r1_learned_static_s90_0<<<<<<<<<<<<<<<<<<<<<<<<<<<<<<<<<
test: (449919, 51)
train: (396000, 51)
test 4686
test: (449919, 51)
train: (396000, 51)
score_train 4125
test: (449919, 51)
train: (396000, 51)
val 1042
Saved relation bottleneck diagnostics: /data/modeluse/TS/ISTAD-release/analysis/r1_relation_bottleneck/runtime/anomaly_detection_SWAT_ISTAD_SWAT_ftM_sl96_bmhgat_relstatic_hglite_rb_bs64_r1_learned_static_s90_0/relation_bottleneck_diagnostics.json
Percentile Threshold Source: train
Percentile Threshold : 3.051930284500122
Saved point scores and labels: /data/modeluse/TS/ISTAD-release/analysis/r1_relation_bottleneck/runtime/anomaly_detection_SWAT_ISTAD_SWAT_ftM_sl96_bmhgat_relstatic_hglite_rb_bs64_r1_learned_static_s90_0/point_scores.npz
pred_raw: (449856,)
gt:      (449856,)
pred_pa: (449856,)
gt_pa:   (449856,)

============================================================
使用百分位数阈值的结果:
============================================================
Raw point F1: 0.3067 (P=0.1891, R=0.8126)
Accuracy : 0.5646, Precision : 0.2052, Recall : 0.9001, F-score : 0.3342 
============================================================


使用自适应 Best F1 搜索（两阶段）
粗搜索步数: 200, 精细搜索步数: 500

============================================================
自适应 Best F1 阈值搜索（两阶段）
============================================================

分数统计信息:
  最小值: 0.025400
  最大值: 62.131008
  均值: 3.563786
  标准差: 4.464659
  中位数: 3.291178
  第1百分位: 0.031894
  第99百分位: 14.622124

自动确定的搜索范围: [0.025400, 29.244249]

============================================================
阶段 1: 粗搜索（步数: 200）
============================================================

============================================================
开始 Best F1 阈值搜索...
============================================================
搜索范围: [0.0254, 29.2442]
搜索步数: 200
使用点调整: False
阈值: 0.1715 | F1: 0.2516 | Precision: 0.1464 | Recall: 0.8928
阈值: 3.0934 | F1: 0.3105 | Precision: 0.1920 | Recall: 0.8124
阈值: 6.0153 | F1: 0.7256 | Precision: 0.8642 | Recall: 0.6253
阈值: 8.9371 | F1: 0.7421 | Precision: 0.9799 | Recall: 0.5972
阈值: 11.8590 | F1: 0.7390 | Precision: 0.9914 | Recall: 0.5891
阈值: 14.7809 | F1: 0.1488 | Precision: 0.9830 | Recall: 0.0805
阈值: 17.7028 | F1: 0.1277 | Precision: 0.9955 | Recall: 0.0682
阈值: 20.6247 | F1: 0.1035 | Precision: 0.9967 | Recall: 0.0546
阈值: 23.5466 | F1: 0.0825 | Precision: 0.9970 | Recall: 0.0430
阈值: 26.4685 | F1: 0.0802 | Precision: 0.9983 | Recall: 0.0418

============================================================
✓ 找到最佳阈值: 10.982468
  最佳 F1: 0.7434
  Precision: 0.9891
  Recall: 0.5954
============================================================


============================================================
阶段 2: 精细搜索（步数: 500）
============================================================
在最佳阈值 10.982468 附近精细搜索
精细搜索范围: [8.060583, 13.904353]

============================================================
开始 Best F1 阈值搜索...
============================================================
搜索范围: [8.0606, 13.9044]
搜索步数: 500
使用点调整: False
阈值: 8.0723 | F1: 0.7377 | Precision: 0.9619 | Recall: 0.5983
阈值: 8.6566 | F1: 0.7411 | Precision: 0.9759 | Recall: 0.5974
阈值: 9.2410 | F1: 0.7425 | Precision: 0.9819 | Recall: 0.5970
阈值: 9.8254 | F1: 0.7430 | Precision: 0.9854 | Recall: 0.5964
阈值: 10.4098 | F1: 0.7432 | Precision: 0.9873 | Recall: 0.5959
阈值: 10.9942 | F1: 0.7434 | Precision: 0.9892 | Recall: 0.5954
阈值: 11.5785 | F1: 0.7393 | Precision: 0.9910 | Recall: 0.5896
阈值: 12.1629 | F1: 0.7387 | Precision: 0.9919 | Recall: 0.5885
阈值: 12.7473 | F1: 0.7384 | Precision: 0.9938 | Recall: 0.5875
阈值: 13.3317 | F1: 0.6538 | Precision: 0.9954 | Recall: 0.4868

============================================================
✓ 找到最佳阈值: 10.994156
  最佳 F1: 0.7434
  Precision: 0.9892
  Recall: 0.5954
============================================================


✓ 精细搜索找到更好的阈值！

============================================================
自适应搜索完成！
============================================================
最终最佳阈值: 10.994156
最佳 F1: 0.7434
Precision: 0.9892
Recall: 0.5954
============================================================

Saved Best F1 results: /data/modeluse/TS/ISTAD-release/analysis/r1_relation_bottleneck/runtime/anomaly_detection_SWAT_ISTAD_SWAT_ftM_sl96_bmhgat_relstatic_hglite_rb_bs64_r1_learned_static_s90_0/bestf1_threshold_results.json
Saved anomaly score plot: /data/modeluse/TS/ISTAD-release/analysis/r1_relation_bottleneck/runtime/anomaly_detection_SWAT_ISTAD_SWAT_ftM_sl96_bmhgat_relstatic_hglite_rb_bs64_r1_learned_static_s90_0/anomaly_score_threshold.png
ISTAD explainability is disabled by --istad_enable_explain 0
Saved train time summary: /data/modeluse/TS/ISTAD-release/analysis/r1_relation_bottleneck/runtime/anomaly_detection_SWAT_ISTAD_SWAT_ftM_sl96_bmhgat_relstatic_hglite_rb_bs64_r1_learned_static_s90_0/train_time_summary.json
=== R1 SWAT seed 90 fixed_random ===
Using GPU
Args in experiment:
[1mBasic Config[0m
  Task Name:          anomaly_detection   Is Training:        1                   
  Model ID:           SWAT                Model:              ISTAD               
  Seed:               90                  Itr:                1                   

[1mData Loader[0m
  Data:               SWAT                Root Path:          /data/modeluse/TS/ISTAD/dataset/SWAT
  Features:           M                   Seq Len:            96                  
  Enc In:             51                  C Out:              51                  
  Checkpoints:        /data/modeluse/TS/ISTAD-release/checkpoints/ISTAD_r1_relation_bottleneck
  Eval Step:          96                  

[1mAnomaly Detection Task[0m
  Anomaly Ratio:      1.0                 Threshold Source:   train               

[1mISTAD Parameters[0m
  Kernel Size:        15                  Branch Mode:        hgat                
  TCN Type:           kan                 
  Feat GAT Dim:       -1                  GRU Layers:         1                   
  GRU Hidden:         150                 Recon Layers:       1                   
  Recon Hidden:       32                  ISTAD Dropout:      0.3                 
  Recon Type:         pointwise           KANAD Order:        3                   
  Objective:          reconstruct         Target / Lag:       ('', 1)             
  Leaky Alpha:        0.2                 H Init:             normal              
  Hyperedges:         20                  Top-K Nodes:        10                  
  Spatial Type:       lite                HGAT Rank:          8                   
  HGAT Projection:    linear              Relation Mode:      fixed_random        
  KAN Grid:           5                   KAN Order:          3                   
  Arch:               legacy              Ablation:           full                
  Relation bottleneck:1                   Mask ratio/folds:   (0.2, 8)            
  Explainability:     0                   Explain Batches:    0                   
  Explain Points:     20000               Explain TopK:       10                  
  SmoothGrad:         0                   SG Samples:         20                  
  SG Noise:           0.1                 Quad Mode:          quantile            
  Quad Value:         0.75                Err Agg:            sum                 
  Sal Agg:            sum                 

[1mRun Parameters[0m
  Num Workers:        4                   Batch Size:         64                  
  Train Epochs:       12                  Patience:           4                   
  Learning Rate:      0.001               Lradj:              cosine              
  Des:                r1_fixed_random_s90 

[1mGPU[0m
  Use GPU:            1                   GPU:                0                   
  Use Multi GPU:      0                   Devices:            0,1,2,3             

Use GPU: cuda:0
🚀 Lazy Loading: ISTAD ...
>>>>>>>start training : anomaly_detection_SWAT_ISTAD_SWAT_ftM_sl96_bmhgat_relfixed_random_hglite_rb_bs64_r1_fixed_random_s90_0>>>>>>>>>>>>>>>>>>>>>>>>>>
test: (449919, 51)
train: (396000, 51)
train 4168
test: (449919, 51)
train: (396000, 51)
val 1042
Epoch: 1 cost time: 2.327564001083374
Epoch: 1, Steps: 66 | Train Loss: 0.6915174 Vali Loss: 0.3285175
Validation loss decreased (inf --> 0.328518).  Saving model ...
Updating learning rate to 0.0009829629131445341
Epoch: 2 cost time: 1.045445203781128
Epoch: 2, Steps: 66 | Train Loss: 0.4675568 Vali Loss: 0.1923626
Validation loss decreased (0.328518 --> 0.192363).  Saving model ...
Updating learning rate to 0.0009330127018922195
Epoch: 3 cost time: 1.0814447402954102
Epoch: 3, Steps: 66 | Train Loss: 0.3192385 Vali Loss: 0.1393127
Validation loss decreased (0.192363 --> 0.139313).  Saving model ...
Updating learning rate to 0.0008535533905932737
Epoch: 4 cost time: 1.0731160640716553
Epoch: 4, Steps: 66 | Train Loss: 0.2603091 Vali Loss: 0.1239605
Validation loss decreased (0.139313 --> 0.123960).  Saving model ...
Updating learning rate to 0.00075
Epoch: 5 cost time: 1.091609239578247
Epoch: 5, Steps: 66 | Train Loss: 0.2314948 Vali Loss: 0.1121531
Validation loss decreased (0.123960 --> 0.112153).  Saving model ...
Updating learning rate to 0.0006294095225512603
Epoch: 6 cost time: 1.052614688873291
Epoch: 6, Steps: 66 | Train Loss: 0.2205427 Vali Loss: 0.1237288
EarlyStopping counter: 1 out of 4
Updating learning rate to 0.0005
Epoch: 7 cost time: 1.0731360912322998
Epoch: 7, Steps: 66 | Train Loss: 0.2075252 Vali Loss: 0.1044516
Validation loss decreased (0.112153 --> 0.104452).  Saving model ...
Updating learning rate to 0.0003705904774487396
Epoch: 8 cost time: 1.074794054031372
Epoch: 8, Steps: 66 | Train Loss: 0.2024825 Vali Loss: 0.1048326
EarlyStopping counter: 1 out of 4
Updating learning rate to 0.0002500000000000001
Epoch: 9 cost time: 1.0846855640411377
Epoch: 9, Steps: 66 | Train Loss: 0.1983160 Vali Loss: 0.1035923
Validation loss decreased (0.104452 --> 0.103592).  Saving model ...
Updating learning rate to 0.00014644660940672628
Epoch: 10 cost time: 1.0938494205474854
Epoch: 10, Steps: 66 | Train Loss: 0.1956229 Vali Loss: 0.0961185
Validation loss decreased (0.103592 --> 0.096119).  Saving model ...
Updating learning rate to 6.698729810778065e-05
Epoch: 11 cost time: 1.0759994983673096
Epoch: 11, Steps: 66 | Train Loss: 0.1935069 Vali Loss: 0.0972934
EarlyStopping counter: 1 out of 4
Updating learning rate to 1.70370868554659e-05
Epoch: 12 cost time: 1.083467960357666
Epoch: 12, Steps: 66 | Train Loss: 0.1916717 Vali Loss: 0.1006732
EarlyStopping counter: 2 out of 4
Updating learning rate to 0.0
Saved relation bottleneck training diagnostics: /data/modeluse/TS/ISTAD-release/checkpoints/ISTAD_r1_relation_bottleneck/anomaly_detection_SWAT_ISTAD_SWAT_ftM_sl96_bmhgat_relfixed_random_hglite_rb_bs64_r1_fixed_random_s90_0/relation_bottleneck_train_diagnostics.json
>>>>>>>testing : anomaly_detection_SWAT_ISTAD_SWAT_ftM_sl96_bmhgat_relfixed_random_hglite_rb_bs64_r1_fixed_random_s90_0<<<<<<<<<<<<<<<<<<<<<<<<<<<<<<<<<
test: (449919, 51)
train: (396000, 51)
test 4686
test: (449919, 51)
train: (396000, 51)
score_train 4125
test: (449919, 51)
train: (396000, 51)
val 1042
Saved relation bottleneck diagnostics: /data/modeluse/TS/ISTAD-release/analysis/r1_relation_bottleneck/runtime/anomaly_detection_SWAT_ISTAD_SWAT_ftM_sl96_bmhgat_relfixed_random_hglite_rb_bs64_r1_fixed_random_s90_0/relation_bottleneck_diagnostics.json
Percentile Threshold Source: train
Percentile Threshold : 2.9150507664680485
Saved point scores and labels: /data/modeluse/TS/ISTAD-release/analysis/r1_relation_bottleneck/runtime/anomaly_detection_SWAT_ISTAD_SWAT_ftM_sl96_bmhgat_relfixed_random_hglite_rb_bs64_r1_fixed_random_s90_0/point_scores.npz
pred_raw: (449856,)
gt:      (449856,)
pred_pa: (449856,)
gt_pa:   (449856,)

============================================================
使用百分位数阈值的结果:
============================================================
Raw point F1: 0.3046 (P=0.1874, R=0.8128)
Accuracy : 0.5600, Precision : 0.2035, Recall : 0.9001, F-score : 0.3319 
============================================================


使用自适应 Best F1 搜索（两阶段）
粗搜索步数: 200, 精细搜索步数: 500

============================================================
自适应 Best F1 阈值搜索（两阶段）
============================================================

分数统计信息:
  最小值: 0.029733
  最大值: 61.395493
  均值: 3.776209
  标准差: 4.931557
  中位数: 3.284014
  第1百分位: 0.054800
  第99百分位: 16.905048

自动确定的搜索范围: [0.029733, 33.810097]

============================================================
阶段 1: 粗搜索（步数: 200）
============================================================

============================================================
开始 Best F1 阈值搜索...
============================================================
搜索范围: [0.0297, 33.8101]
搜索步数: 200
使用点调整: False
阈值: 0.1986 | F1: 0.2516 | Precision: 0.1465 | Recall: 0.8929
阈值: 3.5767 | F1: 0.3007 | Precision: 0.1885 | Recall: 0.7434
阈值: 6.9547 | F1: 0.7438 | Precision: 0.9242 | Recall: 0.6223
阈值: 10.3327 | F1: 0.7498 | Precision: 0.9864 | Recall: 0.6047
阈值: 13.7108 | F1: 0.7417 | Precision: 0.9936 | Recall: 0.5917
阈值: 17.0888 | F1: 0.1497 | Precision: 0.9937 | Recall: 0.0810
阈值: 20.4669 | F1: 0.1270 | Precision: 0.9973 | Recall: 0.0678
阈值: 23.8449 | F1: 0.0936 | Precision: 0.9978 | Recall: 0.0491
阈值: 27.2229 | F1: 0.0821 | Precision: 0.9983 | Recall: 0.0428
阈值: 30.6010 | F1: 0.0513 | Precision: 0.9972 | Recall: 0.0263

============================================================
✓ 找到最佳阈值: 8.812628
  最佳 F1: 0.7593
  Precision: 0.9788
  Recall: 0.6202
============================================================


============================================================
阶段 2: 精细搜索（步数: 500）
============================================================
在最佳阈值 8.812628 附近精细搜索
精细搜索范围: [5.434592, 12.190664]

============================================================
开始 Best F1 阈值搜索...
============================================================
搜索范围: [5.4346, 12.1907]
搜索步数: 500
使用点调整: False
阈值: 5.4481 | F1: 0.6129 | Precision: 0.5656 | Recall: 0.6690
阈值: 6.1237 | F1: 0.7266 | Precision: 0.8652 | Recall: 0.6263
阈值: 6.7993 | F1: 0.7415 | Precision: 0.9170 | Recall: 0.6224
阈值: 7.4749 | F1: 0.7488 | Precision: 0.9416 | Recall: 0.6216
阈值: 8.1505 | F1: 0.7554 | Precision: 0.9649 | Recall: 0.6206
阈值: 8.8261 | F1: 0.7592 | Precision: 0.9788 | Recall: 0.6200
阈值: 9.5017 | F1: 0.7563 | Precision: 0.9832 | Recall: 0.6145
阈值: 10.1774 | F1: 0.7502 | Precision: 0.9860 | Recall: 0.6054
阈值: 10.8530 | F1: 0.7450 | Precision: 0.9887 | Recall: 0.5977
阈值: 11.5286 | F1: 0.7424 | Precision: 0.9910 | Recall: 0.5936

============================================================
✓ 找到最佳阈值: 8.785604
  最佳 F1: 0.7593
  Precision: 0.9785
  Recall: 0.6203
============================================================


✓ 精细搜索找到更好的阈值！

============================================================
自适应搜索完成！
============================================================
最终最佳阈值: 8.785604
最佳 F1: 0.7593
Precision: 0.9785
Recall: 0.6203
============================================================

Saved Best F1 results: /data/modeluse/TS/ISTAD-release/analysis/r1_relation_bottleneck/runtime/anomaly_detection_SWAT_ISTAD_SWAT_ftM_sl96_bmhgat_relfixed_random_hglite_rb_bs64_r1_fixed_random_s90_0/bestf1_threshold_results.json
Saved anomaly score plot: /data/modeluse/TS/ISTAD-release/analysis/r1_relation_bottleneck/runtime/anomaly_detection_SWAT_ISTAD_SWAT_ftM_sl96_bmhgat_relfixed_random_hglite_rb_bs64_r1_fixed_random_s90_0/anomaly_score_threshold.png
ISTAD explainability is disabled by --istad_enable_explain 0
Saved train time summary: /data/modeluse/TS/ISTAD-release/analysis/r1_relation_bottleneck/runtime/anomaly_detection_SWAT_ISTAD_SWAT_ftM_sl96_bmhgat_relfixed_random_hglite_rb_bs64_r1_fixed_random_s90_0/train_time_summary.json
=== R1 SWAT seed 90 no_message ===
Using GPU
Args in experiment:
[1mBasic Config[0m
  Task Name:          anomaly_detection   Is Training:        1                   
  Model ID:           SWAT                Model:              ISTAD               
  Seed:               90                  Itr:                1                   

[1mData Loader[0m
  Data:               SWAT                Root Path:          /data/modeluse/TS/ISTAD/dataset/SWAT
  Features:           M                   Seq Len:            96                  
  Enc In:             51                  C Out:              51                  
  Checkpoints:        /data/modeluse/TS/ISTAD-release/checkpoints/ISTAD_r1_relation_bottleneck
  Eval Step:          96                  

[1mAnomaly Detection Task[0m
  Anomaly Ratio:      1.0                 Threshold Source:   train               

[1mISTAD Parameters[0m
  Kernel Size:        15                  Branch Mode:        hgat                
  TCN Type:           kan                 
  Feat GAT Dim:       -1                  GRU Layers:         1                   
  GRU Hidden:         150                 Recon Layers:       1                   
  Recon Hidden:       32                  ISTAD Dropout:      0.3                 
  Recon Type:         pointwise           KANAD Order:        3                   
  Objective:          reconstruct         Target / Lag:       ('', 1)             
  Leaky Alpha:        0.2                 H Init:             normal              
  Hyperedges:         20                  Top-K Nodes:        10                  
  Spatial Type:       lite                HGAT Rank:          8                   
  HGAT Projection:    linear              Relation Mode:      no_message          
  KAN Grid:           5                   KAN Order:          3                   
  Arch:               legacy              Ablation:           full                
  Relation bottleneck:1                   Mask ratio/folds:   (0.2, 8)            
  Explainability:     0                   Explain Batches:    0                   
  Explain Points:     20000               Explain TopK:       10                  
  SmoothGrad:         0                   SG Samples:         20                  
  SG Noise:           0.1                 Quad Mode:          quantile            
  Quad Value:         0.75                Err Agg:            sum                 
  Sal Agg:            sum                 

[1mRun Parameters[0m
  Num Workers:        4                   Batch Size:         64                  
  Train Epochs:       12                  Patience:           4                   
  Learning Rate:      0.001               Lradj:              cosine              
  Des:                r1_no_message_s90   

[1mGPU[0m
  Use GPU:            1                   GPU:                0                   
  Use Multi GPU:      0                   Devices:            0,1,2,3             

Use GPU: cuda:0
🚀 Lazy Loading: ISTAD ...
>>>>>>>start training : anomaly_detection_SWAT_ISTAD_SWAT_ftM_sl96_bmhgat_relno_message_hglite_rb_bs64_r1_no_message_s90_0>>>>>>>>>>>>>>>>>>>>>>>>>>
test: (449919, 51)
train: (396000, 51)
train 4168
test: (449919, 51)
train: (396000, 51)
val 1042
Epoch: 1 cost time: 1.6312437057495117
Epoch: 1, Steps: 66 | Train Loss: 0.6925053 Vali Loss: 0.3437008
Validation loss decreased (inf --> 0.343701).  Saving model ...
Updating learning rate to 0.0009829629131445341
Epoch: 2 cost time: 0.6891119480133057
Epoch: 2, Steps: 66 | Train Loss: 0.4927084 Vali Loss: 0.2302316
Validation loss decreased (0.343701 --> 0.230232).  Saving model ...
Updating learning rate to 0.0009330127018922195
Epoch: 3 cost time: 0.6847047805786133
Epoch: 3, Steps: 66 | Train Loss: 0.3428126 Vali Loss: 0.1634240
Validation loss decreased (0.230232 --> 0.163424).  Saving model ...
Updating learning rate to 0.0008535533905932737
Epoch: 4 cost time: 0.6588575839996338
Epoch: 4, Steps: 66 | Train Loss: 0.2890856 Vali Loss: 0.1412939
Validation loss decreased (0.163424 --> 0.141294).  Saving model ...
Updating learning rate to 0.00075
Epoch: 5 cost time: 0.7198760509490967
Epoch: 5, Steps: 66 | Train Loss: 0.2599233 Vali Loss: 0.1200406
Validation loss decreased (0.141294 --> 0.120041).  Saving model ...
Updating learning rate to 0.0006294095225512603
Epoch: 6 cost time: 0.6852290630340576
Epoch: 6, Steps: 66 | Train Loss: 0.2367408 Vali Loss: 0.1270354
EarlyStopping counter: 1 out of 4
Updating learning rate to 0.0005
Epoch: 7 cost time: 0.6643190383911133
Epoch: 7, Steps: 66 | Train Loss: 0.2258847 Vali Loss: 0.1056240
Validation loss decreased (0.120041 --> 0.105624).  Saving model ...
Updating learning rate to 0.0003705904774487396
Epoch: 8 cost time: 0.6721947193145752
Epoch: 8, Steps: 66 | Train Loss: 0.2140617 Vali Loss: 0.1059207
EarlyStopping counter: 1 out of 4
Updating learning rate to 0.0002500000000000001
Epoch: 9 cost time: 0.6818585395812988
Epoch: 9, Steps: 66 | Train Loss: 0.2032137 Vali Loss: 0.1040587
Validation loss decreased (0.105624 --> 0.104059).  Saving model ...
Updating learning rate to 0.00014644660940672628
Epoch: 10 cost time: 0.7253732681274414
Epoch: 10, Steps: 66 | Train Loss: 0.1989722 Vali Loss: 0.0970422
Validation loss decreased (0.104059 --> 0.097042).  Saving model ...
Updating learning rate to 6.698729810778065e-05
Epoch: 11 cost time: 0.6930007934570312
Epoch: 11, Steps: 66 | Train Loss: 0.1996083 Vali Loss: 0.0976260
EarlyStopping counter: 1 out of 4
Updating learning rate to 1.70370868554659e-05
Epoch: 12 cost time: 0.6749539375305176
Epoch: 12, Steps: 66 | Train Loss: 0.1943658 Vali Loss: 0.1013560
EarlyStopping counter: 2 out of 4
Updating learning rate to 0.0
Saved relation bottleneck training diagnostics: /data/modeluse/TS/ISTAD-release/checkpoints/ISTAD_r1_relation_bottleneck/anomaly_detection_SWAT_ISTAD_SWAT_ftM_sl96_bmhgat_relno_message_hglite_rb_bs64_r1_no_message_s90_0/relation_bottleneck_train_diagnostics.json
>>>>>>>testing : anomaly_detection_SWAT_ISTAD_SWAT_ftM_sl96_bmhgat_relno_message_hglite_rb_bs64_r1_no_message_s90_0<<<<<<<<<<<<<<<<<<<<<<<<<<<<<<<<<
test: (449919, 51)
train: (396000, 51)
test 4686
test: (449919, 51)
train: (396000, 51)
score_train 4125
test: (449919, 51)
train: (396000, 51)
val 1042
Saved relation bottleneck diagnostics: /data/modeluse/TS/ISTAD-release/analysis/r1_relation_bottleneck/runtime/anomaly_detection_SWAT_ISTAD_SWAT_ftM_sl96_bmhgat_relno_message_hglite_rb_bs64_r1_no_message_s90_0/relation_bottleneck_diagnostics.json
Percentile Threshold Source: train
Percentile Threshold : 2.9577517962455753
Saved point scores and labels: /data/modeluse/TS/ISTAD-release/analysis/r1_relation_bottleneck/runtime/anomaly_detection_SWAT_ISTAD_SWAT_ftM_sl96_bmhgat_relno_message_hglite_rb_bs64_r1_no_message_s90_0/point_scores.npz
pred_raw: (449856,)
gt:      (449856,)
pred_pa: (449856,)
gt_pa:   (449856,)

============================================================
使用百分位数阈值的结果:
============================================================
Raw point F1: 0.3044 (P=0.1873, R=0.8125)
Accuracy : 0.5597, Precision : 0.2034, Recall : 0.9001, F-score : 0.3318 
============================================================


使用自适应 Best F1 搜索（两阶段）
粗搜索步数: 200, 精细搜索步数: 500

============================================================
自适应 Best F1 阈值搜索（两阶段）
============================================================

分数统计信息:
  最小值: 0.018967
  最大值: 62.274788
  均值: 3.640315
  标准差: 4.663952
  中位数: 3.315570
  第1百分位: 0.029705
  第99百分位: 15.218381

自动确定的搜索范围: [0.018967, 30.436763]

============================================================
阶段 1: 粗搜索（步数: 200）
============================================================

============================================================
开始 Best F1 阈值搜索...
============================================================
搜索范围: [0.0190, 30.4368]
搜索步数: 200
使用点调整: False
阈值: 0.1711 | F1: 0.2514 | Precision: 0.1463 | Recall: 0.8930
阈值: 3.2128 | F1: 0.3153 | Precision: 0.1957 | Recall: 0.8114
阈值: 6.2546 | F1: 0.7224 | Precision: 0.8830 | Recall: 0.6113
阈值: 9.2964 | F1: 0.7428 | Precision: 0.9832 | Recall: 0.5969
阈值: 12.3382 | F1: 0.7387 | Precision: 0.9936 | Recall: 0.5878
阈值: 15.3800 | F1: 0.1497 | Precision: 0.9884 | Recall: 0.0810
阈值: 18.4217 | F1: 0.1276 | Precision: 0.9963 | Recall: 0.0681
阈值: 21.4635 | F1: 0.1047 | Precision: 0.9970 | Recall: 0.0552
阈值: 24.5053 | F1: 0.0899 | Precision: 0.9984 | Recall: 0.0471
阈值: 27.5471 | F1: 0.0810 | Precision: 0.9983 | Recall: 0.0422

============================================================
✓ 找到最佳阈值: 10.817285
  最佳 F1: 0.7437
  Precision: 0.9893
  Recall: 0.5958
============================================================


============================================================
阶段 2: 精细搜索（步数: 500）
============================================================
在最佳阈值 10.817285 附近精细搜索
精细搜索范围: [7.775505, 13.859064]

============================================================
开始 Best F1 阈值搜索...
============================================================
搜索范围: [7.7755, 13.8591]
搜索步数: 500
使用点调整: False
阈值: 7.7877 | F1: 0.7365 | Precision: 0.9570 | Recall: 0.5986
阈值: 8.3960 | F1: 0.7406 | Precision: 0.9730 | Recall: 0.5978
阈值: 9.0044 | F1: 0.7426 | Precision: 0.9813 | Recall: 0.5972
阈值: 9.6127 | F1: 0.7429 | Precision: 0.9849 | Recall: 0.5964
阈值: 10.2211 | F1: 0.7434 | Precision: 0.9872 | Recall: 0.5962
阈值: 10.8295 | F1: 0.7437 | Precision: 0.9893 | Recall: 0.5958
阈值: 11.4378 | F1: 0.7414 | Precision: 0.9911 | Recall: 0.5922
阈值: 12.0462 | F1: 0.7387 | Precision: 0.9929 | Recall: 0.5881
阈值: 12.6545 | F1: 0.7387 | Precision: 0.9939 | Recall: 0.5877
阈值: 13.2629 | F1: 0.7386 | Precision: 0.9945 | Recall: 0.5875

============================================================
✓ 找到最佳阈值: 10.841619
  最佳 F1: 0.7437
  Precision: 0.9893
  Recall: 0.5958
============================================================


✓ 精细搜索找到更好的阈值！

============================================================
自适应搜索完成！
============================================================
最终最佳阈值: 10.841619
最佳 F1: 0.7437
Precision: 0.9893
Recall: 0.5958
============================================================

Saved Best F1 results: /data/modeluse/TS/ISTAD-release/analysis/r1_relation_bottleneck/runtime/anomaly_detection_SWAT_ISTAD_SWAT_ftM_sl96_bmhgat_relno_message_hglite_rb_bs64_r1_no_message_s90_0/bestf1_threshold_results.json
Saved anomaly score plot: /data/modeluse/TS/ISTAD-release/analysis/r1_relation_bottleneck/runtime/anomaly_detection_SWAT_ISTAD_SWAT_ftM_sl96_bmhgat_relno_message_hglite_rb_bs64_r1_no_message_s90_0/anomaly_score_threshold.png
ISTAD explainability is disabled by --istad_enable_explain 0
Saved train time summary: /data/modeluse/TS/ISTAD-release/analysis/r1_relation_bottleneck/runtime/anomaly_detection_SWAT_ISTAD_SWAT_ftM_sl96_bmhgat_relno_message_hglite_rb_bs64_r1_no_message_s90_0/train_time_summary.json
=== R1 SWAT seed 98 learned_dynamic ===
Using GPU
Args in experiment:
[1mBasic Config[0m
  Task Name:          anomaly_detection   Is Training:        1                   
  Model ID:           SWAT                Model:              ISTAD               
  Seed:               98                  Itr:                1                   

[1mData Loader[0m
  Data:               SWAT                Root Path:          /data/modeluse/TS/ISTAD/dataset/SWAT
  Features:           M                   Seq Len:            96                  
  Enc In:             51                  C Out:              51                  
  Checkpoints:        /data/modeluse/TS/ISTAD-release/checkpoints/ISTAD_r1_relation_bottleneck
  Eval Step:          96                  

[1mAnomaly Detection Task[0m
  Anomaly Ratio:      1.0                 Threshold Source:   train               

[1mISTAD Parameters[0m
  Kernel Size:        15                  Branch Mode:        hgat                
  TCN Type:           kan                 
  Feat GAT Dim:       -1                  GRU Layers:         1                   
  GRU Hidden:         150                 Recon Layers:       1                   
  Recon Hidden:       32                  ISTAD Dropout:      0.3                 
  Recon Type:         pointwise           KANAD Order:        3                   
  Objective:          reconstruct         Target / Lag:       ('', 1)             
  Leaky Alpha:        0.2                 H Init:             normal              
  Hyperedges:         20                  Top-K Nodes:        10                  
  Spatial Type:       lite                HGAT Rank:          8                   
  HGAT Projection:    linear              Relation Mode:      dynamic             
  KAN Grid:           5                   KAN Order:          3                   
  Arch:               legacy              Ablation:           full                
  Relation bottleneck:1                   Mask ratio/folds:   (0.2, 8)            
  Explainability:     0                   Explain Batches:    0                   
  Explain Points:     20000               Explain TopK:       10                  
  SmoothGrad:         0                   SG Samples:         20                  
  SG Noise:           0.1                 Quad Mode:          quantile            
  Quad Value:         0.75                Err Agg:            sum                 
  Sal Agg:            sum                 

[1mRun Parameters[0m
  Num Workers:        4                   Batch Size:         64                  
  Train Epochs:       12                  Patience:           4                   
  Learning Rate:      0.001               Lradj:              cosine              
  Des:                r1_learned_dynamic_s98

[1mGPU[0m
  Use GPU:            1                   GPU:                0                   
  Use Multi GPU:      0                   Devices:            0,1,2,3             

Use GPU: cuda:0
🚀 Lazy Loading: ISTAD ...
>>>>>>>start training : anomaly_detection_SWAT_ISTAD_SWAT_ftM_sl96_bmhgat_hglite_rb_bs64_r1_learned_dynamic_s98_0>>>>>>>>>>>>>>>>>>>>>>>>>>
test: (449919, 51)
train: (396000, 51)
train 4168
test: (449919, 51)
train: (396000, 51)
val 1042
Epoch: 1 cost time: 2.472376823425293
Epoch: 1, Steps: 66 | Train Loss: 0.6793180 Vali Loss: 0.2471355
Validation loss decreased (inf --> 0.247136).  Saving model ...
Updating learning rate to 0.0009829629131445341
Epoch: 2 cost time: 1.3556649684906006
Epoch: 2, Steps: 66 | Train Loss: 0.4251255 Vali Loss: 0.1307973
Validation loss decreased (0.247136 --> 0.130797).  Saving model ...
Updating learning rate to 0.0009330127018922195
Epoch: 3 cost time: 1.3142063617706299
Epoch: 3, Steps: 66 | Train Loss: 0.3015554 Vali Loss: 0.0958485
Validation loss decreased (0.130797 --> 0.095849).  Saving model ...
Updating learning rate to 0.0008535533905932737
Epoch: 4 cost time: 1.4086635112762451
Epoch: 4, Steps: 66 | Train Loss: 0.2565361 Vali Loss: 0.0817369
Validation loss decreased (0.095849 --> 0.081737).  Saving model ...
Updating learning rate to 0.00075
Epoch: 5 cost time: 1.418342113494873
Epoch: 5, Steps: 66 | Train Loss: 0.2387165 Vali Loss: 0.0778232
Validation loss decreased (0.081737 --> 0.077823).  Saving model ...
Updating learning rate to 0.0006294095225512603
Epoch: 6 cost time: 1.4202880859375
Epoch: 6, Steps: 66 | Train Loss: 0.2233735 Vali Loss: 0.0765387
Validation loss decreased (0.077823 --> 0.076539).  Saving model ...
Updating learning rate to 0.0005
Epoch: 7 cost time: 1.4010357856750488
Epoch: 7, Steps: 66 | Train Loss: 0.2098993 Vali Loss: 0.0705157
Validation loss decreased (0.076539 --> 0.070516).  Saving model ...
Updating learning rate to 0.0003705904774487396
Epoch: 8 cost time: 1.3306303024291992
Epoch: 8, Steps: 66 | Train Loss: 0.2071370 Vali Loss: 0.0672117
Validation loss decreased (0.070516 --> 0.067212).  Saving model ...
Updating learning rate to 0.0002500000000000001
Epoch: 9 cost time: 1.3615806102752686
Epoch: 9, Steps: 66 | Train Loss: 0.2000194 Vali Loss: 0.0672914
EarlyStopping counter: 1 out of 4
Updating learning rate to 0.00014644660940672628
Epoch: 10 cost time: 1.3816015720367432
Epoch: 10, Steps: 66 | Train Loss: 0.2001031 Vali Loss: 0.0691013
EarlyStopping counter: 2 out of 4
Updating learning rate to 6.698729810778065e-05
Epoch: 11 cost time: 1.3249073028564453
Epoch: 11, Steps: 66 | Train Loss: 0.1965209 Vali Loss: 0.0651436
Validation loss decreased (0.067212 --> 0.065144).  Saving model ...
Updating learning rate to 1.70370868554659e-05
Epoch: 12 cost time: 1.3425071239471436
Epoch: 12, Steps: 66 | Train Loss: 0.2006380 Vali Loss: 0.0630903
Validation loss decreased (0.065144 --> 0.063090).  Saving model ...
Updating learning rate to 0.0
Saved relation bottleneck training diagnostics: /data/modeluse/TS/ISTAD-release/checkpoints/ISTAD_r1_relation_bottleneck/anomaly_detection_SWAT_ISTAD_SWAT_ftM_sl96_bmhgat_hglite_rb_bs64_r1_learned_dynamic_s98_0/relation_bottleneck_train_diagnostics.json
>>>>>>>testing : anomaly_detection_SWAT_ISTAD_SWAT_ftM_sl96_bmhgat_hglite_rb_bs64_r1_learned_dynamic_s98_0<<<<<<<<<<<<<<<<<<<<<<<<<<<<<<<<<
test: (449919, 51)
train: (396000, 51)
test 4686
test: (449919, 51)
train: (396000, 51)
score_train 4125
test: (449919, 51)
train: (396000, 51)
val 1042
Saved relation bottleneck diagnostics: /data/modeluse/TS/ISTAD-release/analysis/r1_relation_bottleneck/runtime/anomaly_detection_SWAT_ISTAD_SWAT_ftM_sl96_bmhgat_hglite_rb_bs64_r1_learned_dynamic_s98_0/relation_bottleneck_diagnostics.json
Percentile Threshold Source: train
Percentile Threshold : 2.0065683174133304
Saved point scores and labels: /data/modeluse/TS/ISTAD-release/analysis/r1_relation_bottleneck/runtime/anomaly_detection_SWAT_ISTAD_SWAT_ftM_sl96_bmhgat_hglite_rb_bs64_r1_learned_dynamic_s98_0/point_scores.npz
pred_raw: (449856,)
gt:      (449856,)
pred_pa: (449856,)
gt_pa:   (449856,)

============================================================
使用百分位数阈值的结果:
============================================================
Raw point F1: 0.6741 (P=0.7270, R=0.6284)
Accuracy : 0.9613, Precision : 0.7954, Recall : 0.9172, F-score : 0.8519 
============================================================


使用自适应 Best F1 搜索（两阶段）
粗搜索步数: 200, 精细搜索步数: 500

============================================================
自适应 Best F1 阈值搜索（两阶段）
============================================================

分数统计信息:
  最小值: 0.009066
  最大值: 62.643883
  均值: 1.906688
  标准差: 5.796993
  中位数: 0.237314
  第1百分位: 0.014154
  第99百分位: 20.829362

自动确定的搜索范围: [0.009066, 41.658724]

============================================================
阶段 1: 粗搜索（步数: 200）
============================================================

============================================================
开始 Best F1 阈值搜索...
============================================================
搜索范围: [0.0091, 41.6587]
搜索步数: 200
使用点调整: False
阈值: 0.2173 | F1: 0.3108 | Precision: 0.1904 | Recall: 0.8454
阈值: 4.3823 | F1: 0.7247 | Precision: 0.8771 | Recall: 0.6175
阈值: 8.5472 | F1: 0.7426 | Precision: 0.9942 | Recall: 0.5927
阈值: 12.7122 | F1: 0.7387 | Precision: 0.9965 | Recall: 0.5869
阈值: 16.8772 | F1: 0.7381 | Precision: 0.9976 | Recall: 0.5857
阈值: 21.0421 | F1: 0.1310 | Precision: 0.9933 | Recall: 0.0701
阈值: 25.2071 | F1: 0.0813 | Precision: 0.9970 | Recall: 0.0424
阈值: 29.3721 | F1: 0.0666 | Precision: 0.9984 | Recall: 0.0345
阈值: 33.5370 | F1: 0.0474 | Precision: 0.9977 | Recall: 0.0243
阈值: 37.7020 | F1: 0.0359 | Precision: 0.9980 | Recall: 0.0183

============================================================
✓ 找到最佳阈值: 7.089508
  最佳 F1: 0.7559
  Precision: 0.9857
  Recall: 0.6130
============================================================


============================================================
阶段 2: 精细搜索（步数: 500）
============================================================
在最佳阈值 7.089508 附近精细搜索
精细搜索范围: [2.924542, 11.254474]

============================================================
开始 Best F1 阈值搜索...
============================================================
搜索范围: [2.9245, 11.2545]
搜索步数: 500
使用点调整: False
阈值: 2.9412 | F1: 0.7034 | Precision: 0.8104 | Recall: 0.6213
阈值: 3.7742 | F1: 0.7134 | Precision: 0.8420 | Recall: 0.6189
阈值: 4.6072 | F1: 0.7268 | Precision: 0.8841 | Recall: 0.6171
阈值: 5.4402 | F1: 0.7323 | Precision: 0.9041 | Recall: 0.6154
阈值: 6.2732 | F1: 0.7472 | Precision: 0.9537 | Recall: 0.6142
阈值: 7.1062 | F1: 0.7559 | Precision: 0.9859 | Recall: 0.6129
阈值: 7.9392 | F1: 0.7468 | Precision: 0.9933 | Recall: 0.5984
阈值: 8.7722 | F1: 0.7425 | Precision: 0.9944 | Recall: 0.5924
阈值: 9.6051 | F1: 0.7418 | Precision: 0.9948 | Recall: 0.5914
阈值: 10.4381 | F1: 0.7416 | Precision: 0.9955 | Recall: 0.5909

============================================================
✓ 找到最佳阈值: 7.122828
  最佳 F1: 0.7560
  Precision: 0.9862
  Recall: 0.6129
============================================================


✓ 精细搜索找到更好的阈值！

============================================================
自适应搜索完成！
============================================================
最终最佳阈值: 7.122828
最佳 F1: 0.7560
Precision: 0.9862
Recall: 0.6129
============================================================

Saved Best F1 results: /data/modeluse/TS/ISTAD-release/analysis/r1_relation_bottleneck/runtime/anomaly_detection_SWAT_ISTAD_SWAT_ftM_sl96_bmhgat_hglite_rb_bs64_r1_learned_dynamic_s98_0/bestf1_threshold_results.json
Saved anomaly score plot: /data/modeluse/TS/ISTAD-release/analysis/r1_relation_bottleneck/runtime/anomaly_detection_SWAT_ISTAD_SWAT_ftM_sl96_bmhgat_hglite_rb_bs64_r1_learned_dynamic_s98_0/anomaly_score_threshold.png
ISTAD explainability is disabled by --istad_enable_explain 0
Saved train time summary: /data/modeluse/TS/ISTAD-release/analysis/r1_relation_bottleneck/runtime/anomaly_detection_SWAT_ISTAD_SWAT_ftM_sl96_bmhgat_hglite_rb_bs64_r1_learned_dynamic_s98_0/train_time_summary.json
=== R1 SWAT seed 98 learned_static ===
Using GPU
Args in experiment:
[1mBasic Config[0m
  Task Name:          anomaly_detection   Is Training:        1                   
  Model ID:           SWAT                Model:              ISTAD               
  Seed:               98                  Itr:                1                   

[1mData Loader[0m
  Data:               SWAT                Root Path:          /data/modeluse/TS/ISTAD/dataset/SWAT
  Features:           M                   Seq Len:            96                  
  Enc In:             51                  C Out:              51                  
  Checkpoints:        /data/modeluse/TS/ISTAD-release/checkpoints/ISTAD_r1_relation_bottleneck
  Eval Step:          96                  

[1mAnomaly Detection Task[0m
  Anomaly Ratio:      1.0                 Threshold Source:   train               

[1mISTAD Parameters[0m
  Kernel Size:        15                  Branch Mode:        hgat                
  TCN Type:           kan                 
  Feat GAT Dim:       -1                  GRU Layers:         1                   
  GRU Hidden:         150                 Recon Layers:       1                   
  Recon Hidden:       32                  ISTAD Dropout:      0.3                 
  Recon Type:         pointwise           KANAD Order:        3                   
  Objective:          reconstruct         Target / Lag:       ('', 1)             
  Leaky Alpha:        0.2                 H Init:             normal              
  Hyperedges:         20                  Top-K Nodes:        10                  
  Spatial Type:       lite                HGAT Rank:          8                   
  HGAT Projection:    linear              Relation Mode:      static              
  KAN Grid:           5                   KAN Order:          3                   
  Arch:               legacy              Ablation:           full                
  Relation bottleneck:1                   Mask ratio/folds:   (0.2, 8)            
  Explainability:     0                   Explain Batches:    0                   
  Explain Points:     20000               Explain TopK:       10                  
  SmoothGrad:         0                   SG Samples:         20                  
  SG Noise:           0.1                 Quad Mode:          quantile            
  Quad Value:         0.75                Err Agg:            sum                 
  Sal Agg:            sum                 

[1mRun Parameters[0m
  Num Workers:        4                   Batch Size:         64                  
  Train Epochs:       12                  Patience:           4                   
  Learning Rate:      0.001               Lradj:              cosine              
  Des:                r1_learned_static_s98

[1mGPU[0m
  Use GPU:            1                   GPU:                0                   
  Use Multi GPU:      0                   Devices:            0,1,2,3             

Use GPU: cuda:0
🚀 Lazy Loading: ISTAD ...
>>>>>>>start training : anomaly_detection_SWAT_ISTAD_SWAT_ftM_sl96_bmhgat_relstatic_hglite_rb_bs64_r1_learned_static_s98_0>>>>>>>>>>>>>>>>>>>>>>>>>>
test: (449919, 51)
train: (396000, 51)
train 4168
test: (449919, 51)
train: (396000, 51)
val 1042
Epoch: 1 cost time: 2.257448434829712
Epoch: 1, Steps: 66 | Train Loss: 0.6995212 Vali Loss: 0.2840370
Validation loss decreased (inf --> 0.284037).  Saving model ...
Updating learning rate to 0.0009829629131445341
Epoch: 2 cost time: 1.1611928939819336
Epoch: 2, Steps: 66 | Train Loss: 0.4546966 Vali Loss: 0.1511850
Validation loss decreased (0.284037 --> 0.151185).  Saving model ...
Updating learning rate to 0.0009330127018922195
Epoch: 3 cost time: 1.1432857513427734
Epoch: 3, Steps: 66 | Train Loss: 0.3211545 Vali Loss: 0.1121858
Validation loss decreased (0.151185 --> 0.112186).  Saving model ...
Updating learning rate to 0.0008535533905932737
Epoch: 4 cost time: 1.2061777114868164
Epoch: 4, Steps: 66 | Train Loss: 0.2705992 Vali Loss: 0.0990470
Validation loss decreased (0.112186 --> 0.099047).  Saving model ...
Updating learning rate to 0.00075
Epoch: 5 cost time: 1.1965560913085938
Epoch: 5, Steps: 66 | Train Loss: 0.2522684 Vali Loss: 0.0909647
Validation loss decreased (0.099047 --> 0.090965).  Saving model ...
Updating learning rate to 0.0006294095225512603
Epoch: 6 cost time: 1.1911120414733887
Epoch: 6, Steps: 66 | Train Loss: 0.2416806 Vali Loss: 0.0889113
Validation loss decreased (0.090965 --> 0.088911).  Saving model ...
Updating learning rate to 0.0005
Epoch: 7 cost time: 1.1301476955413818
Epoch: 7, Steps: 66 | Train Loss: 0.2297379 Vali Loss: 0.0773701
Validation loss decreased (0.088911 --> 0.077370).  Saving model ...
Updating learning rate to 0.0003705904774487396
Epoch: 8 cost time: 1.1879773139953613
Epoch: 8, Steps: 66 | Train Loss: 0.2216858 Vali Loss: 0.0745401
Validation loss decreased (0.077370 --> 0.074540).  Saving model ...
Updating learning rate to 0.0002500000000000001
Epoch: 9 cost time: 1.1824488639831543
Epoch: 9, Steps: 66 | Train Loss: 0.2106396 Vali Loss: 0.0708669
Validation loss decreased (0.074540 --> 0.070867).  Saving model ...
Updating learning rate to 0.00014644660940672628
Epoch: 10 cost time: 1.184950351715088
Epoch: 10, Steps: 66 | Train Loss: 0.2084831 Vali Loss: 0.0738513
EarlyStopping counter: 1 out of 4
Updating learning rate to 6.698729810778065e-05
Epoch: 11 cost time: 1.2192165851593018
Epoch: 11, Steps: 66 | Train Loss: 0.2033989 Vali Loss: 0.0687136
Validation loss decreased (0.070867 --> 0.068714).  Saving model ...
Updating learning rate to 1.70370868554659e-05
Epoch: 12 cost time: 1.2336373329162598
Epoch: 12, Steps: 66 | Train Loss: 0.2071707 Vali Loss: 0.0671295
Validation loss decreased (0.068714 --> 0.067129).  Saving model ...
Updating learning rate to 0.0
Saved relation bottleneck training diagnostics: /data/modeluse/TS/ISTAD-release/checkpoints/ISTAD_r1_relation_bottleneck/anomaly_detection_SWAT_ISTAD_SWAT_ftM_sl96_bmhgat_relstatic_hglite_rb_bs64_r1_learned_static_s98_0/relation_bottleneck_train_diagnostics.json
>>>>>>>testing : anomaly_detection_SWAT_ISTAD_SWAT_ftM_sl96_bmhgat_relstatic_hglite_rb_bs64_r1_learned_static_s98_0<<<<<<<<<<<<<<<<<<<<<<<<<<<<<<<<<
test: (449919, 51)
train: (396000, 51)
test 4686
test: (449919, 51)
train: (396000, 51)
score_train 4125
test: (449919, 51)
train: (396000, 51)
val 1042
Saved relation bottleneck diagnostics: /data/modeluse/TS/ISTAD-release/analysis/r1_relation_bottleneck/runtime/anomaly_detection_SWAT_ISTAD_SWAT_ftM_sl96_bmhgat_relstatic_hglite_rb_bs64_r1_learned_static_s98_0/relation_bottleneck_diagnostics.json
Percentile Threshold Source: train
Percentile Threshold : 2.03397249937058
Saved point scores and labels: /data/modeluse/TS/ISTAD-release/analysis/r1_relation_bottleneck/runtime/anomaly_detection_SWAT_ISTAD_SWAT_ftM_sl96_bmhgat_relstatic_hglite_rb_bs64_r1_learned_static_s98_0/point_scores.npz
pred_raw: (449856,)
gt:      (449856,)
pred_pa: (449856,)
gt_pa:   (449856,)

============================================================
使用百分位数阈值的结果:
============================================================
Raw point F1: 0.6745 (P=0.7274, R=0.6288)
Accuracy : 0.9613, Precision : 0.7956, Recall : 0.9172, F-score : 0.8521 
============================================================


使用自适应 Best F1 搜索（两阶段）
粗搜索步数: 200, 精细搜索步数: 500

============================================================
自适应 Best F1 阈值搜索（两阶段）
============================================================

分数统计信息:
  最小值: 0.010788
  最大值: 62.457962
  均值: 1.955259
  标准差: 5.916528
  中位数: 0.250490
  第1百分位: 0.014150
  第99百分位: 21.144262

自动确定的搜索范围: [0.010788, 42.288525]

============================================================
阶段 1: 粗搜索（步数: 200）
============================================================

============================================================
开始 Best F1 阈值搜索...
============================================================
搜索范围: [0.0108, 42.2885]
搜索步数: 200
使用点调整: False
阈值: 0.2222 | F1: 0.3083 | Precision: 0.1882 | Recall: 0.8521
阈值: 4.4500 | F1: 0.7250 | Precision: 0.8779 | Recall: 0.6175
阈值: 8.6777 | F1: 0.7438 | Precision: 0.9941 | Recall: 0.5942
阈值: 12.9055 | F1: 0.7390 | Precision: 0.9966 | Recall: 0.5872
阈值: 17.1333 | F1: 0.7382 | Precision: 0.9977 | Recall: 0.5859
阈值: 21.3610 | F1: 0.1394 | Precision: 0.9971 | Recall: 0.0749
阈值: 25.5888 | F1: 0.0902 | Precision: 0.9977 | Recall: 0.0472
阈值: 29.8166 | F1: 0.0693 | Precision: 0.9985 | Recall: 0.0359
阈值: 34.0444 | F1: 0.0476 | Precision: 0.9978 | Recall: 0.0244
阈值: 38.2721 | F1: 0.0420 | Precision: 0.9983 | Recall: 0.0214

============================================================
✓ 找到最佳阈值: 7.409392
  最佳 F1: 0.7567
  Precision: 0.9903
  Recall: 0.6123
============================================================


============================================================
阶段 2: 精细搜索（步数: 500）
============================================================
在最佳阈值 7.409392 附近精细搜索
精细搜索范围: [3.181618, 11.637166]

============================================================
开始 Best F1 阈值搜索...
============================================================
搜索范围: [3.1816, 11.6372]
搜索步数: 500
使用点调整: False
阈值: 3.1985 | F1: 0.7072 | Precision: 0.8214 | Recall: 0.6208
阈值: 4.0441 | F1: 0.7179 | Precision: 0.8552 | Recall: 0.6186
阈值: 4.8896 | F1: 0.7291 | Precision: 0.8919 | Recall: 0.6165
阈值: 5.7352 | F1: 0.7370 | Precision: 0.9197 | Recall: 0.6149
阈值: 6.5807 | F1: 0.7512 | Precision: 0.9684 | Recall: 0.6136
阈值: 7.4263 | F1: 0.7564 | Precision: 0.9904 | Recall: 0.6119
阈值: 8.2719 | F1: 0.7466 | Precision: 0.9938 | Recall: 0.5979
阈值: 9.1174 | F1: 0.7427 | Precision: 0.9944 | Recall: 0.5927
阈值: 9.9630 | F1: 0.7421 | Precision: 0.9949 | Recall: 0.5917
阈值: 10.8085 | F1: 0.7420 | Precision: 0.9957 | Recall: 0.5913

============================================================
✓ 找到最佳阈值: 7.375570
  最佳 F1: 0.7570
  Precision: 0.9899
  Recall: 0.6128
============================================================


✓ 精细搜索找到更好的阈值！

============================================================
自适应搜索完成！
============================================================
最终最佳阈值: 7.375570
最佳 F1: 0.7570
Precision: 0.9899
Recall: 0.6128
============================================================

Saved Best F1 results: /data/modeluse/TS/ISTAD-release/analysis/r1_relation_bottleneck/runtime/anomaly_detection_SWAT_ISTAD_SWAT_ftM_sl96_bmhgat_relstatic_hglite_rb_bs64_r1_learned_static_s98_0/bestf1_threshold_results.json
Saved anomaly score plot: /data/modeluse/TS/ISTAD-release/analysis/r1_relation_bottleneck/runtime/anomaly_detection_SWAT_ISTAD_SWAT_ftM_sl96_bmhgat_relstatic_hglite_rb_bs64_r1_learned_static_s98_0/anomaly_score_threshold.png
ISTAD explainability is disabled by --istad_enable_explain 0
Saved train time summary: /data/modeluse/TS/ISTAD-release/analysis/r1_relation_bottleneck/runtime/anomaly_detection_SWAT_ISTAD_SWAT_ftM_sl96_bmhgat_relstatic_hglite_rb_bs64_r1_learned_static_s98_0/train_time_summary.json
=== R1 SWAT seed 98 fixed_random ===
Using GPU
Args in experiment:
[1mBasic Config[0m
  Task Name:          anomaly_detection   Is Training:        1                   
  Model ID:           SWAT                Model:              ISTAD               
  Seed:               98                  Itr:                1                   

[1mData Loader[0m
  Data:               SWAT                Root Path:          /data/modeluse/TS/ISTAD/dataset/SWAT
  Features:           M                   Seq Len:            96                  
  Enc In:             51                  C Out:              51                  
  Checkpoints:        /data/modeluse/TS/ISTAD-release/checkpoints/ISTAD_r1_relation_bottleneck
  Eval Step:          96                  

[1mAnomaly Detection Task[0m
  Anomaly Ratio:      1.0                 Threshold Source:   train               

[1mISTAD Parameters[0m
  Kernel Size:        15                  Branch Mode:        hgat                
  TCN Type:           kan                 
  Feat GAT Dim:       -1                  GRU Layers:         1                   
  GRU Hidden:         150                 Recon Layers:       1                   
  Recon Hidden:       32                  ISTAD Dropout:      0.3                 
  Recon Type:         pointwise           KANAD Order:        3                   
  Objective:          reconstruct         Target / Lag:       ('', 1)             
  Leaky Alpha:        0.2                 H Init:             normal              
  Hyperedges:         20                  Top-K Nodes:        10                  
  Spatial Type:       lite                HGAT Rank:          8                   
  HGAT Projection:    linear              Relation Mode:      fixed_random        
  KAN Grid:           5                   KAN Order:          3                   
  Arch:               legacy              Ablation:           full                
  Relation bottleneck:1                   Mask ratio/folds:   (0.2, 8)            
  Explainability:     0                   Explain Batches:    0                   
  Explain Points:     20000               Explain TopK:       10                  
  SmoothGrad:         0                   SG Samples:         20                  
  SG Noise:           0.1                 Quad Mode:          quantile            
  Quad Value:         0.75                Err Agg:            sum                 
  Sal Agg:            sum                 

[1mRun Parameters[0m
  Num Workers:        4                   Batch Size:         64                  
  Train Epochs:       12                  Patience:           4                   
  Learning Rate:      0.001               Lradj:              cosine              
  Des:                r1_fixed_random_s98 

[1mGPU[0m
  Use GPU:            1                   GPU:                0                   
  Use Multi GPU:      0                   Devices:            0,1,2,3             

Use GPU: cuda:0
🚀 Lazy Loading: ISTAD ...
>>>>>>>start training : anomaly_detection_SWAT_ISTAD_SWAT_ftM_sl96_bmhgat_relfixed_random_hglite_rb_bs64_r1_fixed_random_s98_0>>>>>>>>>>>>>>>>>>>>>>>>>>
test: (449919, 51)
train: (396000, 51)
train 4168
test: (449919, 51)
train: (396000, 51)
val 1042
Epoch: 1 cost time: 2.0905027389526367
Epoch: 1, Steps: 66 | Train Loss: 0.6972728 Vali Loss: 0.2797836
Validation loss decreased (inf --> 0.279784).  Saving model ...
Updating learning rate to 0.0009829629131445341
Epoch: 2 cost time: 1.0400419235229492
Epoch: 2, Steps: 66 | Train Loss: 0.4507473 Vali Loss: 0.1477207
Validation loss decreased (0.279784 --> 0.147721).  Saving model ...
Updating learning rate to 0.0009330127018922195
Epoch: 3 cost time: 1.101722240447998
Epoch: 3, Steps: 66 | Train Loss: 0.3152644 Vali Loss: 0.1090878
Validation loss decreased (0.147721 --> 0.109088).  Saving model ...
Updating learning rate to 0.0008535533905932737
Epoch: 4 cost time: 1.081181287765503
Epoch: 4, Steps: 66 | Train Loss: 0.2691473 Vali Loss: 0.0949281
Validation loss decreased (0.109088 --> 0.094928).  Saving model ...
Updating learning rate to 0.00075
Epoch: 5 cost time: 1.027047872543335
Epoch: 5, Steps: 66 | Train Loss: 0.2523728 Vali Loss: 0.0916130
Validation loss decreased (0.094928 --> 0.091613).  Saving model ...
Updating learning rate to 0.0006294095225512603
Epoch: 6 cost time: 1.0841333866119385
Epoch: 6, Steps: 66 | Train Loss: 0.2406644 Vali Loss: 0.0882563
Validation loss decreased (0.091613 --> 0.088256).  Saving model ...
Updating learning rate to 0.0005
Epoch: 7 cost time: 1.0228290557861328
Epoch: 7, Steps: 66 | Train Loss: 0.2244223 Vali Loss: 0.0800452
Validation loss decreased (0.088256 --> 0.080045).  Saving model ...
Updating learning rate to 0.0003705904774487396
Epoch: 8 cost time: 1.0359692573547363
Epoch: 8, Steps: 66 | Train Loss: 0.2167554 Vali Loss: 0.0765552
Validation loss decreased (0.080045 --> 0.076555).  Saving model ...
Updating learning rate to 0.0002500000000000001
Epoch: 9 cost time: 1.0654208660125732
Epoch: 9, Steps: 66 | Train Loss: 0.2078120 Vali Loss: 0.0765459
Validation loss decreased (0.076555 --> 0.076546).  Saving model ...
Updating learning rate to 0.00014644660940672628
Epoch: 10 cost time: 1.0544404983520508
Epoch: 10, Steps: 66 | Train Loss: 0.2078341 Vali Loss: 0.0788850
EarlyStopping counter: 1 out of 4
Updating learning rate to 6.698729810778065e-05
Epoch: 11 cost time: 1.057072401046753
Epoch: 11, Steps: 66 | Train Loss: 0.2030502 Vali Loss: 0.0749222
Validation loss decreased (0.076546 --> 0.074922).  Saving model ...
Updating learning rate to 1.70370868554659e-05
Epoch: 12 cost time: 1.0281002521514893
Epoch: 12, Steps: 66 | Train Loss: 0.2070646 Vali Loss: 0.0712601
Validation loss decreased (0.074922 --> 0.071260).  Saving model ...
Updating learning rate to 0.0
Saved relation bottleneck training diagnostics: /data/modeluse/TS/ISTAD-release/checkpoints/ISTAD_r1_relation_bottleneck/anomaly_detection_SWAT_ISTAD_SWAT_ftM_sl96_bmhgat_relfixed_random_hglite_rb_bs64_r1_fixed_random_s98_0/relation_bottleneck_train_diagnostics.json
>>>>>>>testing : anomaly_detection_SWAT_ISTAD_SWAT_ftM_sl96_bmhgat_relfixed_random_hglite_rb_bs64_r1_fixed_random_s98_0<<<<<<<<<<<<<<<<<<<<<<<<<<<<<<<<<
test: (449919, 51)
train: (396000, 51)
test 4686
test: (449919, 51)
train: (396000, 51)
score_train 4125
test: (449919, 51)
train: (396000, 51)
val 1042
Saved relation bottleneck diagnostics: /data/modeluse/TS/ISTAD-release/analysis/r1_relation_bottleneck/runtime/anomaly_detection_SWAT_ISTAD_SWAT_ftM_sl96_bmhgat_relfixed_random_hglite_rb_bs64_r1_fixed_random_s98_0/relation_bottleneck_diagnostics.json
Percentile Threshold Source: train
Percentile Threshold : 1.9378922951221556
Saved point scores and labels: /data/modeluse/TS/ISTAD-release/analysis/r1_relation_bottleneck/runtime/anomaly_detection_SWAT_ISTAD_SWAT_ftM_sl96_bmhgat_relfixed_random_hglite_rb_bs64_r1_fixed_random_s98_0/point_scores.npz
pred_raw: (449856,)
gt:      (449856,)
pred_pa: (449856,)
gt_pa:   (449856,)

============================================================
使用百分位数阈值的结果:
============================================================
Raw point F1: 0.6622 (P=0.6958, R=0.6316)
Accuracy : 0.9564, Precision : 0.7686, Recall : 0.9172, F-score : 0.8364 
============================================================


使用自适应 Best F1 搜索（两阶段）
粗搜索步数: 200, 精细搜索步数: 500

============================================================
自适应 Best F1 阈值搜索（两阶段）
============================================================

分数统计信息:
  最小值: 0.008947
  最大值: 62.806087
  均值: 2.007030
  标准差: 5.923648
  中位数: 0.318780
  第1百分位: 0.013142
  第99百分位: 21.351213

自动确定的搜索范围: [0.008947, 42.702427]

============================================================
阶段 1: 粗搜索（步数: 200）
============================================================

============================================================
开始 Best F1 阈值搜索...
============================================================
搜索范围: [0.0089, 42.7024]
搜索步数: 200
使用点调整: False
阈值: 0.2224 | F1: 0.2936 | Precision: 0.1772 | Recall: 0.8557
阈值: 4.4918 | F1: 0.7253 | Precision: 0.8782 | Recall: 0.6177
阈值: 8.7611 | F1: 0.7427 | Precision: 0.9943 | Recall: 0.5927
阈值: 13.0305 | F1: 0.7388 | Precision: 0.9966 | Recall: 0.5870
阈值: 17.2998 | F1: 0.7314 | Precision: 0.9976 | Recall: 0.5774
阈值: 21.5692 | F1: 0.1357 | Precision: 0.9965 | Recall: 0.0728
阈值: 25.8385 | F1: 0.0842 | Precision: 0.9975 | Recall: 0.0440
阈值: 30.1078 | F1: 0.0683 | Precision: 0.9984 | Recall: 0.0354
阈值: 34.3772 | F1: 0.0473 | Precision: 0.9977 | Recall: 0.0242
阈值: 38.6465 | F1: 0.0359 | Precision: 0.9980 | Recall: 0.0183

============================================================
✓ 找到最佳阈值: 6.839903
  最佳 F1: 0.7546
  Precision: 0.9802
  Recall: 0.6135
============================================================


============================================================
阶段 2: 精细搜索（步数: 500）
============================================================
在最佳阈值 6.839903 附近精细搜索
精细搜索范围: [2.570555, 11.109251]

============================================================
开始 Best F1 阈值搜索...
============================================================
搜索范围: [2.5706, 11.1093]
搜索步数: 500
使用点调整: False
阈值: 2.5876 | F1: 0.6926 | Precision: 0.7767 | Recall: 0.6249
阈值: 3.4415 | F1: 0.7104 | Precision: 0.8309 | Recall: 0.6204
阈值: 4.2954 | F1: 0.7228 | Precision: 0.8702 | Recall: 0.6180
阈值: 5.1492 | F1: 0.7305 | Precision: 0.8968 | Recall: 0.6162
阈值: 6.0031 | F1: 0.7413 | Precision: 0.9335 | Recall: 0.6147
阈值: 6.8570 | F1: 0.7548 | Precision: 0.9806 | Recall: 0.6135
阈值: 7.7109 | F1: 0.7481 | Precision: 0.9919 | Recall: 0.6004
阈值: 8.5647 | F1: 0.7428 | Precision: 0.9941 | Recall: 0.5929
阈值: 9.4186 | F1: 0.7421 | Precision: 0.9947 | Recall: 0.5918
阈值: 10.2725 | F1: 0.7418 | Precision: 0.9954 | Recall: 0.5912

============================================================
✓ 找到最佳阈值: 6.925290
  最佳 F1: 0.7551
  Precision: 0.9825
  Recall: 0.6132
============================================================


✓ 精细搜索找到更好的阈值！

============================================================
自适应搜索完成！
============================================================
最终最佳阈值: 6.925290
最佳 F1: 0.7551
Precision: 0.9825
Recall: 0.6132
============================================================

Saved Best F1 results: /data/modeluse/TS/ISTAD-release/analysis/r1_relation_bottleneck/runtime/anomaly_detection_SWAT_ISTAD_SWAT_ftM_sl96_bmhgat_relfixed_random_hglite_rb_bs64_r1_fixed_random_s98_0/bestf1_threshold_results.json
Saved anomaly score plot: /data/modeluse/TS/ISTAD-release/analysis/r1_relation_bottleneck/runtime/anomaly_detection_SWAT_ISTAD_SWAT_ftM_sl96_bmhgat_relfixed_random_hglite_rb_bs64_r1_fixed_random_s98_0/anomaly_score_threshold.png
ISTAD explainability is disabled by --istad_enable_explain 0
Saved train time summary: /data/modeluse/TS/ISTAD-release/analysis/r1_relation_bottleneck/runtime/anomaly_detection_SWAT_ISTAD_SWAT_ftM_sl96_bmhgat_relfixed_random_hglite_rb_bs64_r1_fixed_random_s98_0/train_time_summary.json
=== R1 SWAT seed 98 no_message ===
Using GPU
Args in experiment:
[1mBasic Config[0m
  Task Name:          anomaly_detection   Is Training:        1                   
  Model ID:           SWAT                Model:              ISTAD               
  Seed:               98                  Itr:                1                   

[1mData Loader[0m
  Data:               SWAT                Root Path:          /data/modeluse/TS/ISTAD/dataset/SWAT
  Features:           M                   Seq Len:            96                  
  Enc In:             51                  C Out:              51                  
  Checkpoints:        /data/modeluse/TS/ISTAD-release/checkpoints/ISTAD_r1_relation_bottleneck
  Eval Step:          96                  

[1mAnomaly Detection Task[0m
  Anomaly Ratio:      1.0                 Threshold Source:   train               

[1mISTAD Parameters[0m
  Kernel Size:        15                  Branch Mode:        hgat                
  TCN Type:           kan                 
  Feat GAT Dim:       -1                  GRU Layers:         1                   
  GRU Hidden:         150                 Recon Layers:       1                   
  Recon Hidden:       32                  ISTAD Dropout:      0.3                 
  Recon Type:         pointwise           KANAD Order:        3                   
  Objective:          reconstruct         Target / Lag:       ('', 1)             
  Leaky Alpha:        0.2                 H Init:             normal              
  Hyperedges:         20                  Top-K Nodes:        10                  
  Spatial Type:       lite                HGAT Rank:          8                   
  HGAT Projection:    linear              Relation Mode:      no_message          
  KAN Grid:           5                   KAN Order:          3                   
  Arch:               legacy              Ablation:           full                
  Relation bottleneck:1                   Mask ratio/folds:   (0.2, 8)            
  Explainability:     0                   Explain Batches:    0                   
  Explain Points:     20000               Explain TopK:       10                  
  SmoothGrad:         0                   SG Samples:         20                  
  SG Noise:           0.1                 Quad Mode:          quantile            
  Quad Value:         0.75                Err Agg:            sum                 
  Sal Agg:            sum                 

[1mRun Parameters[0m
  Num Workers:        4                   Batch Size:         64                  
  Train Epochs:       12                  Patience:           4                   
  Learning Rate:      0.001               Lradj:              cosine              
  Des:                r1_no_message_s98   

[1mGPU[0m
  Use GPU:            1                   GPU:                0                   
  Use Multi GPU:      0                   Devices:            0,1,2,3             

Use GPU: cuda:0
🚀 Lazy Loading: ISTAD ...
>>>>>>>start training : anomaly_detection_SWAT_ISTAD_SWAT_ftM_sl96_bmhgat_relno_message_hglite_rb_bs64_r1_no_message_s98_0>>>>>>>>>>>>>>>>>>>>>>>>>>
test: (449919, 51)
train: (396000, 51)
train 4168
test: (449919, 51)
train: (396000, 51)
val 1042
Epoch: 1 cost time: 1.6946609020233154
Epoch: 1, Steps: 66 | Train Loss: 0.7074470 Vali Loss: 0.2983106
Validation loss decreased (inf --> 0.298311).  Saving model ...
Updating learning rate to 0.0009829629131445341
Epoch: 2 cost time: 0.6495602130889893
Epoch: 2, Steps: 66 | Train Loss: 0.4628830 Vali Loss: 0.1657143
Validation loss decreased (0.298311 --> 0.165714).  Saving model ...
Updating learning rate to 0.0009330127018922195
Epoch: 3 cost time: 0.6448709964752197
Epoch: 3, Steps: 66 | Train Loss: 0.3308234 Vali Loss: 0.1266166
Validation loss decreased (0.165714 --> 0.126617).  Saving model ...
Updating learning rate to 0.0008535533905932737
Epoch: 4 cost time: 0.7101824283599854
Epoch: 4, Steps: 66 | Train Loss: 0.2826547 Vali Loss: 0.1083622
Validation loss decreased (0.126617 --> 0.108362).  Saving model ...
Updating learning rate to 0.00075
Epoch: 5 cost time: 0.7385883331298828
Epoch: 5, Steps: 66 | Train Loss: 0.2577354 Vali Loss: 0.1000231
Validation loss decreased (0.108362 --> 0.100023).  Saving model ...
Updating learning rate to 0.0006294095225512603
Epoch: 6 cost time: 0.7026946544647217
Epoch: 6, Steps: 66 | Train Loss: 0.2426622 Vali Loss: 0.0926686
Validation loss decreased (0.100023 --> 0.092669).  Saving model ...
Updating learning rate to 0.0005
Epoch: 7 cost time: 0.701519250869751
Epoch: 7, Steps: 66 | Train Loss: 0.2271513 Vali Loss: 0.0826868
Validation loss decreased (0.092669 --> 0.082687).  Saving model ...
Updating learning rate to 0.0003705904774487396
Epoch: 8 cost time: 0.6980884075164795
Epoch: 8, Steps: 66 | Train Loss: 0.2115444 Vali Loss: 0.0774125
Validation loss decreased (0.082687 --> 0.077413).  Saving model ...
Updating learning rate to 0.0002500000000000001
Epoch: 9 cost time: 0.6518869400024414
Epoch: 9, Steps: 66 | Train Loss: 0.2029980 Vali Loss: 0.0768417
Validation loss decreased (0.077413 --> 0.076842).  Saving model ...
Updating learning rate to 0.00014644660940672628
Epoch: 10 cost time: 0.7298605442047119
Epoch: 10, Steps: 66 | Train Loss: 0.2050432 Vali Loss: 0.0785225
EarlyStopping counter: 1 out of 4
Updating learning rate to 6.698729810778065e-05
Epoch: 11 cost time: 0.682685375213623
Epoch: 11, Steps: 66 | Train Loss: 0.2020200 Vali Loss: 0.0736938
Validation loss decreased (0.076842 --> 0.073694).  Saving model ...
Updating learning rate to 1.70370868554659e-05
Epoch: 12 cost time: 0.784759521484375
Epoch: 12, Steps: 66 | Train Loss: 0.2034000 Vali Loss: 0.0709679
Validation loss decreased (0.073694 --> 0.070968).  Saving model ...
Updating learning rate to 0.0
Saved relation bottleneck training diagnostics: /data/modeluse/TS/ISTAD-release/checkpoints/ISTAD_r1_relation_bottleneck/anomaly_detection_SWAT_ISTAD_SWAT_ftM_sl96_bmhgat_relno_message_hglite_rb_bs64_r1_no_message_s98_0/relation_bottleneck_train_diagnostics.json
>>>>>>>testing : anomaly_detection_SWAT_ISTAD_SWAT_ftM_sl96_bmhgat_relno_message_hglite_rb_bs64_r1_no_message_s98_0<<<<<<<<<<<<<<<<<<<<<<<<<<<<<<<<<
test: (449919, 51)
train: (396000, 51)
test 4686
test: (449919, 51)
train: (396000, 51)
score_train 4125
test: (449919, 51)
train: (396000, 51)
val 1042
Saved relation bottleneck diagnostics: /data/modeluse/TS/ISTAD-release/analysis/r1_relation_bottleneck/runtime/anomaly_detection_SWAT_ISTAD_SWAT_ftM_sl96_bmhgat_relno_message_hglite_rb_bs64_r1_no_message_s98_0/relation_bottleneck_diagnostics.json
Percentile Threshold Source: train
Percentile Threshold : 2.1283907198905965
Saved point scores and labels: /data/modeluse/TS/ISTAD-release/analysis/r1_relation_bottleneck/runtime/anomaly_detection_SWAT_ISTAD_SWAT_ftM_sl96_bmhgat_relno_message_hglite_rb_bs64_r1_no_message_s98_0/point_scores.npz
pred_raw: (449856,)
gt:      (449856,)
pred_pa: (449856,)
gt_pa:   (449856,)

============================================================
使用百分位数阈值的结果:
============================================================
Raw point F1: 0.6809 (P=0.7414, R=0.6296)
Accuracy : 0.9633, Precision : 0.8068, Recall : 0.9172, F-score : 0.8585 
============================================================


使用自适应 Best F1 搜索（两阶段）
粗搜索步数: 200, 精细搜索步数: 500

============================================================
自适应 Best F1 阈值搜索（两阶段）
============================================================

分数统计信息:
  最小值: 0.009973
  最大值: 62.374714
  均值: 1.903075
  标准差: 5.682850
  中位数: 0.280498
  第1百分位: 0.013936
  第99百分位: 20.353371

自动确定的搜索范围: [0.009973, 40.706742]

============================================================
阶段 1: 粗搜索（步数: 200）
============================================================

============================================================
开始 Best F1 阈值搜索...
============================================================
搜索范围: [0.0100, 40.7067]
搜索步数: 200
使用点调整: False
阈值: 0.2135 | F1: 0.2962 | Precision: 0.1790 | Recall: 0.8562
阈值: 4.2831 | F1: 0.7233 | Precision: 0.8716 | Recall: 0.6180
阈值: 8.3528 | F1: 0.7418 | Precision: 0.9943 | Recall: 0.5916
阈值: 12.4225 | F1: 0.7386 | Precision: 0.9966 | Recall: 0.5868
阈值: 16.4922 | F1: 0.7380 | Precision: 0.9975 | Recall: 0.5856
阈值: 20.5618 | F1: 0.1273 | Precision: 0.9970 | Recall: 0.0680
阈值: 24.6315 | F1: 0.0813 | Precision: 0.9974 | Recall: 0.0424
阈值: 28.7012 | F1: 0.0672 | Precision: 0.9984 | Recall: 0.0347
阈值: 32.7709 | F1: 0.0476 | Precision: 0.9978 | Recall: 0.0244
阈值: 36.8405 | F1: 0.0430 | Precision: 0.9975 | Recall: 0.0220

============================================================
✓ 找到最佳阈值: 6.724940
  最佳 F1: 0.7462
  Precision: 0.9757
  Recall: 0.6041
============================================================


============================================================
阶段 2: 精细搜索（步数: 500）
============================================================
在最佳阈值 6.724940 附近精细搜索
精细搜索范围: [2.655263, 10.794617]

============================================================
开始 Best F1 阈值搜索...
============================================================
搜索范围: [2.6553, 10.7946]
搜索步数: 500
使用点调整: False
阈值: 2.6715 | F1: 0.6959 | Precision: 0.7855 | Recall: 0.6246
阈值: 3.4855 | F1: 0.7117 | Precision: 0.8331 | Recall: 0.6211
阈值: 4.2994 | F1: 0.7235 | Precision: 0.8722 | Recall: 0.6180
阈值: 5.1133 | F1: 0.7305 | Precision: 0.8963 | Recall: 0.6164
阈值: 5.9273 | F1: 0.7399 | Precision: 0.9293 | Recall: 0.6146
阈值: 6.7412 | F1: 0.7460 | Precision: 0.9762 | Recall: 0.6036
阈值: 7.5552 | F1: 0.7425 | Precision: 0.9924 | Recall: 0.5931
阈值: 8.3691 | F1: 0.7418 | Precision: 0.9943 | Recall: 0.5916
阈值: 9.1830 | F1: 0.7417 | Precision: 0.9948 | Recall: 0.5912
阈值: 9.9970 | F1: 0.7413 | Precision: 0.9951 | Recall: 0.5907

============================================================
✓ 找到最佳阈值: 6.676104
  最佳 F1: 0.7466
  Precision: 0.9739
  Recall: 0.6054
============================================================


✓ 精细搜索找到更好的阈值！

============================================================
自适应搜索完成！
============================================================
最终最佳阈值: 6.676104
最佳 F1: 0.7466
Precision: 0.9739
Recall: 0.6054
============================================================

Saved Best F1 results: /data/modeluse/TS/ISTAD-release/analysis/r1_relation_bottleneck/runtime/anomaly_detection_SWAT_ISTAD_SWAT_ftM_sl96_bmhgat_relno_message_hglite_rb_bs64_r1_no_message_s98_0/bestf1_threshold_results.json
Saved anomaly score plot: /data/modeluse/TS/ISTAD-release/analysis/r1_relation_bottleneck/runtime/anomaly_detection_SWAT_ISTAD_SWAT_ftM_sl96_bmhgat_relno_message_hglite_rb_bs64_r1_no_message_s98_0/anomaly_score_threshold.png
ISTAD explainability is disabled by --istad_enable_explain 0
Saved train time summary: /data/modeluse/TS/ISTAD-release/analysis/r1_relation_bottleneck/runtime/anomaly_detection_SWAT_ISTAD_SWAT_ftM_sl96_bmhgat_relno_message_hglite_rb_bs64_r1_no_message_s98_0/train_time_summary.json
{
  "status": "fail",
  "checks": {
    "all_dynamic_scores_differ_from_controls": true,
    "dynamic_hgat_receives_gradient": true,
    "dynamic_hgat_output_is_nonconstant": true,
    "frozen_message_removal_increases_loss": true,
    "retrained_dynamic_improves_masked_mse_by_at_least_2_percent": false
  },
  "paired_relative_masked_mse_improvements": [
    0.004385099061947562,
    0.017366401550910335,
    0.006401941223687383,
    0.07578072326029357,
    0.00736115903688923,
    0.0024052913135597866,
    -0.060779829586363576,
    0.10925466118056903,
    0.1293761859125903,
    0.05669538124355317,
    0.07157332285244995,
    0.11047705062652495
  ],
  "mean_relative_masked_mse_improvement": 0.044191448973050974,
  "recommendation": "Interpret the full multi-seed evidence before changing the manuscript."
}
R1 full result package: /data/modeluse/TS/ISTAD-release/analysis/ISTAD_R1_full_results_20260912.tar.gz
