=== E2 EXATHLON seed 87 learned_dynamic ===
Using GPU
Args in experiment:
[1mBasic Config[0m
  Task Name:          anomaly_detection   Is Training:        1                   
  Model ID:           EXATHLON            Model:              ISTAD               
  Seed:               87                  Itr:                1                   

[1mData Loader[0m
  Data:               EXATHLON            Root Path:          /data/modeluse/TS/ISTAD/dataset/EXATHLON
  Features:           M                   Seq Len:            100                 
  Enc In:             19                  C Out:              19                  
  Checkpoints:        /data/modeluse/TS/ISTAD-release/checkpoints/ISTAD_e2_architecture_ablation
  Eval Step:          100                 

[1mAnomaly Detection Task[0m
  Anomaly Ratio:      1.0                 Threshold Source:   train               

[1mISTAD Parameters[0m
  Kernel Size:        7                   Branch Mode:        hgat                
  TCN Type:           kan                 
  Feat GAT Dim:       -1                  GRU Layers:         1                   
  GRU Hidden:         150                 Recon Layers:       1                   
  Recon Hidden:       32                  ISTAD Dropout:      0.3                 
  Recon Type:         pointwise           KANAD Order:        3                   
  Objective:          reconstruct         Target / Lag:       ('', 1)             
  Leaky Alpha:        0.2                 H Init:             normal              
  Hyperedges:         -1                  Top-K Nodes:        -1                  
  Spatial Type:       lite                HGAT Rank:          8                   
  HGAT Projection:    linear              Relation Mode:      dynamic             
  KAN Grid:           5                   KAN Order:          3                   
  Arch:               legacy              Ablation:           full                
  Explainability:     0                   Explain Batches:    0                   
  Explain Points:     20000               Explain TopK:       10                  
  SmoothGrad:         0                   SG Samples:         20                  
  SG Noise:           0.1                 Quad Mode:          quantile            
  Quad Value:         0.75                Err Agg:            sum                 
  Sal Agg:            sum                 
  V3 Denoise:         1                   Evidence Head:      0                   
  Clean / Denoise:    (1.0, 0.5)          Evidence Weight:    0.2                 
  Frequency Weight:   0.0                 
  Point Evidence:     0.0                 
  Corrupt P/T/C:      (0.8, 0.15, 0.2)    Corrupt Scale:      1.5                 
  Corrupt Modes:      4                   Target-only corrupt:0                   
  Score Mode:         base_mean           Score Agg / K:      ('calibrated', 3)   
  Evidence Map:       prob                Dump Scores:        1                   
  Strict Val:         1                   Hide Test Loss:     1                   
  Entity Aware:       0                   

[1mRun Parameters[0m
  Num Workers:        4                   Batch Size:         128                 
  Train Epochs:       20                  Patience:           5                   
  Learning Rate:      0.001               Lradj:              cosine              
  Des:                e2_learned_dynamic_s87

[1mGPU[0m
  Use GPU:            1                   GPU:                0                   
  Use Multi GPU:      0                   Devices:            0,1,2,3             

Use GPU: cuda:0
🚀 Lazy Loading: ISTAD ...
>>>>>>>start training : anomaly_detection_EXATHLON_ISTAD_EXATHLON_ftM_sl100_bmhgat_v3_hglite_bs128_e2_learned_dynamic_s87_0>>>>>>>>>>>>>>>>>>>>>>>>>>
test: (52844, 19)
train: (70584, 19)
train 742
test: (52844, 19)
train: (70584, 19)
val 185
Epoch: 1 cost time: 1.7849280834197998
Epoch: 1, Steps: 6 | Train Loss: 1.5828350 Vali Loss: 1.5411639
Validation loss decreased (inf --> 1.541164).  Saving model ...
Updating learning rate to 0.0009938441702975688
Epoch: 2 cost time: 0.7230937480926514
Epoch: 2, Steps: 6 | Train Loss: 1.4487972 Vali Loss: 1.4453684
Validation loss decreased (1.541164 --> 1.445368).  Saving model ...
Updating learning rate to 0.0009755282581475768
Epoch: 3 cost time: 0.7179560661315918
Epoch: 3, Steps: 6 | Train Loss: 1.3744308 Vali Loss: 1.2735651
Validation loss decreased (1.445368 --> 1.273565).  Saving model ...
Updating learning rate to 0.0009455032620941839
Epoch: 4 cost time: 0.6920902729034424
Epoch: 4, Steps: 6 | Train Loss: 1.4854009 Vali Loss: 1.2777804
EarlyStopping counter: 1 out of 5
Updating learning rate to 0.0009045084971874737
Epoch: 5 cost time: 0.7292983531951904
Epoch: 5, Steps: 6 | Train Loss: 1.3604370 Vali Loss: 1.2311756
Validation loss decreased (1.273565 --> 1.231176).  Saving model ...
Updating learning rate to 0.0008535533905932737
Epoch: 6 cost time: 0.7316806316375732
Epoch: 6, Steps: 6 | Train Loss: 1.3122807 Vali Loss: 1.2986717
EarlyStopping counter: 1 out of 5
Updating learning rate to 0.0007938926261462366
Epoch: 7 cost time: 0.7119321823120117
Epoch: 7, Steps: 6 | Train Loss: 1.3043541 Vali Loss: 1.2397906
EarlyStopping counter: 2 out of 5
Updating learning rate to 0.0007269952498697733
Epoch: 8 cost time: 0.7262780666351318
Epoch: 8, Steps: 6 | Train Loss: 1.3873720 Vali Loss: 1.1902958
Validation loss decreased (1.231176 --> 1.190296).  Saving model ...
Updating learning rate to 0.0006545084971874737
Epoch: 9 cost time: 0.7191486358642578
Epoch: 9, Steps: 6 | Train Loss: 1.1932234 Vali Loss: 1.0948805
Validation loss decreased (1.190296 --> 1.094880).  Saving model ...
Updating learning rate to 0.0005782172325201155
Epoch: 10 cost time: 0.7044079303741455
Epoch: 10, Steps: 6 | Train Loss: 1.3194575 Vali Loss: 1.3001910
EarlyStopping counter: 1 out of 5
Updating learning rate to 0.0005
Epoch: 11 cost time: 0.711829423904419
Epoch: 11, Steps: 6 | Train Loss: 1.2735205 Vali Loss: 1.1409054
EarlyStopping counter: 2 out of 5
Updating learning rate to 0.0004217827674798845
Epoch: 12 cost time: 0.722022533416748
Epoch: 12, Steps: 6 | Train Loss: 1.2314050 Vali Loss: 1.4840811
EarlyStopping counter: 3 out of 5
Updating learning rate to 0.00034549150281252633
Epoch: 13 cost time: 0.7466011047363281
Epoch: 13, Steps: 6 | Train Loss: 1.2122206 Vali Loss: 1.0191277
Validation loss decreased (1.094880 --> 1.019128).  Saving model ...
Updating learning rate to 0.00027300475013022663
Epoch: 14 cost time: 0.7339444160461426
Epoch: 14, Steps: 6 | Train Loss: 1.0901801 Vali Loss: 1.2079420
EarlyStopping counter: 1 out of 5
Updating learning rate to 0.00020610737385376348
Epoch: 15 cost time: 0.7316725254058838
Epoch: 15, Steps: 6 | Train Loss: 1.1263974 Vali Loss: 0.9850367
Validation loss decreased (1.019128 --> 0.985037).  Saving model ...
Updating learning rate to 0.00014644660940672628
Epoch: 16 cost time: 0.7228994369506836
Epoch: 16, Steps: 6 | Train Loss: 1.1306149 Vali Loss: 1.1397236
EarlyStopping counter: 1 out of 5
Updating learning rate to 9.549150281252633e-05
Epoch: 17 cost time: 0.7118511199951172
Epoch: 17, Steps: 6 | Train Loss: 1.1763502 Vali Loss: 1.0583894
EarlyStopping counter: 2 out of 5
Updating learning rate to 5.449673790581611e-05
Epoch: 18 cost time: 0.7071139812469482
Epoch: 18, Steps: 6 | Train Loss: 1.2358413 Vali Loss: 1.1043074
EarlyStopping counter: 3 out of 5
Updating learning rate to 2.4471741852423235e-05
Epoch: 19 cost time: 0.7162814140319824
Epoch: 19, Steps: 6 | Train Loss: 1.2153025 Vali Loss: 1.1296862
EarlyStopping counter: 4 out of 5
Updating learning rate to 6.15582970243117e-06
Epoch: 20 cost time: 0.7192506790161133
Epoch: 20, Steps: 6 | Train Loss: 1.1238929 Vali Loss: 0.9815555
Validation loss decreased (0.985037 --> 0.981555).  Saving model ...
Updating learning rate to 0.0
>>>>>>>testing : anomaly_detection_EXATHLON_ISTAD_EXATHLON_ftM_sl100_bmhgat_v3_hglite_bs128_e2_learned_dynamic_s87_0<<<<<<<<<<<<<<<<<<<<<<<<<<<<<<<<<
test: (52844, 19)
train: (70584, 19)
test 528
test: (52844, 19)
train: (70584, 19)
score_train 705
Percentile Threshold Source: train
Percentile Threshold : 4.836761574745117
Saved point scores and labels: /data/modeluse/TS/ISTAD-release/analysis/e2_architecture_ablation/runtime/anomaly_detection_EXATHLON_ISTAD_EXATHLON_ftM_sl100_bmhgat_v3_hglite_bs128_e2_learned_dynamic_s87_0/point_scores.npz
pred_raw: (52800,)
gt:      (52800,)
pred_pa: (52800,)
gt_pa:   (52800,)

============================================================
使用百分位数阈值的结果:
============================================================
Raw point F1: 0.2051 (P=0.7044, R=0.1200)
Accuracy : 0.9877, Precision : 0.9499, Recall : 0.9545, F-score : 0.9522 
============================================================


使用自适应 Best F1 搜索（两阶段）
粗搜索步数: 200, 精细搜索步数: 500

============================================================
自适应 Best F1 阈值搜索（两阶段）
============================================================

分数统计信息:
  最小值: 0.011492
  最大值: 1419.040894
  均值: 0.820443
  标准差: 13.192233
  中位数: 0.176381
  第1百分位: 0.036366
  第99百分位: 8.806846

自动确定的搜索范围: [0.018183, 17.613692]

============================================================
阶段 1: 粗搜索（步数: 200）
============================================================

============================================================
开始 Best F1 阈值搜索...
============================================================
搜索范围: [0.0182, 17.6137]
搜索步数: 200
使用点调整: False
阈值: 0.1062 | F1: 0.2928 | Precision: 0.1721 | Recall: 0.9789
阈值: 1.8657 | F1: 0.4251 | Precision: 0.7399 | Recall: 0.2982
阈值: 3.6253 | F1: 0.2431 | Precision: 0.6991 | Recall: 0.1471
阈值: 5.3848 | F1: 0.1813 | Precision: 0.6928 | Recall: 0.1043
阈值: 7.1444 | F1: 0.1149 | Precision: 0.6485 | Recall: 0.0630
阈值: 8.9039 | F1: 0.0889 | Precision: 0.6238 | Recall: 0.0479
阈值: 10.6635 | F1: 0.0761 | Precision: 0.6351 | Recall: 0.0405
阈值: 12.4230 | F1: 0.0660 | Precision: 0.6448 | Recall: 0.0348
阈值: 14.1826 | F1: 0.0553 | Precision: 0.6622 | Recall: 0.0289
阈值: 15.9421 | F1: 0.0452 | Precision: 0.6310 | Recall: 0.0234

============================================================
✓ 找到最佳阈值: 0.634026
  最佳 F1: 0.6480
  Precision: 0.6681
  Recall: 0.6290
============================================================


============================================================
阶段 2: 精细搜索（步数: 500）
============================================================
在最佳阈值 0.634026 附近精细搜索
精细搜索范围: [0.018183, 2.393577]

============================================================
开始 Best F1 阈值搜索...
============================================================
搜索范围: [0.0182, 2.3936]
搜索步数: 500
使用点调整: False
阈值: 0.0229 | F1: 0.2280 | Precision: 0.1287 | Recall: 1.0000
阈值: 0.2605 | F1: 0.4741 | Precision: 0.3305 | Recall: 0.8387
阈值: 0.4980 | F1: 0.6373 | Precision: 0.5934 | Recall: 0.6884
阈值: 0.7356 | F1: 0.6395 | Precision: 0.7008 | Recall: 0.5881
阈值: 0.9731 | F1: 0.6053 | Precision: 0.7435 | Recall: 0.5105
阈值: 1.2106 | F1: 0.5406 | Precision: 0.7472 | Recall: 0.4236
阈值: 1.4482 | F1: 0.4898 | Precision: 0.7450 | Recall: 0.3648
阈值: 1.6857 | F1: 0.4519 | Precision: 0.7429 | Recall: 0.3247
阈值: 1.9232 | F1: 0.4170 | Precision: 0.7394 | Recall: 0.2904
阈值: 2.1608 | F1: 0.3874 | Precision: 0.7375 | Recall: 0.2627

============================================================
✓ 找到最佳阈值: 0.602530
  最佳 F1: 0.6497
  Precision: 0.6566
  Recall: 0.6430
============================================================


✓ 精细搜索找到更好的阈值！

============================================================
自适应搜索完成！
============================================================
最终最佳阈值: 0.602530
最佳 F1: 0.6497
Precision: 0.6566
Recall: 0.6430
============================================================

Saved Best F1 results: /data/modeluse/TS/ISTAD-release/analysis/e2_architecture_ablation/runtime/anomaly_detection_EXATHLON_ISTAD_EXATHLON_ftM_sl100_bmhgat_v3_hglite_bs128_e2_learned_dynamic_s87_0/bestf1_threshold_results.json
Saved anomaly score plot: /data/modeluse/TS/ISTAD-release/analysis/e2_architecture_ablation/runtime/anomaly_detection_EXATHLON_ISTAD_EXATHLON_ftM_sl100_bmhgat_v3_hglite_bs128_e2_learned_dynamic_s87_0/anomaly_score_threshold.png
ISTAD explainability is disabled by --istad_enable_explain 0
Saved train time summary: /data/modeluse/TS/ISTAD-release/analysis/e2_architecture_ablation/runtime/anomaly_detection_EXATHLON_ISTAD_EXATHLON_ftM_sl100_bmhgat_v3_hglite_bs128_e2_learned_dynamic_s87_0/train_time_summary.json
=== E2 EXATHLON seed 87 learned_static ===
Using GPU
Args in experiment:
[1mBasic Config[0m
  Task Name:          anomaly_detection   Is Training:        1                   
  Model ID:           EXATHLON            Model:              ISTAD               
  Seed:               87                  Itr:                1                   

[1mData Loader[0m
  Data:               EXATHLON            Root Path:          /data/modeluse/TS/ISTAD/dataset/EXATHLON
  Features:           M                   Seq Len:            100                 
  Enc In:             19                  C Out:              19                  
  Checkpoints:        /data/modeluse/TS/ISTAD-release/checkpoints/ISTAD_e2_architecture_ablation
  Eval Step:          100                 

[1mAnomaly Detection Task[0m
  Anomaly Ratio:      1.0                 Threshold Source:   train               

[1mISTAD Parameters[0m
  Kernel Size:        7                   Branch Mode:        hgat                
  TCN Type:           kan                 
  Feat GAT Dim:       -1                  GRU Layers:         1                   
  GRU Hidden:         150                 Recon Layers:       1                   
  Recon Hidden:       32                  ISTAD Dropout:      0.3                 
  Recon Type:         pointwise           KANAD Order:        3                   
  Objective:          reconstruct         Target / Lag:       ('', 1)             
  Leaky Alpha:        0.2                 H Init:             normal              
  Hyperedges:         -1                  Top-K Nodes:        -1                  
  Spatial Type:       lite                HGAT Rank:          8                   
  HGAT Projection:    linear              Relation Mode:      static              
  KAN Grid:           5                   KAN Order:          3                   
  Arch:               legacy              Ablation:           full                
  Explainability:     0                   Explain Batches:    0                   
  Explain Points:     20000               Explain TopK:       10                  
  SmoothGrad:         0                   SG Samples:         20                  
  SG Noise:           0.1                 Quad Mode:          quantile            
  Quad Value:         0.75                Err Agg:            sum                 
  Sal Agg:            sum                 
  V3 Denoise:         1                   Evidence Head:      0                   
  Clean / Denoise:    (1.0, 0.5)          Evidence Weight:    0.2                 
  Frequency Weight:   0.0                 
  Point Evidence:     0.0                 
  Corrupt P/T/C:      (0.8, 0.15, 0.2)    Corrupt Scale:      1.5                 
  Corrupt Modes:      4                   Target-only corrupt:0                   
  Score Mode:         base_mean           Score Agg / K:      ('calibrated', 3)   
  Evidence Map:       prob                Dump Scores:        1                   
  Strict Val:         1                   Hide Test Loss:     1                   
  Entity Aware:       0                   

[1mRun Parameters[0m
  Num Workers:        4                   Batch Size:         128                 
  Train Epochs:       20                  Patience:           5                   
  Learning Rate:      0.001               Lradj:              cosine              
  Des:                e2_learned_static_s87

[1mGPU[0m
  Use GPU:            1                   GPU:                0                   
  Use Multi GPU:      0                   Devices:            0,1,2,3             

Use GPU: cuda:0
🚀 Lazy Loading: ISTAD ...
>>>>>>>start training : anomaly_detection_EXATHLON_ISTAD_EXATHLON_ftM_sl100_bmhgat_relstatic_v3_hglite_bs128_e2_learned_static_s87_0>>>>>>>>>>>>>>>>>>>>>>>>>>
test: (52844, 19)
train: (70584, 19)
train 742
test: (52844, 19)
train: (70584, 19)
val 185
Epoch: 1 cost time: 1.7672739028930664
Epoch: 1, Steps: 6 | Train Loss: 1.5813952 Vali Loss: 1.5442873
Validation loss decreased (inf --> 1.544287).  Saving model ...
Updating learning rate to 0.0009938441702975688
Epoch: 2 cost time: 0.7071487903594971
Epoch: 2, Steps: 6 | Train Loss: 1.4495343 Vali Loss: 1.4428271
Validation loss decreased (1.544287 --> 1.442827).  Saving model ...
Updating learning rate to 0.0009755282581475768
Epoch: 3 cost time: 0.6959235668182373
Epoch: 3, Steps: 6 | Train Loss: 1.3735102 Vali Loss: 1.2718336
Validation loss decreased (1.442827 --> 1.271834).  Saving model ...
Updating learning rate to 0.0009455032620941839
Epoch: 4 cost time: 0.6909151077270508
Epoch: 4, Steps: 6 | Train Loss: 1.4842285 Vali Loss: 1.2771462
EarlyStopping counter: 1 out of 5
Updating learning rate to 0.0009045084971874737
Epoch: 5 cost time: 0.7141611576080322
Epoch: 5, Steps: 6 | Train Loss: 1.3609191 Vali Loss: 1.2308797
Validation loss decreased (1.271834 --> 1.230880).  Saving model ...
Updating learning rate to 0.0008535533905932737
Epoch: 6 cost time: 0.7074892520904541
Epoch: 6, Steps: 6 | Train Loss: 1.3144713 Vali Loss: 1.2969238
EarlyStopping counter: 1 out of 5
Updating learning rate to 0.0007938926261462366
Epoch: 7 cost time: 0.6937839984893799
Epoch: 7, Steps: 6 | Train Loss: 1.3079877 Vali Loss: 1.2402670
EarlyStopping counter: 2 out of 5
Updating learning rate to 0.0007269952498697733
Epoch: 8 cost time: 0.7061889171600342
Epoch: 8, Steps: 6 | Train Loss: 1.3899816 Vali Loss: 1.1900344
Validation loss decreased (1.230880 --> 1.190034).  Saving model ...
Updating learning rate to 0.0006545084971874737
Epoch: 9 cost time: 0.6959571838378906
Epoch: 9, Steps: 6 | Train Loss: 1.1960832 Vali Loss: 1.0963223
Validation loss decreased (1.190034 --> 1.096322).  Saving model ...
Updating learning rate to 0.0005782172325201155
Epoch: 10 cost time: 0.6847467422485352
Epoch: 10, Steps: 6 | Train Loss: 1.3218248 Vali Loss: 1.3027495
EarlyStopping counter: 1 out of 5
Updating learning rate to 0.0005
Epoch: 11 cost time: 0.6957294940948486
Epoch: 11, Steps: 6 | Train Loss: 1.2769149 Vali Loss: 1.1432627
EarlyStopping counter: 2 out of 5
Updating learning rate to 0.0004217827674798845
Epoch: 12 cost time: 0.6996707916259766
Epoch: 12, Steps: 6 | Train Loss: 1.2346127 Vali Loss: 1.4835957
EarlyStopping counter: 3 out of 5
Updating learning rate to 0.00034549150281252633
Epoch: 13 cost time: 0.687208890914917
Epoch: 13, Steps: 6 | Train Loss: 1.2162620 Vali Loss: 1.0218230
Validation loss decreased (1.096322 --> 1.021823).  Saving model ...
Updating learning rate to 0.00027300475013022663
Epoch: 14 cost time: 0.6971004009246826
Epoch: 14, Steps: 6 | Train Loss: 1.0944076 Vali Loss: 1.2074115
EarlyStopping counter: 1 out of 5
Updating learning rate to 0.00020610737385376348
Epoch: 15 cost time: 0.698030948638916
Epoch: 15, Steps: 6 | Train Loss: 1.1300428 Vali Loss: 0.9875513
Validation loss decreased (1.021823 --> 0.987551).  Saving model ...
Updating learning rate to 0.00014644660940672628
Epoch: 16 cost time: 0.7012214660644531
Epoch: 16, Steps: 6 | Train Loss: 1.1347167 Vali Loss: 1.1414103
EarlyStopping counter: 1 out of 5
Updating learning rate to 9.549150281252633e-05
Epoch: 17 cost time: 0.691364049911499
Epoch: 17, Steps: 6 | Train Loss: 1.1798152 Vali Loss: 1.0587768
EarlyStopping counter: 2 out of 5
Updating learning rate to 5.449673790581611e-05
Epoch: 18 cost time: 0.6925473213195801
Epoch: 18, Steps: 6 | Train Loss: 1.2395955 Vali Loss: 1.1066725
EarlyStopping counter: 3 out of 5
Updating learning rate to 2.4471741852423235e-05
Epoch: 19 cost time: 0.7011182308197021
Epoch: 19, Steps: 6 | Train Loss: 1.2191745 Vali Loss: 1.1307775
EarlyStopping counter: 4 out of 5
Updating learning rate to 6.15582970243117e-06
Epoch: 20 cost time: 0.7000417709350586
Epoch: 20, Steps: 6 | Train Loss: 1.1278799 Vali Loss: 0.9838685
Validation loss decreased (0.987551 --> 0.983868).  Saving model ...
Updating learning rate to 0.0
>>>>>>>testing : anomaly_detection_EXATHLON_ISTAD_EXATHLON_ftM_sl100_bmhgat_relstatic_v3_hglite_bs128_e2_learned_static_s87_0<<<<<<<<<<<<<<<<<<<<<<<<<<<<<<<<<
test: (52844, 19)
train: (70584, 19)
test 528
test: (52844, 19)
train: (70584, 19)
score_train 705
Percentile Threshold Source: train
Percentile Threshold : 4.856638588905295
Saved point scores and labels: /data/modeluse/TS/ISTAD-release/analysis/e2_architecture_ablation/runtime/anomaly_detection_EXATHLON_ISTAD_EXATHLON_ftM_sl100_bmhgat_relstatic_v3_hglite_bs128_e2_learned_static_s87_0/point_scores.npz
pred_raw: (52800,)
gt:      (52800,)
pred_pa: (52800,)
gt_pa:   (52800,)

============================================================
使用百分位数阈值的结果:
============================================================
Raw point F1: 0.2022 (P=0.7017, R=0.1181)
Accuracy : 0.9877, Precision : 0.9500, Recall : 0.9545, F-score : 0.9522 
============================================================


使用自适应 Best F1 搜索（两阶段）
粗搜索步数: 200, 精细搜索步数: 500

============================================================
自适应 Best F1 阈值搜索（两阶段）
============================================================

分数统计信息:
  最小值: 0.014573
  最大值: 1419.042603
  均值: 0.821378
  标准差: 13.193956
  中位数: 0.179384
  第1百分位: 0.035104
  第99百分位: 8.788339

自动确定的搜索范围: [0.017552, 17.576678]

============================================================
阶段 1: 粗搜索（步数: 200）
============================================================

============================================================
开始 Best F1 阈值搜索...
============================================================
搜索范围: [0.0176, 17.5767]
搜索步数: 200
使用点调整: False
阈值: 0.1053 | F1: 0.2879 | Precision: 0.1687 | Recall: 0.9804
阈值: 1.8613 | F1: 0.4255 | Precision: 0.7393 | Recall: 0.2987
阈值: 3.6172 | F1: 0.2433 | Precision: 0.6993 | Recall: 0.1473
阈值: 5.3731 | F1: 0.1766 | Precision: 0.6880 | Recall: 0.1013
阈值: 7.1290 | F1: 0.1139 | Precision: 0.6444 | Recall: 0.0624
阈值: 8.8849 | F1: 0.0892 | Precision: 0.6245 | Recall: 0.0480
阈值: 10.6408 | F1: 0.0754 | Precision: 0.6355 | Recall: 0.0401
阈值: 12.3967 | F1: 0.0657 | Precision: 0.6474 | Recall: 0.0346
阈值: 14.1526 | F1: 0.0556 | Precision: 0.6633 | Recall: 0.0290
阈值: 15.9086 | F1: 0.0452 | Precision: 0.6310 | Recall: 0.0234

============================================================
✓ 找到最佳阈值: 0.632122
  最佳 F1: 0.6468
  Precision: 0.6639
  Recall: 0.6305
============================================================


============================================================
阶段 2: 精细搜索（步数: 500）
============================================================
在最佳阈值 0.632122 附近精细搜索
精细搜索范围: [0.017552, 2.388034]

============================================================
开始 Best F1 阈值搜索...
============================================================
搜索范围: [0.0176, 2.3880]
搜索步数: 500
使用点调整: False
阈值: 0.0223 | F1: 0.2280 | Precision: 0.1287 | Recall: 1.0000
阈值: 0.2593 | F1: 0.4669 | Precision: 0.3237 | Recall: 0.8376
阈值: 0.4964 | F1: 0.6341 | Precision: 0.5889 | Recall: 0.6867
阈值: 0.7334 | F1: 0.6391 | Precision: 0.6981 | Recall: 0.5892
阈值: 0.9705 | F1: 0.6043 | Precision: 0.7416 | Recall: 0.5099
阈值: 1.2075 | F1: 0.5398 | Precision: 0.7448 | Recall: 0.4233
阈值: 1.4446 | F1: 0.4900 | Precision: 0.7435 | Recall: 0.3654
阈值: 1.6816 | F1: 0.4520 | Precision: 0.7425 | Recall: 0.3249
阈值: 1.9187 | F1: 0.4173 | Precision: 0.7383 | Recall: 0.2909
阈值: 2.1557 | F1: 0.3885 | Precision: 0.7381 | Recall: 0.2636

============================================================
✓ 找到最佳阈值: 0.595950
  最佳 F1: 0.6480
  Precision: 0.6491
  Recall: 0.6468
============================================================


✓ 精细搜索找到更好的阈值！

============================================================
自适应搜索完成！
============================================================
最终最佳阈值: 0.595950
最佳 F1: 0.6480
Precision: 0.6491
Recall: 0.6468
============================================================

Saved Best F1 results: /data/modeluse/TS/ISTAD-release/analysis/e2_architecture_ablation/runtime/anomaly_detection_EXATHLON_ISTAD_EXATHLON_ftM_sl100_bmhgat_relstatic_v3_hglite_bs128_e2_learned_static_s87_0/bestf1_threshold_results.json
Saved anomaly score plot: /data/modeluse/TS/ISTAD-release/analysis/e2_architecture_ablation/runtime/anomaly_detection_EXATHLON_ISTAD_EXATHLON_ftM_sl100_bmhgat_relstatic_v3_hglite_bs128_e2_learned_static_s87_0/anomaly_score_threshold.png
ISTAD explainability is disabled by --istad_enable_explain 0
Saved train time summary: /data/modeluse/TS/ISTAD-release/analysis/e2_architecture_ablation/runtime/anomaly_detection_EXATHLON_ISTAD_EXATHLON_ftM_sl100_bmhgat_relstatic_v3_hglite_bs128_e2_learned_static_s87_0/train_time_summary.json
=== E2 EXATHLON seed 87 fixed_random ===
Using GPU
Args in experiment:
[1mBasic Config[0m
  Task Name:          anomaly_detection   Is Training:        1                   
  Model ID:           EXATHLON            Model:              ISTAD               
  Seed:               87                  Itr:                1                   

[1mData Loader[0m
  Data:               EXATHLON            Root Path:          /data/modeluse/TS/ISTAD/dataset/EXATHLON
  Features:           M                   Seq Len:            100                 
  Enc In:             19                  C Out:              19                  
  Checkpoints:        /data/modeluse/TS/ISTAD-release/checkpoints/ISTAD_e2_architecture_ablation
  Eval Step:          100                 

[1mAnomaly Detection Task[0m
  Anomaly Ratio:      1.0                 Threshold Source:   train               

[1mISTAD Parameters[0m
  Kernel Size:        7                   Branch Mode:        hgat                
  TCN Type:           kan                 
  Feat GAT Dim:       -1                  GRU Layers:         1                   
  GRU Hidden:         150                 Recon Layers:       1                   
  Recon Hidden:       32                  ISTAD Dropout:      0.3                 
  Recon Type:         pointwise           KANAD Order:        3                   
  Objective:          reconstruct         Target / Lag:       ('', 1)             
  Leaky Alpha:        0.2                 H Init:             normal              
  Hyperedges:         -1                  Top-K Nodes:        -1                  
  Spatial Type:       lite                HGAT Rank:          8                   
  HGAT Projection:    linear              Relation Mode:      fixed_random        
  KAN Grid:           5                   KAN Order:          3                   
  Arch:               legacy              Ablation:           full                
  Explainability:     0                   Explain Batches:    0                   
  Explain Points:     20000               Explain TopK:       10                  
  SmoothGrad:         0                   SG Samples:         20                  
  SG Noise:           0.1                 Quad Mode:          quantile            
  Quad Value:         0.75                Err Agg:            sum                 
  Sal Agg:            sum                 
  V3 Denoise:         1                   Evidence Head:      0                   
  Clean / Denoise:    (1.0, 0.5)          Evidence Weight:    0.2                 
  Frequency Weight:   0.0                 
  Point Evidence:     0.0                 
  Corrupt P/T/C:      (0.8, 0.15, 0.2)    Corrupt Scale:      1.5                 
  Corrupt Modes:      4                   Target-only corrupt:0                   
  Score Mode:         base_mean           Score Agg / K:      ('calibrated', 3)   
  Evidence Map:       prob                Dump Scores:        1                   
  Strict Val:         1                   Hide Test Loss:     1                   
  Entity Aware:       0                   

[1mRun Parameters[0m
  Num Workers:        4                   Batch Size:         128                 
  Train Epochs:       20                  Patience:           5                   
  Learning Rate:      0.001               Lradj:              cosine              
  Des:                e2_fixed_random_s87 

[1mGPU[0m
  Use GPU:            1                   GPU:                0                   
  Use Multi GPU:      0                   Devices:            0,1,2,3             

Use GPU: cuda:0
🚀 Lazy Loading: ISTAD ...
>>>>>>>start training : anomaly_detection_EXATHLON_ISTAD_EXATHLON_ftM_sl100_bmhgat_relfixed_random_v3_hglite_bs128_e2_fixed_random_s87_0>>>>>>>>>>>>>>>>>>>>>>>>>>
test: (52844, 19)
train: (70584, 19)
train 742
test: (52844, 19)
train: (70584, 19)
val 185
Epoch: 1 cost time: 1.7024598121643066
Epoch: 1, Steps: 6 | Train Loss: 1.5893206 Vali Loss: 1.5452957
Validation loss decreased (inf --> 1.545296).  Saving model ...
Updating learning rate to 0.0009938441702975688
Epoch: 2 cost time: 0.6747786998748779
Epoch: 2, Steps: 6 | Train Loss: 1.4496593 Vali Loss: 1.4439352
Validation loss decreased (1.545296 --> 1.443935).  Saving model ...
Updating learning rate to 0.0009755282581475768
Epoch: 3 cost time: 0.6763389110565186
Epoch: 3, Steps: 6 | Train Loss: 1.3721678 Vali Loss: 1.2701833
Validation loss decreased (1.443935 --> 1.270183).  Saving model ...
Updating learning rate to 0.0009455032620941839
Epoch: 4 cost time: 0.6819319725036621
Epoch: 4, Steps: 6 | Train Loss: 1.4815330 Vali Loss: 1.2756649
EarlyStopping counter: 1 out of 5
Updating learning rate to 0.0009045084971874737
Epoch: 5 cost time: 0.6918990612030029
Epoch: 5, Steps: 6 | Train Loss: 1.3579635 Vali Loss: 1.2297761
Validation loss decreased (1.270183 --> 1.229776).  Saving model ...
Updating learning rate to 0.0008535533905932737
Epoch: 6 cost time: 0.6667063236236572
Epoch: 6, Steps: 6 | Train Loss: 1.3111263 Vali Loss: 1.2999315
EarlyStopping counter: 1 out of 5
Updating learning rate to 0.0007938926261462366
Epoch: 7 cost time: 0.6492552757263184
Epoch: 7, Steps: 6 | Train Loss: 1.3044099 Vali Loss: 1.2421858
EarlyStopping counter: 2 out of 5
Updating learning rate to 0.0007269952498697733
Epoch: 8 cost time: 0.7434039115905762
Epoch: 8, Steps: 6 | Train Loss: 1.3872584 Vali Loss: 1.1919302
Validation loss decreased (1.229776 --> 1.191930).  Saving model ...
Updating learning rate to 0.0006545084971874737
Epoch: 9 cost time: 0.6915464401245117
Epoch: 9, Steps: 6 | Train Loss: 1.1938051 Vali Loss: 1.0975677
Validation loss decreased (1.191930 --> 1.097568).  Saving model ...
Updating learning rate to 0.0005782172325201155
Epoch: 10 cost time: 0.654306173324585
Epoch: 10, Steps: 6 | Train Loss: 1.3209053 Vali Loss: 1.3029944
EarlyStopping counter: 1 out of 5
Updating learning rate to 0.0005
Epoch: 11 cost time: 0.6491134166717529
Epoch: 11, Steps: 6 | Train Loss: 1.2762584 Vali Loss: 1.1454744
EarlyStopping counter: 2 out of 5
Updating learning rate to 0.0004217827674798845
Epoch: 12 cost time: 0.6770143508911133
Epoch: 12, Steps: 6 | Train Loss: 1.2345451 Vali Loss: 1.4899373
EarlyStopping counter: 3 out of 5
Updating learning rate to 0.00034549150281252633
Epoch: 13 cost time: 0.7133619785308838
Epoch: 13, Steps: 6 | Train Loss: 1.2144902 Vali Loss: 1.0240775
Validation loss decreased (1.097568 --> 1.024077).  Saving model ...
Updating learning rate to 0.00027300475013022663
Epoch: 14 cost time: 0.719890832901001
Epoch: 14, Steps: 6 | Train Loss: 1.0931223 Vali Loss: 1.2121424
EarlyStopping counter: 1 out of 5
Updating learning rate to 0.00020610737385376348
Epoch: 15 cost time: 0.7180249691009521
Epoch: 15, Steps: 6 | Train Loss: 1.1302583 Vali Loss: 0.9896783
Validation loss decreased (1.024077 --> 0.989678).  Saving model ...
Updating learning rate to 0.00014644660940672628
Epoch: 16 cost time: 0.7106645107269287
Epoch: 16, Steps: 6 | Train Loss: 1.1346135 Vali Loss: 1.1454748
EarlyStopping counter: 1 out of 5
Updating learning rate to 9.549150281252633e-05
Epoch: 17 cost time: 0.6904261112213135
Epoch: 17, Steps: 6 | Train Loss: 1.1811165 Vali Loss: 1.0641698
EarlyStopping counter: 2 out of 5
Updating learning rate to 5.449673790581611e-05
Epoch: 18 cost time: 0.6918268203735352
Epoch: 18, Steps: 6 | Train Loss: 1.2404601 Vali Loss: 1.1103756
EarlyStopping counter: 3 out of 5
Updating learning rate to 2.4471741852423235e-05
Epoch: 19 cost time: 0.7197847366333008
Epoch: 19, Steps: 6 | Train Loss: 1.2194766 Vali Loss: 1.1347009
EarlyStopping counter: 4 out of 5
Updating learning rate to 6.15582970243117e-06
Epoch: 20 cost time: 0.7008378505706787
Epoch: 20, Steps: 6 | Train Loss: 1.1278380 Vali Loss: 0.9869691
Validation loss decreased (0.989678 --> 0.986969).  Saving model ...
Updating learning rate to 0.0
>>>>>>>testing : anomaly_detection_EXATHLON_ISTAD_EXATHLON_ftM_sl100_bmhgat_relfixed_random_v3_hglite_bs128_e2_fixed_random_s87_0<<<<<<<<<<<<<<<<<<<<<<<<<<<<<<<<<
test: (52844, 19)
train: (70584, 19)
test 528
test: (52844, 19)
train: (70584, 19)
score_train 705
Percentile Threshold Source: train
Percentile Threshold : 4.822455835342322
Saved point scores and labels: /data/modeluse/TS/ISTAD-release/analysis/e2_architecture_ablation/runtime/anomaly_detection_EXATHLON_ISTAD_EXATHLON_ftM_sl100_bmhgat_relfixed_random_v3_hglite_bs128_e2_fixed_random_s87_0/point_scores.npz
pred_raw: (52800,)
gt:      (52800,)
pred_pa: (52800,)
gt_pa:   (52800,)

============================================================
使用百分位数阈值的结果:
============================================================
Raw point F1: 0.2060 (P=0.7054, R=0.1206)
Accuracy : 0.9877, Precision : 0.9499, Recall : 0.9545, F-score : 0.9522 
============================================================


使用自适应 Best F1 搜索（两阶段）
粗搜索步数: 200, 精细搜索步数: 500

============================================================
自适应 Best F1 阈值搜索（两阶段）
============================================================

分数统计信息:
  最小值: 0.013464
  最大值: 1417.004272
  均值: 0.825700
  标准差: 13.173862
  中位数: 0.181593
  第1百分位: 0.037417
  第99百分位: 8.856833

自动确定的搜索范围: [0.018708, 17.713666]

============================================================
阶段 1: 粗搜索（步数: 200）
============================================================

============================================================
开始 Best F1 阈值搜索...
============================================================
搜索范围: [0.0187, 17.7137]
搜索步数: 200
使用点调整: False
阈值: 0.1072 | F1: 0.2876 | Precision: 0.1685 | Recall: 0.9811
阈值: 1.8767 | F1: 0.4282 | Precision: 0.7421 | Recall: 0.3009
阈值: 3.6462 | F1: 0.2441 | Precision: 0.7029 | Recall: 0.1477
阈值: 5.4157 | F1: 0.1793 | Precision: 0.6941 | Recall: 0.1029
阈值: 7.1852 | F1: 0.1146 | Precision: 0.6470 | Recall: 0.0629
阈值: 8.9547 | F1: 0.0886 | Precision: 0.6231 | Recall: 0.0477
阈值: 10.7242 | F1: 0.0762 | Precision: 0.6381 | Recall: 0.0405
阈值: 12.4937 | F1: 0.0657 | Precision: 0.6438 | Recall: 0.0346
阈值: 14.2631 | F1: 0.0548 | Precision: 0.6621 | Recall: 0.0286
阈值: 16.0326 | F1: 0.0449 | Precision: 0.6295 | Recall: 0.0233

============================================================
✓ 找到最佳阈值: 0.638032
  最佳 F1: 0.6480
  Precision: 0.6688
  Recall: 0.6286
============================================================


============================================================
阶段 2: 精细搜索（步数: 500）
============================================================
在最佳阈值 0.638032 附近精细搜索
精细搜索范围: [0.018708, 2.407528]

============================================================
开始 Best F1 阈值搜索...
============================================================
搜索范围: [0.0187, 2.4075]
搜索步数: 500
使用点调整: False
阈值: 0.0235 | F1: 0.2280 | Precision: 0.1287 | Recall: 1.0000
阈值: 0.2624 | F1: 0.4702 | Precision: 0.3267 | Recall: 0.8384
阈值: 0.5012 | F1: 0.6355 | Precision: 0.5927 | Recall: 0.6850
阈值: 0.7401 | F1: 0.6383 | Precision: 0.6995 | Recall: 0.5869
阈值: 0.9790 | F1: 0.6096 | Precision: 0.7458 | Recall: 0.5155
阈值: 1.2179 | F1: 0.5485 | Precision: 0.7518 | Recall: 0.4318
阈值: 1.4568 | F1: 0.4923 | Precision: 0.7480 | Recall: 0.3669
阈值: 1.6957 | F1: 0.4547 | Precision: 0.7442 | Recall: 0.3274
阈值: 1.9345 | F1: 0.4210 | Precision: 0.7442 | Recall: 0.2935
阈值: 2.1734 | F1: 0.3926 | Precision: 0.7423 | Recall: 0.2669

============================================================
✓ 找到最佳阈值: 0.596803
  最佳 F1: 0.6496
  Precision: 0.6524
  Recall: 0.6468
============================================================


✓ 精细搜索找到更好的阈值！

============================================================
自适应搜索完成！
============================================================
最终最佳阈值: 0.596803
最佳 F1: 0.6496
Precision: 0.6524
Recall: 0.6468
============================================================

Saved Best F1 results: /data/modeluse/TS/ISTAD-release/analysis/e2_architecture_ablation/runtime/anomaly_detection_EXATHLON_ISTAD_EXATHLON_ftM_sl100_bmhgat_relfixed_random_v3_hglite_bs128_e2_fixed_random_s87_0/bestf1_threshold_results.json
Saved anomaly score plot: /data/modeluse/TS/ISTAD-release/analysis/e2_architecture_ablation/runtime/anomaly_detection_EXATHLON_ISTAD_EXATHLON_ftM_sl100_bmhgat_relfixed_random_v3_hglite_bs128_e2_fixed_random_s87_0/anomaly_score_threshold.png
ISTAD explainability is disabled by --istad_enable_explain 0
Saved train time summary: /data/modeluse/TS/ISTAD-release/analysis/e2_architecture_ablation/runtime/anomaly_detection_EXATHLON_ISTAD_EXATHLON_ftM_sl100_bmhgat_relfixed_random_v3_hglite_bs128_e2_fixed_random_s87_0/train_time_summary.json
=== E2 EXATHLON seed 87 no_message ===
Using GPU
Args in experiment:
[1mBasic Config[0m
  Task Name:          anomaly_detection   Is Training:        1                   
  Model ID:           EXATHLON            Model:              ISTAD               
  Seed:               87                  Itr:                1                   

[1mData Loader[0m
  Data:               EXATHLON            Root Path:          /data/modeluse/TS/ISTAD/dataset/EXATHLON
  Features:           M                   Seq Len:            100                 
  Enc In:             19                  C Out:              19                  
  Checkpoints:        /data/modeluse/TS/ISTAD-release/checkpoints/ISTAD_e2_architecture_ablation
  Eval Step:          100                 

[1mAnomaly Detection Task[0m
  Anomaly Ratio:      1.0                 Threshold Source:   train               

[1mISTAD Parameters[0m
  Kernel Size:        7                   Branch Mode:        hgat                
  TCN Type:           kan                 
  Feat GAT Dim:       -1                  GRU Layers:         1                   
  GRU Hidden:         150                 Recon Layers:       1                   
  Recon Hidden:       32                  ISTAD Dropout:      0.3                 
  Recon Type:         pointwise           KANAD Order:        3                   
  Objective:          reconstruct         Target / Lag:       ('', 1)             
  Leaky Alpha:        0.2                 H Init:             normal              
  Hyperedges:         -1                  Top-K Nodes:        -1                  
  Spatial Type:       lite                HGAT Rank:          8                   
  HGAT Projection:    linear              Relation Mode:      no_message          
  KAN Grid:           5                   KAN Order:          3                   
  Arch:               legacy              Ablation:           full                
  Explainability:     0                   Explain Batches:    0                   
  Explain Points:     20000               Explain TopK:       10                  
  SmoothGrad:         0                   SG Samples:         20                  
  SG Noise:           0.1                 Quad Mode:          quantile            
  Quad Value:         0.75                Err Agg:            sum                 
  Sal Agg:            sum                 
  V3 Denoise:         1                   Evidence Head:      0                   
  Clean / Denoise:    (1.0, 0.5)          Evidence Weight:    0.2                 
  Frequency Weight:   0.0                 
  Point Evidence:     0.0                 
  Corrupt P/T/C:      (0.8, 0.15, 0.2)    Corrupt Scale:      1.5                 
  Corrupt Modes:      4                   Target-only corrupt:0                   
  Score Mode:         base_mean           Score Agg / K:      ('calibrated', 3)   
  Evidence Map:       prob                Dump Scores:        1                   
  Strict Val:         1                   Hide Test Loss:     1                   
  Entity Aware:       0                   

[1mRun Parameters[0m
  Num Workers:        4                   Batch Size:         128                 
  Train Epochs:       20                  Patience:           5                   
  Learning Rate:      0.001               Lradj:              cosine              
  Des:                e2_no_message_s87   

[1mGPU[0m
  Use GPU:            1                   GPU:                0                   
  Use Multi GPU:      0                   Devices:            0,1,2,3             

Use GPU: cuda:0
🚀 Lazy Loading: ISTAD ...
>>>>>>>start training : anomaly_detection_EXATHLON_ISTAD_EXATHLON_ftM_sl100_bmhgat_relno_message_v3_hglite_bs128_e2_no_message_s87_0>>>>>>>>>>>>>>>>>>>>>>>>>>
test: (52844, 19)
train: (70584, 19)
train 742
test: (52844, 19)
train: (70584, 19)
val 185
Epoch: 1 cost time: 1.6417303085327148
Epoch: 1, Steps: 6 | Train Loss: 1.5057176 Vali Loss: 1.5500507
Validation loss decreased (inf --> 1.550051).  Saving model ...
Updating learning rate to 0.0009938441702975688
Epoch: 2 cost time: 0.6268832683563232
Epoch: 2, Steps: 6 | Train Loss: 1.3976571 Vali Loss: 1.4433117
Validation loss decreased (1.550051 --> 1.443312).  Saving model ...
Updating learning rate to 0.0009755282581475768
Epoch: 3 cost time: 0.6372799873352051
Epoch: 3, Steps: 6 | Train Loss: 1.4297335 Vali Loss: 1.2667514
Validation loss decreased (1.443312 --> 1.266751).  Saving model ...
Updating learning rate to 0.0009455032620941839
Epoch: 4 cost time: 0.6596481800079346
Epoch: 4, Steps: 6 | Train Loss: 1.3543013 Vali Loss: 1.2706758
EarlyStopping counter: 1 out of 5
Updating learning rate to 0.0009045084971874737
Epoch: 5 cost time: 0.6432108879089355
Epoch: 5, Steps: 6 | Train Loss: 1.3629273 Vali Loss: 1.2239445
Validation loss decreased (1.266751 --> 1.223944).  Saving model ...
Updating learning rate to 0.0008535533905932737
Epoch: 6 cost time: 0.6484456062316895
Epoch: 6, Steps: 6 | Train Loss: 1.2811806 Vali Loss: 1.2926827
EarlyStopping counter: 1 out of 5
Updating learning rate to 0.0007938926261462366
Epoch: 7 cost time: 0.7065896987915039
Epoch: 7, Steps: 6 | Train Loss: 1.2352931 Vali Loss: 1.2359188
EarlyStopping counter: 2 out of 5
Updating learning rate to 0.0007269952498697733
Epoch: 8 cost time: 0.686182975769043
Epoch: 8, Steps: 6 | Train Loss: 1.2534106 Vali Loss: 1.1871493
Validation loss decreased (1.223944 --> 1.187149).  Saving model ...
Updating learning rate to 0.0006545084971874737
Epoch: 9 cost time: 0.6808285713195801
Epoch: 9, Steps: 6 | Train Loss: 1.2010915 Vali Loss: 1.0922807
Validation loss decreased (1.187149 --> 1.092281).  Saving model ...
Updating learning rate to 0.0005782172325201155
Epoch: 10 cost time: 0.6873109340667725
Epoch: 10, Steps: 6 | Train Loss: 1.1307850 Vali Loss: 1.2986836
EarlyStopping counter: 1 out of 5
Updating learning rate to 0.0005
Epoch: 11 cost time: 0.68428635597229
Epoch: 11, Steps: 6 | Train Loss: 1.1724529 Vali Loss: 1.1415277
EarlyStopping counter: 2 out of 5
Updating learning rate to 0.0004217827674798845
Epoch: 12 cost time: 0.6887044906616211
Epoch: 12, Steps: 6 | Train Loss: 1.2120876 Vali Loss: 1.4876344
EarlyStopping counter: 3 out of 5
Updating learning rate to 0.00034549150281252633
Epoch: 13 cost time: 0.6978731155395508
Epoch: 13, Steps: 6 | Train Loss: 1.1486514 Vali Loss: 1.0194685
Validation loss decreased (1.092281 --> 1.019468).  Saving model ...
Updating learning rate to 0.00027300475013022663
Epoch: 14 cost time: 0.6728484630584717
Epoch: 14, Steps: 6 | Train Loss: 1.2577415 Vali Loss: 1.2090085
EarlyStopping counter: 1 out of 5
Updating learning rate to 0.00020610737385376348
Epoch: 15 cost time: 0.678020715713501
Epoch: 15, Steps: 6 | Train Loss: 1.2629716 Vali Loss: 0.9856636
Validation loss decreased (1.019468 --> 0.985664).  Saving model ...
Updating learning rate to 0.00014644660940672628
Epoch: 16 cost time: 0.6572103500366211
Epoch: 16, Steps: 6 | Train Loss: 1.1133871 Vali Loss: 1.1415511
EarlyStopping counter: 1 out of 5
Updating learning rate to 9.549150281252633e-05
Epoch: 17 cost time: 0.6836044788360596
Epoch: 17, Steps: 6 | Train Loss: 1.1132043 Vali Loss: 1.0583465
EarlyStopping counter: 2 out of 5
Updating learning rate to 5.449673790581611e-05
Epoch: 18 cost time: 0.6754686832427979
Epoch: 18, Steps: 6 | Train Loss: 1.1002516 Vali Loss: 1.1042806
EarlyStopping counter: 3 out of 5
Updating learning rate to 2.4471741852423235e-05
Epoch: 19 cost time: 0.6785352230072021
Epoch: 19, Steps: 6 | Train Loss: 1.1808687 Vali Loss: 1.1300874
EarlyStopping counter: 4 out of 5
Updating learning rate to 6.15582970243117e-06
Epoch: 20 cost time: 0.6856193542480469
Epoch: 20, Steps: 6 | Train Loss: 1.1249998 Vali Loss: 0.9816486
Validation loss decreased (0.985664 --> 0.981649).  Saving model ...
Updating learning rate to 0.0
>>>>>>>testing : anomaly_detection_EXATHLON_ISTAD_EXATHLON_ftM_sl100_bmhgat_relno_message_v3_hglite_bs128_e2_no_message_s87_0<<<<<<<<<<<<<<<<<<<<<<<<<<<<<<<<<
test: (52844, 19)
train: (70584, 19)
test 528
test: (52844, 19)
train: (70584, 19)
score_train 705
Percentile Threshold Source: train
Percentile Threshold : 4.881722483634946
Saved point scores and labels: /data/modeluse/TS/ISTAD-release/analysis/e2_architecture_ablation/runtime/anomaly_detection_EXATHLON_ISTAD_EXATHLON_ftM_sl100_bmhgat_relno_message_v3_hglite_bs128_e2_no_message_s87_0/point_scores.npz
pred_raw: (52800,)
gt:      (52800,)
pred_pa: (52800,)
gt_pa:   (52800,)

============================================================
使用百分位数阈值的结果:
============================================================
Raw point F1: 0.2069 (P=0.7070, R=0.1212)
Accuracy : 0.9877, Precision : 0.9500, Recall : 0.9545, F-score : 0.9522 
============================================================


使用自适应 Best F1 搜索（两阶段）
粗搜索步数: 200, 精细搜索步数: 500

============================================================
自适应 Best F1 阈值搜索（两阶段）
============================================================

分数统计信息:
  最小值: 0.010461
  最大值: 1418.234619
  均值: 0.825899
  标准差: 13.196923
  中位数: 0.178075
  第1百分位: 0.038756
  第99百分位: 8.918627

自动确定的搜索范围: [0.019378, 17.837255]

============================================================
阶段 1: 粗搜索（步数: 200）
============================================================

============================================================
开始 Best F1 阈值搜索...
============================================================
搜索范围: [0.0194, 17.8373]
搜索步数: 200
使用点调整: False
阈值: 0.1085 | F1: 0.2916 | Precision: 0.1713 | Recall: 0.9791
阈值: 1.8903 | F1: 0.4273 | Precision: 0.7416 | Recall: 0.3001
阈值: 3.6720 | F1: 0.2442 | Precision: 0.7011 | Recall: 0.1479
阈值: 5.4538 | F1: 0.1816 | Precision: 0.6958 | Recall: 0.1044
阈值: 7.2356 | F1: 0.1144 | Precision: 0.6504 | Recall: 0.0627
阈值: 9.0174 | F1: 0.0887 | Precision: 0.6255 | Recall: 0.0477
阈值: 10.7992 | F1: 0.0757 | Precision: 0.6393 | Recall: 0.0402
阈值: 12.5810 | F1: 0.0654 | Precision: 0.6482 | Recall: 0.0345
阈值: 14.3628 | F1: 0.0545 | Precision: 0.6610 | Recall: 0.0284
阈值: 16.1446 | F1: 0.0438 | Precision: 0.6260 | Recall: 0.0227

============================================================
✓ 找到最佳阈值: 0.643004
  最佳 F1: 0.6471
  Precision: 0.6701
  Recall: 0.6256
============================================================


============================================================
阶段 2: 精细搜索（步数: 500）
============================================================
在最佳阈值 0.643004 附近精细搜索
精细搜索范围: [0.019378, 2.424791]

============================================================
开始 Best F1 阈值搜索...
============================================================
搜索范围: [0.0194, 2.4248]
搜索步数: 500
使用点调整: False
阈值: 0.0242 | F1: 0.2280 | Precision: 0.1287 | Recall: 0.9999
阈值: 0.2647 | F1: 0.4794 | Precision: 0.3359 | Recall: 0.8368
阈值: 0.5053 | F1: 0.6362 | Precision: 0.5970 | Recall: 0.6809
阈值: 0.7458 | F1: 0.6363 | Precision: 0.6998 | Recall: 0.5834
阈值: 0.9864 | F1: 0.6097 | Precision: 0.7457 | Recall: 0.5156
阈值: 1.2269 | F1: 0.5489 | Precision: 0.7523 | Recall: 0.4321
阈值: 1.4674 | F1: 0.4934 | Precision: 0.7466 | Recall: 0.3685
阈值: 1.7080 | F1: 0.4547 | Precision: 0.7458 | Recall: 0.3271
阈值: 1.9485 | F1: 0.4192 | Precision: 0.7417 | Recall: 0.2922
阈值: 2.1891 | F1: 0.3914 | Precision: 0.7408 | Recall: 0.2660

============================================================
✓ 找到最佳阈值: 0.611110
  最佳 F1: 0.6488
  Precision: 0.6586
  Recall: 0.6393
============================================================


✓ 精细搜索找到更好的阈值！

============================================================
自适应搜索完成！
============================================================
最终最佳阈值: 0.611110
最佳 F1: 0.6488
Precision: 0.6586
Recall: 0.6393
============================================================

Saved Best F1 results: /data/modeluse/TS/ISTAD-release/analysis/e2_architecture_ablation/runtime/anomaly_detection_EXATHLON_ISTAD_EXATHLON_ftM_sl100_bmhgat_relno_message_v3_hglite_bs128_e2_no_message_s87_0/bestf1_threshold_results.json
Saved anomaly score plot: /data/modeluse/TS/ISTAD-release/analysis/e2_architecture_ablation/runtime/anomaly_detection_EXATHLON_ISTAD_EXATHLON_ftM_sl100_bmhgat_relno_message_v3_hglite_bs128_e2_no_message_s87_0/anomaly_score_threshold.png
ISTAD explainability is disabled by --istad_enable_explain 0
Saved train time summary: /data/modeluse/TS/ISTAD-release/analysis/e2_architecture_ablation/runtime/anomaly_detection_EXATHLON_ISTAD_EXATHLON_ftM_sl100_bmhgat_relno_message_v3_hglite_bs128_e2_no_message_s87_0/train_time_summary.json
=== E2 EXATHLON seed 90 learned_dynamic ===
Using GPU
Args in experiment:
[1mBasic Config[0m
  Task Name:          anomaly_detection   Is Training:        1                   
  Model ID:           EXATHLON            Model:              ISTAD               
  Seed:               90                  Itr:                1                   

[1mData Loader[0m
  Data:               EXATHLON            Root Path:          /data/modeluse/TS/ISTAD/dataset/EXATHLON
  Features:           M                   Seq Len:            100                 
  Enc In:             19                  C Out:              19                  
  Checkpoints:        /data/modeluse/TS/ISTAD-release/checkpoints/ISTAD_e2_architecture_ablation
  Eval Step:          100                 

[1mAnomaly Detection Task[0m
  Anomaly Ratio:      1.0                 Threshold Source:   train               

[1mISTAD Parameters[0m
  Kernel Size:        7                   Branch Mode:        hgat                
  TCN Type:           kan                 
  Feat GAT Dim:       -1                  GRU Layers:         1                   
  GRU Hidden:         150                 Recon Layers:       1                   
  Recon Hidden:       32                  ISTAD Dropout:      0.3                 
  Recon Type:         pointwise           KANAD Order:        3                   
  Objective:          reconstruct         Target / Lag:       ('', 1)             
  Leaky Alpha:        0.2                 H Init:             normal              
  Hyperedges:         -1                  Top-K Nodes:        -1                  
  Spatial Type:       lite                HGAT Rank:          8                   
  HGAT Projection:    linear              Relation Mode:      dynamic             
  KAN Grid:           5                   KAN Order:          3                   
  Arch:               legacy              Ablation:           full                
  Explainability:     0                   Explain Batches:    0                   
  Explain Points:     20000               Explain TopK:       10                  
  SmoothGrad:         0                   SG Samples:         20                  
  SG Noise:           0.1                 Quad Mode:          quantile            
  Quad Value:         0.75                Err Agg:            sum                 
  Sal Agg:            sum                 
  V3 Denoise:         1                   Evidence Head:      0                   
  Clean / Denoise:    (1.0, 0.5)          Evidence Weight:    0.2                 
  Frequency Weight:   0.0                 
  Point Evidence:     0.0                 
  Corrupt P/T/C:      (0.8, 0.15, 0.2)    Corrupt Scale:      1.5                 
  Corrupt Modes:      4                   Target-only corrupt:0                   
  Score Mode:         base_mean           Score Agg / K:      ('calibrated', 3)   
  Evidence Map:       prob                Dump Scores:        1                   
  Strict Val:         1                   Hide Test Loss:     1                   
  Entity Aware:       0                   

[1mRun Parameters[0m
  Num Workers:        4                   Batch Size:         128                 
  Train Epochs:       20                  Patience:           5                   
  Learning Rate:      0.001               Lradj:              cosine              
  Des:                e2_learned_dynamic_s90

[1mGPU[0m
  Use GPU:            1                   GPU:                0                   
  Use Multi GPU:      0                   Devices:            0,1,2,3             

Use GPU: cuda:0
🚀 Lazy Loading: ISTAD ...
>>>>>>>start training : anomaly_detection_EXATHLON_ISTAD_EXATHLON_ftM_sl100_bmhgat_v3_hglite_bs128_e2_learned_dynamic_s90_0>>>>>>>>>>>>>>>>>>>>>>>>>>
test: (52844, 19)
train: (70584, 19)
train 742
test: (52844, 19)
train: (70584, 19)
val 185
Epoch: 1 cost time: 1.7749125957489014
Epoch: 1, Steps: 6 | Train Loss: 1.5198024 Vali Loss: 1.4782499
Validation loss decreased (inf --> 1.478250).  Saving model ...
Updating learning rate to 0.0009938441702975688
Epoch: 2 cost time: 0.7124576568603516
Epoch: 2, Steps: 6 | Train Loss: 1.5494464 Vali Loss: 1.5294361
EarlyStopping counter: 1 out of 5
Updating learning rate to 0.0009755282581475768
Epoch: 3 cost time: 0.7175374031066895
Epoch: 3, Steps: 6 | Train Loss: 1.4570021 Vali Loss: 1.4068617
Validation loss decreased (1.478250 --> 1.406862).  Saving model ...
Updating learning rate to 0.0009455032620941839
Epoch: 4 cost time: 0.7077205181121826
Epoch: 4, Steps: 6 | Train Loss: 1.4055501 Vali Loss: 1.3778585
Validation loss decreased (1.406862 --> 1.377859).  Saving model ...
Updating learning rate to 0.0009045084971874737
Epoch: 5 cost time: 0.7145552635192871
Epoch: 5, Steps: 6 | Train Loss: 1.3507458 Vali Loss: 1.2779866
Validation loss decreased (1.377859 --> 1.277987).  Saving model ...
Updating learning rate to 0.0008535533905932737
Epoch: 6 cost time: 0.7325971126556396
Epoch: 6, Steps: 6 | Train Loss: 1.4475439 Vali Loss: 1.1576628
Validation loss decreased (1.277987 --> 1.157663).  Saving model ...
Updating learning rate to 0.0007938926261462366
Epoch: 7 cost time: 0.7381274700164795
Epoch: 7, Steps: 6 | Train Loss: 1.3033238 Vali Loss: 1.0951276
Validation loss decreased (1.157663 --> 1.095128).  Saving model ...
Updating learning rate to 0.0007269952498697733
Epoch: 8 cost time: 0.7341713905334473
Epoch: 8, Steps: 6 | Train Loss: 1.2803513 Vali Loss: 1.2418765
EarlyStopping counter: 1 out of 5
Updating learning rate to 0.0006545084971874737
Epoch: 9 cost time: 0.7361087799072266
Epoch: 9, Steps: 6 | Train Loss: 1.3547616 Vali Loss: 1.1260116
EarlyStopping counter: 2 out of 5
Updating learning rate to 0.0005782172325201155
Epoch: 10 cost time: 0.751847505569458
Epoch: 10, Steps: 6 | Train Loss: 1.2413054 Vali Loss: 1.3114489
EarlyStopping counter: 3 out of 5
Updating learning rate to 0.0005
Epoch: 11 cost time: 0.7362465858459473
Epoch: 11, Steps: 6 | Train Loss: 1.2485668 Vali Loss: 1.1481211
EarlyStopping counter: 4 out of 5
Updating learning rate to 0.0004217827674798845
Epoch: 12 cost time: 0.7034623622894287
Epoch: 12, Steps: 6 | Train Loss: 1.3236490 Vali Loss: 1.0134024
Validation loss decreased (1.095128 --> 1.013402).  Saving model ...
Updating learning rate to 0.00034549150281252633
Epoch: 13 cost time: 0.7032599449157715
Epoch: 13, Steps: 6 | Train Loss: 1.1245169 Vali Loss: 1.0455684
EarlyStopping counter: 1 out of 5
Updating learning rate to 0.00027300475013022663
Epoch: 14 cost time: 0.7342920303344727
Epoch: 14, Steps: 6 | Train Loss: 1.1698900 Vali Loss: 1.3562762
EarlyStopping counter: 2 out of 5
Updating learning rate to 0.00020610737385376348
Epoch: 15 cost time: 0.7296435832977295
Epoch: 15, Steps: 6 | Train Loss: 1.1417946 Vali Loss: 1.3174879
EarlyStopping counter: 3 out of 5
Updating learning rate to 0.00014644660940672628
Epoch: 16 cost time: 0.7029037475585938
Epoch: 16, Steps: 6 | Train Loss: 1.1062783 Vali Loss: 1.0170646
EarlyStopping counter: 4 out of 5
Updating learning rate to 9.549150281252633e-05
Epoch: 17 cost time: 0.7215514183044434
Epoch: 17, Steps: 6 | Train Loss: 1.4184265 Vali Loss: 1.0447648
EarlyStopping counter: 5 out of 5
Early stopping
>>>>>>>testing : anomaly_detection_EXATHLON_ISTAD_EXATHLON_ftM_sl100_bmhgat_v3_hglite_bs128_e2_learned_dynamic_s90_0<<<<<<<<<<<<<<<<<<<<<<<<<<<<<<<<<
test: (52844, 19)
train: (70584, 19)
test 528
test: (52844, 19)
train: (70584, 19)
score_train 705
Percentile Threshold Source: train
Percentile Threshold : 4.836453671455347
Saved point scores and labels: /data/modeluse/TS/ISTAD-release/analysis/e2_architecture_ablation/runtime/anomaly_detection_EXATHLON_ISTAD_EXATHLON_ftM_sl100_bmhgat_v3_hglite_bs128_e2_learned_dynamic_s90_0/point_scores.npz
pred_raw: (52800,)
gt:      (52800,)
pred_pa: (52800,)
gt_pa:   (52800,)

============================================================
使用百分位数阈值的结果:
============================================================
Raw point F1: 0.2144 (P=0.7157, R=0.1261)
Accuracy : 0.9889, Precision : 0.9506, Recall : 0.9639, F-score : 0.9572 
============================================================


使用自适应 Best F1 搜索（两阶段）
粗搜索步数: 200, 精细搜索步数: 500

============================================================
自适应 Best F1 阈值搜索（两阶段）
============================================================

分数统计信息:
  最小值: 0.012208
  最大值: 1413.721802
  均值: 0.852696
  标准差: 13.179194
  中位数: 0.197965
  第1百分位: 0.038079
  第99百分位: 9.217861

自动确定的搜索范围: [0.019039, 18.435723]

============================================================
阶段 1: 粗搜索（步数: 200）
============================================================

============================================================
开始 Best F1 阈值搜索...
============================================================
搜索范围: [0.0190, 18.4357]
搜索步数: 200
使用点调整: False
阈值: 0.1111 | F1: 0.2853 | Precision: 0.1671 | Recall: 0.9756
阈值: 1.9528 | F1: 0.4368 | Precision: 0.7552 | Recall: 0.3072
阈值: 3.7945 | F1: 0.2472 | Precision: 0.7105 | Recall: 0.1496
阈值: 5.6361 | F1: 0.1729 | Precision: 0.6918 | Recall: 0.0988
阈值: 7.4778 | F1: 0.1140 | Precision: 0.6513 | Recall: 0.0624
阈值: 9.3195 | F1: 0.0897 | Precision: 0.6284 | Recall: 0.0483
阈值: 11.1611 | F1: 0.0754 | Precision: 0.6461 | Recall: 0.0401
阈值: 13.0028 | F1: 0.0644 | Precision: 0.6443 | Recall: 0.0339
阈值: 14.8445 | F1: 0.0531 | Precision: 0.6551 | Recall: 0.0277
阈值: 16.6861 | F1: 0.0410 | Precision: 0.6207 | Recall: 0.0212

============================================================
✓ 找到最佳阈值: 0.755707
  最佳 F1: 0.6610
  Precision: 0.7039
  Recall: 0.6231
============================================================


============================================================
阶段 2: 精细搜索（步数: 500）
============================================================
在最佳阈值 0.755707 附近精细搜索
精细搜索范围: [0.019039, 2.597375]

============================================================
开始 Best F1 阈值搜索...
============================================================
搜索范围: [0.0190, 2.5974]
搜索步数: 500
使用点调整: False
阈值: 0.0242 | F1: 0.2281 | Precision: 0.1287 | Recall: 1.0000
阈值: 0.2820 | F1: 0.4616 | Precision: 0.3181 | Recall: 0.8412
阈值: 0.5399 | F1: 0.6421 | Precision: 0.5933 | Recall: 0.6996
阈值: 0.7977 | F1: 0.6590 | Precision: 0.7167 | Recall: 0.6099
阈值: 1.0555 | F1: 0.6076 | Precision: 0.7508 | Recall: 0.5103
阈值: 1.3134 | F1: 0.5499 | Precision: 0.7587 | Recall: 0.4312
阈值: 1.5712 | F1: 0.4880 | Precision: 0.7511 | Recall: 0.3614
阈值: 1.8290 | F1: 0.4521 | Precision: 0.7531 | Recall: 0.3230
阈值: 2.0869 | F1: 0.4207 | Precision: 0.7559 | Recall: 0.2915
阈值: 2.3447 | F1: 0.3798 | Precision: 0.7472 | Recall: 0.2546

============================================================
✓ 找到最佳阈值: 0.720347
  最佳 F1: 0.6619
  Precision: 0.6927
  Recall: 0.6337
============================================================


✓ 精细搜索找到更好的阈值！

============================================================
自适应搜索完成！
============================================================
最终最佳阈值: 0.720347
最佳 F1: 0.6619
Precision: 0.6927
Recall: 0.6337
============================================================

Saved Best F1 results: /data/modeluse/TS/ISTAD-release/analysis/e2_architecture_ablation/runtime/anomaly_detection_EXATHLON_ISTAD_EXATHLON_ftM_sl100_bmhgat_v3_hglite_bs128_e2_learned_dynamic_s90_0/bestf1_threshold_results.json
Saved anomaly score plot: /data/modeluse/TS/ISTAD-release/analysis/e2_architecture_ablation/runtime/anomaly_detection_EXATHLON_ISTAD_EXATHLON_ftM_sl100_bmhgat_v3_hglite_bs128_e2_learned_dynamic_s90_0/anomaly_score_threshold.png
ISTAD explainability is disabled by --istad_enable_explain 0
Saved train time summary: /data/modeluse/TS/ISTAD-release/analysis/e2_architecture_ablation/runtime/anomaly_detection_EXATHLON_ISTAD_EXATHLON_ftM_sl100_bmhgat_v3_hglite_bs128_e2_learned_dynamic_s90_0/train_time_summary.json
=== E2 EXATHLON seed 90 learned_static ===
Using GPU
Args in experiment:
[1mBasic Config[0m
  Task Name:          anomaly_detection   Is Training:        1                   
  Model ID:           EXATHLON            Model:              ISTAD               
  Seed:               90                  Itr:                1                   

[1mData Loader[0m
  Data:               EXATHLON            Root Path:          /data/modeluse/TS/ISTAD/dataset/EXATHLON
  Features:           M                   Seq Len:            100                 
  Enc In:             19                  C Out:              19                  
  Checkpoints:        /data/modeluse/TS/ISTAD-release/checkpoints/ISTAD_e2_architecture_ablation
  Eval Step:          100                 

[1mAnomaly Detection Task[0m
  Anomaly Ratio:      1.0                 Threshold Source:   train               

[1mISTAD Parameters[0m
  Kernel Size:        7                   Branch Mode:        hgat                
  TCN Type:           kan                 
  Feat GAT Dim:       -1                  GRU Layers:         1                   
  GRU Hidden:         150                 Recon Layers:       1                   
  Recon Hidden:       32                  ISTAD Dropout:      0.3                 
  Recon Type:         pointwise           KANAD Order:        3                   
  Objective:          reconstruct         Target / Lag:       ('', 1)             
  Leaky Alpha:        0.2                 H Init:             normal              
  Hyperedges:         -1                  Top-K Nodes:        -1                  
  Spatial Type:       lite                HGAT Rank:          8                   
  HGAT Projection:    linear              Relation Mode:      static              
  KAN Grid:           5                   KAN Order:          3                   
  Arch:               legacy              Ablation:           full                
  Explainability:     0                   Explain Batches:    0                   
  Explain Points:     20000               Explain TopK:       10                  
  SmoothGrad:         0                   SG Samples:         20                  
  SG Noise:           0.1                 Quad Mode:          quantile            
  Quad Value:         0.75                Err Agg:            sum                 
  Sal Agg:            sum                 
  V3 Denoise:         1                   Evidence Head:      0                   
  Clean / Denoise:    (1.0, 0.5)          Evidence Weight:    0.2                 
  Frequency Weight:   0.0                 
  Point Evidence:     0.0                 
  Corrupt P/T/C:      (0.8, 0.15, 0.2)    Corrupt Scale:      1.5                 
  Corrupt Modes:      4                   Target-only corrupt:0                   
  Score Mode:         base_mean           Score Agg / K:      ('calibrated', 3)   
  Evidence Map:       prob                Dump Scores:        1                   
  Strict Val:         1                   Hide Test Loss:     1                   
  Entity Aware:       0                   

[1mRun Parameters[0m
  Num Workers:        4                   Batch Size:         128                 
  Train Epochs:       20                  Patience:           5                   
  Learning Rate:      0.001               Lradj:              cosine              
  Des:                e2_learned_static_s90

[1mGPU[0m
  Use GPU:            1                   GPU:                0                   
  Use Multi GPU:      0                   Devices:            0,1,2,3             

Use GPU: cuda:0
🚀 Lazy Loading: ISTAD ...
>>>>>>>start training : anomaly_detection_EXATHLON_ISTAD_EXATHLON_ftM_sl100_bmhgat_relstatic_v3_hglite_bs128_e2_learned_static_s90_0>>>>>>>>>>>>>>>>>>>>>>>>>>
test: (52844, 19)
train: (70584, 19)
train 742
test: (52844, 19)
train: (70584, 19)
val 185
Epoch: 1 cost time: 1.7543203830718994
Epoch: 1, Steps: 6 | Train Loss: 1.5201902 Vali Loss: 1.4755971
Validation loss decreased (inf --> 1.475597).  Saving model ...
Updating learning rate to 0.0009938441702975688
Epoch: 2 cost time: 0.6962904930114746
Epoch: 2, Steps: 6 | Train Loss: 1.5475190 Vali Loss: 1.5294677
EarlyStopping counter: 1 out of 5
Updating learning rate to 0.0009755282581475768
Epoch: 3 cost time: 0.7183301448822021
Epoch: 3, Steps: 6 | Train Loss: 1.4567364 Vali Loss: 1.4067628
Validation loss decreased (1.475597 --> 1.406763).  Saving model ...
Updating learning rate to 0.0009455032620941839
Epoch: 4 cost time: 0.6959896087646484
Epoch: 4, Steps: 6 | Train Loss: 1.4075302 Vali Loss: 1.3803847
Validation loss decreased (1.406763 --> 1.380385).  Saving model ...
Updating learning rate to 0.0009045084971874737
Epoch: 5 cost time: 0.6986606121063232
Epoch: 5, Steps: 6 | Train Loss: 1.3528097 Vali Loss: 1.2795047
Validation loss decreased (1.380385 --> 1.279505).  Saving model ...
Updating learning rate to 0.0008535533905932737
Epoch: 6 cost time: 0.6993370056152344
Epoch: 6, Steps: 6 | Train Loss: 1.4530419 Vali Loss: 1.1576881
Validation loss decreased (1.279505 --> 1.157688).  Saving model ...
Updating learning rate to 0.0007938926261462366
Epoch: 7 cost time: 0.6936280727386475
Epoch: 7, Steps: 6 | Train Loss: 1.3086940 Vali Loss: 1.1015493
Validation loss decreased (1.157688 --> 1.101549).  Saving model ...
Updating learning rate to 0.0007269952498697733
Epoch: 8 cost time: 0.6977698802947998
Epoch: 8, Steps: 6 | Train Loss: 1.2890262 Vali Loss: 1.2496696
EarlyStopping counter: 1 out of 5
Updating learning rate to 0.0006545084971874737
Epoch: 9 cost time: 0.702094554901123
Epoch: 9, Steps: 6 | Train Loss: 1.3614357 Vali Loss: 1.1353076
EarlyStopping counter: 2 out of 5
Updating learning rate to 0.0005782172325201155
Epoch: 10 cost time: 0.7094311714172363
Epoch: 10, Steps: 6 | Train Loss: 1.2502505 Vali Loss: 1.3200676
EarlyStopping counter: 3 out of 5
Updating learning rate to 0.0005
Epoch: 11 cost time: 0.6981310844421387
Epoch: 11, Steps: 6 | Train Loss: 1.2555688 Vali Loss: 1.1566233
EarlyStopping counter: 4 out of 5
Updating learning rate to 0.0004217827674798845
Epoch: 12 cost time: 0.6836087703704834
Epoch: 12, Steps: 6 | Train Loss: 1.3294760 Vali Loss: 1.0211497
Validation loss decreased (1.101549 --> 1.021150).  Saving model ...
Updating learning rate to 0.00034549150281252633
Epoch: 13 cost time: 0.6947178840637207
Epoch: 13, Steps: 6 | Train Loss: 1.1314936 Vali Loss: 1.0523593
EarlyStopping counter: 1 out of 5
Updating learning rate to 0.00027300475013022663
Epoch: 14 cost time: 0.7015459537506104
Epoch: 14, Steps: 6 | Train Loss: 1.1763490 Vali Loss: 1.3625171
EarlyStopping counter: 2 out of 5
Updating learning rate to 0.00020610737385376348
Epoch: 15 cost time: 0.7023746967315674
Epoch: 15, Steps: 6 | Train Loss: 1.1478563 Vali Loss: 1.3244796
EarlyStopping counter: 3 out of 5
Updating learning rate to 0.00014644660940672628
Epoch: 16 cost time: 0.7121787071228027
Epoch: 16, Steps: 6 | Train Loss: 1.1121854 Vali Loss: 1.0247133
EarlyStopping counter: 4 out of 5
Updating learning rate to 9.549150281252633e-05
Epoch: 17 cost time: 0.6987414360046387
Epoch: 17, Steps: 6 | Train Loss: 1.4247579 Vali Loss: 1.0510234
EarlyStopping counter: 5 out of 5
Early stopping
>>>>>>>testing : anomaly_detection_EXATHLON_ISTAD_EXATHLON_ftM_sl100_bmhgat_relstatic_v3_hglite_bs128_e2_learned_static_s90_0<<<<<<<<<<<<<<<<<<<<<<<<<<<<<<<<<
test: (52844, 19)
train: (70584, 19)
test 528
test: (52844, 19)
train: (70584, 19)
score_train 705
Percentile Threshold Source: train
Percentile Threshold : 4.879443893432519
Saved point scores and labels: /data/modeluse/TS/ISTAD-release/analysis/e2_architecture_ablation/runtime/anomaly_detection_EXATHLON_ISTAD_EXATHLON_ftM_sl100_bmhgat_relstatic_v3_hglite_bs128_e2_learned_static_s90_0/point_scores.npz
pred_raw: (52800,)
gt:      (52800,)
pred_pa: (52800,)
gt_pa:   (52800,)

============================================================
使用百分位数阈值的结果:
============================================================
Raw point F1: 0.2134 (P=0.7136, R=0.1255)
Accuracy : 0.9889, Precision : 0.9503, Recall : 0.9639, F-score : 0.9571 
============================================================


使用自适应 Best F1 搜索（两阶段）
粗搜索步数: 200, 精细搜索步数: 500

============================================================
自适应 Best F1 阈值搜索（两阶段）
============================================================

分数统计信息:
  最小值: 0.015205
  最大值: 1411.864380
  均值: 0.857127
  标准差: 13.186226
  中位数: 0.200541
  第1百分位: 0.039422
  第99百分位: 9.241593

自动确定的搜索范围: [0.019711, 18.483185]

============================================================
阶段 1: 粗搜索（步数: 200）
============================================================

============================================================
开始 Best F1 阈值搜索...
============================================================
搜索范围: [0.0197, 18.4832]
搜索步数: 200
使用点调整: False
阈值: 0.1120 | F1: 0.2841 | Precision: 0.1662 | Recall: 0.9764
阈值: 1.9584 | F1: 0.4368 | Precision: 0.7538 | Recall: 0.3075
阈值: 3.8047 | F1: 0.2477 | Precision: 0.7096 | Recall: 0.1501
阈值: 5.6511 | F1: 0.1734 | Precision: 0.6931 | Recall: 0.0991
阈值: 7.4974 | F1: 0.1160 | Precision: 0.6555 | Recall: 0.0636
阈值: 9.3438 | F1: 0.0897 | Precision: 0.6284 | Recall: 0.0483
阈值: 11.1901 | F1: 0.0760 | Precision: 0.6478 | Recall: 0.0404
阈值: 13.0365 | F1: 0.0649 | Precision: 0.6480 | Recall: 0.0342
阈值: 14.8828 | F1: 0.0545 | Precision: 0.6632 | Recall: 0.0284
阈值: 16.7292 | F1: 0.0413 | Precision: 0.6223 | Recall: 0.0214

============================================================
✓ 找到最佳阈值: 0.758250
  最佳 F1: 0.6616
  Precision: 0.7023
  Recall: 0.6253
============================================================


============================================================
阶段 2: 精细搜索（步数: 500）
============================================================
在最佳阈值 0.758250 附近精细搜索
精细搜索范围: [0.019711, 2.604597]

============================================================
开始 Best F1 阈值搜索...
============================================================
搜索范围: [0.0197, 2.6046]
搜索步数: 500
使用点调整: False
阈值: 0.0249 | F1: 0.2281 | Precision: 0.1287 | Recall: 0.9999
阈值: 0.2834 | F1: 0.4600 | Precision: 0.3164 | Recall: 0.8421
阈值: 0.5419 | F1: 0.6407 | Precision: 0.5898 | Recall: 0.7013
阈值: 0.8003 | F1: 0.6598 | Precision: 0.7154 | Recall: 0.6122
阈值: 1.0588 | F1: 0.6027 | Precision: 0.7464 | Recall: 0.5054
阈值: 1.3173 | F1: 0.5447 | Precision: 0.7555 | Recall: 0.4259
阈值: 1.5758 | F1: 0.4847 | Precision: 0.7492 | Recall: 0.3582
阈值: 1.8343 | F1: 0.4510 | Precision: 0.7511 | Recall: 0.3222
阈值: 2.0928 | F1: 0.4192 | Precision: 0.7532 | Recall: 0.2904
阈值: 2.3513 | F1: 0.3808 | Precision: 0.7460 | Recall: 0.2557

============================================================
✓ 找到最佳阈值: 0.769328
  最佳 F1: 0.6619
  Precision: 0.7064
  Recall: 0.6227
============================================================


✓ 精细搜索找到更好的阈值！

============================================================
自适应搜索完成！
============================================================
最终最佳阈值: 0.769328
最佳 F1: 0.6619
Precision: 0.7064
Recall: 0.6227
============================================================

Saved Best F1 results: /data/modeluse/TS/ISTAD-release/analysis/e2_architecture_ablation/runtime/anomaly_detection_EXATHLON_ISTAD_EXATHLON_ftM_sl100_bmhgat_relstatic_v3_hglite_bs128_e2_learned_static_s90_0/bestf1_threshold_results.json
Saved anomaly score plot: /data/modeluse/TS/ISTAD-release/analysis/e2_architecture_ablation/runtime/anomaly_detection_EXATHLON_ISTAD_EXATHLON_ftM_sl100_bmhgat_relstatic_v3_hglite_bs128_e2_learned_static_s90_0/anomaly_score_threshold.png
ISTAD explainability is disabled by --istad_enable_explain 0
Saved train time summary: /data/modeluse/TS/ISTAD-release/analysis/e2_architecture_ablation/runtime/anomaly_detection_EXATHLON_ISTAD_EXATHLON_ftM_sl100_bmhgat_relstatic_v3_hglite_bs128_e2_learned_static_s90_0/train_time_summary.json
=== E2 EXATHLON seed 90 fixed_random ===
Using GPU
Args in experiment:
[1mBasic Config[0m
  Task Name:          anomaly_detection   Is Training:        1                   
  Model ID:           EXATHLON            Model:              ISTAD               
  Seed:               90                  Itr:                1                   

[1mData Loader[0m
  Data:               EXATHLON            Root Path:          /data/modeluse/TS/ISTAD/dataset/EXATHLON
  Features:           M                   Seq Len:            100                 
  Enc In:             19                  C Out:              19                  
  Checkpoints:        /data/modeluse/TS/ISTAD-release/checkpoints/ISTAD_e2_architecture_ablation
  Eval Step:          100                 

[1mAnomaly Detection Task[0m
  Anomaly Ratio:      1.0                 Threshold Source:   train               

[1mISTAD Parameters[0m
  Kernel Size:        7                   Branch Mode:        hgat                
  TCN Type:           kan                 
  Feat GAT Dim:       -1                  GRU Layers:         1                   
  GRU Hidden:         150                 Recon Layers:       1                   
  Recon Hidden:       32                  ISTAD Dropout:      0.3                 
  Recon Type:         pointwise           KANAD Order:        3                   
  Objective:          reconstruct         Target / Lag:       ('', 1)             
  Leaky Alpha:        0.2                 H Init:             normal              
  Hyperedges:         -1                  Top-K Nodes:        -1                  
  Spatial Type:       lite                HGAT Rank:          8                   
  HGAT Projection:    linear              Relation Mode:      fixed_random        
  KAN Grid:           5                   KAN Order:          3                   
  Arch:               legacy              Ablation:           full                
  Explainability:     0                   Explain Batches:    0                   
  Explain Points:     20000               Explain TopK:       10                  
  SmoothGrad:         0                   SG Samples:         20                  
  SG Noise:           0.1                 Quad Mode:          quantile            
  Quad Value:         0.75                Err Agg:            sum                 
  Sal Agg:            sum                 
  V3 Denoise:         1                   Evidence Head:      0                   
  Clean / Denoise:    (1.0, 0.5)          Evidence Weight:    0.2                 
  Frequency Weight:   0.0                 
  Point Evidence:     0.0                 
  Corrupt P/T/C:      (0.8, 0.15, 0.2)    Corrupt Scale:      1.5                 
  Corrupt Modes:      4                   Target-only corrupt:0                   
  Score Mode:         base_mean           Score Agg / K:      ('calibrated', 3)   
  Evidence Map:       prob                Dump Scores:        1                   
  Strict Val:         1                   Hide Test Loss:     1                   
  Entity Aware:       0                   

[1mRun Parameters[0m
  Num Workers:        4                   Batch Size:         128                 
  Train Epochs:       20                  Patience:           5                   
  Learning Rate:      0.001               Lradj:              cosine              
  Des:                e2_fixed_random_s90 

[1mGPU[0m
  Use GPU:            1                   GPU:                0                   
  Use Multi GPU:      0                   Devices:            0,1,2,3             

Use GPU: cuda:0
🚀 Lazy Loading: ISTAD ...
>>>>>>>start training : anomaly_detection_EXATHLON_ISTAD_EXATHLON_ftM_sl100_bmhgat_relfixed_random_v3_hglite_bs128_e2_fixed_random_s90_0>>>>>>>>>>>>>>>>>>>>>>>>>>
test: (52844, 19)
train: (70584, 19)
train 742
test: (52844, 19)
train: (70584, 19)
val 185
Epoch: 1 cost time: 1.6946446895599365
Epoch: 1, Steps: 6 | Train Loss: 1.5172938 Vali Loss: 1.4711589
Validation loss decreased (inf --> 1.471159).  Saving model ...
Updating learning rate to 0.0009938441702975688
Epoch: 2 cost time: 0.680436372756958
Epoch: 2, Steps: 6 | Train Loss: 1.5427418 Vali Loss: 1.5182474
EarlyStopping counter: 1 out of 5
Updating learning rate to 0.0009755282581475768
Epoch: 3 cost time: 0.7007138729095459
Epoch: 3, Steps: 6 | Train Loss: 1.4501634 Vali Loss: 1.3946468
Validation loss decreased (1.471159 --> 1.394647).  Saving model ...
Updating learning rate to 0.0009455032620941839
Epoch: 4 cost time: 0.6717844009399414
Epoch: 4, Steps: 6 | Train Loss: 1.4001846 Vali Loss: 1.3681552
Validation loss decreased (1.394647 --> 1.368155).  Saving model ...
Updating learning rate to 0.0009045084971874737
Epoch: 5 cost time: 0.6656186580657959
Epoch: 5, Steps: 6 | Train Loss: 1.3457740 Vali Loss: 1.2700101
Validation loss decreased (1.368155 --> 1.270010).  Saving model ...
Updating learning rate to 0.0008535533905932737
Epoch: 6 cost time: 0.6726779937744141
Epoch: 6, Steps: 6 | Train Loss: 1.4423224 Vali Loss: 1.1518592
Validation loss decreased (1.270010 --> 1.151859).  Saving model ...
Updating learning rate to 0.0007938926261462366
Epoch: 7 cost time: 0.6771433353424072
Epoch: 7, Steps: 6 | Train Loss: 1.2980319 Vali Loss: 1.0899197
Validation loss decreased (1.151859 --> 1.089920).  Saving model ...
Updating learning rate to 0.0007269952498697733
Epoch: 8 cost time: 0.6777012348175049
Epoch: 8, Steps: 6 | Train Loss: 1.2739519 Vali Loss: 1.2375992
EarlyStopping counter: 1 out of 5
Updating learning rate to 0.0006545084971874737
Epoch: 9 cost time: 0.6787295341491699
Epoch: 9, Steps: 6 | Train Loss: 1.3479031 Vali Loss: 1.1234571
EarlyStopping counter: 2 out of 5
Updating learning rate to 0.0005782172325201155
Epoch: 10 cost time: 0.6796565055847168
Epoch: 10, Steps: 6 | Train Loss: 1.2341708 Vali Loss: 1.3080310
EarlyStopping counter: 3 out of 5
Updating learning rate to 0.0005
Epoch: 11 cost time: 0.6866734027862549
Epoch: 11, Steps: 6 | Train Loss: 1.2407941 Vali Loss: 1.1430762
EarlyStopping counter: 4 out of 5
Updating learning rate to 0.0004217827674798845
Epoch: 12 cost time: 0.6725132465362549
Epoch: 12, Steps: 6 | Train Loss: 1.3127418 Vali Loss: 1.0102620
Validation loss decreased (1.089920 --> 1.010262).  Saving model ...
Updating learning rate to 0.00034549150281252633
Epoch: 13 cost time: 0.6681702136993408
Epoch: 13, Steps: 6 | Train Loss: 1.1158624 Vali Loss: 1.0387231
EarlyStopping counter: 1 out of 5
Updating learning rate to 0.00027300475013022663
Epoch: 14 cost time: 0.6705930233001709
Epoch: 14, Steps: 6 | Train Loss: 1.1597242 Vali Loss: 1.3491761
EarlyStopping counter: 2 out of 5
Updating learning rate to 0.00020610737385376348
Epoch: 15 cost time: 0.6747879981994629
Epoch: 15, Steps: 6 | Train Loss: 1.1308996 Vali Loss: 1.3107009
EarlyStopping counter: 3 out of 5
Updating learning rate to 0.00014644660940672628
Epoch: 16 cost time: 0.661217451095581
Epoch: 16, Steps: 6 | Train Loss: 1.0957721 Vali Loss: 1.0111518
EarlyStopping counter: 4 out of 5
Updating learning rate to 9.549150281252633e-05
Epoch: 17 cost time: 0.6838994026184082
Epoch: 17, Steps: 6 | Train Loss: 1.4061572 Vali Loss: 1.0390421
EarlyStopping counter: 5 out of 5
Early stopping
>>>>>>>testing : anomaly_detection_EXATHLON_ISTAD_EXATHLON_ftM_sl100_bmhgat_relfixed_random_v3_hglite_bs128_e2_fixed_random_s90_0<<<<<<<<<<<<<<<<<<<<<<<<<<<<<<<<<
test: (52844, 19)
train: (70584, 19)
test 528
test: (52844, 19)
train: (70584, 19)
score_train 705
Percentile Threshold Source: train
Percentile Threshold : 4.8226459217071485
Saved point scores and labels: /data/modeluse/TS/ISTAD-release/analysis/e2_architecture_ablation/runtime/anomaly_detection_EXATHLON_ISTAD_EXATHLON_ftM_sl100_bmhgat_relfixed_random_v3_hglite_bs128_e2_fixed_random_s90_0/point_scores.npz
pred_raw: (52800,)
gt:      (52800,)
pred_pa: (52800,)
gt_pa:   (52800,)

============================================================
使用百分位数阈值的结果:
============================================================
Raw point F1: 0.2170 (P=0.7179, R=0.1278)
Accuracy : 0.9889, Precision : 0.9505, Recall : 0.9639, F-score : 0.9572 
============================================================


使用自适应 Best F1 搜索（两阶段）
粗搜索步数: 200, 精细搜索步数: 500

============================================================
自适应 Best F1 阈值搜索（两阶段）
============================================================

分数统计信息:
  最小值: 0.012572
  最大值: 1410.640869
  均值: 0.854832
  标准差: 13.178999
  中位数: 0.199321
  第1百分位: 0.035064
  第99百分位: 9.136222

自动确定的搜索范围: [0.017532, 18.272443]

============================================================
阶段 1: 粗搜索（步数: 200）
============================================================

============================================================
开始 Best F1 阈值搜索...
============================================================
搜索范围: [0.0175, 18.2724]
搜索步数: 200
使用点调整: False
阈值: 0.1088 | F1: 0.2793 | Precision: 0.1630 | Recall: 0.9764
阈值: 1.9343 | F1: 0.4401 | Precision: 0.7548 | Recall: 0.3106
阈值: 3.7598 | F1: 0.2508 | Precision: 0.7139 | Recall: 0.1521
阈值: 5.5853 | F1: 0.1881 | Precision: 0.7104 | Recall: 0.1084
阈值: 7.4108 | F1: 0.1170 | Precision: 0.6576 | Recall: 0.0642
阈值: 9.2363 | F1: 0.0897 | Precision: 0.6272 | Recall: 0.0483
阈值: 11.0618 | F1: 0.0760 | Precision: 0.6447 | Recall: 0.0404
阈值: 12.8872 | F1: 0.0649 | Precision: 0.6444 | Recall: 0.0342
阈值: 14.7127 | F1: 0.0548 | Precision: 0.6621 | Recall: 0.0286
阈值: 16.5382 | F1: 0.0416 | Precision: 0.6213 | Recall: 0.0215

============================================================
✓ 找到最佳阈值: 0.747728
  最佳 F1: 0.6594
  Precision: 0.7031
  Recall: 0.6208
============================================================


============================================================
阶段 2: 精细搜索（步数: 500）
============================================================
在最佳阈值 0.747728 附近精细搜索
精细搜索范围: [0.017532, 2.573219]

============================================================
开始 Best F1 阈值搜索...
============================================================
搜索范围: [0.0175, 2.5732]
搜索步数: 500
使用点调整: False
阈值: 0.0226 | F1: 0.2281 | Precision: 0.1287 | Recall: 0.9999
阈值: 0.2782 | F1: 0.4556 | Precision: 0.3127 | Recall: 0.8390
阈值: 0.5338 | F1: 0.6361 | Precision: 0.5874 | Recall: 0.6937
阈值: 0.7893 | F1: 0.6551 | Precision: 0.7137 | Recall: 0.6054
阈值: 1.0449 | F1: 0.6054 | Precision: 0.7468 | Recall: 0.5090
阈值: 1.3005 | F1: 0.5541 | Precision: 0.7598 | Recall: 0.4361
阈值: 1.5561 | F1: 0.4927 | Precision: 0.7519 | Recall: 0.3664
阈值: 1.8116 | F1: 0.4567 | Precision: 0.7532 | Recall: 0.3277
阈值: 2.0672 | F1: 0.4265 | Precision: 0.7578 | Recall: 0.2968
阈值: 2.3228 | F1: 0.3889 | Precision: 0.7506 | Recall: 0.2624

============================================================
✓ 找到最佳阈值: 0.743347
  最佳 F1: 0.6594
  Precision: 0.7014
  Recall: 0.6222
============================================================


✓ 精细搜索找到更好的阈值！

============================================================
自适应搜索完成！
============================================================
最终最佳阈值: 0.743347
最佳 F1: 0.6594
Precision: 0.7014
Recall: 0.6222
============================================================

Saved Best F1 results: /data/modeluse/TS/ISTAD-release/analysis/e2_architecture_ablation/runtime/anomaly_detection_EXATHLON_ISTAD_EXATHLON_ftM_sl100_bmhgat_relfixed_random_v3_hglite_bs128_e2_fixed_random_s90_0/bestf1_threshold_results.json
Saved anomaly score plot: /data/modeluse/TS/ISTAD-release/analysis/e2_architecture_ablation/runtime/anomaly_detection_EXATHLON_ISTAD_EXATHLON_ftM_sl100_bmhgat_relfixed_random_v3_hglite_bs128_e2_fixed_random_s90_0/anomaly_score_threshold.png
ISTAD explainability is disabled by --istad_enable_explain 0
Saved train time summary: /data/modeluse/TS/ISTAD-release/analysis/e2_architecture_ablation/runtime/anomaly_detection_EXATHLON_ISTAD_EXATHLON_ftM_sl100_bmhgat_relfixed_random_v3_hglite_bs128_e2_fixed_random_s90_0/train_time_summary.json
=== E2 EXATHLON seed 90 no_message ===
Using GPU
Args in experiment:
[1mBasic Config[0m
  Task Name:          anomaly_detection   Is Training:        1                   
  Model ID:           EXATHLON            Model:              ISTAD               
  Seed:               90                  Itr:                1                   

[1mData Loader[0m
  Data:               EXATHLON            Root Path:          /data/modeluse/TS/ISTAD/dataset/EXATHLON
  Features:           M                   Seq Len:            100                 
  Enc In:             19                  C Out:              19                  
  Checkpoints:        /data/modeluse/TS/ISTAD-release/checkpoints/ISTAD_e2_architecture_ablation
  Eval Step:          100                 

[1mAnomaly Detection Task[0m
  Anomaly Ratio:      1.0                 Threshold Source:   train               

[1mISTAD Parameters[0m
  Kernel Size:        7                   Branch Mode:        hgat                
  TCN Type:           kan                 
  Feat GAT Dim:       -1                  GRU Layers:         1                   
  GRU Hidden:         150                 Recon Layers:       1                   
  Recon Hidden:       32                  ISTAD Dropout:      0.3                 
  Recon Type:         pointwise           KANAD Order:        3                   
  Objective:          reconstruct         Target / Lag:       ('', 1)             
  Leaky Alpha:        0.2                 H Init:             normal              
  Hyperedges:         -1                  Top-K Nodes:        -1                  
  Spatial Type:       lite                HGAT Rank:          8                   
  HGAT Projection:    linear              Relation Mode:      no_message          
  KAN Grid:           5                   KAN Order:          3                   
  Arch:               legacy              Ablation:           full                
  Explainability:     0                   Explain Batches:    0                   
  Explain Points:     20000               Explain TopK:       10                  
  SmoothGrad:         0                   SG Samples:         20                  
  SG Noise:           0.1                 Quad Mode:          quantile            
  Quad Value:         0.75                Err Agg:            sum                 
  Sal Agg:            sum                 
  V3 Denoise:         1                   Evidence Head:      0                   
  Clean / Denoise:    (1.0, 0.5)          Evidence Weight:    0.2                 
  Frequency Weight:   0.0                 
  Point Evidence:     0.0                 
  Corrupt P/T/C:      (0.8, 0.15, 0.2)    Corrupt Scale:      1.5                 
  Corrupt Modes:      4                   Target-only corrupt:0                   
  Score Mode:         base_mean           Score Agg / K:      ('calibrated', 3)   
  Evidence Map:       prob                Dump Scores:        1                   
  Strict Val:         1                   Hide Test Loss:     1                   
  Entity Aware:       0                   

[1mRun Parameters[0m
  Num Workers:        4                   Batch Size:         128                 
  Train Epochs:       20                  Patience:           5                   
  Learning Rate:      0.001               Lradj:              cosine              
  Des:                e2_no_message_s90   

[1mGPU[0m
  Use GPU:            1                   GPU:                0                   
  Use Multi GPU:      0                   Devices:            0,1,2,3             

Use GPU: cuda:0
🚀 Lazy Loading: ISTAD ...
>>>>>>>start training : anomaly_detection_EXATHLON_ISTAD_EXATHLON_ftM_sl100_bmhgat_relno_message_v3_hglite_bs128_e2_no_message_s90_0>>>>>>>>>>>>>>>>>>>>>>>>>>
test: (52844, 19)
train: (70584, 19)
train 742
test: (52844, 19)
train: (70584, 19)
val 185
Epoch: 1 cost time: 1.662086009979248
Epoch: 1, Steps: 6 | Train Loss: 1.5301921 Vali Loss: 1.4799247
Validation loss decreased (inf --> 1.479925).  Saving model ...
Updating learning rate to 0.0009938441702975688
Epoch: 2 cost time: 0.6277854442596436
Epoch: 2, Steps: 6 | Train Loss: 1.4659289 Vali Loss: 1.5248584
EarlyStopping counter: 1 out of 5
Updating learning rate to 0.0009755282581475768
Epoch: 3 cost time: 0.6325781345367432
Epoch: 3, Steps: 6 | Train Loss: 1.4507353 Vali Loss: 1.4018606
Validation loss decreased (1.479925 --> 1.401861).  Saving model ...
Updating learning rate to 0.0009455032620941839
Epoch: 4 cost time: 0.6092848777770996
Epoch: 4, Steps: 6 | Train Loss: 1.3780727 Vali Loss: 1.3804486
Validation loss decreased (1.401861 --> 1.380449).  Saving model ...
Updating learning rate to 0.0009045084971874737
Epoch: 5 cost time: 0.6191067695617676
Epoch: 5, Steps: 6 | Train Loss: 1.3443377 Vali Loss: 1.2815734
Validation loss decreased (1.380449 --> 1.281573).  Saving model ...
Updating learning rate to 0.0008535533905932737
Epoch: 6 cost time: 0.6317799091339111
Epoch: 6, Steps: 6 | Train Loss: 1.3026551 Vali Loss: 1.1634154
Validation loss decreased (1.281573 --> 1.163415).  Saving model ...
Updating learning rate to 0.0007938926261462366
Epoch: 7 cost time: 0.6150455474853516
Epoch: 7, Steps: 6 | Train Loss: 1.2597693 Vali Loss: 1.0995107
Validation loss decreased (1.163415 --> 1.099511).  Saving model ...
Updating learning rate to 0.0007269952498697733
Epoch: 8 cost time: 0.6283071041107178
Epoch: 8, Steps: 6 | Train Loss: 1.2219207 Vali Loss: 1.2484752
EarlyStopping counter: 1 out of 5
Updating learning rate to 0.0006545084971874737
Epoch: 9 cost time: 0.6572127342224121
Epoch: 9, Steps: 6 | Train Loss: 1.3019148 Vali Loss: 1.1347172
EarlyStopping counter: 2 out of 5
Updating learning rate to 0.0005782172325201155
Epoch: 10 cost time: 0.6246249675750732
Epoch: 10, Steps: 6 | Train Loss: 1.1870607 Vali Loss: 1.3155126
EarlyStopping counter: 3 out of 5
Updating learning rate to 0.0005
Epoch: 11 cost time: 0.638009786605835
Epoch: 11, Steps: 6 | Train Loss: 1.2270323 Vali Loss: 1.1529749
EarlyStopping counter: 4 out of 5
Updating learning rate to 0.0004217827674798845
Epoch: 12 cost time: 0.618610143661499
Epoch: 12, Steps: 6 | Train Loss: 1.2453430 Vali Loss: 1.0179811
Validation loss decreased (1.099511 --> 1.017981).  Saving model ...
Updating learning rate to 0.00034549150281252633
Epoch: 13 cost time: 0.6165869235992432
Epoch: 13, Steps: 6 | Train Loss: 1.2486372 Vali Loss: 1.0505291
EarlyStopping counter: 1 out of 5
Updating learning rate to 0.00027300475013022663
Epoch: 14 cost time: 0.6147911548614502
Epoch: 14, Steps: 6 | Train Loss: 1.2939937 Vali Loss: 1.3619092
EarlyStopping counter: 2 out of 5
Updating learning rate to 0.00020610737385376348
Epoch: 15 cost time: 0.6378598213195801
Epoch: 15, Steps: 6 | Train Loss: 1.1557874 Vali Loss: 1.3175376
EarlyStopping counter: 3 out of 5
Updating learning rate to 0.00014644660940672628
Epoch: 16 cost time: 0.6287050247192383
Epoch: 16, Steps: 6 | Train Loss: 1.1056776 Vali Loss: 1.0195599
EarlyStopping counter: 4 out of 5
Updating learning rate to 9.549150281252633e-05
Epoch: 17 cost time: 0.6347472667694092
Epoch: 17, Steps: 6 | Train Loss: 1.0994890 Vali Loss: 1.0505256
EarlyStopping counter: 5 out of 5
Early stopping
>>>>>>>testing : anomaly_detection_EXATHLON_ISTAD_EXATHLON_ftM_sl100_bmhgat_relno_message_v3_hglite_bs128_e2_no_message_s90_0<<<<<<<<<<<<<<<<<<<<<<<<<<<<<<<<<
test: (52844, 19)
train: (70584, 19)
test 528
test: (52844, 19)
train: (70584, 19)
score_train 705
Percentile Threshold Source: train
Percentile Threshold : 4.954559874534562
Saved point scores and labels: /data/modeluse/TS/ISTAD-release/analysis/e2_architecture_ablation/runtime/anomaly_detection_EXATHLON_ISTAD_EXATHLON_ftM_sl100_bmhgat_relno_message_v3_hglite_bs128_e2_no_message_s90_0/point_scores.npz
pred_raw: (52800,)
gt:      (52800,)
pred_pa: (52800,)
gt_pa:   (52800,)

============================================================
使用百分位数阈值的结果:
============================================================
Raw point F1: 0.2140 (P=0.7164, R=0.1258)
Accuracy : 0.9890, Precision : 0.9509, Recall : 0.9639, F-score : 0.9574 
============================================================


使用自适应 Best F1 搜索（两阶段）
粗搜索步数: 200, 精细搜索步数: 500

============================================================
自适应 Best F1 阈值搜索（两阶段）
============================================================

分数统计信息:
  最小值: 0.014484
  最大值: 1416.743408
  均值: 0.850857
  标准差: 13.254387
  中位数: 0.189282
  第1百分位: 0.038521
  第99百分位: 9.311061

自动确定的搜索范围: [0.019261, 18.622121]

============================================================
阶段 1: 粗搜索（步数: 200）
============================================================

============================================================
开始 Best F1 阈值搜索...
============================================================
搜索范围: [0.0193, 18.6221]
搜索步数: 200
使用点调整: False
阈值: 0.1123 | F1: 0.2901 | Precision: 0.1705 | Recall: 0.9725
阈值: 1.9726 | F1: 0.4338 | Precision: 0.7519 | Recall: 0.3049
阈值: 3.8328 | F1: 0.2471 | Precision: 0.7090 | Recall: 0.1496
阈值: 5.6931 | F1: 0.1783 | Precision: 0.6975 | Recall: 0.1022
阈值: 7.5534 | F1: 0.1157 | Precision: 0.6560 | Recall: 0.0635
阈值: 9.4137 | F1: 0.0889 | Precision: 0.6262 | Recall: 0.0479
阈值: 11.2740 | F1: 0.0754 | Precision: 0.6461 | Recall: 0.0401
阈值: 13.1343 | F1: 0.0641 | Precision: 0.6469 | Recall: 0.0337
阈值: 14.9946 | F1: 0.0542 | Precision: 0.6598 | Recall: 0.0283
阈值: 16.8548 | F1: 0.0413 | Precision: 0.6223 | Recall: 0.0214

============================================================
✓ 找到最佳阈值: 0.763375
  最佳 F1: 0.6596
  Precision: 0.7072
  Recall: 0.6181
============================================================


============================================================
阶段 2: 精细搜索（步数: 500）
============================================================
在最佳阈值 0.763375 附近精细搜索
精细搜索范围: [0.019261, 2.623661]

============================================================
开始 Best F1 阈值搜索...
============================================================
搜索范围: [0.0193, 2.6237]
搜索步数: 500
使用点调整: False
阈值: 0.0245 | F1: 0.2280 | Precision: 0.1287 | Recall: 0.9999
阈值: 0.2849 | F1: 0.4775 | Precision: 0.3353 | Recall: 0.8289
阈值: 0.5453 | F1: 0.6476 | Precision: 0.6079 | Recall: 0.6929
阈值: 0.8058 | F1: 0.6605 | Precision: 0.7236 | Recall: 0.6075
阈值: 1.0662 | F1: 0.5972 | Precision: 0.7460 | Recall: 0.4979
阈值: 1.3267 | F1: 0.5287 | Precision: 0.7480 | Recall: 0.4088
阈值: 1.5871 | F1: 0.4752 | Precision: 0.7450 | Recall: 0.3489
阈值: 1.8475 | F1: 0.4476 | Precision: 0.7490 | Recall: 0.3191
阈值: 2.1080 | F1: 0.4167 | Precision: 0.7497 | Recall: 0.2885
阈值: 2.3684 | F1: 0.3873 | Precision: 0.7482 | Recall: 0.2613

============================================================
✓ 找到最佳阈值: 0.748493
  最佳 F1: 0.6612
  Precision: 0.7044
  Recall: 0.6230
============================================================


✓ 精细搜索找到更好的阈值！

============================================================
自适应搜索完成！
============================================================
最终最佳阈值: 0.748493
最佳 F1: 0.6612
Precision: 0.7044
Recall: 0.6230
============================================================

Saved Best F1 results: /data/modeluse/TS/ISTAD-release/analysis/e2_architecture_ablation/runtime/anomaly_detection_EXATHLON_ISTAD_EXATHLON_ftM_sl100_bmhgat_relno_message_v3_hglite_bs128_e2_no_message_s90_0/bestf1_threshold_results.json
Saved anomaly score plot: /data/modeluse/TS/ISTAD-release/analysis/e2_architecture_ablation/runtime/anomaly_detection_EXATHLON_ISTAD_EXATHLON_ftM_sl100_bmhgat_relno_message_v3_hglite_bs128_e2_no_message_s90_0/anomaly_score_threshold.png
ISTAD explainability is disabled by --istad_enable_explain 0
Saved train time summary: /data/modeluse/TS/ISTAD-release/analysis/e2_architecture_ablation/runtime/anomaly_detection_EXATHLON_ISTAD_EXATHLON_ftM_sl100_bmhgat_relno_message_v3_hglite_bs128_e2_no_message_s90_0/train_time_summary.json
=== E2 EXATHLON seed 98 learned_dynamic ===
Using GPU
Args in experiment:
[1mBasic Config[0m
  Task Name:          anomaly_detection   Is Training:        1                   
  Model ID:           EXATHLON            Model:              ISTAD               
  Seed:               98                  Itr:                1                   

[1mData Loader[0m
  Data:               EXATHLON            Root Path:          /data/modeluse/TS/ISTAD/dataset/EXATHLON
  Features:           M                   Seq Len:            100                 
  Enc In:             19                  C Out:              19                  
  Checkpoints:        /data/modeluse/TS/ISTAD-release/checkpoints/ISTAD_e2_architecture_ablation
  Eval Step:          100                 

[1mAnomaly Detection Task[0m
  Anomaly Ratio:      1.0                 Threshold Source:   train               

[1mISTAD Parameters[0m
  Kernel Size:        7                   Branch Mode:        hgat                
  TCN Type:           kan                 
  Feat GAT Dim:       -1                  GRU Layers:         1                   
  GRU Hidden:         150                 Recon Layers:       1                   
  Recon Hidden:       32                  ISTAD Dropout:      0.3                 
  Recon Type:         pointwise           KANAD Order:        3                   
  Objective:          reconstruct         Target / Lag:       ('', 1)             
  Leaky Alpha:        0.2                 H Init:             normal              
  Hyperedges:         -1                  Top-K Nodes:        -1                  
  Spatial Type:       lite                HGAT Rank:          8                   
  HGAT Projection:    linear              Relation Mode:      dynamic             
  KAN Grid:           5                   KAN Order:          3                   
  Arch:               legacy              Ablation:           full                
  Explainability:     0                   Explain Batches:    0                   
  Explain Points:     20000               Explain TopK:       10                  
  SmoothGrad:         0                   SG Samples:         20                  
  SG Noise:           0.1                 Quad Mode:          quantile            
  Quad Value:         0.75                Err Agg:            sum                 
  Sal Agg:            sum                 
  V3 Denoise:         1                   Evidence Head:      0                   
  Clean / Denoise:    (1.0, 0.5)          Evidence Weight:    0.2                 
  Frequency Weight:   0.0                 
  Point Evidence:     0.0                 
  Corrupt P/T/C:      (0.8, 0.15, 0.2)    Corrupt Scale:      1.5                 
  Corrupt Modes:      4                   Target-only corrupt:0                   
  Score Mode:         base_mean           Score Agg / K:      ('calibrated', 3)   
  Evidence Map:       prob                Dump Scores:        1                   
  Strict Val:         1                   Hide Test Loss:     1                   
  Entity Aware:       0                   

[1mRun Parameters[0m
  Num Workers:        4                   Batch Size:         128                 
  Train Epochs:       20                  Patience:           5                   
  Learning Rate:      0.001               Lradj:              cosine              
  Des:                e2_learned_dynamic_s98

[1mGPU[0m
  Use GPU:            1                   GPU:                0                   
  Use Multi GPU:      0                   Devices:            0,1,2,3             

Use GPU: cuda:0
🚀 Lazy Loading: ISTAD ...
>>>>>>>start training : anomaly_detection_EXATHLON_ISTAD_EXATHLON_ftM_sl100_bmhgat_v3_hglite_bs128_e2_learned_dynamic_s98_0>>>>>>>>>>>>>>>>>>>>>>>>>>
test: (52844, 19)
train: (70584, 19)
train 742
test: (52844, 19)
train: (70584, 19)
val 185
Epoch: 1 cost time: 1.768385648727417
Epoch: 1, Steps: 6 | Train Loss: 1.5466161 Vali Loss: 1.4988117
Validation loss decreased (inf --> 1.498812).  Saving model ...
Updating learning rate to 0.0009938441702975688
Epoch: 2 cost time: 0.7088479995727539
Epoch: 2, Steps: 6 | Train Loss: 1.5081975 Vali Loss: 1.9904708
EarlyStopping counter: 1 out of 5
Updating learning rate to 0.0009755282581475768
Epoch: 3 cost time: 0.7090461254119873
Epoch: 3, Steps: 6 | Train Loss: 1.5806693 Vali Loss: 1.5793495
EarlyStopping counter: 2 out of 5
Updating learning rate to 0.0009455032620941839
Epoch: 4 cost time: 0.7277569770812988
Epoch: 4, Steps: 6 | Train Loss: 1.4952534 Vali Loss: 1.2455742
Validation loss decreased (1.498812 --> 1.245574).  Saving model ...
Updating learning rate to 0.0009045084971874737
Epoch: 5 cost time: 0.6905758380889893
Epoch: 5, Steps: 6 | Train Loss: 1.3195838 Vali Loss: 1.1926493
Validation loss decreased (1.245574 --> 1.192649).  Saving model ...
Updating learning rate to 0.0008535533905932737
Epoch: 6 cost time: 0.7203369140625
Epoch: 6, Steps: 6 | Train Loss: 1.3141933 Vali Loss: 1.3524055
EarlyStopping counter: 1 out of 5
Updating learning rate to 0.0007938926261462366
Epoch: 7 cost time: 0.77091383934021
Epoch: 7, Steps: 6 | Train Loss: 1.4045599 Vali Loss: 1.5828773
EarlyStopping counter: 2 out of 5
Updating learning rate to 0.0007269952498697733
Epoch: 8 cost time: 0.739743709564209
Epoch: 8, Steps: 6 | Train Loss: 1.1957291 Vali Loss: 1.1438677
Validation loss decreased (1.192649 --> 1.143868).  Saving model ...
Updating learning rate to 0.0006545084971874737
Epoch: 9 cost time: 0.7388720512390137
Epoch: 9, Steps: 6 | Train Loss: 1.2510033 Vali Loss: 1.2558849
EarlyStopping counter: 1 out of 5
Updating learning rate to 0.0005782172325201155
Epoch: 10 cost time: 0.7489783763885498
Epoch: 10, Steps: 6 | Train Loss: 1.1818080 Vali Loss: 1.2201850
EarlyStopping counter: 2 out of 5
Updating learning rate to 0.0005
Epoch: 11 cost time: 0.7367148399353027
Epoch: 11, Steps: 6 | Train Loss: 1.1935622 Vali Loss: 1.1637716
EarlyStopping counter: 3 out of 5
Updating learning rate to 0.0004217827674798845
Epoch: 12 cost time: 0.734668493270874
Epoch: 12, Steps: 6 | Train Loss: 1.2465719 Vali Loss: 1.0889212
Validation loss decreased (1.143868 --> 1.088921).  Saving model ...
Updating learning rate to 0.00034549150281252633
Epoch: 13 cost time: 0.7362468242645264
Epoch: 13, Steps: 6 | Train Loss: 1.2980950 Vali Loss: 1.1992736
EarlyStopping counter: 1 out of 5
Updating learning rate to 0.00027300475013022663
Epoch: 14 cost time: 0.7202107906341553
Epoch: 14, Steps: 6 | Train Loss: 1.1309804 Vali Loss: 1.1750897
EarlyStopping counter: 2 out of 5
Updating learning rate to 0.00020610737385376348
Epoch: 15 cost time: 0.7140026092529297
Epoch: 15, Steps: 6 | Train Loss: 1.1964397 Vali Loss: 1.1946428
EarlyStopping counter: 3 out of 5
Updating learning rate to 0.00014644660940672628
Epoch: 16 cost time: 0.7056128978729248
Epoch: 16, Steps: 6 | Train Loss: 1.1282363 Vali Loss: 1.1325878
EarlyStopping counter: 4 out of 5
Updating learning rate to 9.549150281252633e-05
Epoch: 17 cost time: 0.7189216613769531
Epoch: 17, Steps: 6 | Train Loss: 1.1019606 Vali Loss: 1.1166303
EarlyStopping counter: 5 out of 5
Early stopping
>>>>>>>testing : anomaly_detection_EXATHLON_ISTAD_EXATHLON_ftM_sl100_bmhgat_v3_hglite_bs128_e2_learned_dynamic_s98_0<<<<<<<<<<<<<<<<<<<<<<<<<<<<<<<<<
test: (52844, 19)
train: (70584, 19)
test 528
test: (52844, 19)
train: (70584, 19)
score_train 705
Percentile Threshold Source: train
Percentile Threshold : 4.927972612380975
Saved point scores and labels: /data/modeluse/TS/ISTAD-release/analysis/e2_architecture_ablation/runtime/anomaly_detection_EXATHLON_ISTAD_EXATHLON_ftM_sl100_bmhgat_v3_hglite_bs128_e2_learned_dynamic_s98_0/point_scores.npz
pred_raw: (52800,)
gt:      (52800,)
pred_pa: (52800,)
gt_pa:   (52800,)

============================================================
使用百分位数阈值的结果:
============================================================
Raw point F1: 0.2080 (P=0.7071, R=0.1219)
Accuracy : 0.9877, Precision : 0.9497, Recall : 0.9545, F-score : 0.9521 
============================================================


使用自适应 Best F1 搜索（两阶段）
粗搜索步数: 200, 精细搜索步数: 500

============================================================
自适应 Best F1 阈值搜索（两阶段）
============================================================

分数统计信息:
  最小值: 0.012197
  最大值: 1426.244873
  均值: 0.853304
  标准差: 13.285088
  中位数: 0.194175
  第1百分位: 0.043396
  第99百分位: 9.057574

自动确定的搜索范围: [0.021698, 18.115149]

============================================================
阶段 1: 粗搜索（步数: 200）
============================================================

============================================================
开始 Best F1 阈值搜索...
============================================================
搜索范围: [0.0217, 18.1151]
搜索步数: 200
使用点调整: False
阈值: 0.1122 | F1: 0.2822 | Precision: 0.1650 | Recall: 0.9738
阈值: 1.9215 | F1: 0.4329 | Precision: 0.7462 | Recall: 0.3049
阈值: 3.7309 | F1: 0.2445 | Precision: 0.7028 | Recall: 0.1480
阈值: 5.5402 | F1: 0.1740 | Precision: 0.6898 | Recall: 0.0996
阈值: 7.3495 | F1: 0.1157 | Precision: 0.6530 | Recall: 0.0635
阈值: 9.1589 | F1: 0.0892 | Precision: 0.6281 | Recall: 0.0480
阈值: 10.9682 | F1: 0.0751 | Precision: 0.6376 | Recall: 0.0399
阈值: 12.7776 | F1: 0.0668 | Precision: 0.6512 | Recall: 0.0352
阈值: 14.5869 | F1: 0.0575 | Precision: 0.6755 | Recall: 0.0300
阈值: 16.3963 | F1: 0.0427 | Precision: 0.6224 | Recall: 0.0221

============================================================
✓ 找到最佳阈值: 0.654969
  最佳 F1: 0.6552
  Precision: 0.6599
  Recall: 0.6505
============================================================


============================================================
阶段 2: 精细搜索（步数: 500）
============================================================
在最佳阈值 0.654969 附近精细搜索
精细搜索范围: [0.021698, 2.464314]

============================================================
开始 Best F1 阈值搜索...
============================================================
搜索范围: [0.0217, 2.4643]
搜索步数: 500
使用点调整: False
阈值: 0.0266 | F1: 0.2280 | Precision: 0.1287 | Recall: 1.0000
阈值: 0.2708 | F1: 0.4601 | Precision: 0.3159 | Recall: 0.8465
阈值: 0.5151 | F1: 0.6365 | Precision: 0.5796 | Recall: 0.7059
阈值: 0.7594 | F1: 0.6534 | Precision: 0.6972 | Recall: 0.6147
阈值: 1.0036 | F1: 0.6165 | Precision: 0.7425 | Recall: 0.5271
阈值: 1.2479 | F1: 0.5772 | Precision: 0.7598 | Recall: 0.4654
阈值: 1.4922 | F1: 0.5199 | Precision: 0.7589 | Recall: 0.3954
阈值: 1.7364 | F1: 0.4600 | Precision: 0.7453 | Recall: 0.3327
阈值: 1.9807 | F1: 0.4249 | Precision: 0.7457 | Recall: 0.2971
阈值: 2.2249 | F1: 0.3938 | Precision: 0.7431 | Recall: 0.2679

============================================================
✓ 找到最佳阈值: 0.681204
  最佳 F1: 0.6570
  Precision: 0.6718
  Recall: 0.6429
============================================================


✓ 精细搜索找到更好的阈值！

============================================================
自适应搜索完成！
============================================================
最终最佳阈值: 0.681204
最佳 F1: 0.6570
Precision: 0.6718
Recall: 0.6429
============================================================

Saved Best F1 results: /data/modeluse/TS/ISTAD-release/analysis/e2_architecture_ablation/runtime/anomaly_detection_EXATHLON_ISTAD_EXATHLON_ftM_sl100_bmhgat_v3_hglite_bs128_e2_learned_dynamic_s98_0/bestf1_threshold_results.json
Saved anomaly score plot: /data/modeluse/TS/ISTAD-release/analysis/e2_architecture_ablation/runtime/anomaly_detection_EXATHLON_ISTAD_EXATHLON_ftM_sl100_bmhgat_v3_hglite_bs128_e2_learned_dynamic_s98_0/anomaly_score_threshold.png
ISTAD explainability is disabled by --istad_enable_explain 0
Saved train time summary: /data/modeluse/TS/ISTAD-release/analysis/e2_architecture_ablation/runtime/anomaly_detection_EXATHLON_ISTAD_EXATHLON_ftM_sl100_bmhgat_v3_hglite_bs128_e2_learned_dynamic_s98_0/train_time_summary.json
=== E2 EXATHLON seed 98 learned_static ===
Using GPU
Args in experiment:
[1mBasic Config[0m
  Task Name:          anomaly_detection   Is Training:        1                   
  Model ID:           EXATHLON            Model:              ISTAD               
  Seed:               98                  Itr:                1                   

[1mData Loader[0m
  Data:               EXATHLON            Root Path:          /data/modeluse/TS/ISTAD/dataset/EXATHLON
  Features:           M                   Seq Len:            100                 
  Enc In:             19                  C Out:              19                  
  Checkpoints:        /data/modeluse/TS/ISTAD-release/checkpoints/ISTAD_e2_architecture_ablation
  Eval Step:          100                 

[1mAnomaly Detection Task[0m
  Anomaly Ratio:      1.0                 Threshold Source:   train               

[1mISTAD Parameters[0m
  Kernel Size:        7                   Branch Mode:        hgat                
  TCN Type:           kan                 
  Feat GAT Dim:       -1                  GRU Layers:         1                   
  GRU Hidden:         150                 Recon Layers:       1                   
  Recon Hidden:       32                  ISTAD Dropout:      0.3                 
  Recon Type:         pointwise           KANAD Order:        3                   
  Objective:          reconstruct         Target / Lag:       ('', 1)             
  Leaky Alpha:        0.2                 H Init:             normal              
  Hyperedges:         -1                  Top-K Nodes:        -1                  
  Spatial Type:       lite                HGAT Rank:          8                   
  HGAT Projection:    linear              Relation Mode:      static              
  KAN Grid:           5                   KAN Order:          3                   
  Arch:               legacy              Ablation:           full                
  Explainability:     0                   Explain Batches:    0                   
  Explain Points:     20000               Explain TopK:       10                  
  SmoothGrad:         0                   SG Samples:         20                  
  SG Noise:           0.1                 Quad Mode:          quantile            
  Quad Value:         0.75                Err Agg:            sum                 
  Sal Agg:            sum                 
  V3 Denoise:         1                   Evidence Head:      0                   
  Clean / Denoise:    (1.0, 0.5)          Evidence Weight:    0.2                 
  Frequency Weight:   0.0                 
  Point Evidence:     0.0                 
  Corrupt P/T/C:      (0.8, 0.15, 0.2)    Corrupt Scale:      1.5                 
  Corrupt Modes:      4                   Target-only corrupt:0                   
  Score Mode:         base_mean           Score Agg / K:      ('calibrated', 3)   
  Evidence Map:       prob                Dump Scores:        1                   
  Strict Val:         1                   Hide Test Loss:     1                   
  Entity Aware:       0                   

[1mRun Parameters[0m
  Num Workers:        4                   Batch Size:         128                 
  Train Epochs:       20                  Patience:           5                   
  Learning Rate:      0.001               Lradj:              cosine              
  Des:                e2_learned_static_s98

[1mGPU[0m
  Use GPU:            1                   GPU:                0                   
  Use Multi GPU:      0                   Devices:            0,1,2,3             

Use GPU: cuda:0
🚀 Lazy Loading: ISTAD ...
>>>>>>>start training : anomaly_detection_EXATHLON_ISTAD_EXATHLON_ftM_sl100_bmhgat_relstatic_v3_hglite_bs128_e2_learned_static_s98_0>>>>>>>>>>>>>>>>>>>>>>>>>>
test: (52844, 19)
train: (70584, 19)
train 742
test: (52844, 19)
train: (70584, 19)
val 185
Epoch: 1 cost time: 1.7618277072906494
Epoch: 1, Steps: 6 | Train Loss: 1.5458559 Vali Loss: 1.5040403
Validation loss decreased (inf --> 1.504040).  Saving model ...
Updating learning rate to 0.0009938441702975688
Epoch: 2 cost time: 0.6987249851226807
Epoch: 2, Steps: 6 | Train Loss: 1.5106707 Vali Loss: 1.9962317
EarlyStopping counter: 1 out of 5
Updating learning rate to 0.0009755282581475768
Epoch: 3 cost time: 0.7115116119384766
Epoch: 3, Steps: 6 | Train Loss: 1.5894392 Vali Loss: 1.5925694
EarlyStopping counter: 2 out of 5
Updating learning rate to 0.0009455032620941839
Epoch: 4 cost time: 0.7128956317901611
Epoch: 4, Steps: 6 | Train Loss: 1.5065896 Vali Loss: 1.2495112
Validation loss decreased (1.504040 --> 1.249511).  Saving model ...
Updating learning rate to 0.0009045084971874737
Epoch: 5 cost time: 0.7045180797576904
Epoch: 5, Steps: 6 | Train Loss: 1.3272821 Vali Loss: 1.1930072
Validation loss decreased (1.249511 --> 1.193007).  Saving model ...
Updating learning rate to 0.0008535533905932737
Epoch: 6 cost time: 0.7002029418945312
Epoch: 6, Steps: 6 | Train Loss: 1.3205544 Vali Loss: 1.3568288
EarlyStopping counter: 1 out of 5
Updating learning rate to 0.0007938926261462366
Epoch: 7 cost time: 0.7054970264434814
Epoch: 7, Steps: 6 | Train Loss: 1.4124884 Vali Loss: 1.5901086
EarlyStopping counter: 2 out of 5
Updating learning rate to 0.0007269952498697733
Epoch: 8 cost time: 0.682858943939209
Epoch: 8, Steps: 6 | Train Loss: 1.2065337 Vali Loss: 1.1540263
Validation loss decreased (1.193007 --> 1.154026).  Saving model ...
Updating learning rate to 0.0006545084971874737
Epoch: 9 cost time: 0.7006149291992188
Epoch: 9, Steps: 6 | Train Loss: 1.2642689 Vali Loss: 1.2657026
EarlyStopping counter: 1 out of 5
Updating learning rate to 0.0005782172325201155
Epoch: 10 cost time: 0.6974835395812988
Epoch: 10, Steps: 6 | Train Loss: 1.1927735 Vali Loss: 1.2265844
EarlyStopping counter: 2 out of 5
Updating learning rate to 0.0005
Epoch: 11 cost time: 0.6939692497253418
Epoch: 11, Steps: 6 | Train Loss: 1.2034149 Vali Loss: 1.1702551
EarlyStopping counter: 3 out of 5
Updating learning rate to 0.0004217827674798845
Epoch: 12 cost time: 0.6999588012695312
Epoch: 12, Steps: 6 | Train Loss: 1.2565092 Vali Loss: 1.0959048
Validation loss decreased (1.154026 --> 1.095905).  Saving model ...
Updating learning rate to 0.00034549150281252633
Epoch: 13 cost time: 0.7075202465057373
Epoch: 13, Steps: 6 | Train Loss: 1.3109188 Vali Loss: 1.2080911
EarlyStopping counter: 1 out of 5
Updating learning rate to 0.00027300475013022663
Epoch: 14 cost time: 0.6762473583221436
Epoch: 14, Steps: 6 | Train Loss: 1.1413393 Vali Loss: 1.1842403
EarlyStopping counter: 2 out of 5
Updating learning rate to 0.00020610737385376348
Epoch: 15 cost time: 0.7119126319885254
Epoch: 15, Steps: 6 | Train Loss: 1.2090487 Vali Loss: 1.2013812
EarlyStopping counter: 3 out of 5
Updating learning rate to 0.00014644660940672628
Epoch: 16 cost time: 0.694817304611206
Epoch: 16, Steps: 6 | Train Loss: 1.1412925 Vali Loss: 1.1426020
EarlyStopping counter: 4 out of 5
Updating learning rate to 9.549150281252633e-05
Epoch: 17 cost time: 0.7091867923736572
Epoch: 17, Steps: 6 | Train Loss: 1.1133976 Vali Loss: 1.1244349
EarlyStopping counter: 5 out of 5
Early stopping
>>>>>>>testing : anomaly_detection_EXATHLON_ISTAD_EXATHLON_ftM_sl100_bmhgat_relstatic_v3_hglite_bs128_e2_learned_static_s98_0<<<<<<<<<<<<<<<<<<<<<<<<<<<<<<<<<
test: (52844, 19)
train: (70584, 19)
test 528
test: (52844, 19)
train: (70584, 19)
score_train 705
Percentile Threshold Source: train
Percentile Threshold : 4.92898510932914
Saved point scores and labels: /data/modeluse/TS/ISTAD-release/analysis/e2_architecture_ablation/runtime/anomaly_detection_EXATHLON_ISTAD_EXATHLON_ftM_sl100_bmhgat_relstatic_v3_hglite_bs128_e2_learned_static_s98_0/point_scores.npz
pred_raw: (52800,)
gt:      (52800,)
pred_pa: (52800,)
gt_pa:   (52800,)

============================================================
使用百分位数阈值的结果:
============================================================
Raw point F1: 0.2068 (P=0.7046, R=0.1212)
Accuracy : 0.9888, Precision : 0.9499, Recall : 0.9639, F-score : 0.9569 
============================================================


使用自适应 Best F1 搜索（两阶段）
粗搜索步数: 200, 精细搜索步数: 500

============================================================
自适应 Best F1 阈值搜索（两阶段）
============================================================

分数统计信息:
  最小值: 0.014464
  最大值: 1428.973877
  均值: 0.855254
  标准差: 13.310505
  中位数: 0.194293
  第1百分位: 0.043803
  第99百分位: 9.075428

自动确定的搜索范围: [0.021901, 18.150855]

============================================================
阶段 1: 粗搜索（步数: 200）
============================================================

============================================================
开始 Best F1 阈值搜索...
============================================================
搜索范围: [0.0219, 18.1509]
搜索步数: 200
使用点调整: False
阈值: 0.1125 | F1: 0.2828 | Precision: 0.1655 | Recall: 0.9720
阈值: 1.9254 | F1: 0.4313 | Precision: 0.7446 | Recall: 0.3035
阈值: 3.7383 | F1: 0.2435 | Precision: 0.7022 | Recall: 0.1473
阈值: 5.5512 | F1: 0.1728 | Precision: 0.6882 | Recall: 0.0988
阈值: 7.3641 | F1: 0.1159 | Precision: 0.6526 | Recall: 0.0636
阈值: 9.1770 | F1: 0.0892 | Precision: 0.6293 | Recall: 0.0480
阈值: 10.9899 | F1: 0.0759 | Precision: 0.6417 | Recall: 0.0404
阈值: 12.8028 | F1: 0.0665 | Precision: 0.6485 | Recall: 0.0351
阈值: 14.6157 | F1: 0.0583 | Precision: 0.6743 | Recall: 0.0305
阈值: 16.4286 | F1: 0.0429 | Precision: 0.6240 | Recall: 0.0222

============================================================
✓ 找到最佳阈值: 0.656415
  最佳 F1: 0.6582
  Precision: 0.6607
  Recall: 0.6557
============================================================


============================================================
阶段 2: 精细搜索（步数: 500）
============================================================
在最佳阈值 0.656415 附近精细搜索
精细搜索范围: [0.021901, 2.469310]

============================================================
开始 Best F1 阈值搜索...
============================================================
搜索范围: [0.0219, 2.4693]
搜索步数: 500
使用点调整: False
阈值: 0.0268 | F1: 0.2280 | Precision: 0.1287 | Recall: 1.0000
阈值: 0.2715 | F1: 0.4604 | Precision: 0.3161 | Recall: 0.8465
阈值: 0.5163 | F1: 0.6395 | Precision: 0.5811 | Recall: 0.7109
阈值: 0.7610 | F1: 0.6563 | Precision: 0.6979 | Recall: 0.6194
阈值: 1.0058 | F1: 0.6196 | Precision: 0.7425 | Recall: 0.5317
阈值: 1.2505 | F1: 0.5769 | Precision: 0.7584 | Recall: 0.4655
阈值: 1.4952 | F1: 0.5183 | Precision: 0.7574 | Recall: 0.3940
阈值: 1.7400 | F1: 0.4580 | Precision: 0.7435 | Recall: 0.3309
阈值: 1.9847 | F1: 0.4208 | Precision: 0.7424 | Recall: 0.2937
阈值: 2.2295 | F1: 0.3903 | Precision: 0.7406 | Recall: 0.2649

============================================================
✓ 找到最佳阈值: 0.712071
  最佳 F1: 0.6593
  Precision: 0.6829
  Recall: 0.6374
============================================================


✓ 精细搜索找到更好的阈值！

============================================================
自适应搜索完成！
============================================================
最终最佳阈值: 0.712071
最佳 F1: 0.6593
Precision: 0.6829
Recall: 0.6374
============================================================

Saved Best F1 results: /data/modeluse/TS/ISTAD-release/analysis/e2_architecture_ablation/runtime/anomaly_detection_EXATHLON_ISTAD_EXATHLON_ftM_sl100_bmhgat_relstatic_v3_hglite_bs128_e2_learned_static_s98_0/bestf1_threshold_results.json
Saved anomaly score plot: /data/modeluse/TS/ISTAD-release/analysis/e2_architecture_ablation/runtime/anomaly_detection_EXATHLON_ISTAD_EXATHLON_ftM_sl100_bmhgat_relstatic_v3_hglite_bs128_e2_learned_static_s98_0/anomaly_score_threshold.png
ISTAD explainability is disabled by --istad_enable_explain 0
Saved train time summary: /data/modeluse/TS/ISTAD-release/analysis/e2_architecture_ablation/runtime/anomaly_detection_EXATHLON_ISTAD_EXATHLON_ftM_sl100_bmhgat_relstatic_v3_hglite_bs128_e2_learned_static_s98_0/train_time_summary.json
=== E2 EXATHLON seed 98 fixed_random ===
Using GPU
Args in experiment:
[1mBasic Config[0m
  Task Name:          anomaly_detection   Is Training:        1                   
  Model ID:           EXATHLON            Model:              ISTAD               
  Seed:               98                  Itr:                1                   

[1mData Loader[0m
  Data:               EXATHLON            Root Path:          /data/modeluse/TS/ISTAD/dataset/EXATHLON
  Features:           M                   Seq Len:            100                 
  Enc In:             19                  C Out:              19                  
  Checkpoints:        /data/modeluse/TS/ISTAD-release/checkpoints/ISTAD_e2_architecture_ablation
  Eval Step:          100                 

[1mAnomaly Detection Task[0m
  Anomaly Ratio:      1.0                 Threshold Source:   train               

[1mISTAD Parameters[0m
  Kernel Size:        7                   Branch Mode:        hgat                
  TCN Type:           kan                 
  Feat GAT Dim:       -1                  GRU Layers:         1                   
  GRU Hidden:         150                 Recon Layers:       1                   
  Recon Hidden:       32                  ISTAD Dropout:      0.3                 
  Recon Type:         pointwise           KANAD Order:        3                   
  Objective:          reconstruct         Target / Lag:       ('', 1)             
  Leaky Alpha:        0.2                 H Init:             normal              
  Hyperedges:         -1                  Top-K Nodes:        -1                  
  Spatial Type:       lite                HGAT Rank:          8                   
  HGAT Projection:    linear              Relation Mode:      fixed_random        
  KAN Grid:           5                   KAN Order:          3                   
  Arch:               legacy              Ablation:           full                
  Explainability:     0                   Explain Batches:    0                   
  Explain Points:     20000               Explain TopK:       10                  
  SmoothGrad:         0                   SG Samples:         20                  
  SG Noise:           0.1                 Quad Mode:          quantile            
  Quad Value:         0.75                Err Agg:            sum                 
  Sal Agg:            sum                 
  V3 Denoise:         1                   Evidence Head:      0                   
  Clean / Denoise:    (1.0, 0.5)          Evidence Weight:    0.2                 
  Frequency Weight:   0.0                 
  Point Evidence:     0.0                 
  Corrupt P/T/C:      (0.8, 0.15, 0.2)    Corrupt Scale:      1.5                 
  Corrupt Modes:      4                   Target-only corrupt:0                   
  Score Mode:         base_mean           Score Agg / K:      ('calibrated', 3)   
  Evidence Map:       prob                Dump Scores:        1                   
  Strict Val:         1                   Hide Test Loss:     1                   
  Entity Aware:       0                   

[1mRun Parameters[0m
  Num Workers:        4                   Batch Size:         128                 
  Train Epochs:       20                  Patience:           5                   
  Learning Rate:      0.001               Lradj:              cosine              
  Des:                e2_fixed_random_s98 

[1mGPU[0m
  Use GPU:            1                   GPU:                0                   
  Use Multi GPU:      0                   Devices:            0,1,2,3             

Use GPU: cuda:0
🚀 Lazy Loading: ISTAD ...
>>>>>>>start training : anomaly_detection_EXATHLON_ISTAD_EXATHLON_ftM_sl100_bmhgat_relfixed_random_v3_hglite_bs128_e2_fixed_random_s98_0>>>>>>>>>>>>>>>>>>>>>>>>>>
test: (52844, 19)
train: (70584, 19)
train 742
test: (52844, 19)
train: (70584, 19)
val 185
Epoch: 1 cost time: 1.6599681377410889
Epoch: 1, Steps: 6 | Train Loss: 1.5465285 Vali Loss: 1.4943036
Validation loss decreased (inf --> 1.494304).  Saving model ...
Updating learning rate to 0.0009938441702975688
Epoch: 2 cost time: 0.6700830459594727
Epoch: 2, Steps: 6 | Train Loss: 1.5054089 Vali Loss: 1.9887739
EarlyStopping counter: 1 out of 5
Updating learning rate to 0.0009755282581475768
Epoch: 3 cost time: 0.6648902893066406
Epoch: 3, Steps: 6 | Train Loss: 1.5827510 Vali Loss: 1.5760286
EarlyStopping counter: 2 out of 5
Updating learning rate to 0.0009455032620941839
Epoch: 4 cost time: 0.6710469722747803
Epoch: 4, Steps: 6 | Train Loss: 1.4993661 Vali Loss: 1.2395906
Validation loss decreased (1.494304 --> 1.239591).  Saving model ...
Updating learning rate to 0.0009045084971874737
Epoch: 5 cost time: 0.6735997200012207
Epoch: 5, Steps: 6 | Train Loss: 1.3225767 Vali Loss: 1.1842008
Validation loss decreased (1.239591 --> 1.184201).  Saving model ...
Updating learning rate to 0.0008535533905932737
Epoch: 6 cost time: 0.686826229095459
Epoch: 6, Steps: 6 | Train Loss: 1.3155452 Vali Loss: 1.3427549
EarlyStopping counter: 1 out of 5
Updating learning rate to 0.0007938926261462366
Epoch: 7 cost time: 0.6892638206481934
Epoch: 7, Steps: 6 | Train Loss: 1.4058415 Vali Loss: 1.5780784
EarlyStopping counter: 2 out of 5
Updating learning rate to 0.0007269952498697733
Epoch: 8 cost time: 0.6809372901916504
Epoch: 8, Steps: 6 | Train Loss: 1.1992422 Vali Loss: 1.1397438
Validation loss decreased (1.184201 --> 1.139744).  Saving model ...
Updating learning rate to 0.0006545084971874737
Epoch: 9 cost time: 0.6826179027557373
Epoch: 9, Steps: 6 | Train Loss: 1.2539805 Vali Loss: 1.2538767
EarlyStopping counter: 1 out of 5
Updating learning rate to 0.0005782172325201155
Epoch: 10 cost time: 0.6852560043334961
Epoch: 10, Steps: 6 | Train Loss: 1.1850185 Vali Loss: 1.2177615
EarlyStopping counter: 2 out of 5
Updating learning rate to 0.0005
Epoch: 11 cost time: 0.723907470703125
Epoch: 11, Steps: 6 | Train Loss: 1.1966123 Vali Loss: 1.1617039
EarlyStopping counter: 3 out of 5
Updating learning rate to 0.0004217827674798845
Epoch: 12 cost time: 0.6810827255249023
Epoch: 12, Steps: 6 | Train Loss: 1.2481721 Vali Loss: 1.0855360
Validation loss decreased (1.139744 --> 1.085536).  Saving model ...
Updating learning rate to 0.00034549150281252633
Epoch: 13 cost time: 0.6907570362091064
Epoch: 13, Steps: 6 | Train Loss: 1.3008436 Vali Loss: 1.1975145
EarlyStopping counter: 1 out of 5
Updating learning rate to 0.00027300475013022663
Epoch: 14 cost time: 0.6693930625915527
Epoch: 14, Steps: 6 | Train Loss: 1.1337957 Vali Loss: 1.1702710
EarlyStopping counter: 2 out of 5
Updating learning rate to 0.00020610737385376348
Epoch: 15 cost time: 0.67433762550354
Epoch: 15, Steps: 6 | Train Loss: 1.1999534 Vali Loss: 1.1907660
EarlyStopping counter: 3 out of 5
Updating learning rate to 0.00014644660940672628
Epoch: 16 cost time: 0.671743631362915
Epoch: 16, Steps: 6 | Train Loss: 1.1308069 Vali Loss: 1.1312931
EarlyStopping counter: 4 out of 5
Updating learning rate to 9.549150281252633e-05
Epoch: 17 cost time: 0.6762425899505615
Epoch: 17, Steps: 6 | Train Loss: 1.1053526 Vali Loss: 1.1120065
EarlyStopping counter: 5 out of 5
Early stopping
>>>>>>>testing : anomaly_detection_EXATHLON_ISTAD_EXATHLON_ftM_sl100_bmhgat_relfixed_random_v3_hglite_bs128_e2_fixed_random_s98_0<<<<<<<<<<<<<<<<<<<<<<<<<<<<<<<<<
test: (52844, 19)
train: (70584, 19)
test 528
test: (52844, 19)
train: (70584, 19)
score_train 705
Percentile Threshold Source: train
Percentile Threshold : 4.890376081466556
Saved point scores and labels: /data/modeluse/TS/ISTAD-release/analysis/e2_architecture_ablation/runtime/anomaly_detection_EXATHLON_ISTAD_EXATHLON_ftM_sl100_bmhgat_relfixed_random_v3_hglite_bs128_e2_fixed_random_s98_0/point_scores.npz
pred_raw: (52800,)
gt:      (52800,)
pred_pa: (52800,)
gt_pa:   (52800,)

============================================================
使用百分位数阈值的结果:
============================================================
Raw point F1: 0.2069 (P=0.7064, R=0.1212)
Accuracy : 0.9889, Precision : 0.9503, Recall : 0.9639, F-score : 0.9571 
============================================================


使用自适应 Best F1 搜索（两阶段）
粗搜索步数: 200, 精细搜索步数: 500

============================================================
自适应 Best F1 阈值搜索（两阶段）
============================================================

分数统计信息:
  最小值: 0.015118
  最大值: 1430.434448
  均值: 0.852480
  标准差: 13.316429
  中位数: 0.194238
  第1百分位: 0.044873
  第99百分位: 9.048190

自动确定的搜索范围: [0.022436, 18.096380]

============================================================
阶段 1: 粗搜索（步数: 200）
============================================================

============================================================
开始 Best F1 阈值搜索...
============================================================
搜索范围: [0.0224, 18.0964]
搜索步数: 200
使用点调整: False
阈值: 0.1128 | F1: 0.2795 | Precision: 0.1633 | Recall: 0.9711
阈值: 1.9202 | F1: 0.4301 | Precision: 0.7446 | Recall: 0.3024
阈值: 3.7276 | F1: 0.2436 | Precision: 0.7015 | Recall: 0.1474
阈值: 5.5350 | F1: 0.1693 | Precision: 0.6840 | Recall: 0.0966
阈值: 7.3424 | F1: 0.1159 | Precision: 0.6526 | Recall: 0.0636
阈值: 9.1498 | F1: 0.0887 | Precision: 0.6279 | Recall: 0.0477
阈值: 10.9572 | F1: 0.0757 | Precision: 0.6408 | Recall: 0.0402
阈值: 12.7646 | F1: 0.0663 | Precision: 0.6511 | Recall: 0.0349
阈值: 14.5720 | F1: 0.0575 | Precision: 0.6733 | Recall: 0.0300
阈值: 16.3794 | F1: 0.0429 | Precision: 0.6240 | Recall: 0.0222

============================================================
✓ 找到最佳阈值: 0.655024
  最佳 F1: 0.6565
  Precision: 0.6622
  Recall: 0.6510
============================================================


============================================================
阶段 2: 精细搜索（步数: 500）
============================================================
在最佳阈值 0.655024 附近精细搜索
精细搜索范围: [0.022436, 2.462419]

============================================================
开始 Best F1 阈值搜索...
============================================================
搜索范围: [0.0224, 2.4624]
搜索步数: 500
使用点调整: False
阈值: 0.0273 | F1: 0.2279 | Precision: 0.1286 | Recall: 1.0000
阈值: 0.2713 | F1: 0.4612 | Precision: 0.3176 | Recall: 0.8418
阈值: 0.5153 | F1: 0.6371 | Precision: 0.5820 | Recall: 0.7038
阈值: 0.7593 | F1: 0.6533 | Precision: 0.6992 | Recall: 0.6131
阈值: 1.0033 | F1: 0.6265 | Precision: 0.7481 | Recall: 0.5389
阈值: 1.2473 | F1: 0.5785 | Precision: 0.7599 | Recall: 0.4670
阈值: 1.4913 | F1: 0.5224 | Precision: 0.7597 | Recall: 0.3981
阈值: 1.7353 | F1: 0.4616 | Precision: 0.7474 | Recall: 0.3339
阈值: 1.9793 | F1: 0.4224 | Precision: 0.7435 | Recall: 0.2950
阈值: 2.2233 | F1: 0.3898 | Precision: 0.7403 | Recall: 0.2645

============================================================
✓ 找到最佳阈值: 0.651952
  最佳 F1: 0.6566
  Precision: 0.6611
  Recall: 0.6521
============================================================


✓ 精细搜索找到更好的阈值！

============================================================
自适应搜索完成！
============================================================
最终最佳阈值: 0.651952
最佳 F1: 0.6566
Precision: 0.6611
Recall: 0.6521
============================================================

Saved Best F1 results: /data/modeluse/TS/ISTAD-release/analysis/e2_architecture_ablation/runtime/anomaly_detection_EXATHLON_ISTAD_EXATHLON_ftM_sl100_bmhgat_relfixed_random_v3_hglite_bs128_e2_fixed_random_s98_0/bestf1_threshold_results.json
Saved anomaly score plot: /data/modeluse/TS/ISTAD-release/analysis/e2_architecture_ablation/runtime/anomaly_detection_EXATHLON_ISTAD_EXATHLON_ftM_sl100_bmhgat_relfixed_random_v3_hglite_bs128_e2_fixed_random_s98_0/anomaly_score_threshold.png
ISTAD explainability is disabled by --istad_enable_explain 0
Saved train time summary: /data/modeluse/TS/ISTAD-release/analysis/e2_architecture_ablation/runtime/anomaly_detection_EXATHLON_ISTAD_EXATHLON_ftM_sl100_bmhgat_relfixed_random_v3_hglite_bs128_e2_fixed_random_s98_0/train_time_summary.json
=== E2 EXATHLON seed 98 no_message ===
Using GPU
Args in experiment:
[1mBasic Config[0m
  Task Name:          anomaly_detection   Is Training:        1                   
  Model ID:           EXATHLON            Model:              ISTAD               
  Seed:               98                  Itr:                1                   

[1mData Loader[0m
  Data:               EXATHLON            Root Path:          /data/modeluse/TS/ISTAD/dataset/EXATHLON
  Features:           M                   Seq Len:            100                 
  Enc In:             19                  C Out:              19                  
  Checkpoints:        /data/modeluse/TS/ISTAD-release/checkpoints/ISTAD_e2_architecture_ablation
  Eval Step:          100                 

[1mAnomaly Detection Task[0m
  Anomaly Ratio:      1.0                 Threshold Source:   train               

[1mISTAD Parameters[0m
  Kernel Size:        7                   Branch Mode:        hgat                
  TCN Type:           kan                 
  Feat GAT Dim:       -1                  GRU Layers:         1                   
  GRU Hidden:         150                 Recon Layers:       1                   
  Recon Hidden:       32                  ISTAD Dropout:      0.3                 
  Recon Type:         pointwise           KANAD Order:        3                   
  Objective:          reconstruct         Target / Lag:       ('', 1)             
  Leaky Alpha:        0.2                 H Init:             normal              
  Hyperedges:         -1                  Top-K Nodes:        -1                  
  Spatial Type:       lite                HGAT Rank:          8                   
  HGAT Projection:    linear              Relation Mode:      no_message          
  KAN Grid:           5                   KAN Order:          3                   
  Arch:               legacy              Ablation:           full                
  Explainability:     0                   Explain Batches:    0                   
  Explain Points:     20000               Explain TopK:       10                  
  SmoothGrad:         0                   SG Samples:         20                  
  SG Noise:           0.1                 Quad Mode:          quantile            
  Quad Value:         0.75                Err Agg:            sum                 
  Sal Agg:            sum                 
  V3 Denoise:         1                   Evidence Head:      0                   
  Clean / Denoise:    (1.0, 0.5)          Evidence Weight:    0.2                 
  Frequency Weight:   0.0                 
  Point Evidence:     0.0                 
  Corrupt P/T/C:      (0.8, 0.15, 0.2)    Corrupt Scale:      1.5                 
  Corrupt Modes:      4                   Target-only corrupt:0                   
  Score Mode:         base_mean           Score Agg / K:      ('calibrated', 3)   
  Evidence Map:       prob                Dump Scores:        1                   
  Strict Val:         1                   Hide Test Loss:     1                   
  Entity Aware:       0                   

[1mRun Parameters[0m
  Num Workers:        4                   Batch Size:         128                 
  Train Epochs:       20                  Patience:           5                   
  Learning Rate:      0.001               Lradj:              cosine              
  Des:                e2_no_message_s98   

[1mGPU[0m
  Use GPU:            1                   GPU:                0                   
  Use Multi GPU:      0                   Devices:            0,1,2,3             

Use GPU: cuda:0
🚀 Lazy Loading: ISTAD ...
>>>>>>>start training : anomaly_detection_EXATHLON_ISTAD_EXATHLON_ftM_sl100_bmhgat_relno_message_v3_hglite_bs128_e2_no_message_s98_0>>>>>>>>>>>>>>>>>>>>>>>>>>
test: (52844, 19)
train: (70584, 19)
train 742
test: (52844, 19)
train: (70584, 19)
val 185
Epoch: 1 cost time: 1.655186414718628
Epoch: 1, Steps: 6 | Train Loss: 1.5412165 Vali Loss: 1.4984343
Validation loss decreased (inf --> 1.498434).  Saving model ...
Updating learning rate to 0.0009938441702975688
Epoch: 2 cost time: 0.6411168575286865
Epoch: 2, Steps: 6 | Train Loss: 1.4791672 Vali Loss: 1.9884972
EarlyStopping counter: 1 out of 5
Updating learning rate to 0.0009755282581475768
Epoch: 3 cost time: 0.6246299743652344
Epoch: 3, Steps: 6 | Train Loss: 1.4637582 Vali Loss: 1.5779183
EarlyStopping counter: 2 out of 5
Updating learning rate to 0.0009455032620941839
Epoch: 4 cost time: 0.6316826343536377
Epoch: 4, Steps: 6 | Train Loss: 1.4349301 Vali Loss: 1.2460718
Validation loss decreased (1.498434 --> 1.246072).  Saving model ...
Updating learning rate to 0.0009045084971874737
Epoch: 5 cost time: 0.6152651309967041
Epoch: 5, Steps: 6 | Train Loss: 1.3980278 Vali Loss: 1.1924349
Validation loss decreased (1.246072 --> 1.192435).  Saving model ...
Updating learning rate to 0.0008535533905932737
Epoch: 6 cost time: 0.630173921585083
Epoch: 6, Steps: 6 | Train Loss: 1.3553547 Vali Loss: 1.3552246
EarlyStopping counter: 1 out of 5
Updating learning rate to 0.0007938926261462366
Epoch: 7 cost time: 0.6517972946166992
Epoch: 7, Steps: 6 | Train Loss: 1.4302709 Vali Loss: 1.5871434
EarlyStopping counter: 2 out of 5
Updating learning rate to 0.0007269952498697733
Epoch: 8 cost time: 0.6241240501403809
Epoch: 8, Steps: 6 | Train Loss: 1.2560923 Vali Loss: 1.1475528
Validation loss decreased (1.192435 --> 1.147553).  Saving model ...
Updating learning rate to 0.0006545084971874737
Epoch: 9 cost time: 0.6055660247802734
Epoch: 9, Steps: 6 | Train Loss: 1.2479394 Vali Loss: 1.2614720
EarlyStopping counter: 1 out of 5
Updating learning rate to 0.0005782172325201155
Epoch: 10 cost time: 0.6258668899536133
Epoch: 10, Steps: 6 | Train Loss: 1.1999730 Vali Loss: 1.2241654
EarlyStopping counter: 2 out of 5
Updating learning rate to 0.0005
Epoch: 11 cost time: 0.604522705078125
Epoch: 11, Steps: 6 | Train Loss: 1.1707204 Vali Loss: 1.1673358
EarlyStopping counter: 3 out of 5
Updating learning rate to 0.0004217827674798845
Epoch: 12 cost time: 0.6295945644378662
Epoch: 12, Steps: 6 | Train Loss: 1.1313716 Vali Loss: 1.0929034
Validation loss decreased (1.147553 --> 1.092903).  Saving model ...
Updating learning rate to 0.00034549150281252633
Epoch: 13 cost time: 0.6236059665679932
Epoch: 13, Steps: 6 | Train Loss: 1.2384309 Vali Loss: 1.2052839
EarlyStopping counter: 1 out of 5
Updating learning rate to 0.00027300475013022663
Epoch: 14 cost time: 0.6271793842315674
Epoch: 14, Steps: 6 | Train Loss: 1.2006204 Vali Loss: 1.1796324
EarlyStopping counter: 2 out of 5
Updating learning rate to 0.00020610737385376348
Epoch: 15 cost time: 0.6323690414428711
Epoch: 15, Steps: 6 | Train Loss: 1.1816274 Vali Loss: 1.2008947
EarlyStopping counter: 3 out of 5
Updating learning rate to 0.00014644660940672628
Epoch: 16 cost time: 0.6349759101867676
Epoch: 16, Steps: 6 | Train Loss: 1.1573330 Vali Loss: 1.1390755
EarlyStopping counter: 4 out of 5
Updating learning rate to 9.549150281252633e-05
Epoch: 17 cost time: 0.6348741054534912
Epoch: 17, Steps: 6 | Train Loss: 1.2415920 Vali Loss: 1.1211484
EarlyStopping counter: 5 out of 5
Early stopping
>>>>>>>testing : anomaly_detection_EXATHLON_ISTAD_EXATHLON_ftM_sl100_bmhgat_relno_message_v3_hglite_bs128_e2_no_message_s98_0<<<<<<<<<<<<<<<<<<<<<<<<<<<<<<<<<
test: (52844, 19)
train: (70584, 19)
test 528
test: (52844, 19)
train: (70584, 19)
score_train 705
Percentile Threshold Source: train
Percentile Threshold : 4.950697855949364
Saved point scores and labels: /data/modeluse/TS/ISTAD-release/analysis/e2_architecture_ablation/runtime/anomaly_detection_EXATHLON_ISTAD_EXATHLON_ftM_sl100_bmhgat_relno_message_v3_hglite_bs128_e2_no_message_s98_0/point_scores.npz
pred_raw: (52800,)
gt:      (52800,)
pred_pa: (52800,)
gt_pa:   (52800,)

============================================================
使用百分位数阈值的结果:
============================================================
Raw point F1: 0.2085 (P=0.7094, R=0.1222)
Accuracy : 0.9889, Precision : 0.9506, Recall : 0.9639, F-score : 0.9572 
============================================================


使用自适应 Best F1 搜索（两阶段）
粗搜索步数: 200, 精细搜索步数: 500

============================================================
自适应 Best F1 阈值搜索（两阶段）
============================================================

分数统计信息:
  最小值: 0.014785
  最大值: 1423.150879
  均值: 0.850878
  标准差: 13.271366
  中位数: 0.190127
  第1百分位: 0.041438
  第99百分位: 9.149016

自动确定的搜索范围: [0.020719, 18.298032]

============================================================
阶段 1: 粗搜索（步数: 200）
============================================================

============================================================
开始 Best F1 阈值搜索...
============================================================
搜索范围: [0.0207, 18.2980]
搜索步数: 200
使用点调整: False
阈值: 0.1121 | F1: 0.2855 | Precision: 0.1673 | Recall: 0.9711
阈值: 1.9398 | F1: 0.4306 | Precision: 0.7459 | Recall: 0.3027
阈值: 3.7676 | F1: 0.2455 | Precision: 0.7056 | Recall: 0.1486
阈值: 5.5953 | F1: 0.1726 | Precision: 0.6886 | Recall: 0.0987
阈值: 7.4230 | F1: 0.1152 | Precision: 0.6500 | Recall: 0.0632
阈值: 9.2508 | F1: 0.0895 | Precision: 0.6301 | Recall: 0.0482
阈值: 11.0785 | F1: 0.0752 | Precision: 0.6422 | Recall: 0.0399
阈值: 12.9062 | F1: 0.0662 | Precision: 0.6493 | Recall: 0.0349
阈值: 14.7340 | F1: 0.0575 | Precision: 0.6755 | Recall: 0.0300
阈值: 16.5617 | F1: 0.0435 | Precision: 0.6296 | Recall: 0.0225

============================================================
✓ 找到最佳阈值: 0.660425
  最佳 F1: 0.6609
  Precision: 0.6687
  Recall: 0.6533
============================================================


============================================================
阶段 2: 精细搜索（步数: 500）
============================================================
在最佳阈值 0.660425 附近精细搜索
精细搜索范围: [0.020719, 2.488156]

============================================================
开始 Best F1 阈值搜索...
============================================================
搜索范围: [0.0207, 2.4882]
搜索步数: 500
使用点调整: False
阈值: 0.0257 | F1: 0.2280 | Precision: 0.1287 | Recall: 1.0000
阈值: 0.2724 | F1: 0.4673 | Precision: 0.3240 | Recall: 0.8377
阈值: 0.5191 | F1: 0.6418 | Precision: 0.5894 | Recall: 0.7046
阈值: 0.7659 | F1: 0.6589 | Precision: 0.7048 | Recall: 0.6186
阈值: 1.0126 | F1: 0.6161 | Precision: 0.7442 | Recall: 0.5256
阈值: 1.2594 | F1: 0.5706 | Precision: 0.7573 | Recall: 0.4577
阈值: 1.5061 | F1: 0.5099 | Precision: 0.7560 | Recall: 0.3847
阈值: 1.7529 | F1: 0.4562 | Precision: 0.7452 | Recall: 0.3287
阈值: 1.9996 | F1: 0.4209 | Precision: 0.7426 | Recall: 0.2937
阈值: 2.2463 | F1: 0.3922 | Precision: 0.7440 | Recall: 0.2663

============================================================
✓ 找到最佳阈值: 0.662253
  最佳 F1: 0.6609
  Precision: 0.6694
  Recall: 0.6527
============================================================


✓ 精细搜索找到更好的阈值！

============================================================
自适应搜索完成！
============================================================
最终最佳阈值: 0.662253
最佳 F1: 0.6609
Precision: 0.6694
Recall: 0.6527
============================================================

Saved Best F1 results: /data/modeluse/TS/ISTAD-release/analysis/e2_architecture_ablation/runtime/anomaly_detection_EXATHLON_ISTAD_EXATHLON_ftM_sl100_bmhgat_relno_message_v3_hglite_bs128_e2_no_message_s98_0/bestf1_threshold_results.json
Saved anomaly score plot: /data/modeluse/TS/ISTAD-release/analysis/e2_architecture_ablation/runtime/anomaly_detection_EXATHLON_ISTAD_EXATHLON_ftM_sl100_bmhgat_relno_message_v3_hglite_bs128_e2_no_message_s98_0/anomaly_score_threshold.png
ISTAD explainability is disabled by --istad_enable_explain 0
Saved train time summary: /data/modeluse/TS/ISTAD-release/analysis/e2_architecture_ablation/runtime/anomaly_detection_EXATHLON_ISTAD_EXATHLON_ftM_sl100_bmhgat_relno_message_v3_hglite_bs128_e2_no_message_s98_0/train_time_summary.json
=== E2 skip completed PSM seed 87 learned_dynamic ===
=== E2 skip completed PSM seed 87 learned_static ===
=== E2 skip completed PSM seed 87 fixed_random ===
=== E2 skip completed PSM seed 87 no_message ===
=== E2 PSM seed 90 learned_dynamic ===
Using GPU
Args in experiment:
[1mBasic Config[0m
  Task Name:          anomaly_detection   Is Training:        1                   
  Model ID:           PSM                 Model:              ISTAD               
  Seed:               90                  Itr:                1                   

[1mData Loader[0m
  Data:               PSM                 Root Path:          /data/modeluse/TS/ISTAD/dataset/PSM
  Features:           M                   Seq Len:            64                  
  Enc In:             25                  C Out:              25                  
  Checkpoints:        /data/modeluse/TS/ISTAD-release/checkpoints/ISTAD_e2_architecture_ablation
  Eval Step:          64                  

[1mAnomaly Detection Task[0m
  Anomaly Ratio:      1.0                 Threshold Source:   train               

[1mISTAD Parameters[0m
  Kernel Size:        7                   Branch Mode:        hgat                
  TCN Type:           kan                 
  Feat GAT Dim:       -1                  GRU Layers:         1                   
  GRU Hidden:         150                 Recon Layers:       1                   
  Recon Hidden:       32                  ISTAD Dropout:      0.3                 
  Recon Type:         pointwise           KANAD Order:        3                   
  Objective:          reconstruct         Target / Lag:       ('', 1)             
  Leaky Alpha:        0.2                 H Init:             normal              
  Hyperedges:         -1                  Top-K Nodes:        -1                  
  Spatial Type:       lite                HGAT Rank:          8                   
  HGAT Projection:    linear              Relation Mode:      dynamic             
  KAN Grid:           5                   KAN Order:          3                   
  Arch:               legacy              Ablation:           full                
  Explainability:     0                   Explain Batches:    0                   
  Explain Points:     20000               Explain TopK:       10                  
  SmoothGrad:         0                   SG Samples:         20                  
  SG Noise:           0.1                 Quad Mode:          quantile            
  Quad Value:         0.75                Err Agg:            sum                 
  Sal Agg:            sum                 
  V3 Denoise:         1                   Evidence Head:      0                   
  Clean / Denoise:    (1.0, 0.5)          Evidence Weight:    0.2                 
  Frequency Weight:   0.0                 
  Point Evidence:     0.0                 
  Corrupt P/T/C:      (0.8, 0.15, 0.2)    Corrupt Scale:      1.5                 
  Corrupt Modes:      4                   Target-only corrupt:0                   
  Score Mode:         base_mean           Score Agg / K:      ('calibrated', 3)   
  Evidence Map:       prob                Dump Scores:        1                   
  Strict Val:         1                   Hide Test Loss:     1                   
  Entity Aware:       0                   

[1mRun Parameters[0m
  Num Workers:        4                   Batch Size:         128                 
  Train Epochs:       3                   Patience:           3                   
  Learning Rate:      0.001               Lradj:              type1               
  Des:                e2_learned_dynamic_s90

[1mGPU[0m
  Use GPU:            1                   GPU:                0                   
  Use Multi GPU:      0                   Devices:            0,1,2,3             

Use GPU: cuda:0
🚀 Lazy Loading: ISTAD ...
>>>>>>>start training : anomaly_detection_PSM_ISTAD_PSM_ftM_sl64_bmhgat_v3_hglite_bs128_e2_learned_dynamic_s90_0>>>>>>>>>>>>>>>>>>>>>>>>>>
test: (87841, 25)
train: (105984, 25)
train 105921
test: (87841, 25)
train: (105984, 25)
val 26434
	iters: 100, epoch: 1 | loss: 0.6206465 clean: 0.4316891 denoise: 0.3779148 evidence: 0.0000000
	speed: 0.1008s/iter; left time: 240.3702s
	iters: 200, epoch: 1 | loss: 0.5137898 clean: 0.3724122 denoise: 0.2827553 evidence: 0.0000000
	speed: 0.0782s/iter; left time: 178.6335s
	iters: 300, epoch: 1 | loss: 0.3966848 clean: 0.2704255 denoise: 0.2525187 evidence: 0.0000000
	speed: 0.0782s/iter; left time: 170.7768s
	iters: 400, epoch: 1 | loss: 0.3841863 clean: 0.2252861 denoise: 0.3178004 evidence: 0.0000000
	speed: 0.0781s/iter; left time: 162.7559s
	iters: 500, epoch: 1 | loss: 0.3567532 clean: 0.2484535 denoise: 0.2165994 evidence: 0.0000000
	speed: 0.0780s/iter; left time: 154.8152s
	iters: 600, epoch: 1 | loss: 0.3326616 clean: 0.2284806 denoise: 0.2083619 evidence: 0.0000000
	speed: 0.0777s/iter; left time: 146.5191s
	iters: 700, epoch: 1 | loss: 0.2871512 clean: 0.1913824 denoise: 0.1915376 evidence: 0.0000000
	speed: 0.0778s/iter; left time: 138.8848s
	iters: 800, epoch: 1 | loss: 0.2678106 clean: 0.1671065 denoise: 0.2014081 evidence: 0.0000000
	speed: 0.0781s/iter; left time: 131.5345s
Epoch: 1 cost time: 65.93950748443604
Epoch: 1, Steps: 828 | Train Loss: 0.4129070 Vali Loss: 1.0411808
Validation loss decreased (inf --> 1.041181).  Saving model ...
Updating learning rate to 0.001
	iters: 100, epoch: 2 | loss: 0.2697621 clean: 0.1812172 denoise: 0.1770898 evidence: 0.0000000
	speed: 0.2466s/iter; left time: 383.9553s
	iters: 200, epoch: 2 | loss: 0.2593725 clean: 0.1715314 denoise: 0.1756822 evidence: 0.0000000
	speed: 0.0778s/iter; left time: 113.2947s
	iters: 300, epoch: 2 | loss: 0.2841057 clean: 0.1877738 denoise: 0.1926638 evidence: 0.0000000
	speed: 0.0778s/iter; left time: 105.6394s
	iters: 400, epoch: 2 | loss: 0.3037289 clean: 0.1808757 denoise: 0.2457064 evidence: 0.0000000
	speed: 0.0782s/iter; left time: 98.2491s
	iters: 500, epoch: 2 | loss: 0.2653714 clean: 0.1776979 denoise: 0.1753472 evidence: 0.0000000
	speed: 0.0776s/iter; left time: 89.8230s
	iters: 600, epoch: 2 | loss: 0.2090106 clean: 0.1362693 denoise: 0.1454826 evidence: 0.0000000
	speed: 0.0775s/iter; left time: 81.8768s
	iters: 700, epoch: 2 | loss: 0.2397100 clean: 0.1574883 denoise: 0.1644433 evidence: 0.0000000
	speed: 0.0778s/iter; left time: 74.5016s
	iters: 800, epoch: 2 | loss: 0.2184522 clean: 0.1402525 denoise: 0.1563992 evidence: 0.0000000
	speed: 0.0778s/iter; left time: 66.6684s
Epoch: 2 cost time: 64.68932628631592
Epoch: 2, Steps: 828 | Train Loss: 0.2662676 Vali Loss: 0.7639116
Validation loss decreased (1.041181 --> 0.763912).  Saving model ...
Updating learning rate to 0.0005
	iters: 100, epoch: 3 | loss: 0.2913831 clean: 0.1893692 denoise: 0.2040278 evidence: 0.0000000
	speed: 0.2456s/iter; left time: 179.0506s
	iters: 200, epoch: 3 | loss: 0.2176688 clean: 0.1457587 denoise: 0.1438203 evidence: 0.0000000
	speed: 0.0779s/iter; left time: 48.9841s
	iters: 300, epoch: 3 | loss: 0.2754970 clean: 0.1744262 denoise: 0.2021417 evidence: 0.0000000
	speed: 0.0776s/iter; left time: 41.0617s
	iters: 400, epoch: 3 | loss: 0.3449190 clean: 0.2344586 denoise: 0.2209208 evidence: 0.0000000
	speed: 0.0777s/iter; left time: 33.3210s
	iters: 500, epoch: 3 | loss: 0.2242136 clean: 0.1442509 denoise: 0.1599254 evidence: 0.0000000
	speed: 0.0781s/iter; left time: 25.6823s
	iters: 600, epoch: 3 | loss: 0.2504777 clean: 0.1677193 denoise: 0.1655169 evidence: 0.0000000
	speed: 0.0771s/iter; left time: 17.6499s
	iters: 700, epoch: 3 | loss: 0.2483700 clean: 0.1699363 denoise: 0.1568673 evidence: 0.0000000
	speed: 0.0778s/iter; left time: 10.0348s
	iters: 800, epoch: 3 | loss: 0.2448882 clean: 0.1569586 denoise: 0.1758591 evidence: 0.0000000
	speed: 0.0781s/iter; left time: 2.2636s
Epoch: 3 cost time: 64.62133359909058
Epoch: 3, Steps: 828 | Train Loss: 0.2440162 Vali Loss: 0.7693330
EarlyStopping counter: 1 out of 3
Updating learning rate to 0.00025
>>>>>>>testing : anomaly_detection_PSM_ISTAD_PSM_ftM_sl64_bmhgat_v3_hglite_bs128_e2_learned_dynamic_s90_0<<<<<<<<<<<<<<<<<<<<<<<<<<<<<<<<<
test: (87841, 25)
train: (105984, 25)
test 1372
test: (87841, 25)
train: (105984, 25)
score_train 1656
Percentile Threshold Source: train
Percentile Threshold : 0.40891960591077803
Saved point scores and labels: /data/modeluse/TS/ISTAD-release/analysis/e2_architecture_ablation/runtime/anomaly_detection_PSM_ISTAD_PSM_ftM_sl64_bmhgat_v3_hglite_bs128_e2_learned_dynamic_s90_0/point_scores.npz
pred_raw: (87808,)
gt:      (87808,)
pred_pa: (87808,)
gt_pa:   (87808,)

============================================================
使用百分位数阈值的结果:
============================================================
Raw point F1: 0.4765 (P=0.4527, R=0.5029)
Accuracy : 0.8163, Precision : 0.6087, Recall : 0.9457, F-score : 0.7407 
============================================================


使用自适应 Best F1 搜索（两阶段）
粗搜索步数: 200, 精细搜索步数: 500

============================================================
自适应 Best F1 阈值搜索（两阶段）
============================================================

分数统计信息:
  最小值: 0.017318
  最大值: 437.660645
  均值: 0.587591
  标准差: 2.294034
  中位数: 0.245412
  第1百分位: 0.046168
  第99百分位: 2.925996

自动确定的搜索范围: [0.023084, 5.851992]

============================================================
阶段 1: 粗搜索（步数: 200）
============================================================

============================================================
开始 Best F1 阈值搜索...
============================================================
搜索范围: [0.0231, 5.8520]
搜索步数: 200
使用点调整: False
阈值: 0.0522 | F1: 0.4395 | Precision: 0.2817 | Recall: 0.9993
阈值: 0.6351 | F1: 0.4112 | Precision: 0.4620 | Recall: 0.3704
阈值: 1.2180 | F1: 0.3836 | Precision: 0.5160 | Recall: 0.3053
阈值: 1.8009 | F1: 0.3120 | Precision: 0.5872 | Recall: 0.2124
阈值: 2.3838 | F1: 0.2873 | Precision: 0.8727 | Recall: 0.1720
阈值: 2.9667 | F1: 0.0558 | Precision: 0.9957 | Recall: 0.0287
阈值: 3.5496 | F1: 0.0052 | Precision: 1.0000 | Recall: 0.0026
阈值: 4.1325 | F1: 0.0042 | Precision: 1.0000 | Recall: 0.0021
阈值: 4.7154 | F1: 0.0035 | Precision: 1.0000 | Recall: 0.0018
阈值: 5.2982 | F1: 0.0029 | Precision: 1.0000 | Recall: 0.0014

============================================================
✓ 找到最佳阈值: 0.227096
  最佳 F1: 0.6088
  Precision: 0.4652
  Recall: 0.8807
============================================================


============================================================
阶段 2: 精细搜索（步数: 500）
============================================================
在最佳阈值 0.227096 附近精细搜索
精细搜索范围: [0.023084, 0.809987]

============================================================
开始 Best F1 阈值搜索...
============================================================
搜索范围: [0.0231, 0.8100]
搜索步数: 500
使用点调整: False
阈值: 0.0247 | F1: 0.4344 | Precision: 0.2775 | Recall: 1.0000
阈值: 0.1033 | F1: 0.4913 | Precision: 0.3264 | Recall: 0.9933
阈值: 0.1820 | F1: 0.5930 | Precision: 0.4324 | Recall: 0.9437
阈值: 0.2607 | F1: 0.5938 | Precision: 0.4685 | Recall: 0.8104
阈值: 0.3394 | F1: 0.5132 | Precision: 0.4468 | Recall: 0.6028
阈值: 0.4181 | F1: 0.4731 | Precision: 0.4544 | Recall: 0.4933
阈值: 0.4968 | F1: 0.4524 | Precision: 0.4716 | Recall: 0.4346
阈值: 0.5755 | F1: 0.4281 | Precision: 0.4698 | Recall: 0.3932
阈值: 0.6542 | F1: 0.4054 | Precision: 0.4584 | Recall: 0.3634
阈值: 0.7329 | F1: 0.3858 | Precision: 0.4446 | Recall: 0.3408

============================================================
✓ 找到最佳阈值: 0.216662
  最佳 F1: 0.6106
  Precision: 0.4617
  Recall: 0.9010
============================================================


✓ 精细搜索找到更好的阈值！

============================================================
自适应搜索完成！
============================================================
最终最佳阈值: 0.216662
最佳 F1: 0.6106
Precision: 0.4617
Recall: 0.9010
============================================================

Saved Best F1 results: /data/modeluse/TS/ISTAD-release/analysis/e2_architecture_ablation/runtime/anomaly_detection_PSM_ISTAD_PSM_ftM_sl64_bmhgat_v3_hglite_bs128_e2_learned_dynamic_s90_0/bestf1_threshold_results.json
Saved anomaly score plot: /data/modeluse/TS/ISTAD-release/analysis/e2_architecture_ablation/runtime/anomaly_detection_PSM_ISTAD_PSM_ftM_sl64_bmhgat_v3_hglite_bs128_e2_learned_dynamic_s90_0/anomaly_score_threshold.png
ISTAD explainability is disabled by --istad_enable_explain 0
Saved train time summary: /data/modeluse/TS/ISTAD-release/analysis/e2_architecture_ablation/runtime/anomaly_detection_PSM_ISTAD_PSM_ftM_sl64_bmhgat_v3_hglite_bs128_e2_learned_dynamic_s90_0/train_time_summary.json
=== E2 PSM seed 90 learned_static ===
Using GPU
Args in experiment:
[1mBasic Config[0m
  Task Name:          anomaly_detection   Is Training:        1                   
  Model ID:           PSM                 Model:              ISTAD               
  Seed:               90                  Itr:                1                   

[1mData Loader[0m
  Data:               PSM                 Root Path:          /data/modeluse/TS/ISTAD/dataset/PSM
  Features:           M                   Seq Len:            64                  
  Enc In:             25                  C Out:              25                  
  Checkpoints:        /data/modeluse/TS/ISTAD-release/checkpoints/ISTAD_e2_architecture_ablation
  Eval Step:          64                  

[1mAnomaly Detection Task[0m
  Anomaly Ratio:      1.0                 Threshold Source:   train               

[1mISTAD Parameters[0m
  Kernel Size:        7                   Branch Mode:        hgat                
  TCN Type:           kan                 
  Feat GAT Dim:       -1                  GRU Layers:         1                   
  GRU Hidden:         150                 Recon Layers:       1                   
  Recon Hidden:       32                  ISTAD Dropout:      0.3                 
  Recon Type:         pointwise           KANAD Order:        3                   
  Objective:          reconstruct         Target / Lag:       ('', 1)             
  Leaky Alpha:        0.2                 H Init:             normal              
  Hyperedges:         -1                  Top-K Nodes:        -1                  
  Spatial Type:       lite                HGAT Rank:          8                   
  HGAT Projection:    linear              Relation Mode:      static              
  KAN Grid:           5                   KAN Order:          3                   
  Arch:               legacy              Ablation:           full                
  Explainability:     0                   Explain Batches:    0                   
  Explain Points:     20000               Explain TopK:       10                  
  SmoothGrad:         0                   SG Samples:         20                  
  SG Noise:           0.1                 Quad Mode:          quantile            
  Quad Value:         0.75                Err Agg:            sum                 
  Sal Agg:            sum                 
  V3 Denoise:         1                   Evidence Head:      0                   
  Clean / Denoise:    (1.0, 0.5)          Evidence Weight:    0.2                 
  Frequency Weight:   0.0                 
  Point Evidence:     0.0                 
  Corrupt P/T/C:      (0.8, 0.15, 0.2)    Corrupt Scale:      1.5                 
  Corrupt Modes:      4                   Target-only corrupt:0                   
  Score Mode:         base_mean           Score Agg / K:      ('calibrated', 3)   
  Evidence Map:       prob                Dump Scores:        1                   
  Strict Val:         1                   Hide Test Loss:     1                   
  Entity Aware:       0                   

[1mRun Parameters[0m
  Num Workers:        4                   Batch Size:         128                 
  Train Epochs:       3                   Patience:           3                   
  Learning Rate:      0.001               Lradj:              type1               
  Des:                e2_learned_static_s90

[1mGPU[0m
  Use GPU:            1                   GPU:                0                   
  Use Multi GPU:      0                   Devices:            0,1,2,3             

Use GPU: cuda:0
🚀 Lazy Loading: ISTAD ...
>>>>>>>start training : anomaly_detection_PSM_ISTAD_PSM_ftM_sl64_bmhgat_relstatic_v3_hglite_bs128_e2_learned_static_s90_0>>>>>>>>>>>>>>>>>>>>>>>>>>
test: (87841, 25)
train: (105984, 25)
train 105921
test: (87841, 25)
train: (105984, 25)
val 26434
	iters: 100, epoch: 1 | loss: 0.6315762 clean: 0.4377975 denoise: 0.3875573 evidence: 0.0000000
	speed: 0.0993s/iter; left time: 236.7409s
	iters: 200, epoch: 1 | loss: 0.5229328 clean: 0.3794403 denoise: 0.2869849 evidence: 0.0000000
	speed: 0.0771s/iter; left time: 176.1270s
	iters: 300, epoch: 1 | loss: 0.3983353 clean: 0.2722245 denoise: 0.2522216 evidence: 0.0000000
	speed: 0.0772s/iter; left time: 168.6531s
	iters: 400, epoch: 1 | loss: 0.3999281 clean: 0.2308876 denoise: 0.3380810 evidence: 0.0000000
	speed: 0.0771s/iter; left time: 160.8205s
	iters: 500, epoch: 1 | loss: 0.3610395 clean: 0.2514805 denoise: 0.2191180 evidence: 0.0000000
	speed: 0.0767s/iter; left time: 152.2294s
	iters: 600, epoch: 1 | loss: 0.3306502 clean: 0.2271708 denoise: 0.2069589 evidence: 0.0000000
	speed: 0.0763s/iter; left time: 143.8402s
	iters: 700, epoch: 1 | loss: 0.2838251 clean: 0.1897157 denoise: 0.1882188 evidence: 0.0000000
	speed: 0.0763s/iter; left time: 136.2034s
	iters: 800, epoch: 1 | loss: 0.2661484 clean: 0.1672784 denoise: 0.1977399 evidence: 0.0000000
	speed: 0.0765s/iter; left time: 128.9759s
Epoch: 1 cost time: 64.88274431228638
Epoch: 1, Steps: 828 | Train Loss: 0.4164557 Vali Loss: 1.0359431
Validation loss decreased (inf --> 1.035943).  Saving model ...
Updating learning rate to 0.001
	iters: 100, epoch: 2 | loss: 0.2671956 clean: 0.1798722 denoise: 0.1746469 evidence: 0.0000000
	speed: 0.2405s/iter; left time: 374.4642s
	iters: 200, epoch: 2 | loss: 0.2579992 clean: 0.1700494 denoise: 0.1758995 evidence: 0.0000000
	speed: 0.0767s/iter; left time: 111.8072s
	iters: 300, epoch: 2 | loss: 0.2874292 clean: 0.1867768 denoise: 0.2013048 evidence: 0.0000000
	speed: 0.0767s/iter; left time: 104.1085s
	iters: 400, epoch: 2 | loss: 0.2880373 clean: 0.1797055 denoise: 0.2166636 evidence: 0.0000000
	speed: 0.0769s/iter; left time: 96.6553s
	iters: 500, epoch: 2 | loss: 0.2622517 clean: 0.1773412 denoise: 0.1698211 evidence: 0.0000000
	speed: 0.0765s/iter; left time: 88.5580s
	iters: 600, epoch: 2 | loss: 0.2102439 clean: 0.1365376 denoise: 0.1474125 evidence: 0.0000000
	speed: 0.0762s/iter; left time: 80.5636s
	iters: 700, epoch: 2 | loss: 0.2387460 clean: 0.1563047 denoise: 0.1648826 evidence: 0.0000000
	speed: 0.0769s/iter; left time: 73.5822s
	iters: 800, epoch: 2 | loss: 0.2208965 clean: 0.1398763 denoise: 0.1620404 evidence: 0.0000000
	speed: 0.0766s/iter; left time: 65.6588s
Epoch: 2 cost time: 63.69525694847107
Epoch: 2, Steps: 828 | Train Loss: 0.2649999 Vali Loss: 0.7428426
Validation loss decreased (1.035943 --> 0.742843).  Saving model ...
Updating learning rate to 0.0005
	iters: 100, epoch: 3 | loss: 0.2912014 clean: 0.1875887 denoise: 0.2072253 evidence: 0.0000000
	speed: 0.2416s/iter; left time: 176.1547s
	iters: 200, epoch: 3 | loss: 0.2201408 clean: 0.1463128 denoise: 0.1476560 evidence: 0.0000000
	speed: 0.0764s/iter; left time: 48.0779s
	iters: 300, epoch: 3 | loss: 0.2757051 clean: 0.1738118 denoise: 0.2037867 evidence: 0.0000000
	speed: 0.0762s/iter; left time: 40.3255s
	iters: 400, epoch: 3 | loss: 0.3459260 clean: 0.2327020 denoise: 0.2264480 evidence: 0.0000000
	speed: 0.0764s/iter; left time: 32.7887s
	iters: 500, epoch: 3 | loss: 0.2230117 clean: 0.1441652 denoise: 0.1576929 evidence: 0.0000000
	speed: 0.0765s/iter; left time: 25.1632s
	iters: 600, epoch: 3 | loss: 0.2470989 clean: 0.1675421 denoise: 0.1591135 evidence: 0.0000000
	speed: 0.0753s/iter; left time: 17.2337s
	iters: 700, epoch: 3 | loss: 0.2521492 clean: 0.1699623 denoise: 0.1643736 evidence: 0.0000000
	speed: 0.0759s/iter; left time: 9.7956s
	iters: 800, epoch: 3 | loss: 0.2507220 clean: 0.1591869 denoise: 0.1830702 evidence: 0.0000000
	speed: 0.0761s/iter; left time: 2.2062s
Epoch: 3 cost time: 63.4397931098938
Epoch: 3, Steps: 828 | Train Loss: 0.2433302 Vali Loss: 0.8131632
EarlyStopping counter: 1 out of 3
Updating learning rate to 0.00025
>>>>>>>testing : anomaly_detection_PSM_ISTAD_PSM_ftM_sl64_bmhgat_relstatic_v3_hglite_bs128_e2_learned_static_s90_0<<<<<<<<<<<<<<<<<<<<<<<<<<<<<<<<<
test: (87841, 25)
train: (105984, 25)
test 1372
test: (87841, 25)
train: (105984, 25)
score_train 1656
Percentile Threshold Source: train
Percentile Threshold : 0.39660923600196807
Saved point scores and labels: /data/modeluse/TS/ISTAD-release/analysis/e2_architecture_ablation/runtime/anomaly_detection_PSM_ISTAD_PSM_ftM_sl64_bmhgat_relstatic_v3_hglite_bs128_e2_learned_static_s90_0/point_scores.npz
pred_raw: (87808,)
gt:      (87808,)
pred_pa: (87808,)
gt_pa:   (87808,)

============================================================
使用百分位数阈值的结果:
============================================================
Raw point F1: 0.4725 (P=0.4890, R=0.4571)
Accuracy : 0.8522, Precision : 0.6642, Recall : 0.9447, F-score : 0.7800 
============================================================


使用自适应 Best F1 搜索（两阶段）
粗搜索步数: 200, 精细搜索步数: 500

============================================================
自适应 Best F1 阈值搜索（两阶段）
============================================================

分数统计信息:
  最小值: 0.017089
  最大值: 450.610504
  均值: 0.556973
  标准差: 2.358967
  中位数: 0.209874
  第1百分位: 0.044381
  第99百分位: 2.850776

自动确定的搜索范围: [0.022190, 5.701553]

============================================================
阶段 1: 粗搜索（步数: 200）
============================================================

============================================================
开始 Best F1 阈值搜索...
============================================================
搜索范围: [0.0222, 5.7016]
搜索步数: 200
使用点调整: False
阈值: 0.0506 | F1: 0.4398 | Precision: 0.2819 | Recall: 0.9995
阈值: 0.6185 | F1: 0.3870 | Precision: 0.4453 | Recall: 0.3421
阈值: 1.1865 | F1: 0.3822 | Precision: 0.5040 | Recall: 0.3078
阈值: 1.7544 | F1: 0.3176 | Precision: 0.5817 | Recall: 0.2185
阈值: 2.3223 | F1: 0.3021 | Precision: 0.8861 | Recall: 0.1821
阈值: 2.8903 | F1: 0.0550 | Precision: 0.9971 | Recall: 0.0283
阈值: 3.4582 | F1: 0.0070 | Precision: 1.0000 | Recall: 0.0035
阈值: 4.0261 | F1: 0.0055 | Precision: 1.0000 | Recall: 0.0028
阈值: 4.5941 | F1: 0.0043 | Precision: 1.0000 | Recall: 0.0022
阈值: 5.1620 | F1: 0.0033 | Precision: 1.0000 | Recall: 0.0016

============================================================
✓ 找到最佳阈值: 0.164174
  最佳 F1: 0.5851
  Precision: 0.4266
  Recall: 0.9310
============================================================


============================================================
阶段 2: 精细搜索（步数: 500）
============================================================
在最佳阈值 0.164174 附近精细搜索
精细搜索范围: [0.022190, 0.732111]

============================================================
开始 Best F1 阈值搜索...
============================================================
搜索范围: [0.0222, 0.7321]
搜索步数: 500
使用点调整: False
阈值: 0.0236 | F1: 0.4344 | Precision: 0.2775 | Recall: 1.0000
阈值: 0.0946 | F1: 0.4960 | Precision: 0.3307 | Recall: 0.9920
阈值: 0.1656 | F1: 0.5853 | Precision: 0.4274 | Recall: 0.9286
阈值: 0.2366 | F1: 0.5295 | Precision: 0.4304 | Recall: 0.6878
阈值: 0.3076 | F1: 0.5009 | Precision: 0.4588 | Recall: 0.5516
阈值: 0.3786 | F1: 0.4812 | Precision: 0.4880 | Recall: 0.4746
阈值: 0.4496 | F1: 0.4481 | Precision: 0.4833 | Recall: 0.4176
阈值: 0.5206 | F1: 0.4167 | Precision: 0.4662 | Recall: 0.3767
阈值: 0.5915 | F1: 0.3940 | Precision: 0.4506 | Recall: 0.3501
阈值: 0.6625 | F1: 0.3796 | Precision: 0.4401 | Recall: 0.3337

============================================================
✓ 找到最佳阈值: 0.171274
  最佳 F1: 0.5861
  Precision: 0.4308
  Recall: 0.9167
============================================================


✓ 精细搜索找到更好的阈值！

============================================================
自适应搜索完成！
============================================================
最终最佳阈值: 0.171274
最佳 F1: 0.5861
Precision: 0.4308
Recall: 0.9167
============================================================

Saved Best F1 results: /data/modeluse/TS/ISTAD-release/analysis/e2_architecture_ablation/runtime/anomaly_detection_PSM_ISTAD_PSM_ftM_sl64_bmhgat_relstatic_v3_hglite_bs128_e2_learned_static_s90_0/bestf1_threshold_results.json
Saved anomaly score plot: /data/modeluse/TS/ISTAD-release/analysis/e2_architecture_ablation/runtime/anomaly_detection_PSM_ISTAD_PSM_ftM_sl64_bmhgat_relstatic_v3_hglite_bs128_e2_learned_static_s90_0/anomaly_score_threshold.png
ISTAD explainability is disabled by --istad_enable_explain 0
Saved train time summary: /data/modeluse/TS/ISTAD-release/analysis/e2_architecture_ablation/runtime/anomaly_detection_PSM_ISTAD_PSM_ftM_sl64_bmhgat_relstatic_v3_hglite_bs128_e2_learned_static_s90_0/train_time_summary.json
=== E2 PSM seed 90 fixed_random ===
Using GPU
Args in experiment:
[1mBasic Config[0m
  Task Name:          anomaly_detection   Is Training:        1                   
  Model ID:           PSM                 Model:              ISTAD               
  Seed:               90                  Itr:                1                   

[1mData Loader[0m
  Data:               PSM                 Root Path:          /data/modeluse/TS/ISTAD/dataset/PSM
  Features:           M                   Seq Len:            64                  
  Enc In:             25                  C Out:              25                  
  Checkpoints:        /data/modeluse/TS/ISTAD-release/checkpoints/ISTAD_e2_architecture_ablation
  Eval Step:          64                  

[1mAnomaly Detection Task[0m
  Anomaly Ratio:      1.0                 Threshold Source:   train               

[1mISTAD Parameters[0m
  Kernel Size:        7                   Branch Mode:        hgat                
  TCN Type:           kan                 
  Feat GAT Dim:       -1                  GRU Layers:         1                   
  GRU Hidden:         150                 Recon Layers:       1                   
  Recon Hidden:       32                  ISTAD Dropout:      0.3                 
  Recon Type:         pointwise           KANAD Order:        3                   
  Objective:          reconstruct         Target / Lag:       ('', 1)             
  Leaky Alpha:        0.2                 H Init:             normal              
  Hyperedges:         -1                  Top-K Nodes:        -1                  
  Spatial Type:       lite                HGAT Rank:          8                   
  HGAT Projection:    linear              Relation Mode:      fixed_random        
  KAN Grid:           5                   KAN Order:          3                   
  Arch:               legacy              Ablation:           full                
  Explainability:     0                   Explain Batches:    0                   
  Explain Points:     20000               Explain TopK:       10                  
  SmoothGrad:         0                   SG Samples:         20                  
  SG Noise:           0.1                 Quad Mode:          quantile            
  Quad Value:         0.75                Err Agg:            sum                 
  Sal Agg:            sum                 
  V3 Denoise:         1                   Evidence Head:      0                   
  Clean / Denoise:    (1.0, 0.5)          Evidence Weight:    0.2                 
  Frequency Weight:   0.0                 
  Point Evidence:     0.0                 
  Corrupt P/T/C:      (0.8, 0.15, 0.2)    Corrupt Scale:      1.5                 
  Corrupt Modes:      4                   Target-only corrupt:0                   
  Score Mode:         base_mean           Score Agg / K:      ('calibrated', 3)   
  Evidence Map:       prob                Dump Scores:        1                   
  Strict Val:         1                   Hide Test Loss:     1                   
  Entity Aware:       0                   

[1mRun Parameters[0m
  Num Workers:        4                   Batch Size:         128                 
  Train Epochs:       3                   Patience:           3                   
  Learning Rate:      0.001               Lradj:              type1               
  Des:                e2_fixed_random_s90 

[1mGPU[0m
  Use GPU:            1                   GPU:                0                   
  Use Multi GPU:      0                   Devices:            0,1,2,3             

Use GPU: cuda:0
🚀 Lazy Loading: ISTAD ...
>>>>>>>start training : anomaly_detection_PSM_ISTAD_PSM_ftM_sl64_bmhgat_relfixed_random_v3_hglite_bs128_e2_fixed_random_s90_0>>>>>>>>>>>>>>>>>>>>>>>>>>
test: (87841, 25)
train: (105984, 25)
train 105921
test: (87841, 25)
train: (105984, 25)
val 26434
	iters: 100, epoch: 1 | loss: 0.6455449 clean: 0.4446238 denoise: 0.4018422 evidence: 0.0000000
	speed: 0.0953s/iter; left time: 227.4072s
	iters: 200, epoch: 1 | loss: 0.5244304 clean: 0.3815150 denoise: 0.2858309 evidence: 0.0000000
	speed: 0.0731s/iter; left time: 167.0168s
	iters: 300, epoch: 1 | loss: 0.3974041 clean: 0.2712532 denoise: 0.2523019 evidence: 0.0000000
	speed: 0.0732s/iter; left time: 160.0313s
	iters: 400, epoch: 1 | loss: 0.3988630 clean: 0.2304605 denoise: 0.3368050 evidence: 0.0000000
	speed: 0.0732s/iter; left time: 152.6541s
	iters: 500, epoch: 1 | loss: 0.3658262 clean: 0.2515452 denoise: 0.2285619 evidence: 0.0000000
	speed: 0.0729s/iter; left time: 144.7527s
	iters: 600, epoch: 1 | loss: 0.3354813 clean: 0.2281996 denoise: 0.2145635 evidence: 0.0000000
	speed: 0.0727s/iter; left time: 137.0963s
	iters: 700, epoch: 1 | loss: 0.2813983 clean: 0.1882543 denoise: 0.1862881 evidence: 0.0000000
	speed: 0.0729s/iter; left time: 130.1410s
	iters: 800, epoch: 1 | loss: 0.2701072 clean: 0.1684131 denoise: 0.2033883 evidence: 0.0000000
	speed: 0.0732s/iter; left time: 123.3555s
Epoch: 1 cost time: 61.78094744682312
Epoch: 1, Steps: 828 | Train Loss: 0.4179055 Vali Loss: 1.0278930
Validation loss decreased (inf --> 1.027893).  Saving model ...
Updating learning rate to 0.001
	iters: 100, epoch: 2 | loss: 0.2712829 clean: 0.1829162 denoise: 0.1767334 evidence: 0.0000000
	speed: 0.2348s/iter; left time: 365.5207s
	iters: 200, epoch: 2 | loss: 0.2609787 clean: 0.1711296 denoise: 0.1796983 evidence: 0.0000000
	speed: 0.0736s/iter; left time: 107.1956s
	iters: 300, epoch: 2 | loss: 0.2903086 clean: 0.1895952 denoise: 0.2014268 evidence: 0.0000000
	speed: 0.0732s/iter; left time: 99.3143s
	iters: 400, epoch: 2 | loss: 0.2890746 clean: 0.1797789 denoise: 0.2185915 evidence: 0.0000000
	speed: 0.0734s/iter; left time: 92.2209s
	iters: 500, epoch: 2 | loss: 0.2682448 clean: 0.1816569 denoise: 0.1731758 evidence: 0.0000000
	speed: 0.0731s/iter; left time: 84.5670s
	iters: 600, epoch: 2 | loss: 0.2088884 clean: 0.1362697 denoise: 0.1452375 evidence: 0.0000000
	speed: 0.0716s/iter; left time: 75.6659s
	iters: 700, epoch: 2 | loss: 0.2395845 clean: 0.1578505 denoise: 0.1634679 evidence: 0.0000000
	speed: 0.0729s/iter; left time: 69.7692s
	iters: 800, epoch: 2 | loss: 0.2209630 clean: 0.1413061 denoise: 0.1593139 evidence: 0.0000000
	speed: 0.0729s/iter; left time: 62.4929s
Epoch: 2 cost time: 60.603500843048096
Epoch: 2, Steps: 828 | Train Loss: 0.2679419 Vali Loss: 0.8292700
Validation loss decreased (1.027893 --> 0.829270).  Saving model ...
Updating learning rate to 0.0005
	iters: 100, epoch: 3 | loss: 0.2914174 clean: 0.1916564 denoise: 0.1995219 evidence: 0.0000000
	speed: 0.2351s/iter; left time: 171.4134s
	iters: 200, epoch: 3 | loss: 0.2219664 clean: 0.1487793 denoise: 0.1463743 evidence: 0.0000000
	speed: 0.0729s/iter; left time: 45.8381s
	iters: 300, epoch: 3 | loss: 0.2783047 clean: 0.1816519 denoise: 0.1933055 evidence: 0.0000000
	speed: 0.0727s/iter; left time: 38.4594s
	iters: 400, epoch: 3 | loss: 0.3441111 clean: 0.2325598 denoise: 0.2231025 evidence: 0.0000000
	speed: 0.0728s/iter; left time: 31.2145s
	iters: 500, epoch: 3 | loss: 0.2216746 clean: 0.1459766 denoise: 0.1513959 evidence: 0.0000000
	speed: 0.0733s/iter; left time: 24.1199s
	iters: 600, epoch: 3 | loss: 0.2483624 clean: 0.1657448 denoise: 0.1652351 evidence: 0.0000000
	speed: 0.0723s/iter; left time: 16.5510s
	iters: 700, epoch: 3 | loss: 0.2600296 clean: 0.1720035 denoise: 0.1760523 evidence: 0.0000000
	speed: 0.0730s/iter; left time: 9.4194s
	iters: 800, epoch: 3 | loss: 0.2499745 clean: 0.1604825 denoise: 0.1789841 evidence: 0.0000000
	speed: 0.0732s/iter; left time: 2.1222s
Epoch: 3 cost time: 60.62729740142822
Epoch: 3, Steps: 828 | Train Loss: 0.2463389 Vali Loss: 0.8390286
EarlyStopping counter: 1 out of 3
Updating learning rate to 0.00025
>>>>>>>testing : anomaly_detection_PSM_ISTAD_PSM_ftM_sl64_bmhgat_relfixed_random_v3_hglite_bs128_e2_fixed_random_s90_0<<<<<<<<<<<<<<<<<<<<<<<<<<<<<<<<<
test: (87841, 25)
train: (105984, 25)
test 1372
test: (87841, 25)
train: (105984, 25)
score_train 1656
Percentile Threshold Source: train
Percentile Threshold : 0.41706609159708
Saved point scores and labels: /data/modeluse/TS/ISTAD-release/analysis/e2_architecture_ablation/runtime/anomaly_detection_PSM_ISTAD_PSM_ftM_sl64_bmhgat_relfixed_random_v3_hglite_bs128_e2_fixed_random_s90_0/point_scores.npz
pred_raw: (87808,)
gt:      (87808,)
pred_pa: (87808,)
gt_pa:   (87808,)

============================================================
使用百分位数阈值的结果:
============================================================
Raw point F1: 0.4437 (P=0.4723, R=0.4183)
Accuracy : 0.8542, Precision : 0.6683, Recall : 0.9415, F-score : 0.7817 
============================================================


使用自适应 Best F1 搜索（两阶段）
粗搜索步数: 200, 精细搜索步数: 500

============================================================
自适应 Best F1 阈值搜索（两阶段）
============================================================

分数统计信息:
  最小值: 0.015299
  最大值: 449.163788
  均值: 0.553169
  标准差: 2.329993
  中位数: 0.199012
  第1百分位: 0.046141
  第99百分位: 2.999558

自动确定的搜索范围: [0.023070, 5.999117]

============================================================
阶段 1: 粗搜索（步数: 200）
============================================================

============================================================
开始 Best F1 阈值搜索...
============================================================
搜索范围: [0.0231, 5.9991]
搜索步数: 200
使用点调整: False
阈值: 0.0530 | F1: 0.4413 | Precision: 0.2831 | Recall: 1.0000
阈值: 0.6506 | F1: 0.3743 | Precision: 0.4367 | Recall: 0.3276
阈值: 1.2482 | F1: 0.3797 | Precision: 0.5174 | Recall: 0.2999
阈值: 1.8458 | F1: 0.3247 | Precision: 0.6594 | Recall: 0.2154
阈值: 2.4434 | F1: 0.3082 | Precision: 0.9149 | Recall: 0.1853
阈值: 3.0410 | F1: 0.0569 | Precision: 1.0000 | Recall: 0.0293
阈值: 3.6386 | F1: 0.0063 | Precision: 1.0000 | Recall: 0.0032
阈值: 4.2362 | F1: 0.0048 | Precision: 1.0000 | Recall: 0.0024
阈值: 4.8338 | F1: 0.0041 | Precision: 1.0000 | Recall: 0.0021
阈值: 5.4314 | F1: 0.0031 | Precision: 1.0000 | Recall: 0.0016

============================================================
✓ 找到最佳阈值: 0.172472
  最佳 F1: 0.5951
  Precision: 0.4454
  Recall: 0.8963
============================================================


============================================================
阶段 2: 精细搜索（步数: 500）
============================================================
在最佳阈值 0.172472 附近精细搜索
精细搜索范围: [0.023070, 0.770076]

============================================================
开始 Best F1 阈值搜索...
============================================================
搜索范围: [0.0231, 0.7701]
搜索步数: 500
使用点调整: False
阈值: 0.0246 | F1: 0.4344 | Precision: 0.2774 | Recall: 1.0000
阈值: 0.0993 | F1: 0.5063 | Precision: 0.3403 | Recall: 0.9883
阈值: 0.1740 | F1: 0.5947 | Precision: 0.4460 | Recall: 0.8921
阈值: 0.2487 | F1: 0.5249 | Precision: 0.4457 | Recall: 0.6384
阈值: 0.3234 | F1: 0.4792 | Precision: 0.4623 | Recall: 0.4973
阈值: 0.3981 | F1: 0.4493 | Precision: 0.4719 | Recall: 0.4288
阈值: 0.4728 | F1: 0.4235 | Precision: 0.4669 | Recall: 0.3875
阈值: 0.5475 | F1: 0.3941 | Precision: 0.4495 | Recall: 0.3508
阈值: 0.6222 | F1: 0.3784 | Precision: 0.4395 | Recall: 0.3323
阈值: 0.6969 | F1: 0.3712 | Precision: 0.4350 | Recall: 0.3238

============================================================
✓ 找到最佳阈值: 0.172472
  最佳 F1: 0.5951
  Precision: 0.4454
  Recall: 0.8963
============================================================


✓ 粗搜索的结果已经是最优的。

============================================================
自适应搜索完成！
============================================================
最终最佳阈值: 0.172472
最佳 F1: 0.5951
Precision: 0.4454
Recall: 0.8963
============================================================

Saved Best F1 results: /data/modeluse/TS/ISTAD-release/analysis/e2_architecture_ablation/runtime/anomaly_detection_PSM_ISTAD_PSM_ftM_sl64_bmhgat_relfixed_random_v3_hglite_bs128_e2_fixed_random_s90_0/bestf1_threshold_results.json
Saved anomaly score plot: /data/modeluse/TS/ISTAD-release/analysis/e2_architecture_ablation/runtime/anomaly_detection_PSM_ISTAD_PSM_ftM_sl64_bmhgat_relfixed_random_v3_hglite_bs128_e2_fixed_random_s90_0/anomaly_score_threshold.png
ISTAD explainability is disabled by --istad_enable_explain 0
Saved train time summary: /data/modeluse/TS/ISTAD-release/analysis/e2_architecture_ablation/runtime/anomaly_detection_PSM_ISTAD_PSM_ftM_sl64_bmhgat_relfixed_random_v3_hglite_bs128_e2_fixed_random_s90_0/train_time_summary.json
=== E2 PSM seed 90 no_message ===
Using GPU
Args in experiment:
[1mBasic Config[0m
  Task Name:          anomaly_detection   Is Training:        1                   
  Model ID:           PSM                 Model:              ISTAD               
  Seed:               90                  Itr:                1                   

[1mData Loader[0m
  Data:               PSM                 Root Path:          /data/modeluse/TS/ISTAD/dataset/PSM
  Features:           M                   Seq Len:            64                  
  Enc In:             25                  C Out:              25                  
  Checkpoints:        /data/modeluse/TS/ISTAD-release/checkpoints/ISTAD_e2_architecture_ablation
  Eval Step:          64                  

[1mAnomaly Detection Task[0m
  Anomaly Ratio:      1.0                 Threshold Source:   train               

[1mISTAD Parameters[0m
  Kernel Size:        7                   Branch Mode:        hgat                
  TCN Type:           kan                 
  Feat GAT Dim:       -1                  GRU Layers:         1                   
  GRU Hidden:         150                 Recon Layers:       1                   
  Recon Hidden:       32                  ISTAD Dropout:      0.3                 
  Recon Type:         pointwise           KANAD Order:        3                   
  Objective:          reconstruct         Target / Lag:       ('', 1)             
  Leaky Alpha:        0.2                 H Init:             normal              
  Hyperedges:         -1                  Top-K Nodes:        -1                  
  Spatial Type:       lite                HGAT Rank:          8                   
  HGAT Projection:    linear              Relation Mode:      no_message          
  KAN Grid:           5                   KAN Order:          3                   
  Arch:               legacy              Ablation:           full                
  Explainability:     0                   Explain Batches:    0                   
  Explain Points:     20000               Explain TopK:       10                  
  SmoothGrad:         0                   SG Samples:         20                  
  SG Noise:           0.1                 Quad Mode:          quantile            
  Quad Value:         0.75                Err Agg:            sum                 
  Sal Agg:            sum                 
  V3 Denoise:         1                   Evidence Head:      0                   
  Clean / Denoise:    (1.0, 0.5)          Evidence Weight:    0.2                 
  Frequency Weight:   0.0                 
  Point Evidence:     0.0                 
  Corrupt P/T/C:      (0.8, 0.15, 0.2)    Corrupt Scale:      1.5                 
  Corrupt Modes:      4                   Target-only corrupt:0                   
  Score Mode:         base_mean           Score Agg / K:      ('calibrated', 3)   
  Evidence Map:       prob                Dump Scores:        1                   
  Strict Val:         1                   Hide Test Loss:     1                   
  Entity Aware:       0                   

[1mRun Parameters[0m
  Num Workers:        4                   Batch Size:         128                 
  Train Epochs:       3                   Patience:           3                   
  Learning Rate:      0.001               Lradj:              type1               
  Des:                e2_no_message_s90   

[1mGPU[0m
  Use GPU:            1                   GPU:                0                   
  Use Multi GPU:      0                   Devices:            0,1,2,3             

Use GPU: cuda:0
🚀 Lazy Loading: ISTAD ...
>>>>>>>start training : anomaly_detection_PSM_ISTAD_PSM_ftM_sl64_bmhgat_relno_message_v3_hglite_bs128_e2_no_message_s90_0>>>>>>>>>>>>>>>>>>>>>>>>>>
test: (87841, 25)
train: (105984, 25)
train 105921
test: (87841, 25)
train: (105984, 25)
val 26434
	iters: 100, epoch: 1 | loss: 0.6369703 clean: 0.4430965 denoise: 0.3877476 evidence: 0.0000000
	speed: 0.0904s/iter; left time: 215.5944s
	iters: 200, epoch: 1 | loss: 0.5645363 clean: 0.4025447 denoise: 0.3239832 evidence: 0.0000000
	speed: 0.0685s/iter; left time: 156.5093s
	iters: 300, epoch: 1 | loss: 0.3998064 clean: 0.2780202 denoise: 0.2435725 evidence: 0.0000000
	speed: 0.0683s/iter; left time: 149.2393s
	iters: 400, epoch: 1 | loss: 0.3779721 clean: 0.2398584 denoise: 0.2762275 evidence: 0.0000000
	speed: 0.0688s/iter; left time: 143.4304s
	iters: 500, epoch: 1 | loss: 0.3937992 clean: 0.2646346 denoise: 0.2583292 evidence: 0.0000000
	speed: 0.0686s/iter; left time: 136.1485s
	iters: 600, epoch: 1 | loss: 0.3278777 clean: 0.2300708 denoise: 0.1956137 evidence: 0.0000000
	speed: 0.0681s/iter; left time: 128.4543s
	iters: 700, epoch: 1 | loss: 0.2895262 clean: 0.1929554 denoise: 0.1931416 evidence: 0.0000000
	speed: 0.0682s/iter; left time: 121.7464s
	iters: 800, epoch: 1 | loss: 0.2525145 clean: 0.1714308 denoise: 0.1621673 evidence: 0.0000000
	speed: 0.0676s/iter; left time: 113.9855s
Epoch: 1 cost time: 57.76672720909119
Epoch: 1, Steps: 828 | Train Loss: 0.4235131 Vali Loss: 1.1138072
Validation loss decreased (inf --> 1.113807).  Saving model ...
Updating learning rate to 0.001
	iters: 100, epoch: 2 | loss: 0.2900747 clean: 0.1842423 denoise: 0.2116648 evidence: 0.0000000
	speed: 0.2223s/iter; left time: 346.0849s
	iters: 200, epoch: 2 | loss: 0.2628367 clean: 0.1693265 denoise: 0.1870204 evidence: 0.0000000
	speed: 0.0675s/iter; left time: 98.4102s
	iters: 300, epoch: 2 | loss: 0.2837365 clean: 0.1863189 denoise: 0.1948352 evidence: 0.0000000
	speed: 0.0672s/iter; left time: 91.2253s
	iters: 400, epoch: 2 | loss: 0.2713664 clean: 0.1775255 denoise: 0.1876816 evidence: 0.0000000
	speed: 0.0679s/iter; left time: 85.3450s
	iters: 500, epoch: 2 | loss: 0.2775539 clean: 0.1739370 denoise: 0.2072337 evidence: 0.0000000
	speed: 0.0676s/iter; left time: 78.1727s
	iters: 600, epoch: 2 | loss: 0.3326685 clean: 0.1358137 denoise: 0.3937097 evidence: 0.0000000
	speed: 0.0671s/iter; left time: 70.9389s
	iters: 700, epoch: 2 | loss: 0.2389717 clean: 0.1527372 denoise: 0.1724689 evidence: 0.0000000
	speed: 0.0675s/iter; left time: 64.6142s
	iters: 800, epoch: 2 | loss: 0.2116959 clean: 0.1407004 denoise: 0.1419910 evidence: 0.0000000
	speed: 0.0672s/iter; left time: 57.5701s
Epoch: 2 cost time: 56.08735728263855
Epoch: 2, Steps: 828 | Train Loss: 0.2627163 Vali Loss: 0.9537488
Validation loss decreased (1.113807 --> 0.953749).  Saving model ...
Updating learning rate to 0.0005
	iters: 100, epoch: 3 | loss: 0.3005260 clean: 0.1888662 denoise: 0.2233197 evidence: 0.0000000
	speed: 0.2235s/iter; left time: 162.9067s
	iters: 200, epoch: 3 | loss: 0.2503512 clean: 0.1451885 denoise: 0.2103254 evidence: 0.0000000
	speed: 0.0673s/iter; left time: 42.3442s
	iters: 300, epoch: 3 | loss: 0.2692587 clean: 0.1799509 denoise: 0.1786156 evidence: 0.0000000
	speed: 0.0673s/iter; left time: 35.5996s
	iters: 400, epoch: 3 | loss: 0.3440727 clean: 0.2289204 denoise: 0.2303045 evidence: 0.0000000
	speed: 0.0674s/iter; left time: 28.9269s
	iters: 500, epoch: 3 | loss: 0.2322791 clean: 0.1432056 denoise: 0.1781469 evidence: 0.0000000
	speed: 0.0677s/iter; left time: 22.2873s
	iters: 600, epoch: 3 | loss: 0.2412608 clean: 0.1648029 denoise: 0.1529157 evidence: 0.0000000
	speed: 0.0668s/iter; left time: 15.2919s
	iters: 700, epoch: 3 | loss: 0.2463286 clean: 0.1684638 denoise: 0.1557295 evidence: 0.0000000
	speed: 0.0674s/iter; left time: 8.7009s
	iters: 800, epoch: 3 | loss: 0.2404532 clean: 0.1575501 denoise: 0.1658060 evidence: 0.0000000
	speed: 0.0673s/iter; left time: 1.9522s
Epoch: 3 cost time: 56.044397592544556
Epoch: 3, Steps: 828 | Train Loss: 0.2416031 Vali Loss: 0.8583462
Validation loss decreased (0.953749 --> 0.858346).  Saving model ...
Updating learning rate to 0.00025
>>>>>>>testing : anomaly_detection_PSM_ISTAD_PSM_ftM_sl64_bmhgat_relno_message_v3_hglite_bs128_e2_no_message_s90_0<<<<<<<<<<<<<<<<<<<<<<<<<<<<<<<<<
test: (87841, 25)
train: (105984, 25)
test 1372
test: (87841, 25)
train: (105984, 25)
score_train 1656
Percentile Threshold Source: train
Percentile Threshold : 0.40709537833929044
Saved point scores and labels: /data/modeluse/TS/ISTAD-release/analysis/e2_architecture_ablation/runtime/anomaly_detection_PSM_ISTAD_PSM_ftM_sl64_bmhgat_relno_message_v3_hglite_bs128_e2_no_message_s90_0/point_scores.npz
pred_raw: (87808,)
gt:      (87808,)
pred_pa: (87808,)
gt_pa:   (87808,)

============================================================
使用百分位数阈值的结果:
============================================================
Raw point F1: 0.4660 (P=0.4792, R=0.4535)
Accuracy : 0.8473, Precision : 0.6566, Recall : 0.9424, F-score : 0.7740 
============================================================


使用自适应 Best F1 搜索（两阶段）
粗搜索步数: 200, 精细搜索步数: 500

============================================================
自适应 Best F1 阈值搜索（两阶段）
============================================================

分数统计信息:
  最小值: 0.017126
  最大值: 432.148773
  均值: 0.621285
  标准差: 2.275611
  中位数: 0.220157
  第1百分位: 0.043691
  第99百分位: 3.362023

自动确定的搜索范围: [0.021846, 6.724047]

============================================================
阶段 1: 粗搜索（步数: 200）
============================================================

============================================================
开始 Best F1 阈值搜索...
============================================================
搜索范围: [0.0218, 6.7240]
搜索步数: 200
使用点调整: False
阈值: 0.0554 | F1: 0.4429 | Precision: 0.2845 | Recall: 0.9995
阈值: 0.7256 | F1: 0.3798 | Precision: 0.4410 | Recall: 0.3335
阈值: 1.3958 | F1: 0.3777 | Precision: 0.5103 | Recall: 0.2998
阈值: 2.0660 | F1: 0.3239 | Precision: 0.6264 | Recall: 0.2184
阈值: 2.7362 | F1: 0.3150 | Precision: 0.9222 | Recall: 0.1899
阈值: 3.4065 | F1: 0.0552 | Precision: 1.0000 | Recall: 0.0284
阈值: 4.0767 | F1: 0.0049 | Precision: 1.0000 | Recall: 0.0025
阈值: 4.7469 | F1: 0.0038 | Precision: 1.0000 | Recall: 0.0019
阈值: 5.4171 | F1: 0.0030 | Precision: 1.0000 | Recall: 0.0015
阈值: 6.0873 | F1: 0.0025 | Precision: 1.0000 | Recall: 0.0013

============================================================
✓ 找到最佳阈值: 0.189401
  最佳 F1: 0.5757
  Precision: 0.4280
  Recall: 0.8789
============================================================


============================================================
阶段 2: 精细搜索（步数: 500）
============================================================
在最佳阈值 0.189401 附近精细搜索
精细搜索范围: [0.021846, 0.859621]

============================================================
开始 Best F1 阈值搜索...
============================================================
搜索范围: [0.0218, 0.8596]
搜索步数: 500
使用点调整: False
阈值: 0.0235 | F1: 0.4344 | Precision: 0.2775 | Recall: 1.0000
阈值: 0.1073 | F1: 0.5075 | Precision: 0.3415 | Recall: 0.9882
阈值: 0.1911 | F1: 0.5746 | Precision: 0.4282 | Recall: 0.8732
阈值: 0.2749 | F1: 0.5023 | Precision: 0.4269 | Recall: 0.6100
阈值: 0.3586 | F1: 0.4750 | Precision: 0.4625 | Recall: 0.4882
阈值: 0.4424 | F1: 0.4577 | Precision: 0.4844 | Recall: 0.4338
阈值: 0.5262 | F1: 0.4288 | Precision: 0.4740 | Recall: 0.3915
阈值: 0.6100 | F1: 0.3974 | Precision: 0.4532 | Recall: 0.3539
阈值: 0.6937 | F1: 0.3828 | Precision: 0.4429 | Recall: 0.3371
阈值: 0.7775 | F1: 0.3754 | Precision: 0.4380 | Recall: 0.3284

============================================================
✓ 找到最佳阈值: 0.175996
  最佳 F1: 0.5781
  Precision: 0.4224
  Recall: 0.9153
============================================================


✓ 精细搜索找到更好的阈值！

============================================================
自适应搜索完成！
============================================================
最终最佳阈值: 0.175996
最佳 F1: 0.5781
Precision: 0.4224
Recall: 0.9153
============================================================

Saved Best F1 results: /data/modeluse/TS/ISTAD-release/analysis/e2_architecture_ablation/runtime/anomaly_detection_PSM_ISTAD_PSM_ftM_sl64_bmhgat_relno_message_v3_hglite_bs128_e2_no_message_s90_0/bestf1_threshold_results.json
Saved anomaly score plot: /data/modeluse/TS/ISTAD-release/analysis/e2_architecture_ablation/runtime/anomaly_detection_PSM_ISTAD_PSM_ftM_sl64_bmhgat_relno_message_v3_hglite_bs128_e2_no_message_s90_0/anomaly_score_threshold.png
ISTAD explainability is disabled by --istad_enable_explain 0
Saved train time summary: /data/modeluse/TS/ISTAD-release/analysis/e2_architecture_ablation/runtime/anomaly_detection_PSM_ISTAD_PSM_ftM_sl64_bmhgat_relno_message_v3_hglite_bs128_e2_no_message_s90_0/train_time_summary.json
=== E2 PSM seed 98 learned_dynamic ===
Using GPU
Args in experiment:
[1mBasic Config[0m
  Task Name:          anomaly_detection   Is Training:        1                   
  Model ID:           PSM                 Model:              ISTAD               
  Seed:               98                  Itr:                1                   

[1mData Loader[0m
  Data:               PSM                 Root Path:          /data/modeluse/TS/ISTAD/dataset/PSM
  Features:           M                   Seq Len:            64                  
  Enc In:             25                  C Out:              25                  
  Checkpoints:        /data/modeluse/TS/ISTAD-release/checkpoints/ISTAD_e2_architecture_ablation
  Eval Step:          64                  

[1mAnomaly Detection Task[0m
  Anomaly Ratio:      1.0                 Threshold Source:   train               

[1mISTAD Parameters[0m
  Kernel Size:        7                   Branch Mode:        hgat                
  TCN Type:           kan                 
  Feat GAT Dim:       -1                  GRU Layers:         1                   
  GRU Hidden:         150                 Recon Layers:       1                   
  Recon Hidden:       32                  ISTAD Dropout:      0.3                 
  Recon Type:         pointwise           KANAD Order:        3                   
  Objective:          reconstruct         Target / Lag:       ('', 1)             
  Leaky Alpha:        0.2                 H Init:             normal              
  Hyperedges:         -1                  Top-K Nodes:        -1                  
  Spatial Type:       lite                HGAT Rank:          8                   
  HGAT Projection:    linear              Relation Mode:      dynamic             
  KAN Grid:           5                   KAN Order:          3                   
  Arch:               legacy              Ablation:           full                
  Explainability:     0                   Explain Batches:    0                   
  Explain Points:     20000               Explain TopK:       10                  
  SmoothGrad:         0                   SG Samples:         20                  
  SG Noise:           0.1                 Quad Mode:          quantile            
  Quad Value:         0.75                Err Agg:            sum                 
  Sal Agg:            sum                 
  V3 Denoise:         1                   Evidence Head:      0                   
  Clean / Denoise:    (1.0, 0.5)          Evidence Weight:    0.2                 
  Frequency Weight:   0.0                 
  Point Evidence:     0.0                 
  Corrupt P/T/C:      (0.8, 0.15, 0.2)    Corrupt Scale:      1.5                 
  Corrupt Modes:      4                   Target-only corrupt:0                   
  Score Mode:         base_mean           Score Agg / K:      ('calibrated', 3)   
  Evidence Map:       prob                Dump Scores:        1                   
  Strict Val:         1                   Hide Test Loss:     1                   
  Entity Aware:       0                   

[1mRun Parameters[0m
  Num Workers:        4                   Batch Size:         128                 
  Train Epochs:       3                   Patience:           3                   
  Learning Rate:      0.001               Lradj:              type1               
  Des:                e2_learned_dynamic_s98

[1mGPU[0m
  Use GPU:            1                   GPU:                0                   
  Use Multi GPU:      0                   Devices:            0,1,2,3             

Use GPU: cuda:0
🚀 Lazy Loading: ISTAD ...
>>>>>>>start training : anomaly_detection_PSM_ISTAD_PSM_ftM_sl64_bmhgat_v3_hglite_bs128_e2_learned_dynamic_s98_0>>>>>>>>>>>>>>>>>>>>>>>>>>
test: (87841, 25)
train: (105984, 25)
train 105921
test: (87841, 25)
train: (105984, 25)
val 26434
	iters: 100, epoch: 1 | loss: 0.4312186 clean: 0.2847314 denoise: 0.2929742 evidence: 0.0000000
	speed: 0.1012s/iter; left time: 241.2627s
	iters: 200, epoch: 1 | loss: 0.3241474 clean: 0.2199664 denoise: 0.2083621 evidence: 0.0000000
	speed: 0.0785s/iter; left time: 179.2596s
	iters: 300, epoch: 1 | loss: 0.3100764 clean: 0.2185014 denoise: 0.1831498 evidence: 0.0000000
	speed: 0.0778s/iter; left time: 170.0524s
	iters: 400, epoch: 1 | loss: 0.3128191 clean: 0.2020161 denoise: 0.2216060 evidence: 0.0000000
	speed: 0.0780s/iter; left time: 162.6383s
	iters: 500, epoch: 1 | loss: 0.2447379 clean: 0.1591460 denoise: 0.1711838 evidence: 0.0000000
	speed: 0.0780s/iter; left time: 154.7758s
	iters: 600, epoch: 1 | loss: 0.3270987 clean: 0.2200852 denoise: 0.2140270 evidence: 0.0000000
	speed: 0.0787s/iter; left time: 148.3699s
	iters: 700, epoch: 1 | loss: 0.3447128 clean: 0.2403272 denoise: 0.2087711 evidence: 0.0000000
	speed: 0.0780s/iter; left time: 139.1443s
	iters: 800, epoch: 1 | loss: 0.3151155 clean: 0.2202267 denoise: 0.1897776 evidence: 0.0000000
	speed: 0.0781s/iter; left time: 131.6162s
Epoch: 1 cost time: 66.09446454048157
Epoch: 1, Steps: 828 | Train Loss: 0.4048450 Vali Loss: 1.1671656
Validation loss decreased (inf --> 1.167166).  Saving model ...
Updating learning rate to 0.001
	iters: 100, epoch: 2 | loss: 0.2328718 clean: 0.1491057 denoise: 0.1675322 evidence: 0.0000000
	speed: 0.2478s/iter; left time: 385.8419s
	iters: 200, epoch: 2 | loss: 0.2833303 clean: 0.1907244 denoise: 0.1852117 evidence: 0.0000000
	speed: 0.0782s/iter; left time: 113.9104s
	iters: 300, epoch: 2 | loss: 0.2436556 clean: 0.1587933 denoise: 0.1697247 evidence: 0.0000000
	speed: 0.0782s/iter; left time: 106.1614s
	iters: 400, epoch: 2 | loss: 0.2683899 clean: 0.1697688 denoise: 0.1972421 evidence: 0.0000000
	speed: 0.0785s/iter; left time: 98.6225s
	iters: 500, epoch: 2 | loss: 0.2925852 clean: 0.1854632 denoise: 0.2142440 evidence: 0.0000000
	speed: 0.0786s/iter; left time: 90.9673s
	iters: 600, epoch: 2 | loss: 0.2258268 clean: 0.1479414 denoise: 0.1557708 evidence: 0.0000000
	speed: 0.0786s/iter; left time: 83.0719s
	iters: 700, epoch: 2 | loss: 0.2669311 clean: 0.1776177 denoise: 0.1786268 evidence: 0.0000000
	speed: 0.0789s/iter; left time: 75.4693s
	iters: 800, epoch: 2 | loss: 0.2350173 clean: 0.1502412 denoise: 0.1695521 evidence: 0.0000000
	speed: 0.0787s/iter; left time: 67.4237s
Epoch: 2 cost time: 65.26924228668213
Epoch: 2, Steps: 828 | Train Loss: 0.2621667 Vali Loss: 0.8488600
Validation loss decreased (1.167166 --> 0.848860).  Saving model ...
Updating learning rate to 0.0005
	iters: 100, epoch: 3 | loss: 0.2818796 clean: 0.1876395 denoise: 0.1884802 evidence: 0.0000000
	speed: 0.2485s/iter; left time: 181.1227s
	iters: 200, epoch: 3 | loss: 0.2204152 clean: 0.1437717 denoise: 0.1532870 evidence: 0.0000000
	speed: 0.0784s/iter; left time: 49.2910s
	iters: 300, epoch: 3 | loss: 0.2309313 clean: 0.1454638 denoise: 0.1709350 evidence: 0.0000000
	speed: 0.0784s/iter; left time: 41.4587s
	iters: 400, epoch: 3 | loss: 0.2403053 clean: 0.1572060 denoise: 0.1661987 evidence: 0.0000000
	speed: 0.0782s/iter; left time: 33.5534s
	iters: 500, epoch: 3 | loss: 0.2636943 clean: 0.1644592 denoise: 0.1984702 evidence: 0.0000000
	speed: 0.0784s/iter; left time: 25.7946s
	iters: 600, epoch: 3 | loss: 0.2055194 clean: 0.1275666 denoise: 0.1559056 evidence: 0.0000000
	speed: 0.0779s/iter; left time: 17.8452s
	iters: 700, epoch: 3 | loss: 0.2336796 clean: 0.1492039 denoise: 0.1689513 evidence: 0.0000000
	speed: 0.0778s/iter; left time: 10.0380s
	iters: 800, epoch: 3 | loss: 0.2145978 clean: 0.1390263 denoise: 0.1511429 evidence: 0.0000000
	speed: 0.0782s/iter; left time: 2.2667s
Epoch: 3 cost time: 64.97607231140137
Epoch: 3, Steps: 828 | Train Loss: 0.2439712 Vali Loss: 0.8378209
Validation loss decreased (0.848860 --> 0.837821).  Saving model ...
Updating learning rate to 0.00025
>>>>>>>testing : anomaly_detection_PSM_ISTAD_PSM_ftM_sl64_bmhgat_v3_hglite_bs128_e2_learned_dynamic_s98_0<<<<<<<<<<<<<<<<<<<<<<<<<<<<<<<<<
test: (87841, 25)
train: (105984, 25)
test 1372
test: (87841, 25)
train: (105984, 25)
score_train 1656
Percentile Threshold Source: train
Percentile Threshold : 0.33474502295255604
Saved point scores and labels: /data/modeluse/TS/ISTAD-release/analysis/e2_architecture_ablation/runtime/anomaly_detection_PSM_ISTAD_PSM_ftM_sl64_bmhgat_v3_hglite_bs128_e2_learned_dynamic_s98_0/point_scores.npz
pred_raw: (87808,)
gt:      (87808,)
pred_pa: (87808,)
gt_pa:   (87808,)

============================================================
使用百分位数阈值的结果:
============================================================
Raw point F1: 0.4649 (P=0.4836, R=0.4476)
Accuracy : 0.8528, Precision : 0.6647, Recall : 0.9475, F-score : 0.7813 
============================================================


使用自适应 Best F1 搜索（两阶段）
粗搜索步数: 200, 精细搜索步数: 500

============================================================
自适应 Best F1 阈值搜索（两阶段）
============================================================

分数统计信息:
  最小值: 0.014543
  最大值: 436.120544
  均值: 0.546742
  标准差: 2.250187
  中位数: 0.177870
  第1百分位: 0.037374
  第99百分位: 2.910087

自动确定的搜索范围: [0.018687, 5.820173]

============================================================
阶段 1: 粗搜索（步数: 200）
============================================================

============================================================
开始 Best F1 阈值搜索...
============================================================
搜索范围: [0.0187, 5.8202]
搜索步数: 200
使用点调整: False
阈值: 0.0477 | F1: 0.4444 | Precision: 0.2857 | Recall: 0.9992
阈值: 0.6278 | F1: 0.3742 | Precision: 0.4370 | Recall: 0.3273
阈值: 1.2080 | F1: 0.3681 | Precision: 0.4570 | Recall: 0.3082
阈值: 1.7881 | F1: 0.3180 | Precision: 0.5497 | Recall: 0.2237
阈值: 2.3683 | F1: 0.3137 | Precision: 0.8826 | Recall: 0.1907
阈值: 2.9484 | F1: 0.0550 | Precision: 0.9986 | Recall: 0.0283
阈值: 3.5286 | F1: 0.0042 | Precision: 1.0000 | Recall: 0.0021
阈值: 4.1087 | F1: 0.0036 | Precision: 1.0000 | Recall: 0.0018
阈值: 4.6889 | F1: 0.0030 | Precision: 1.0000 | Recall: 0.0015
阈值: 5.2690 | F1: 0.0027 | Precision: 1.0000 | Recall: 0.0014

============================================================
✓ 找到最佳阈值: 0.163724
  最佳 F1: 0.6173
  Precision: 0.4693
  Recall: 0.9015
============================================================


============================================================
阶段 2: 精细搜索（步数: 500）
============================================================
在最佳阈值 0.163724 附近精细搜索
精细搜索范围: [0.018687, 0.743873]

============================================================
开始 Best F1 阈值搜索...
============================================================
搜索范围: [0.0187, 0.7439]
搜索步数: 500
使用点调整: False
阈值: 0.0201 | F1: 0.4343 | Precision: 0.2774 | Recall: 1.0000
阈值: 0.0927 | F1: 0.5198 | Precision: 0.3539 | Recall: 0.9786
阈值: 0.1652 | F1: 0.6178 | Precision: 0.4708 | Recall: 0.8985
阈值: 0.2377 | F1: 0.5432 | Precision: 0.4711 | Recall: 0.6415
阈值: 0.3102 | F1: 0.4756 | Precision: 0.4789 | Recall: 0.4724
阈值: 0.3827 | F1: 0.4468 | Precision: 0.4834 | Recall: 0.4154
阈值: 0.4552 | F1: 0.4162 | Precision: 0.4668 | Recall: 0.3756
阈值: 0.5278 | F1: 0.3918 | Precision: 0.4496 | Recall: 0.3472
阈值: 0.6003 | F1: 0.3773 | Precision: 0.4389 | Recall: 0.3308
阈值: 0.6728 | F1: 0.3715 | Precision: 0.4354 | Recall: 0.3240

============================================================
✓ 找到最佳阈值: 0.176777
  最佳 F1: 0.6210
  Precision: 0.4818
  Recall: 0.8732
============================================================


✓ 精细搜索找到更好的阈值！

============================================================
自适应搜索完成！
============================================================
最终最佳阈值: 0.176777
最佳 F1: 0.6210
Precision: 0.4818
Recall: 0.8732
============================================================

Saved Best F1 results: /data/modeluse/TS/ISTAD-release/analysis/e2_architecture_ablation/runtime/anomaly_detection_PSM_ISTAD_PSM_ftM_sl64_bmhgat_v3_hglite_bs128_e2_learned_dynamic_s98_0/bestf1_threshold_results.json
Saved anomaly score plot: /data/modeluse/TS/ISTAD-release/analysis/e2_architecture_ablation/runtime/anomaly_detection_PSM_ISTAD_PSM_ftM_sl64_bmhgat_v3_hglite_bs128_e2_learned_dynamic_s98_0/anomaly_score_threshold.png
ISTAD explainability is disabled by --istad_enable_explain 0
Saved train time summary: /data/modeluse/TS/ISTAD-release/analysis/e2_architecture_ablation/runtime/anomaly_detection_PSM_ISTAD_PSM_ftM_sl64_bmhgat_v3_hglite_bs128_e2_learned_dynamic_s98_0/train_time_summary.json
=== E2 PSM seed 98 learned_static ===
Using GPU
Args in experiment:
[1mBasic Config[0m
  Task Name:          anomaly_detection   Is Training:        1                   
  Model ID:           PSM                 Model:              ISTAD               
  Seed:               98                  Itr:                1                   

[1mData Loader[0m
  Data:               PSM                 Root Path:          /data/modeluse/TS/ISTAD/dataset/PSM
  Features:           M                   Seq Len:            64                  
  Enc In:             25                  C Out:              25                  
  Checkpoints:        /data/modeluse/TS/ISTAD-release/checkpoints/ISTAD_e2_architecture_ablation
  Eval Step:          64                  

[1mAnomaly Detection Task[0m
  Anomaly Ratio:      1.0                 Threshold Source:   train               

[1mISTAD Parameters[0m
  Kernel Size:        7                   Branch Mode:        hgat                
  TCN Type:           kan                 
  Feat GAT Dim:       -1                  GRU Layers:         1                   
  GRU Hidden:         150                 Recon Layers:       1                   
  Recon Hidden:       32                  ISTAD Dropout:      0.3                 
  Recon Type:         pointwise           KANAD Order:        3                   
  Objective:          reconstruct         Target / Lag:       ('', 1)             
  Leaky Alpha:        0.2                 H Init:             normal              
  Hyperedges:         -1                  Top-K Nodes:        -1                  
  Spatial Type:       lite                HGAT Rank:          8                   
  HGAT Projection:    linear              Relation Mode:      static              
  KAN Grid:           5                   KAN Order:          3                   
  Arch:               legacy              Ablation:           full                
  Explainability:     0                   Explain Batches:    0                   
  Explain Points:     20000               Explain TopK:       10                  
  SmoothGrad:         0                   SG Samples:         20                  
  SG Noise:           0.1                 Quad Mode:          quantile            
  Quad Value:         0.75                Err Agg:            sum                 
  Sal Agg:            sum                 
  V3 Denoise:         1                   Evidence Head:      0                   
  Clean / Denoise:    (1.0, 0.5)          Evidence Weight:    0.2                 
  Frequency Weight:   0.0                 
  Point Evidence:     0.0                 
  Corrupt P/T/C:      (0.8, 0.15, 0.2)    Corrupt Scale:      1.5                 
  Corrupt Modes:      4                   Target-only corrupt:0                   
  Score Mode:         base_mean           Score Agg / K:      ('calibrated', 3)   
  Evidence Map:       prob                Dump Scores:        1                   
  Strict Val:         1                   Hide Test Loss:     1                   
  Entity Aware:       0                   

[1mRun Parameters[0m
  Num Workers:        4                   Batch Size:         128                 
  Train Epochs:       3                   Patience:           3                   
  Learning Rate:      0.001               Lradj:              type1               
  Des:                e2_learned_static_s98

[1mGPU[0m
  Use GPU:            1                   GPU:                0                   
  Use Multi GPU:      0                   Devices:            0,1,2,3             

Use GPU: cuda:0
🚀 Lazy Loading: ISTAD ...
>>>>>>>start training : anomaly_detection_PSM_ISTAD_PSM_ftM_sl64_bmhgat_relstatic_v3_hglite_bs128_e2_learned_static_s98_0>>>>>>>>>>>>>>>>>>>>>>>>>>
test: (87841, 25)
train: (105984, 25)
train 105921
test: (87841, 25)
train: (105984, 25)
val 26434
	iters: 100, epoch: 1 | loss: 0.4282011 clean: 0.2840545 denoise: 0.2882934 evidence: 0.0000000
	speed: 0.0998s/iter; left time: 237.9092s
	iters: 200, epoch: 1 | loss: 0.3231595 clean: 0.2197647 denoise: 0.2067897 evidence: 0.0000000
	speed: 0.0776s/iter; left time: 177.3192s
	iters: 300, epoch: 1 | loss: 0.3086904 clean: 0.2167068 denoise: 0.1839672 evidence: 0.0000000
	speed: 0.0770s/iter; left time: 168.1670s
	iters: 400, epoch: 1 | loss: 0.3103068 clean: 0.1996911 denoise: 0.2212313 evidence: 0.0000000
	speed: 0.0771s/iter; left time: 160.7950s
	iters: 500, epoch: 1 | loss: 0.2419909 clean: 0.1574321 denoise: 0.1691176 evidence: 0.0000000
	speed: 0.0779s/iter; left time: 154.6156s
	iters: 600, epoch: 1 | loss: 0.3224827 clean: 0.2168598 denoise: 0.2112459 evidence: 0.0000000
	speed: 0.0786s/iter; left time: 148.1785s
	iters: 700, epoch: 1 | loss: 0.3409535 clean: 0.2383040 denoise: 0.2052989 evidence: 0.0000000
	speed: 0.0773s/iter; left time: 137.9686s
	iters: 800, epoch: 1 | loss: 0.3135596 clean: 0.2178955 denoise: 0.1913282 evidence: 0.0000000
	speed: 0.0772s/iter; left time: 130.0604s
Epoch: 1 cost time: 65.51063561439514
Epoch: 1, Steps: 828 | Train Loss: 0.4027472 Vali Loss: 1.1036063
Validation loss decreased (inf --> 1.103606).  Saving model ...
Updating learning rate to 0.001
	iters: 100, epoch: 2 | loss: 0.2345071 clean: 0.1487050 denoise: 0.1716044 evidence: 0.0000000
	speed: 0.2443s/iter; left time: 380.4061s
	iters: 200, epoch: 2 | loss: 0.2814307 clean: 0.1892366 denoise: 0.1843882 evidence: 0.0000000
	speed: 0.0767s/iter; left time: 111.7078s
	iters: 300, epoch: 2 | loss: 0.2423625 clean: 0.1575427 denoise: 0.1696397 evidence: 0.0000000
	speed: 0.0767s/iter; left time: 104.1388s
	iters: 400, epoch: 2 | loss: 0.2647349 clean: 0.1688462 denoise: 0.1917775 evidence: 0.0000000
	speed: 0.0770s/iter; left time: 96.7407s
	iters: 500, epoch: 2 | loss: 0.2940194 clean: 0.1857637 denoise: 0.2165113 evidence: 0.0000000
	speed: 0.0770s/iter; left time: 89.0479s
	iters: 600, epoch: 2 | loss: 0.2267518 clean: 0.1474550 denoise: 0.1585937 evidence: 0.0000000
	speed: 0.0770s/iter; left time: 81.3976s
	iters: 700, epoch: 2 | loss: 0.2675332 clean: 0.1775185 denoise: 0.1800295 evidence: 0.0000000
	speed: 0.0770s/iter; left time: 73.7238s
	iters: 800, epoch: 2 | loss: 0.2341949 clean: 0.1511487 denoise: 0.1660924 evidence: 0.0000000
	speed: 0.0768s/iter; left time: 65.8395s
Epoch: 2 cost time: 63.95464515686035
Epoch: 2, Steps: 828 | Train Loss: 0.2606856 Vali Loss: 0.8432135
Validation loss decreased (1.103606 --> 0.843213).  Saving model ...
Updating learning rate to 0.0005
	iters: 100, epoch: 3 | loss: 0.2797042 clean: 0.1862537 denoise: 0.1869008 evidence: 0.0000000
	speed: 0.2442s/iter; left time: 178.0448s
	iters: 200, epoch: 3 | loss: 0.2182274 clean: 0.1423955 denoise: 0.1516638 evidence: 0.0000000
	speed: 0.0771s/iter; left time: 48.4752s
	iters: 300, epoch: 3 | loss: 0.2307526 clean: 0.1441306 denoise: 0.1732440 evidence: 0.0000000
	speed: 0.0770s/iter; left time: 40.7150s
	iters: 400, epoch: 3 | loss: 0.2383110 clean: 0.1568237 denoise: 0.1629746 evidence: 0.0000000
	speed: 0.0769s/iter; left time: 32.9823s
	iters: 500, epoch: 3 | loss: 0.2642609 clean: 0.1651608 denoise: 0.1982002 evidence: 0.0000000
	speed: 0.0772s/iter; left time: 25.3957s
	iters: 600, epoch: 3 | loss: 0.2055702 clean: 0.1265308 denoise: 0.1580787 evidence: 0.0000000
	speed: 0.0768s/iter; left time: 17.5890s
	iters: 700, epoch: 3 | loss: 0.2312841 clean: 0.1475302 denoise: 0.1675078 evidence: 0.0000000
	speed: 0.0769s/iter; left time: 9.9178s
	iters: 800, epoch: 3 | loss: 0.2128634 clean: 0.1387874 denoise: 0.1481519 evidence: 0.0000000
	speed: 0.0778s/iter; left time: 2.2574s
Epoch: 3 cost time: 64.13742184638977
Epoch: 3, Steps: 828 | Train Loss: 0.2428008 Vali Loss: 0.7817252
Validation loss decreased (0.843213 --> 0.781725).  Saving model ...
Updating learning rate to 0.00025
>>>>>>>testing : anomaly_detection_PSM_ISTAD_PSM_ftM_sl64_bmhgat_relstatic_v3_hglite_bs128_e2_learned_static_s98_0<<<<<<<<<<<<<<<<<<<<<<<<<<<<<<<<<
test: (87841, 25)
train: (105984, 25)
test 1372
test: (87841, 25)
train: (105984, 25)
score_train 1656
Percentile Threshold Source: train
Percentile Threshold : 0.28715332865715015
Saved point scores and labels: /data/modeluse/TS/ISTAD-release/analysis/e2_architecture_ablation/runtime/anomaly_detection_PSM_ISTAD_PSM_ftM_sl64_bmhgat_relstatic_v3_hglite_bs128_e2_learned_static_s98_0/point_scores.npz
pred_raw: (87808,)
gt:      (87808,)
pred_pa: (87808,)
gt_pa:   (87808,)

============================================================
使用百分位数阈值的结果:
============================================================
Raw point F1: 0.4769 (P=0.4641, R=0.4904)
Accuracy : 0.8275, Precision : 0.6251, Recall : 0.9442, F-score : 0.7522 
============================================================


使用自适应 Best F1 搜索（两阶段）
粗搜索步数: 200, 精细搜索步数: 500

============================================================
自适应 Best F1 阈值搜索（两阶段）
============================================================

分数统计信息:
  最小值: 0.014360
  最大值: 428.396820
  均值: 0.526087
  标准差: 2.234942
  中位数: 0.175383
  第1百分位: 0.033962
  第99百分位: 2.947201

自动确定的搜索范围: [0.016981, 5.894402]

============================================================
阶段 1: 粗搜索（步数: 200）
============================================================

============================================================
开始 Best F1 阈值搜索...
============================================================
搜索范围: [0.0170, 5.8944]
搜索步数: 200
使用点调整: False
阈值: 0.0464 | F1: 0.4468 | Precision: 0.2879 | Recall: 0.9980
阈值: 0.6341 | F1: 0.3640 | Precision: 0.4290 | Recall: 0.3162
阈值: 1.2219 | F1: 0.3691 | Precision: 0.4931 | Recall: 0.2949
阈值: 1.8096 | F1: 0.3130 | Precision: 0.6497 | Recall: 0.2061
阈值: 2.3973 | F1: 0.2970 | Precision: 0.9006 | Recall: 0.1778
阈值: 2.9851 | F1: 0.0556 | Precision: 1.0000 | Recall: 0.0286
阈值: 3.5728 | F1: 0.0039 | Precision: 1.0000 | Recall: 0.0020
阈值: 4.1606 | F1: 0.0031 | Precision: 1.0000 | Recall: 0.0016
阈值: 4.7483 | F1: 0.0028 | Precision: 1.0000 | Recall: 0.0014
阈值: 5.3360 | F1: 0.0023 | Precision: 1.0000 | Recall: 0.0011

============================================================
✓ 找到最佳阈值: 0.163917
  最佳 F1: 0.6174
  Precision: 0.4724
  Recall: 0.8911
============================================================


============================================================
阶段 2: 精细搜索（步数: 500）
============================================================
在最佳阈值 0.163917 附近精细搜索
精细搜索范围: [0.016981, 0.751659]

============================================================
开始 Best F1 阈值搜索...
============================================================
搜索范围: [0.0170, 0.7517]
搜索步数: 500
使用点调整: False
阈值: 0.0185 | F1: 0.4343 | Precision: 0.2774 | Recall: 1.0000
阈值: 0.0919 | F1: 0.5345 | Precision: 0.3684 | Recall: 0.9737
阈值: 0.1654 | F1: 0.6178 | Precision: 0.4736 | Recall: 0.8884
阈值: 0.2389 | F1: 0.5317 | Precision: 0.4623 | Recall: 0.6258
阈值: 0.3123 | F1: 0.4639 | Precision: 0.4720 | Recall: 0.4561
阈值: 0.3858 | F1: 0.4397 | Precision: 0.4777 | Recall: 0.4073
阈值: 0.4593 | F1: 0.4148 | Precision: 0.4658 | Recall: 0.3738
阈值: 0.5327 | F1: 0.3856 | Precision: 0.4448 | Recall: 0.3403
阈值: 0.6062 | F1: 0.3674 | Precision: 0.4313 | Recall: 0.3200
阈值: 0.6797 | F1: 0.3621 | Precision: 0.4278 | Recall: 0.3139

============================================================
✓ 找到最佳阈值: 0.169794
  最佳 F1: 0.6189
  Precision: 0.4775
  Recall: 0.8793
============================================================


✓ 精细搜索找到更好的阈值！

============================================================
自适应搜索完成！
============================================================
最终最佳阈值: 0.169794
最佳 F1: 0.6189
Precision: 0.4775
Recall: 0.8793
============================================================

Saved Best F1 results: /data/modeluse/TS/ISTAD-release/analysis/e2_architecture_ablation/runtime/anomaly_detection_PSM_ISTAD_PSM_ftM_sl64_bmhgat_relstatic_v3_hglite_bs128_e2_learned_static_s98_0/bestf1_threshold_results.json
Saved anomaly score plot: /data/modeluse/TS/ISTAD-release/analysis/e2_architecture_ablation/runtime/anomaly_detection_PSM_ISTAD_PSM_ftM_sl64_bmhgat_relstatic_v3_hglite_bs128_e2_learned_static_s98_0/anomaly_score_threshold.png
ISTAD explainability is disabled by --istad_enable_explain 0
Saved train time summary: /data/modeluse/TS/ISTAD-release/analysis/e2_architecture_ablation/runtime/anomaly_detection_PSM_ISTAD_PSM_ftM_sl64_bmhgat_relstatic_v3_hglite_bs128_e2_learned_static_s98_0/train_time_summary.json
=== E2 PSM seed 98 fixed_random ===
Using GPU
Args in experiment:
[1mBasic Config[0m
  Task Name:          anomaly_detection   Is Training:        1                   
  Model ID:           PSM                 Model:              ISTAD               
  Seed:               98                  Itr:                1                   

[1mData Loader[0m
  Data:               PSM                 Root Path:          /data/modeluse/TS/ISTAD/dataset/PSM
  Features:           M                   Seq Len:            64                  
  Enc In:             25                  C Out:              25                  
  Checkpoints:        /data/modeluse/TS/ISTAD-release/checkpoints/ISTAD_e2_architecture_ablation
  Eval Step:          64                  

[1mAnomaly Detection Task[0m
  Anomaly Ratio:      1.0                 Threshold Source:   train               

[1mISTAD Parameters[0m
  Kernel Size:        7                   Branch Mode:        hgat                
  TCN Type:           kan                 
  Feat GAT Dim:       -1                  GRU Layers:         1                   
  GRU Hidden:         150                 Recon Layers:       1                   
  Recon Hidden:       32                  ISTAD Dropout:      0.3                 
  Recon Type:         pointwise           KANAD Order:        3                   
  Objective:          reconstruct         Target / Lag:       ('', 1)             
  Leaky Alpha:        0.2                 H Init:             normal              
  Hyperedges:         -1                  Top-K Nodes:        -1                  
  Spatial Type:       lite                HGAT Rank:          8                   
  HGAT Projection:    linear              Relation Mode:      fixed_random        
  KAN Grid:           5                   KAN Order:          3                   
  Arch:               legacy              Ablation:           full                
  Explainability:     0                   Explain Batches:    0                   
  Explain Points:     20000               Explain TopK:       10                  
  SmoothGrad:         0                   SG Samples:         20                  
  SG Noise:           0.1                 Quad Mode:          quantile            
  Quad Value:         0.75                Err Agg:            sum                 
  Sal Agg:            sum                 
  V3 Denoise:         1                   Evidence Head:      0                   
  Clean / Denoise:    (1.0, 0.5)          Evidence Weight:    0.2                 
  Frequency Weight:   0.0                 
  Point Evidence:     0.0                 
  Corrupt P/T/C:      (0.8, 0.15, 0.2)    Corrupt Scale:      1.5                 
  Corrupt Modes:      4                   Target-only corrupt:0                   
  Score Mode:         base_mean           Score Agg / K:      ('calibrated', 3)   
  Evidence Map:       prob                Dump Scores:        1                   
  Strict Val:         1                   Hide Test Loss:     1                   
  Entity Aware:       0                   

[1mRun Parameters[0m
  Num Workers:        4                   Batch Size:         128                 
  Train Epochs:       3                   Patience:           3                   
  Learning Rate:      0.001               Lradj:              type1               
  Des:                e2_fixed_random_s98 

[1mGPU[0m
  Use GPU:            1                   GPU:                0                   
  Use Multi GPU:      0                   Devices:            0,1,2,3             

Use GPU: cuda:0
🚀 Lazy Loading: ISTAD ...
>>>>>>>start training : anomaly_detection_PSM_ISTAD_PSM_ftM_sl64_bmhgat_relfixed_random_v3_hglite_bs128_e2_fixed_random_s98_0>>>>>>>>>>>>>>>>>>>>>>>>>>
test: (87841, 25)
train: (105984, 25)
train 105921
test: (87841, 25)
train: (105984, 25)
val 26434
	iters: 100, epoch: 1 | loss: 0.4307169 clean: 0.2849526 denoise: 0.2915286 evidence: 0.0000000
	speed: 0.0958s/iter; left time: 228.5903s
	iters: 200, epoch: 1 | loss: 0.3248623 clean: 0.2209388 denoise: 0.2078470 evidence: 0.0000000
	speed: 0.0738s/iter; left time: 168.6588s
	iters: 300, epoch: 1 | loss: 0.3088455 clean: 0.2170091 denoise: 0.1836729 evidence: 0.0000000
	speed: 0.0732s/iter; left time: 159.9550s
	iters: 400, epoch: 1 | loss: 0.3118630 clean: 0.2004126 denoise: 0.2229008 evidence: 0.0000000
	speed: 0.0735s/iter; left time: 153.2910s
	iters: 500, epoch: 1 | loss: 0.2416107 clean: 0.1568421 denoise: 0.1695372 evidence: 0.0000000
	speed: 0.0735s/iter; left time: 145.8265s
	iters: 600, epoch: 1 | loss: 0.3234254 clean: 0.2180147 denoise: 0.2108215 evidence: 0.0000000
	speed: 0.0745s/iter; left time: 140.4967s
	iters: 700, epoch: 1 | loss: 0.3419721 clean: 0.2391996 denoise: 0.2055450 evidence: 0.0000000
	speed: 0.0739s/iter; left time: 131.9746s
	iters: 800, epoch: 1 | loss: 0.3144872 clean: 0.2190750 denoise: 0.1908244 evidence: 0.0000000
	speed: 0.0738s/iter; left time: 124.3897s
Epoch: 1 cost time: 62.36272668838501
Epoch: 1, Steps: 828 | Train Loss: 0.4036229 Vali Loss: 1.0400165
Validation loss decreased (inf --> 1.040016).  Saving model ...
Updating learning rate to 0.001
	iters: 100, epoch: 2 | loss: 0.2329609 clean: 0.1495837 denoise: 0.1667544 evidence: 0.0000000
	speed: 0.2380s/iter; left time: 370.6197s
	iters: 200, epoch: 2 | loss: 0.2850303 clean: 0.1914751 denoise: 0.1871105 evidence: 0.0000000
	speed: 0.0736s/iter; left time: 107.1841s
	iters: 300, epoch: 2 | loss: 0.2440880 clean: 0.1594218 denoise: 0.1693324 evidence: 0.0000000
	speed: 0.0735s/iter; left time: 99.7638s
	iters: 400, epoch: 2 | loss: 0.2656089 clean: 0.1690393 denoise: 0.1931392 evidence: 0.0000000
	speed: 0.0736s/iter; left time: 92.5747s
	iters: 500, epoch: 2 | loss: 0.2922669 clean: 0.1847244 denoise: 0.2150850 evidence: 0.0000000
	speed: 0.0734s/iter; left time: 84.9442s
	iters: 600, epoch: 2 | loss: 0.2280672 clean: 0.1492936 denoise: 0.1575473 evidence: 0.0000000
	speed: 0.0736s/iter; left time: 77.7788s
	iters: 700, epoch: 2 | loss: 0.2677503 clean: 0.1770240 denoise: 0.1814525 evidence: 0.0000000
	speed: 0.0739s/iter; left time: 70.6828s
	iters: 800, epoch: 2 | loss: 0.2328025 clean: 0.1523266 denoise: 0.1609519 evidence: 0.0000000
	speed: 0.0735s/iter; left time: 62.9821s
Epoch: 2 cost time: 61.21994590759277
Epoch: 2, Steps: 828 | Train Loss: 0.2620981 Vali Loss: 0.8582362
Validation loss decreased (1.040016 --> 0.858236).  Saving model ...
Updating learning rate to 0.0005
	iters: 100, epoch: 3 | loss: 0.2801192 clean: 0.1869587 denoise: 0.1863208 evidence: 0.0000000
	speed: 0.2377s/iter; left time: 173.3155s
	iters: 200, epoch: 3 | loss: 0.2216296 clean: 0.1447928 denoise: 0.1536736 evidence: 0.0000000
	speed: 0.0740s/iter; left time: 46.5663s
	iters: 300, epoch: 3 | loss: 0.2324398 clean: 0.1445730 denoise: 0.1757336 evidence: 0.0000000
	speed: 0.0740s/iter; left time: 39.1679s
	iters: 400, epoch: 3 | loss: 0.2414314 clean: 0.1582468 denoise: 0.1663694 evidence: 0.0000000
	speed: 0.0737s/iter; left time: 31.6359s
	iters: 500, epoch: 3 | loss: 0.2629970 clean: 0.1634985 denoise: 0.1989969 evidence: 0.0000000
	speed: 0.0740s/iter; left time: 24.3421s
	iters: 600, epoch: 3 | loss: 0.2063529 clean: 0.1275956 denoise: 0.1575147 evidence: 0.0000000
	speed: 0.0735s/iter; left time: 16.8216s
	iters: 700, epoch: 3 | loss: 0.2329207 clean: 0.1480102 denoise: 0.1698210 evidence: 0.0000000
	speed: 0.0735s/iter; left time: 9.4791s
	iters: 800, epoch: 3 | loss: 0.2161774 clean: 0.1404576 denoise: 0.1514397 evidence: 0.0000000
	speed: 0.0736s/iter; left time: 2.1350s
Epoch: 3 cost time: 61.33762049674988
Epoch: 3, Steps: 828 | Train Loss: 0.2436217 Vali Loss: 0.7831218
Validation loss decreased (0.858236 --> 0.783122).  Saving model ...
Updating learning rate to 0.00025
>>>>>>>testing : anomaly_detection_PSM_ISTAD_PSM_ftM_sl64_bmhgat_relfixed_random_v3_hglite_bs128_e2_fixed_random_s98_0<<<<<<<<<<<<<<<<<<<<<<<<<<<<<<<<<
test: (87841, 25)
train: (105984, 25)
test 1372
test: (87841, 25)
train: (105984, 25)
score_train 1656
Percentile Threshold Source: train
Percentile Threshold : 0.3102210888266561
Saved point scores and labels: /data/modeluse/TS/ISTAD-release/analysis/e2_architecture_ablation/runtime/anomaly_detection_PSM_ISTAD_PSM_ftM_sl64_bmhgat_relfixed_random_v3_hglite_bs128_e2_fixed_random_s98_0/point_scores.npz
pred_raw: (87808,)
gt:      (87808,)
pred_pa: (87808,)
gt_pa:   (87808,)

============================================================
使用百分位数阈值的结果:
============================================================
Raw point F1: 0.4783 (P=0.4591, R=0.4991)
Accuracy : 0.8208, Precision : 0.6157, Recall : 0.9417, F-score : 0.7445 
============================================================


使用自适应 Best F1 搜索（两阶段）
粗搜索步数: 200, 精细搜索步数: 500

============================================================
自适应 Best F1 阈值搜索（两阶段）
============================================================

分数统计信息:
  最小值: 0.014677
  最大值: 426.780884
  均值: 0.518366
  标准差: 2.206208
  中位数: 0.185071
  第1百分位: 0.037511
  第99百分位: 2.700592

自动确定的搜索范围: [0.018755, 5.401183]

============================================================
阶段 1: 粗搜索（步数: 200）
============================================================

============================================================
开始 Best F1 阈值搜索...
============================================================
搜索范围: [0.0188, 5.4012]
搜索步数: 200
使用点调整: False
阈值: 0.0457 | F1: 0.4422 | Precision: 0.2840 | Recall: 0.9989
阈值: 0.5839 | F1: 0.3813 | Precision: 0.4417 | Recall: 0.3355
阈值: 1.1222 | F1: 0.3693 | Precision: 0.4723 | Recall: 0.3032
阈值: 1.6604 | F1: 0.3229 | Precision: 0.5987 | Recall: 0.2211
阈值: 2.1986 | F1: 0.3188 | Precision: 0.8924 | Recall: 0.1941
阈值: 2.7369 | F1: 0.0546 | Precision: 1.0000 | Recall: 0.0281
阈值: 3.2751 | F1: 0.0042 | Precision: 1.0000 | Recall: 0.0021
阈值: 3.8134 | F1: 0.0034 | Precision: 1.0000 | Recall: 0.0017
阈值: 4.3516 | F1: 0.0029 | Precision: 1.0000 | Recall: 0.0014
阈值: 4.8899 | F1: 0.0026 | Precision: 1.0000 | Recall: 0.0013

============================================================
✓ 找到最佳阈值: 0.180228
  最佳 F1: 0.6124
  Precision: 0.4726
  Recall: 0.8697
============================================================


============================================================
阶段 2: 精细搜索（步数: 500）
============================================================
在最佳阈值 0.180228 附近精细搜索
精细搜索范围: [0.018755, 0.718471]

============================================================
开始 Best F1 阈值搜索...
============================================================
搜索范围: [0.0188, 0.7185]
搜索步数: 500
使用点调整: False
阈值: 0.0202 | F1: 0.4344 | Precision: 0.2774 | Recall: 1.0000
阈值: 0.0901 | F1: 0.5138 | Precision: 0.3475 | Recall: 0.9856
阈值: 0.1601 | F1: 0.6083 | Precision: 0.4559 | Recall: 0.9136
阈值: 0.2301 | F1: 0.5662 | Precision: 0.4727 | Recall: 0.7058
阈值: 0.3000 | F1: 0.4826 | Precision: 0.4549 | Recall: 0.5140
阈值: 0.3700 | F1: 0.4617 | Precision: 0.4804 | Recall: 0.4444
阈值: 0.4400 | F1: 0.4382 | Precision: 0.4786 | Recall: 0.4041
阈值: 0.5100 | F1: 0.4108 | Precision: 0.4631 | Recall: 0.3691
阈值: 0.5799 | F1: 0.3828 | Precision: 0.4428 | Recall: 0.3371
阈值: 0.6499 | F1: 0.3683 | Precision: 0.4321 | Recall: 0.3209

============================================================
✓ 找到最佳阈值: 0.176891
  最佳 F1: 0.6131
  Precision: 0.4708
  Recall: 0.8786
============================================================


✓ 精细搜索找到更好的阈值！

============================================================
自适应搜索完成！
============================================================
最终最佳阈值: 0.176891
最佳 F1: 0.6131
Precision: 0.4708
Recall: 0.8786
============================================================

Saved Best F1 results: /data/modeluse/TS/ISTAD-release/analysis/e2_architecture_ablation/runtime/anomaly_detection_PSM_ISTAD_PSM_ftM_sl64_bmhgat_relfixed_random_v3_hglite_bs128_e2_fixed_random_s98_0/bestf1_threshold_results.json
Saved anomaly score plot: /data/modeluse/TS/ISTAD-release/analysis/e2_architecture_ablation/runtime/anomaly_detection_PSM_ISTAD_PSM_ftM_sl64_bmhgat_relfixed_random_v3_hglite_bs128_e2_fixed_random_s98_0/anomaly_score_threshold.png
ISTAD explainability is disabled by --istad_enable_explain 0
Saved train time summary: /data/modeluse/TS/ISTAD-release/analysis/e2_architecture_ablation/runtime/anomaly_detection_PSM_ISTAD_PSM_ftM_sl64_bmhgat_relfixed_random_v3_hglite_bs128_e2_fixed_random_s98_0/train_time_summary.json
=== E2 PSM seed 98 no_message ===
Using GPU
Args in experiment:
[1mBasic Config[0m
  Task Name:          anomaly_detection   Is Training:        1                   
  Model ID:           PSM                 Model:              ISTAD               
  Seed:               98                  Itr:                1                   

[1mData Loader[0m
  Data:               PSM                 Root Path:          /data/modeluse/TS/ISTAD/dataset/PSM
  Features:           M                   Seq Len:            64                  
  Enc In:             25                  C Out:              25                  
  Checkpoints:        /data/modeluse/TS/ISTAD-release/checkpoints/ISTAD_e2_architecture_ablation
  Eval Step:          64                  

[1mAnomaly Detection Task[0m
  Anomaly Ratio:      1.0                 Threshold Source:   train               

[1mISTAD Parameters[0m
  Kernel Size:        7                   Branch Mode:        hgat                
  TCN Type:           kan                 
  Feat GAT Dim:       -1                  GRU Layers:         1                   
  GRU Hidden:         150                 Recon Layers:       1                   
  Recon Hidden:       32                  ISTAD Dropout:      0.3                 
  Recon Type:         pointwise           KANAD Order:        3                   
  Objective:          reconstruct         Target / Lag:       ('', 1)             
  Leaky Alpha:        0.2                 H Init:             normal              
  Hyperedges:         -1                  Top-K Nodes:        -1                  
  Spatial Type:       lite                HGAT Rank:          8                   
  HGAT Projection:    linear              Relation Mode:      no_message          
  KAN Grid:           5                   KAN Order:          3                   
  Arch:               legacy              Ablation:           full                
  Explainability:     0                   Explain Batches:    0                   
  Explain Points:     20000               Explain TopK:       10                  
  SmoothGrad:         0                   SG Samples:         20                  
  SG Noise:           0.1                 Quad Mode:          quantile            
  Quad Value:         0.75                Err Agg:            sum                 
  Sal Agg:            sum                 
  V3 Denoise:         1                   Evidence Head:      0                   
  Clean / Denoise:    (1.0, 0.5)          Evidence Weight:    0.2                 
  Frequency Weight:   0.0                 
  Point Evidence:     0.0                 
  Corrupt P/T/C:      (0.8, 0.15, 0.2)    Corrupt Scale:      1.5                 
  Corrupt Modes:      4                   Target-only corrupt:0                   
  Score Mode:         base_mean           Score Agg / K:      ('calibrated', 3)   
  Evidence Map:       prob                Dump Scores:        1                   
  Strict Val:         1                   Hide Test Loss:     1                   
  Entity Aware:       0                   

[1mRun Parameters[0m
  Num Workers:        4                   Batch Size:         128                 
  Train Epochs:       3                   Patience:           3                   
  Learning Rate:      0.001               Lradj:              type1               
  Des:                e2_no_message_s98   

[1mGPU[0m
  Use GPU:            1                   GPU:                0                   
  Use Multi GPU:      0                   Devices:            0,1,2,3             

Use GPU: cuda:0
🚀 Lazy Loading: ISTAD ...
>>>>>>>start training : anomaly_detection_PSM_ISTAD_PSM_ftM_sl64_bmhgat_relno_message_v3_hglite_bs128_e2_no_message_s98_0>>>>>>>>>>>>>>>>>>>>>>>>>>
test: (87841, 25)
train: (105984, 25)
train 105921
test: (87841, 25)
train: (105984, 25)
val 26434
	iters: 100, epoch: 1 | loss: 0.4249322 clean: 0.2918153 denoise: 0.2662337 evidence: 0.0000000
	speed: 0.0915s/iter; left time: 218.2586s
	iters: 200, epoch: 1 | loss: 0.3351312 clean: 0.2277334 denoise: 0.2147955 evidence: 0.0000000
	speed: 0.0679s/iter; left time: 155.1495s
	iters: 300, epoch: 1 | loss: 0.3230782 clean: 0.2242495 denoise: 0.1976575 evidence: 0.0000000
	speed: 0.0674s/iter; left time: 147.3242s
	iters: 400, epoch: 1 | loss: 0.3053318 clean: 0.2076228 denoise: 0.1954180 evidence: 0.0000000
	speed: 0.0676s/iter; left time: 140.9299s
	iters: 500, epoch: 1 | loss: 0.2474551 clean: 0.1600892 denoise: 0.1747320 evidence: 0.0000000
	speed: 0.0679s/iter; left time: 134.8655s
	iters: 600, epoch: 1 | loss: 0.3225991 clean: 0.2179919 denoise: 0.2092143 evidence: 0.0000000
	speed: 0.0690s/iter; left time: 129.9847s
	iters: 700, epoch: 1 | loss: 0.3626699 clean: 0.2472030 denoise: 0.2309337 evidence: 0.0000000
	speed: 0.0682s/iter; left time: 121.8085s
	iters: 800, epoch: 1 | loss: 0.3304052 clean: 0.2224003 denoise: 0.2160098 evidence: 0.0000000
	speed: 0.0681s/iter; left time: 114.6683s
Epoch: 1 cost time: 57.76676082611084
Epoch: 1, Steps: 828 | Train Loss: 0.4184656 Vali Loss: 1.1801630
Validation loss decreased (inf --> 1.180163).  Saving model ...
Updating learning rate to 0.001
	iters: 100, epoch: 2 | loss: 0.2302445 clean: 0.1487752 denoise: 0.1629385 evidence: 0.0000000
	speed: 0.2233s/iter; left time: 347.7191s
	iters: 200, epoch: 2 | loss: 0.2860889 clean: 0.1928558 denoise: 0.1864664 evidence: 0.0000000
	speed: 0.0669s/iter; left time: 97.5167s
	iters: 300, epoch: 2 | loss: 0.2399895 clean: 0.1595573 denoise: 0.1608644 evidence: 0.0000000
	speed: 0.0672s/iter; left time: 91.1263s
	iters: 400, epoch: 2 | loss: 0.2519321 clean: 0.1713419 denoise: 0.1611804 evidence: 0.0000000
	speed: 0.0674s/iter; left time: 84.7080s
	iters: 500, epoch: 2 | loss: 0.2862028 clean: 0.1941765 denoise: 0.1840526 evidence: 0.0000000
	speed: 0.0673s/iter; left time: 77.8669s
	iters: 600, epoch: 2 | loss: 0.2357355 clean: 0.1504082 denoise: 0.1706547 evidence: 0.0000000
	speed: 0.0670s/iter; left time: 70.7937s
	iters: 700, epoch: 2 | loss: 0.2613310 clean: 0.1834598 denoise: 0.1557426 evidence: 0.0000000
	speed: 0.0674s/iter; left time: 64.4545s
	iters: 800, epoch: 2 | loss: 0.2316147 clean: 0.1548898 denoise: 0.1534498 evidence: 0.0000000
	speed: 0.0674s/iter; left time: 57.7255s
Epoch: 2 cost time: 55.89447855949402
Epoch: 2, Steps: 828 | Train Loss: 0.2660381 Vali Loss: 1.1028280
Validation loss decreased (1.180163 --> 1.102828).  Saving model ...
Updating learning rate to 0.0005
	iters: 100, epoch: 3 | loss: 0.2730096 clean: 0.1867651 denoise: 0.1724890 evidence: 0.0000000
	speed: 0.2233s/iter; left time: 162.7812s
	iters: 200, epoch: 3 | loss: 0.2224445 clean: 0.1468780 denoise: 0.1511329 evidence: 0.0000000
	speed: 0.0674s/iter; left time: 42.3668s
	iters: 300, epoch: 3 | loss: 0.2293111 clean: 0.1436455 denoise: 0.1713312 evidence: 0.0000000
	speed: 0.0679s/iter; left time: 35.9424s
	iters: 400, epoch: 3 | loss: 0.2530984 clean: 0.1567735 denoise: 0.1926498 evidence: 0.0000000
	speed: 0.0674s/iter; left time: 28.8962s
	iters: 500, epoch: 3 | loss: 0.2550989 clean: 0.1681057 denoise: 0.1739866 evidence: 0.0000000
	speed: 0.0674s/iter; left time: 22.1863s
	iters: 600, epoch: 3 | loss: 0.2041872 clean: 0.1313336 denoise: 0.1457071 evidence: 0.0000000
	speed: 0.0678s/iter; left time: 15.5189s
	iters: 700, epoch: 3 | loss: 0.2317416 clean: 0.1506394 denoise: 0.1622045 evidence: 0.0000000
	speed: 0.0674s/iter; left time: 8.6983s
	iters: 800, epoch: 3 | loss: 0.2212807 clean: 0.1418551 denoise: 0.1588512 evidence: 0.0000000
	speed: 0.0677s/iter; left time: 1.9647s
Epoch: 3 cost time: 56.16119122505188
Epoch: 3, Steps: 828 | Train Loss: 0.2459712 Vali Loss: 1.0686016
Validation loss decreased (1.102828 --> 1.068602).  Saving model ...
Updating learning rate to 0.00025
>>>>>>>testing : anomaly_detection_PSM_ISTAD_PSM_ftM_sl64_bmhgat_relno_message_v3_hglite_bs128_e2_no_message_s98_0<<<<<<<<<<<<<<<<<<<<<<<<<<<<<<<<<
test: (87841, 25)
train: (105984, 25)
test 1372
test: (87841, 25)
train: (105984, 25)
score_train 1656
Percentile Threshold Source: train
Percentile Threshold : 0.4502172562479971
Saved point scores and labels: /data/modeluse/TS/ISTAD-release/analysis/e2_architecture_ablation/runtime/anomaly_detection_PSM_ISTAD_PSM_ftM_sl64_bmhgat_relno_message_v3_hglite_bs128_e2_no_message_s98_0/point_scores.npz
pred_raw: (87808,)
gt:      (87808,)
pred_pa: (87808,)
gt_pa:   (87808,)

============================================================
使用百分位数阈值的结果:
============================================================
Raw point F1: 0.4736 (P=0.4945, R=0.4544)
Accuracy : 0.8547, Precision : 0.6695, Recall : 0.9407, F-score : 0.7822 
============================================================


使用自适应 Best F1 搜索（两阶段）
粗搜索步数: 200, 精细搜索步数: 500

============================================================
自适应 Best F1 阈值搜索（两阶段）
============================================================

分数统计信息:
  最小值: 0.017888
  最大值: 451.795074
  均值: 0.595652
  标准差: 2.361446
  中位数: 0.218115
  第1百分位: 0.043647
  第99百分位: 3.030168

自动确定的搜索范围: [0.021824, 6.060337]

============================================================
阶段 1: 粗搜索（步数: 200）
============================================================

============================================================
开始 Best F1 阈值搜索...
============================================================
搜索范围: [0.0218, 6.0603]
搜索步数: 200
使用点调整: False
阈值: 0.0520 | F1: 0.4409 | Precision: 0.2828 | Recall: 0.9998
阈值: 0.6559 | F1: 0.4080 | Precision: 0.4624 | Recall: 0.3651
阈值: 1.2597 | F1: 0.3831 | Precision: 0.4847 | Recall: 0.3167
阈值: 1.8636 | F1: 0.3360 | Precision: 0.6135 | Recall: 0.2313
阈值: 2.4674 | F1: 0.3255 | Precision: 0.9366 | Recall: 0.1970
阈值: 3.0713 | F1: 0.0539 | Precision: 1.0000 | Recall: 0.0277
阈值: 3.6751 | F1: 0.0067 | Precision: 1.0000 | Recall: 0.0034
阈值: 4.2790 | F1: 0.0053 | Precision: 1.0000 | Recall: 0.0027
阈值: 4.8828 | F1: 0.0041 | Precision: 1.0000 | Recall: 0.0021
阈值: 5.4867 | F1: 0.0030 | Precision: 1.0000 | Recall: 0.0015

============================================================
✓ 找到最佳阈值: 0.202979
  最佳 F1: 0.5852
  Precision: 0.4448
  Recall: 0.8549
============================================================


============================================================
阶段 2: 精细搜索（步数: 500）
============================================================
在最佳阈值 0.202979 附近精细搜索
精细搜索范围: [0.021824, 0.806830]

============================================================
开始 Best F1 阈值搜索...
============================================================
搜索范围: [0.0218, 0.8068]
搜索步数: 500
使用点调整: False
阈值: 0.0234 | F1: 0.4344 | Precision: 0.2774 | Recall: 1.0000
阈值: 0.1019 | F1: 0.5019 | Precision: 0.3358 | Recall: 0.9930
阈值: 0.1804 | F1: 0.5870 | Precision: 0.4326 | Recall: 0.9127
阈值: 0.2589 | F1: 0.5412 | Precision: 0.4483 | Recall: 0.6829
阈值: 0.3374 | F1: 0.4950 | Precision: 0.4658 | Recall: 0.5280
阈值: 0.4159 | F1: 0.4799 | Precision: 0.4925 | Recall: 0.4679
阈值: 0.4944 | F1: 0.4621 | Precision: 0.4921 | Recall: 0.4355
阈值: 0.5729 | F1: 0.4350 | Precision: 0.4788 | Recall: 0.3985
阈值: 0.6514 | F1: 0.4094 | Precision: 0.4633 | Recall: 0.3668
阈值: 0.7299 | F1: 0.3924 | Precision: 0.4519 | Recall: 0.3468

============================================================
✓ 找到最佳阈值: 0.185105
  最佳 F1: 0.5882
  Precision: 0.4362
  Recall: 0.9028
============================================================


✓ 精细搜索找到更好的阈值！

============================================================
自适应搜索完成！
============================================================
最终最佳阈值: 0.185105
最佳 F1: 0.5882
Precision: 0.4362
Recall: 0.9028
============================================================

Saved Best F1 results: /data/modeluse/TS/ISTAD-release/analysis/e2_architecture_ablation/runtime/anomaly_detection_PSM_ISTAD_PSM_ftM_sl64_bmhgat_relno_message_v3_hglite_bs128_e2_no_message_s98_0/bestf1_threshold_results.json
Saved anomaly score plot: /data/modeluse/TS/ISTAD-release/analysis/e2_architecture_ablation/runtime/anomaly_detection_PSM_ISTAD_PSM_ftM_sl64_bmhgat_relno_message_v3_hglite_bs128_e2_no_message_s98_0/anomaly_score_threshold.png
ISTAD explainability is disabled by --istad_enable_explain 0
Saved train time summary: /data/modeluse/TS/ISTAD-release/analysis/e2_architecture_ablation/runtime/anomaly_detection_PSM_ISTAD_PSM_ftM_sl64_bmhgat_relno_message_v3_hglite_bs128_e2_no_message_s98_0/train_time_summary.json
=== E2 SMD seed 87 learned_dynamic ===
Using GPU
Args in experiment:
[1mBasic Config[0m
  Task Name:          anomaly_detection   Is Training:        1                   
  Model ID:           SMD                 Model:              ISTAD               
  Seed:               87                  Itr:                1                   

[1mData Loader[0m
  Data:               SMD                 Root Path:          /data/modeluse/TS/ISTAD/dataset/SMD
  Features:           M                   Seq Len:            96                  
  Enc In:             38                  C Out:              38                  
  Checkpoints:        /data/modeluse/TS/ISTAD-release/checkpoints/ISTAD_e2_architecture_ablation
  Eval Step:          96                  

[1mAnomaly Detection Task[0m
  Anomaly Ratio:      1.0                 Threshold Source:   train               

[1mISTAD Parameters[0m
  Kernel Size:        7                   Branch Mode:        hgat                
  TCN Type:           kan                 
  Feat GAT Dim:       -1                  GRU Layers:         1                   
  GRU Hidden:         150                 Recon Layers:       1                   
  Recon Hidden:       32                  ISTAD Dropout:      0.3                 
  Recon Type:         pointwise           KANAD Order:        3                   
  Objective:          reconstruct         Target / Lag:       ('', 1)             
  Leaky Alpha:        0.2                 H Init:             normal              
  Hyperedges:         -1                  Top-K Nodes:        -1                  
  Spatial Type:       lite                HGAT Rank:          8                   
  HGAT Projection:    linear              Relation Mode:      dynamic             
  KAN Grid:           5                   KAN Order:          3                   
  Arch:               legacy              Ablation:           full                
  Explainability:     0                   Explain Batches:    0                   
  Explain Points:     20000               Explain TopK:       10                  
  SmoothGrad:         0                   SG Samples:         20                  
  SG Noise:           0.1                 Quad Mode:          quantile            
  Quad Value:         0.75                Err Agg:            sum                 
  Sal Agg:            sum                 
  V3 Denoise:         1                   Evidence Head:      0                   
  Clean / Denoise:    (1.0, 0.5)          Evidence Weight:    0.2                 
  Frequency Weight:   0.0                 
  Point Evidence:     0.0                 
  Corrupt P/T/C:      (0.8, 0.15, 0.2)    Corrupt Scale:      1.5                 
  Corrupt Modes:      4                   Target-only corrupt:0                   
  Score Mode:         base_mean           Score Agg / K:      ('calibrated', 3)   
  Evidence Map:       prob                Dump Scores:        1                   
  Strict Val:         1                   Hide Test Loss:     1                   
  Entity Aware:       1                   

[1mRun Parameters[0m
  Num Workers:        4                   Batch Size:         128                 
  Train Epochs:       20                  Patience:           5                   
  Learning Rate:      0.001               Lradj:              cosine              
  Des:                e2_learned_dynamic_s87

[1mGPU[0m
  Use GPU:            1                   GPU:                0                   
  Use Multi GPU:      0                   Devices:            0,1,2,3             

Use GPU: cuda:0
🚀 Lazy Loading: ISTAD ...
>>>>>>>start training : anomaly_detection_SMD_ISTAD_SMD_ftM_sl96_bmhgat_v3_ent_hglite_bs128_e2_learned_dynamic_s87_0>>>>>>>>>>>>>>>>>>>>>>>>>>
test: (708420, 38)
train: (566713, 38)
SMD entity-aware windows: 5949
train 5949
test: (708420, 38)
train: (566713, 38)
SMD entity-aware windows: 1470
val 1470
Epoch: 1 cost time: 5.748367071151733
Epoch: 1, Steps: 47 | Train Loss: 1.1493452 Vali Loss: 0.7394553
Validation loss decreased (inf --> 0.739455).  Saving model ...
Updating learning rate to 0.0009938441702975688
Epoch: 2 cost time: 4.745096445083618
Epoch: 2, Steps: 47 | Train Loss: 0.7557717 Vali Loss: 0.6078302
Validation loss decreased (0.739455 --> 0.607830).  Saving model ...
Updating learning rate to 0.0009755282581475768
Epoch: 3 cost time: 4.77541708946228
Epoch: 3, Steps: 47 | Train Loss: 0.6156967 Vali Loss: 0.3362396
Validation loss decreased (0.607830 --> 0.336240).  Saving model ...
Updating learning rate to 0.0009455032620941839
Epoch: 4 cost time: 4.765156507492065
Epoch: 4, Steps: 47 | Train Loss: 0.5395126 Vali Loss: 0.3114557
Validation loss decreased (0.336240 --> 0.311456).  Saving model ...
Updating learning rate to 0.0009045084971874737
Epoch: 5 cost time: 4.6379687786102295
Epoch: 5, Steps: 47 | Train Loss: 0.5234691 Vali Loss: 0.2900594
Validation loss decreased (0.311456 --> 0.290059).  Saving model ...
Updating learning rate to 0.0008535533905932737
Epoch: 6 cost time: 4.730038166046143
Epoch: 6, Steps: 47 | Train Loss: 0.6692331 Vali Loss: 0.2686947
Validation loss decreased (0.290059 --> 0.268695).  Saving model ...
Updating learning rate to 0.0007938926261462366
Epoch: 7 cost time: 4.7166969776153564
Epoch: 7, Steps: 47 | Train Loss: 0.4869007 Vali Loss: 0.2531134
Validation loss decreased (0.268695 --> 0.253113).  Saving model ...
Updating learning rate to 0.0007269952498697733
Epoch: 8 cost time: 4.678678750991821
Epoch: 8, Steps: 47 | Train Loss: 0.4703730 Vali Loss: 0.2557952
EarlyStopping counter: 1 out of 5
Updating learning rate to 0.0006545084971874737
Epoch: 9 cost time: 4.680471658706665
Epoch: 9, Steps: 47 | Train Loss: 0.4745086 Vali Loss: 0.2424596
Validation loss decreased (0.253113 --> 0.242460).  Saving model ...
Updating learning rate to 0.0005782172325201155
Epoch: 10 cost time: 4.699188947677612
Epoch: 10, Steps: 47 | Train Loss: 0.4597717 Vali Loss: 0.2357777
Validation loss decreased (0.242460 --> 0.235778).  Saving model ...
Updating learning rate to 0.0005
Epoch: 11 cost time: 4.643005609512329
Epoch: 11, Steps: 47 | Train Loss: 0.4701717 Vali Loss: 0.2421302
EarlyStopping counter: 1 out of 5
Updating learning rate to 0.0004217827674798845
Epoch: 12 cost time: 4.688913583755493
Epoch: 12, Steps: 47 | Train Loss: 0.4635027 Vali Loss: 0.2285668
Validation loss decreased (0.235778 --> 0.228567).  Saving model ...
Updating learning rate to 0.00034549150281252633
Epoch: 13 cost time: 4.733091354370117
Epoch: 13, Steps: 47 | Train Loss: 0.4650065 Vali Loss: 0.4368966
EarlyStopping counter: 1 out of 5
Updating learning rate to 0.00027300475013022663
Epoch: 14 cost time: 4.709404945373535
Epoch: 14, Steps: 47 | Train Loss: 0.4556998 Vali Loss: 0.2276106
Validation loss decreased (0.228567 --> 0.227611).  Saving model ...
Updating learning rate to 0.00020610737385376348
Epoch: 15 cost time: 4.6884496212005615
Epoch: 15, Steps: 47 | Train Loss: 0.4423733 Vali Loss: 0.2294657
EarlyStopping counter: 1 out of 5
Updating learning rate to 0.00014644660940672628
Epoch: 16 cost time: 4.717610836029053
Epoch: 16, Steps: 47 | Train Loss: 0.4507468 Vali Loss: 0.2232304
Validation loss decreased (0.227611 --> 0.223230).  Saving model ...
Updating learning rate to 9.549150281252633e-05
Epoch: 17 cost time: 4.698591232299805
Epoch: 17, Steps: 47 | Train Loss: 0.4418373 Vali Loss: 0.2269330
EarlyStopping counter: 1 out of 5
Updating learning rate to 5.449673790581611e-05
Epoch: 18 cost time: 4.712237596511841
Epoch: 18, Steps: 47 | Train Loss: 0.4612804 Vali Loss: 0.2293014
EarlyStopping counter: 2 out of 5
Updating learning rate to 2.4471741852423235e-05
Epoch: 19 cost time: 4.69942831993103
Epoch: 19, Steps: 47 | Train Loss: 0.4544264 Vali Loss: 0.2218224
Validation loss decreased (0.223230 --> 0.221822).  Saving model ...
Updating learning rate to 6.15582970243117e-06
Epoch: 20 cost time: 4.67487359046936
Epoch: 20, Steps: 47 | Train Loss: 0.4467378 Vali Loss: 0.2314991
EarlyStopping counter: 1 out of 5
Updating learning rate to 0.0
>>>>>>>testing : anomaly_detection_SMD_ISTAD_SMD_ftM_sl96_bmhgat_v3_ent_hglite_bs128_e2_learned_dynamic_s87_0<<<<<<<<<<<<<<<<<<<<<<<<<<<<<<<<<
test: (708420, 38)
train: (566713, 38)
SMD entity-aware windows: 7360
test 7360
test: (708420, 38)
train: (566713, 38)
SMD entity-aware windows: 5892
score_train 5892
Percentile Threshold Source: train
Percentile Threshold : 0.7430654209852199
Saved point scores and labels: /data/modeluse/TS/ISTAD-release/analysis/e2_architecture_ablation/runtime/anomaly_detection_SMD_ISTAD_SMD_ftM_sl96_bmhgat_v3_ent_hglite_bs128_e2_learned_dynamic_s87_0/point_scores.npz
pred_raw: (706560,)
gt:      (706560,)
pred_pa: (706560,)
gt_pa:   (706560,)

============================================================
使用百分位数阈值的结果:
============================================================
Raw point F1: 0.2252 (P=0.2442, R=0.2090)
Accuracy : 0.9697, Precision : 0.5863, Recall : 0.9165, F-score : 0.7151 
============================================================


使用自适应 Best F1 搜索（两阶段）
粗搜索步数: 200, 精细搜索步数: 500

============================================================
自适应 Best F1 阈值搜索（两阶段）
============================================================

分数统计信息:
  最小值: 0.006002
  最大值: 13206.461914
  均值: 0.900236
  标准差: 67.023041
  中位数: 0.085226
  第1百分位: 0.021504
  第99百分位: 4.337150

自动确定的搜索范围: [0.010752, 8.674301]

============================================================
阶段 1: 粗搜索（步数: 200）
============================================================

============================================================
开始 Best F1 阈值搜索...
============================================================
搜索范围: [0.0108, 8.6743]
搜索步数: 200
使用点调整: False
阈值: 0.0541 | F1: 0.0973 | Precision: 0.0514 | Recall: 0.9239
阈值: 0.9204 | F1: 0.2163 | Precision: 0.2717 | Recall: 0.1797
阈值: 1.7868 | F1: 0.1359 | Precision: 0.2519 | Recall: 0.0930
阈值: 2.6531 | F1: 0.1052 | Precision: 0.2291 | Recall: 0.0683
阈值: 3.5195 | F1: 0.0857 | Precision: 0.2043 | Recall: 0.0543
阈值: 4.3858 | F1: 0.0673 | Precision: 0.1743 | Recall: 0.0417
阈值: 5.2522 | F1: 0.0590 | Precision: 0.1626 | Recall: 0.0360
阈值: 6.1186 | F1: 0.0536 | Precision: 0.1583 | Recall: 0.0323
阈值: 6.9849 | F1: 0.0509 | Precision: 0.1632 | Recall: 0.0302
阈值: 7.8513 | F1: 0.0481 | Precision: 0.1715 | Recall: 0.0280

============================================================
✓ 找到最佳阈值: 0.660518
  最佳 F1: 0.2300
  Precision: 0.2304
  Recall: 0.2296
============================================================


============================================================
阶段 2: 精细搜索（步数: 500）
============================================================
在最佳阈值 0.660518 附近精细搜索
精细搜索范围: [0.010752, 1.526873]

============================================================
开始 Best F1 阈值搜索...
============================================================
搜索范围: [0.0108, 1.5269]
搜索步数: 500
使用点调整: False
阈值: 0.0138 | F1: 0.0799 | Precision: 0.0416 | Recall: 1.0000
阈值: 0.1654 | F1: 0.1754 | Precision: 0.1032 | Recall: 0.5822
阈值: 0.3170 | F1: 0.2060 | Precision: 0.1454 | Recall: 0.3535
阈值: 0.4686 | F1: 0.2204 | Precision: 0.1830 | Recall: 0.2772
阈值: 0.6202 | F1: 0.2294 | Precision: 0.2209 | Recall: 0.2386
阈值: 0.7718 | F1: 0.2240 | Precision: 0.2491 | Recall: 0.2035
阈值: 0.9235 | F1: 0.2162 | Precision: 0.2723 | Recall: 0.1792
阈值: 1.0751 | F1: 0.2014 | Precision: 0.2795 | Recall: 0.1574
阈值: 1.2267 | F1: 0.1825 | Precision: 0.2746 | Recall: 0.1366
阈值: 1.3783 | F1: 0.1659 | Precision: 0.2662 | Recall: 0.1205

============================================================
✓ 找到最佳阈值: 0.659652
  最佳 F1: 0.2302
  Precision: 0.2304
  Recall: 0.2299
============================================================


✓ 精细搜索找到更好的阈值！

============================================================
自适应搜索完成！
============================================================
最终最佳阈值: 0.659652
最佳 F1: 0.2302
Precision: 0.2304
Recall: 0.2299
============================================================

Saved Best F1 results: /data/modeluse/TS/ISTAD-release/analysis/e2_architecture_ablation/runtime/anomaly_detection_SMD_ISTAD_SMD_ftM_sl96_bmhgat_v3_ent_hglite_bs128_e2_learned_dynamic_s87_0/bestf1_threshold_results.json
Saved anomaly score plot: /data/modeluse/TS/ISTAD-release/analysis/e2_architecture_ablation/runtime/anomaly_detection_SMD_ISTAD_SMD_ftM_sl96_bmhgat_v3_ent_hglite_bs128_e2_learned_dynamic_s87_0/anomaly_score_threshold.png
ISTAD explainability is disabled by --istad_enable_explain 0
Saved train time summary: /data/modeluse/TS/ISTAD-release/analysis/e2_architecture_ablation/runtime/anomaly_detection_SMD_ISTAD_SMD_ftM_sl96_bmhgat_v3_ent_hglite_bs128_e2_learned_dynamic_s87_0/train_time_summary.json
=== E2 SMD seed 87 learned_static ===
Using GPU
Args in experiment:
[1mBasic Config[0m
  Task Name:          anomaly_detection   Is Training:        1                   
  Model ID:           SMD                 Model:              ISTAD               
  Seed:               87                  Itr:                1                   

[1mData Loader[0m
  Data:               SMD                 Root Path:          /data/modeluse/TS/ISTAD/dataset/SMD
  Features:           M                   Seq Len:            96                  
  Enc In:             38                  C Out:              38                  
  Checkpoints:        /data/modeluse/TS/ISTAD-release/checkpoints/ISTAD_e2_architecture_ablation
  Eval Step:          96                  

[1mAnomaly Detection Task[0m
  Anomaly Ratio:      1.0                 Threshold Source:   train               

[1mISTAD Parameters[0m
  Kernel Size:        7                   Branch Mode:        hgat                
  TCN Type:           kan                 
  Feat GAT Dim:       -1                  GRU Layers:         1                   
  GRU Hidden:         150                 Recon Layers:       1                   
  Recon Hidden:       32                  ISTAD Dropout:      0.3                 
  Recon Type:         pointwise           KANAD Order:        3                   
  Objective:          reconstruct         Target / Lag:       ('', 1)             
  Leaky Alpha:        0.2                 H Init:             normal              
  Hyperedges:         -1                  Top-K Nodes:        -1                  
  Spatial Type:       lite                HGAT Rank:          8                   
  HGAT Projection:    linear              Relation Mode:      static              
  KAN Grid:           5                   KAN Order:          3                   
  Arch:               legacy              Ablation:           full                
  Explainability:     0                   Explain Batches:    0                   
  Explain Points:     20000               Explain TopK:       10                  
  SmoothGrad:         0                   SG Samples:         20                  
  SG Noise:           0.1                 Quad Mode:          quantile            
  Quad Value:         0.75                Err Agg:            sum                 
  Sal Agg:            sum                 
  V3 Denoise:         1                   Evidence Head:      0                   
  Clean / Denoise:    (1.0, 0.5)          Evidence Weight:    0.2                 
  Frequency Weight:   0.0                 
  Point Evidence:     0.0                 
  Corrupt P/T/C:      (0.8, 0.15, 0.2)    Corrupt Scale:      1.5                 
  Corrupt Modes:      4                   Target-only corrupt:0                   
  Score Mode:         base_mean           Score Agg / K:      ('calibrated', 3)   
  Evidence Map:       prob                Dump Scores:        1                   
  Strict Val:         1                   Hide Test Loss:     1                   
  Entity Aware:       1                   

[1mRun Parameters[0m
  Num Workers:        4                   Batch Size:         128                 
  Train Epochs:       20                  Patience:           5                   
  Learning Rate:      0.001               Lradj:              cosine              
  Des:                e2_learned_static_s87

[1mGPU[0m
  Use GPU:            1                   GPU:                0                   
  Use Multi GPU:      0                   Devices:            0,1,2,3             

Use GPU: cuda:0
🚀 Lazy Loading: ISTAD ...
>>>>>>>start training : anomaly_detection_SMD_ISTAD_SMD_ftM_sl96_bmhgat_relstatic_v3_ent_hglite_bs128_e2_learned_static_s87_0>>>>>>>>>>>>>>>>>>>>>>>>>>
test: (708420, 38)
train: (566713, 38)
SMD entity-aware windows: 5949
train 5949
test: (708420, 38)
train: (566713, 38)
SMD entity-aware windows: 1470
val 1470
Epoch: 1 cost time: 5.35287880897522
Epoch: 1, Steps: 47 | Train Loss: 1.1476572 Vali Loss: 0.7348212
Validation loss decreased (inf --> 0.734821).  Saving model ...
Updating learning rate to 0.0009938441702975688
Epoch: 2 cost time: 4.265371322631836
Epoch: 2, Steps: 47 | Train Loss: 0.7503340 Vali Loss: 0.6046266
Validation loss decreased (0.734821 --> 0.604627).  Saving model ...
Updating learning rate to 0.0009755282581475768
Epoch: 3 cost time: 4.324908256530762
Epoch: 3, Steps: 47 | Train Loss: 0.6129853 Vali Loss: 0.3343275
Validation loss decreased (0.604627 --> 0.334327).  Saving model ...
Updating learning rate to 0.0009455032620941839
Epoch: 4 cost time: 4.296533107757568
Epoch: 4, Steps: 47 | Train Loss: 0.5373070 Vali Loss: 0.3108571
Validation loss decreased (0.334327 --> 0.310857).  Saving model ...
Updating learning rate to 0.0009045084971874737
Epoch: 5 cost time: 4.265706777572632
Epoch: 5, Steps: 47 | Train Loss: 0.5215298 Vali Loss: 0.2886545
Validation loss decreased (0.310857 --> 0.288655).  Saving model ...
Updating learning rate to 0.0008535533905932737
Epoch: 6 cost time: 4.28881311416626
Epoch: 6, Steps: 47 | Train Loss: 0.6674062 Vali Loss: 0.2664704
Validation loss decreased (0.288655 --> 0.266470).  Saving model ...
Updating learning rate to 0.0007938926261462366
Epoch: 7 cost time: 4.397183179855347
Epoch: 7, Steps: 47 | Train Loss: 0.4852999 Vali Loss: 0.2505856
Validation loss decreased (0.266470 --> 0.250586).  Saving model ...
Updating learning rate to 0.0007269952498697733
Epoch: 8 cost time: 4.343653440475464
Epoch: 8, Steps: 47 | Train Loss: 0.4689271 Vali Loss: 0.2535671
EarlyStopping counter: 1 out of 5
Updating learning rate to 0.0006545084971874737
Epoch: 9 cost time: 4.297842025756836
Epoch: 9, Steps: 47 | Train Loss: 0.4733551 Vali Loss: 0.2401524
Validation loss decreased (0.250586 --> 0.240152).  Saving model ...
Updating learning rate to 0.0005782172325201155
Epoch: 10 cost time: 4.290459394454956
Epoch: 10, Steps: 47 | Train Loss: 0.4587653 Vali Loss: 0.2334969
Validation loss decreased (0.240152 --> 0.233497).  Saving model ...
Updating learning rate to 0.0005
Epoch: 11 cost time: 4.296604633331299
Epoch: 11, Steps: 47 | Train Loss: 0.4694999 Vali Loss: 0.2390837
EarlyStopping counter: 1 out of 5
Updating learning rate to 0.0004217827674798845
Epoch: 12 cost time: 4.362395763397217
Epoch: 12, Steps: 47 | Train Loss: 0.4628959 Vali Loss: 0.2255505
Validation loss decreased (0.233497 --> 0.225550).  Saving model ...
Updating learning rate to 0.00034549150281252633
Epoch: 13 cost time: 4.299896240234375
Epoch: 13, Steps: 47 | Train Loss: 0.4642503 Vali Loss: 0.4346266
EarlyStopping counter: 1 out of 5
Updating learning rate to 0.00027300475013022663
Epoch: 14 cost time: 4.331523895263672
Epoch: 14, Steps: 47 | Train Loss: 0.4552092 Vali Loss: 0.2250095
Validation loss decreased (0.225550 --> 0.225009).  Saving model ...
Updating learning rate to 0.00020610737385376348
Epoch: 15 cost time: 4.282496452331543
Epoch: 15, Steps: 47 | Train Loss: 0.4414326 Vali Loss: 0.2245536
Validation loss decreased (0.225009 --> 0.224554).  Saving model ...
Updating learning rate to 0.00014644660940672628
Epoch: 16 cost time: 4.345370292663574
Epoch: 16, Steps: 47 | Train Loss: 0.4499102 Vali Loss: 0.2183045
Validation loss decreased (0.224554 --> 0.218304).  Saving model ...
Updating learning rate to 9.549150281252633e-05
Epoch: 17 cost time: 4.336087703704834
Epoch: 17, Steps: 47 | Train Loss: 0.4411006 Vali Loss: 0.2230341
EarlyStopping counter: 1 out of 5
Updating learning rate to 5.449673790581611e-05
Epoch: 18 cost time: 4.302403688430786
Epoch: 18, Steps: 47 | Train Loss: 0.4600045 Vali Loss: 0.2262299
EarlyStopping counter: 2 out of 5
Updating learning rate to 2.4471741852423235e-05
Epoch: 19 cost time: 4.3434083461761475
Epoch: 19, Steps: 47 | Train Loss: 0.4539838 Vali Loss: 0.2183286
EarlyStopping counter: 3 out of 5
Updating learning rate to 6.15582970243117e-06
Epoch: 20 cost time: 4.309962034225464
Epoch: 20, Steps: 47 | Train Loss: 0.4461604 Vali Loss: 0.2278820
EarlyStopping counter: 4 out of 5
Updating learning rate to 0.0
>>>>>>>testing : anomaly_detection_SMD_ISTAD_SMD_ftM_sl96_bmhgat_relstatic_v3_ent_hglite_bs128_e2_learned_static_s87_0<<<<<<<<<<<<<<<<<<<<<<<<<<<<<<<<<
test: (708420, 38)
train: (566713, 38)
SMD entity-aware windows: 7360
test 7360
test: (708420, 38)
train: (566713, 38)
SMD entity-aware windows: 5892
score_train 5892
Percentile Threshold Source: train
Percentile Threshold : 0.7339774584770191
Saved point scores and labels: /data/modeluse/TS/ISTAD-release/analysis/e2_architecture_ablation/runtime/anomaly_detection_SMD_ISTAD_SMD_ftM_sl96_bmhgat_relstatic_v3_ent_hglite_bs128_e2_learned_static_s87_0/point_scores.npz
pred_raw: (706560,)
gt:      (706560,)
pred_pa: (706560,)
gt_pa:   (706560,)

============================================================
使用百分位数阈值的结果:
============================================================
Raw point F1: 0.2397 (P=0.2571, R=0.2245)
Accuracy : 0.9702, Precision : 0.5894, Recall : 0.9313, F-score : 0.7219 
============================================================


使用自适应 Best F1 搜索（两阶段）
粗搜索步数: 200, 精细搜索步数: 500

============================================================
自适应 Best F1 阈值搜索（两阶段）
============================================================

分数统计信息:
  最小值: 0.005846
  最大值: 13205.006836
  均值: 0.901945
  标准差: 67.025909
  中位数: 0.084228
  第1百分位: 0.019540
  第99百分位: 4.368081

自动确定的搜索范围: [0.009770, 8.736163]

============================================================
阶段 1: 粗搜索（步数: 200）
============================================================

============================================================
开始 Best F1 阈值搜索...
============================================================
搜索范围: [0.0098, 8.7362]
搜索步数: 200
使用点调整: False
阈值: 0.0534 | F1: 0.0972 | Precision: 0.0513 | Recall: 0.9174
阈值: 0.9260 | F1: 0.2266 | Precision: 0.2850 | Recall: 0.1880
阈值: 1.7987 | F1: 0.1414 | Precision: 0.2591 | Recall: 0.0972
阈值: 2.6713 | F1: 0.1050 | Precision: 0.2287 | Recall: 0.0681
阈值: 3.5440 | F1: 0.0879 | Precision: 0.2086 | Recall: 0.0557
阈值: 4.4166 | F1: 0.0669 | Precision: 0.1732 | Recall: 0.0415
阈值: 5.2892 | F1: 0.0590 | Precision: 0.1621 | Recall: 0.0360
阈值: 6.1619 | F1: 0.0545 | Precision: 0.1597 | Recall: 0.0328
阈值: 7.0345 | F1: 0.0506 | Precision: 0.1610 | Recall: 0.0300
阈值: 7.9072 | F1: 0.0478 | Precision: 0.1685 | Recall: 0.0279

============================================================
✓ 找到最佳阈值: 0.664250
  最佳 F1: 0.2398
  Precision: 0.2414
  Recall: 0.2382
============================================================


============================================================
阶段 2: 精细搜索（步数: 500）
============================================================
在最佳阈值 0.664250 附近精细搜索
精细搜索范围: [0.009770, 1.536889]

============================================================
开始 Best F1 阈值搜索...
============================================================
搜索范围: [0.0098, 1.5369]
搜索步数: 500
使用点调整: False
阈值: 0.0128 | F1: 0.0799 | Precision: 0.0416 | Recall: 1.0000
阈值: 0.1655 | F1: 0.1723 | Precision: 0.1014 | Recall: 0.5744
阈值: 0.3182 | F1: 0.2077 | Precision: 0.1465 | Recall: 0.3568
阈值: 0.4710 | F1: 0.2266 | Precision: 0.1880 | Recall: 0.2852
阈值: 0.6237 | F1: 0.2374 | Precision: 0.2297 | Recall: 0.2457
阈值: 0.7764 | F1: 0.2388 | Precision: 0.2656 | Recall: 0.2170
阈值: 0.9291 | F1: 0.2264 | Precision: 0.2854 | Recall: 0.1876
阈值: 1.0818 | F1: 0.2134 | Precision: 0.2957 | Recall: 0.1669
阈值: 1.2345 | F1: 0.1984 | Precision: 0.2961 | Recall: 0.1491
阈值: 1.3872 | F1: 0.1801 | Precision: 0.2868 | Recall: 0.1313

============================================================
✓ 找到最佳阈值: 0.672540
  最佳 F1: 0.2399
  Precision: 0.2434
  Recall: 0.2366
============================================================


✓ 精细搜索找到更好的阈值！

============================================================
自适应搜索完成！
============================================================
最终最佳阈值: 0.672540
最佳 F1: 0.2399
Precision: 0.2434
Recall: 0.2366
============================================================

Saved Best F1 results: /data/modeluse/TS/ISTAD-release/analysis/e2_architecture_ablation/runtime/anomaly_detection_SMD_ISTAD_SMD_ftM_sl96_bmhgat_relstatic_v3_ent_hglite_bs128_e2_learned_static_s87_0/bestf1_threshold_results.json
Saved anomaly score plot: /data/modeluse/TS/ISTAD-release/analysis/e2_architecture_ablation/runtime/anomaly_detection_SMD_ISTAD_SMD_ftM_sl96_bmhgat_relstatic_v3_ent_hglite_bs128_e2_learned_static_s87_0/anomaly_score_threshold.png
ISTAD explainability is disabled by --istad_enable_explain 0
Saved train time summary: /data/modeluse/TS/ISTAD-release/analysis/e2_architecture_ablation/runtime/anomaly_detection_SMD_ISTAD_SMD_ftM_sl96_bmhgat_relstatic_v3_ent_hglite_bs128_e2_learned_static_s87_0/train_time_summary.json
=== E2 SMD seed 87 fixed_random ===
Using GPU
Args in experiment:
[1mBasic Config[0m
  Task Name:          anomaly_detection   Is Training:        1                   
  Model ID:           SMD                 Model:              ISTAD               
  Seed:               87                  Itr:                1                   

[1mData Loader[0m
  Data:               SMD                 Root Path:          /data/modeluse/TS/ISTAD/dataset/SMD
  Features:           M                   Seq Len:            96                  
  Enc In:             38                  C Out:              38                  
  Checkpoints:        /data/modeluse/TS/ISTAD-release/checkpoints/ISTAD_e2_architecture_ablation
  Eval Step:          96                  

[1mAnomaly Detection Task[0m
  Anomaly Ratio:      1.0                 Threshold Source:   train               

[1mISTAD Parameters[0m
  Kernel Size:        7                   Branch Mode:        hgat                
  TCN Type:           kan                 
  Feat GAT Dim:       -1                  GRU Layers:         1                   
  GRU Hidden:         150                 Recon Layers:       1                   
  Recon Hidden:       32                  ISTAD Dropout:      0.3                 
  Recon Type:         pointwise           KANAD Order:        3                   
  Objective:          reconstruct         Target / Lag:       ('', 1)             
  Leaky Alpha:        0.2                 H Init:             normal              
  Hyperedges:         -1                  Top-K Nodes:        -1                  
  Spatial Type:       lite                HGAT Rank:          8                   
  HGAT Projection:    linear              Relation Mode:      fixed_random        
  KAN Grid:           5                   KAN Order:          3                   
  Arch:               legacy              Ablation:           full                
  Explainability:     0                   Explain Batches:    0                   
  Explain Points:     20000               Explain TopK:       10                  
  SmoothGrad:         0                   SG Samples:         20                  
  SG Noise:           0.1                 Quad Mode:          quantile            
  Quad Value:         0.75                Err Agg:            sum                 
  Sal Agg:            sum                 
  V3 Denoise:         1                   Evidence Head:      0                   
  Clean / Denoise:    (1.0, 0.5)          Evidence Weight:    0.2                 
  Frequency Weight:   0.0                 
  Point Evidence:     0.0                 
  Corrupt P/T/C:      (0.8, 0.15, 0.2)    Corrupt Scale:      1.5                 
  Corrupt Modes:      4                   Target-only corrupt:0                   
  Score Mode:         base_mean           Score Agg / K:      ('calibrated', 3)   
  Evidence Map:       prob                Dump Scores:        1                   
  Strict Val:         1                   Hide Test Loss:     1                   
  Entity Aware:       1                   

[1mRun Parameters[0m
  Num Workers:        4                   Batch Size:         128                 
  Train Epochs:       20                  Patience:           5                   
  Learning Rate:      0.001               Lradj:              cosine              
  Des:                e2_fixed_random_s87 

[1mGPU[0m
  Use GPU:            1                   GPU:                0                   
  Use Multi GPU:      0                   Devices:            0,1,2,3             

Use GPU: cuda:0
🚀 Lazy Loading: ISTAD ...
>>>>>>>start training : anomaly_detection_SMD_ISTAD_SMD_ftM_sl96_bmhgat_relfixed_random_v3_ent_hglite_bs128_e2_fixed_random_s87_0>>>>>>>>>>>>>>>>>>>>>>>>>>
test: (708420, 38)
train: (566713, 38)
SMD entity-aware windows: 5949
train 5949
test: (708420, 38)
train: (566713, 38)
SMD entity-aware windows: 1470
val 1470
Epoch: 1 cost time: 5.137836456298828
Epoch: 1, Steps: 47 | Train Loss: 1.1464732 Vali Loss: 0.7324027
Validation loss decreased (inf --> 0.732403).  Saving model ...
Updating learning rate to 0.0009938441702975688
Epoch: 2 cost time: 4.138360023498535
Epoch: 2, Steps: 47 | Train Loss: 0.7528502 Vali Loss: 0.6069250
Validation loss decreased (0.732403 --> 0.606925).  Saving model ...
Updating learning rate to 0.0009755282581475768
Epoch: 3 cost time: 4.141518592834473
Epoch: 3, Steps: 47 | Train Loss: 0.6162591 Vali Loss: 0.3353887
Validation loss decreased (0.606925 --> 0.335389).  Saving model ...
Updating learning rate to 0.0009455032620941839
Epoch: 4 cost time: 4.114065885543823
Epoch: 4, Steps: 47 | Train Loss: 0.5399647 Vali Loss: 0.3080153
Validation loss decreased (0.335389 --> 0.308015).  Saving model ...
Updating learning rate to 0.0009045084971874737
Epoch: 5 cost time: 4.0750205516815186
Epoch: 5, Steps: 47 | Train Loss: 0.5233787 Vali Loss: 0.2874572
Validation loss decreased (0.308015 --> 0.287457).  Saving model ...
Updating learning rate to 0.0008535533905932737
Epoch: 6 cost time: 4.082972049713135
Epoch: 6, Steps: 47 | Train Loss: 0.6688608 Vali Loss: 0.2683078
Validation loss decreased (0.287457 --> 0.268308).  Saving model ...
Updating learning rate to 0.0007938926261462366
Epoch: 7 cost time: 4.114997148513794
Epoch: 7, Steps: 47 | Train Loss: 0.4871099 Vali Loss: 0.2524867
Validation loss decreased (0.268308 --> 0.252487).  Saving model ...
Updating learning rate to 0.0007269952498697733
Epoch: 8 cost time: 4.0978782176971436
Epoch: 8, Steps: 47 | Train Loss: 0.4708709 Vali Loss: 0.2534292
EarlyStopping counter: 1 out of 5
Updating learning rate to 0.0006545084971874737
Epoch: 9 cost time: 4.125962018966675
Epoch: 9, Steps: 47 | Train Loss: 0.4748036 Vali Loss: 0.2406535
Validation loss decreased (0.252487 --> 0.240654).  Saving model ...
Updating learning rate to 0.0005782172325201155
Epoch: 10 cost time: 4.1122682094573975
Epoch: 10, Steps: 47 | Train Loss: 0.4598807 Vali Loss: 0.2322441
Validation loss decreased (0.240654 --> 0.232244).  Saving model ...
Updating learning rate to 0.0005
Epoch: 11 cost time: 4.148675203323364
Epoch: 11, Steps: 47 | Train Loss: 0.4702847 Vali Loss: 0.2400060
EarlyStopping counter: 1 out of 5
Updating learning rate to 0.0004217827674798845
Epoch: 12 cost time: 4.177630424499512
Epoch: 12, Steps: 47 | Train Loss: 0.4632480 Vali Loss: 0.2250323
Validation loss decreased (0.232244 --> 0.225032).  Saving model ...
Updating learning rate to 0.00034549150281252633
Epoch: 13 cost time: 4.0908894538879395
Epoch: 13, Steps: 47 | Train Loss: 0.4648021 Vali Loss: 0.4335544
EarlyStopping counter: 1 out of 5
Updating learning rate to 0.00027300475013022663
Epoch: 14 cost time: 4.11098837852478
Epoch: 14, Steps: 47 | Train Loss: 0.4554351 Vali Loss: 0.2235943
Validation loss decreased (0.225032 --> 0.223594).  Saving model ...
Updating learning rate to 0.00020610737385376348
Epoch: 15 cost time: 4.069197177886963
Epoch: 15, Steps: 47 | Train Loss: 0.4418569 Vali Loss: 0.2253912
EarlyStopping counter: 1 out of 5
Updating learning rate to 0.00014644660940672628
Epoch: 16 cost time: 4.112292766571045
Epoch: 16, Steps: 47 | Train Loss: 0.4501169 Vali Loss: 0.2193611
Validation loss decreased (0.223594 --> 0.219361).  Saving model ...
Updating learning rate to 9.549150281252633e-05
Epoch: 17 cost time: 4.130585193634033
Epoch: 17, Steps: 47 | Train Loss: 0.4411515 Vali Loss: 0.2231199
EarlyStopping counter: 1 out of 5
Updating learning rate to 5.449673790581611e-05
Epoch: 18 cost time: 4.096757411956787
Epoch: 18, Steps: 47 | Train Loss: 0.4603050 Vali Loss: 0.2254433
EarlyStopping counter: 2 out of 5
Updating learning rate to 2.4471741852423235e-05
Epoch: 19 cost time: 4.088129281997681
Epoch: 19, Steps: 47 | Train Loss: 0.4539163 Vali Loss: 0.2179773
Validation loss decreased (0.219361 --> 0.217977).  Saving model ...
Updating learning rate to 6.15582970243117e-06
Epoch: 20 cost time: 4.122071266174316
Epoch: 20, Steps: 47 | Train Loss: 0.4462374 Vali Loss: 0.2277143
EarlyStopping counter: 1 out of 5
Updating learning rate to 0.0
>>>>>>>testing : anomaly_detection_SMD_ISTAD_SMD_ftM_sl96_bmhgat_relfixed_random_v3_ent_hglite_bs128_e2_fixed_random_s87_0<<<<<<<<<<<<<<<<<<<<<<<<<<<<<<<<<
test: (708420, 38)
train: (566713, 38)
SMD entity-aware windows: 7360
test 7360
test: (708420, 38)
train: (566713, 38)
SMD entity-aware windows: 5892
score_train 5892
Percentile Threshold Source: train
Percentile Threshold : 0.7580976748466349
Saved point scores and labels: /data/modeluse/TS/ISTAD-release/analysis/e2_architecture_ablation/runtime/anomaly_detection_SMD_ISTAD_SMD_ftM_sl96_bmhgat_relfixed_random_v3_ent_hglite_bs128_e2_fixed_random_s87_0/point_scores.npz
pred_raw: (706560,)
gt:      (706560,)
pred_pa: (706560,)
gt_pa:   (706560,)

============================================================
使用百分位数阈值的结果:
============================================================
Raw point F1: 0.2333 (P=0.2524, R=0.2170)
Accuracy : 0.9701, Precision : 0.5897, Recall : 0.9238, F-score : 0.7199 
============================================================


使用自适应 Best F1 搜索（两阶段）
粗搜索步数: 200, 精细搜索步数: 500

============================================================
自适应 Best F1 阈值搜索（两阶段）
============================================================

分数统计信息:
  最小值: 0.007303
  最大值: 13203.081055
  均值: 0.902155
  标准差: 67.015564
  中位数: 0.083555
  第1百分位: 0.020175
  第99百分位: 4.418408

自动确定的搜索范围: [0.010088, 8.836816]

============================================================
阶段 1: 粗搜索（步数: 200）
============================================================

============================================================
开始 Best F1 阈值搜索...
============================================================
搜索范围: [0.0101, 8.8368]
搜索步数: 200
使用点调整: False
阈值: 0.0542 | F1: 0.0994 | Precision: 0.0525 | Recall: 0.9201
阈值: 0.9369 | F1: 0.2214 | Precision: 0.2793 | Recall: 0.1833
阈值: 1.8196 | F1: 0.1362 | Precision: 0.2549 | Recall: 0.0929
阈值: 2.7022 | F1: 0.1050 | Precision: 0.2299 | Recall: 0.0680
阈值: 3.5849 | F1: 0.0848 | Precision: 0.2027 | Recall: 0.0536
阈值: 4.4676 | F1: 0.0680 | Precision: 0.1757 | Recall: 0.0421
阈值: 5.3503 | F1: 0.0593 | Precision: 0.1645 | Recall: 0.0362
阈值: 6.2329 | F1: 0.0536 | Precision: 0.1589 | Recall: 0.0322
阈值: 7.1156 | F1: 0.0504 | Precision: 0.1608 | Recall: 0.0299
阈值: 7.9983 | F1: 0.0481 | Precision: 0.1696 | Recall: 0.0280

============================================================
✓ 找到最佳阈值: 0.716226
  最佳 F1: 0.2342
  Precision: 0.2439
  Recall: 0.2253
============================================================


============================================================
阶段 2: 精细搜索（步数: 500）
============================================================
在最佳阈值 0.716226 附近精细搜索
精细搜索范围: [0.010088, 1.598899]

============================================================
开始 Best F1 阈值搜索...
============================================================
搜索范围: [0.0101, 1.5989]
搜索步数: 500
使用点调整: False
阈值: 0.0133 | F1: 0.0799 | Precision: 0.0416 | Recall: 0.9999
阈值: 0.1721 | F1: 0.1738 | Precision: 0.1029 | Recall: 0.5593
阈值: 0.3310 | F1: 0.2034 | Precision: 0.1453 | Recall: 0.3388
阈值: 0.4899 | F1: 0.2249 | Precision: 0.1892 | Recall: 0.2772
阈值: 0.6488 | F1: 0.2338 | Precision: 0.2298 | Recall: 0.2379
阈值: 0.8077 | F1: 0.2310 | Precision: 0.2612 | Recall: 0.2070
阈值: 0.9666 | F1: 0.2190 | Precision: 0.2826 | Recall: 0.1787
阈值: 1.1254 | F1: 0.2031 | Precision: 0.2887 | Recall: 0.1566
阈值: 1.2843 | F1: 0.1832 | Precision: 0.2814 | Recall: 0.1358
阈值: 1.4432 | F1: 0.1648 | Precision: 0.2704 | Recall: 0.1185

============================================================
✓ 找到最佳阈值: 0.721875
  最佳 F1: 0.2343
  Precision: 0.2454
  Recall: 0.2243
============================================================


✓ 精细搜索找到更好的阈值！

============================================================
自适应搜索完成！
============================================================
最终最佳阈值: 0.721875
最佳 F1: 0.2343
Precision: 0.2454
Recall: 0.2243
============================================================

Saved Best F1 results: /data/modeluse/TS/ISTAD-release/analysis/e2_architecture_ablation/runtime/anomaly_detection_SMD_ISTAD_SMD_ftM_sl96_bmhgat_relfixed_random_v3_ent_hglite_bs128_e2_fixed_random_s87_0/bestf1_threshold_results.json
Saved anomaly score plot: /data/modeluse/TS/ISTAD-release/analysis/e2_architecture_ablation/runtime/anomaly_detection_SMD_ISTAD_SMD_ftM_sl96_bmhgat_relfixed_random_v3_ent_hglite_bs128_e2_fixed_random_s87_0/anomaly_score_threshold.png
ISTAD explainability is disabled by --istad_enable_explain 0
Saved train time summary: /data/modeluse/TS/ISTAD-release/analysis/e2_architecture_ablation/runtime/anomaly_detection_SMD_ISTAD_SMD_ftM_sl96_bmhgat_relfixed_random_v3_ent_hglite_bs128_e2_fixed_random_s87_0/train_time_summary.json
=== E2 SMD seed 87 no_message ===
Using GPU
Args in experiment:
[1mBasic Config[0m
  Task Name:          anomaly_detection   Is Training:        1                   
  Model ID:           SMD                 Model:              ISTAD               
  Seed:               87                  Itr:                1                   

[1mData Loader[0m
  Data:               SMD                 Root Path:          /data/modeluse/TS/ISTAD/dataset/SMD
  Features:           M                   Seq Len:            96                  
  Enc In:             38                  C Out:              38                  
  Checkpoints:        /data/modeluse/TS/ISTAD-release/checkpoints/ISTAD_e2_architecture_ablation
  Eval Step:          96                  

[1mAnomaly Detection Task[0m
  Anomaly Ratio:      1.0                 Threshold Source:   train               

[1mISTAD Parameters[0m
  Kernel Size:        7                   Branch Mode:        hgat                
  TCN Type:           kan                 
  Feat GAT Dim:       -1                  GRU Layers:         1                   
  GRU Hidden:         150                 Recon Layers:       1                   
  Recon Hidden:       32                  ISTAD Dropout:      0.3                 
  Recon Type:         pointwise           KANAD Order:        3                   
  Objective:          reconstruct         Target / Lag:       ('', 1)             
  Leaky Alpha:        0.2                 H Init:             normal              
  Hyperedges:         -1                  Top-K Nodes:        -1                  
  Spatial Type:       lite                HGAT Rank:          8                   
  HGAT Projection:    linear              Relation Mode:      no_message          
  KAN Grid:           5                   KAN Order:          3                   
  Arch:               legacy              Ablation:           full                
  Explainability:     0                   Explain Batches:    0                   
  Explain Points:     20000               Explain TopK:       10                  
  SmoothGrad:         0                   SG Samples:         20                  
  SG Noise:           0.1                 Quad Mode:          quantile            
  Quad Value:         0.75                Err Agg:            sum                 
  Sal Agg:            sum                 
  V3 Denoise:         1                   Evidence Head:      0                   
  Clean / Denoise:    (1.0, 0.5)          Evidence Weight:    0.2                 
  Frequency Weight:   0.0                 
  Point Evidence:     0.0                 
  Corrupt P/T/C:      (0.8, 0.15, 0.2)    Corrupt Scale:      1.5                 
  Corrupt Modes:      4                   Target-only corrupt:0                   
  Score Mode:         base_mean           Score Agg / K:      ('calibrated', 3)   
  Evidence Map:       prob                Dump Scores:        1                   
  Strict Val:         1                   Hide Test Loss:     1                   
  Entity Aware:       1                   

[1mRun Parameters[0m
  Num Workers:        4                   Batch Size:         128                 
  Train Epochs:       20                  Patience:           5                   
  Learning Rate:      0.001               Lradj:              cosine              
  Des:                e2_no_message_s87   

[1mGPU[0m
  Use GPU:            1                   GPU:                0                   
  Use Multi GPU:      0                   Devices:            0,1,2,3             

Use GPU: cuda:0
🚀 Lazy Loading: ISTAD ...
>>>>>>>start training : anomaly_detection_SMD_ISTAD_SMD_ftM_sl96_bmhgat_relno_message_v3_ent_hglite_bs128_e2_no_message_s87_0>>>>>>>>>>>>>>>>>>>>>>>>>>
test: (708420, 38)
train: (566713, 38)
SMD entity-aware windows: 5949
train 5949
test: (708420, 38)
train: (566713, 38)
SMD entity-aware windows: 1470
val 1470
Epoch: 1 cost time: 4.462752103805542
Epoch: 1, Steps: 47 | Train Loss: 1.1406922 Vali Loss: 0.7436983
Validation loss decreased (inf --> 0.743698).  Saving model ...
Updating learning rate to 0.0009938441702975688
Epoch: 2 cost time: 3.502810001373291
Epoch: 2, Steps: 47 | Train Loss: 0.7612250 Vali Loss: 0.6154976
Validation loss decreased (0.743698 --> 0.615498).  Saving model ...
Updating learning rate to 0.0009755282581475768
Epoch: 3 cost time: 3.5170934200286865
Epoch: 3, Steps: 47 | Train Loss: 0.7287321 Vali Loss: 0.3434900
Validation loss decreased (0.615498 --> 0.343490).  Saving model ...
Updating learning rate to 0.0009455032620941839
Epoch: 4 cost time: 3.4718050956726074
Epoch: 4, Steps: 47 | Train Loss: 0.5489485 Vali Loss: 0.3121716
Validation loss decreased (0.343490 --> 0.312172).  Saving model ...
Updating learning rate to 0.0009045084971874737
Epoch: 5 cost time: 3.4964993000030518
Epoch: 5, Steps: 47 | Train Loss: 0.5316866 Vali Loss: 0.2917386
Validation loss decreased (0.312172 --> 0.291739).  Saving model ...
Updating learning rate to 0.0008535533905932737
Epoch: 6 cost time: 3.4608750343322754
Epoch: 6, Steps: 47 | Train Loss: 0.5089562 Vali Loss: 0.2725605
Validation loss decreased (0.291739 --> 0.272561).  Saving model ...
Updating learning rate to 0.0007938926261462366
Epoch: 7 cost time: 3.4786667823791504
Epoch: 7, Steps: 47 | Train Loss: 0.4835466 Vali Loss: 0.2562730
Validation loss decreased (0.272561 --> 0.256273).  Saving model ...
Updating learning rate to 0.0007269952498697733
Epoch: 8 cost time: 3.4827959537506104
Epoch: 8, Steps: 47 | Train Loss: 0.4753191 Vali Loss: 0.2577764
EarlyStopping counter: 1 out of 5
Updating learning rate to 0.0006545084971874737
Epoch: 9 cost time: 3.4610414505004883
Epoch: 9, Steps: 47 | Train Loss: 0.4719907 Vali Loss: 0.2441271
Validation loss decreased (0.256273 --> 0.244127).  Saving model ...
Updating learning rate to 0.0005782172325201155
Epoch: 10 cost time: 3.5152995586395264
Epoch: 10, Steps: 47 | Train Loss: 0.4686522 Vali Loss: 0.2369297
Validation loss decreased (0.244127 --> 0.236930).  Saving model ...
Updating learning rate to 0.0005
Epoch: 11 cost time: 3.5127363204956055
Epoch: 11, Steps: 47 | Train Loss: 0.4596356 Vali Loss: 0.2447619
EarlyStopping counter: 1 out of 5
Updating learning rate to 0.0004217827674798845
Epoch: 12 cost time: 3.507244825363159
Epoch: 12, Steps: 47 | Train Loss: 0.4526869 Vali Loss: 0.2319742
Validation loss decreased (0.236930 --> 0.231974).  Saving model ...
Updating learning rate to 0.00034549150281252633
Epoch: 13 cost time: 3.5004024505615234
Epoch: 13, Steps: 47 | Train Loss: 0.4509496 Vali Loss: 0.4391432
EarlyStopping counter: 1 out of 5
Updating learning rate to 0.00027300475013022663
Epoch: 14 cost time: 3.501075506210327
Epoch: 14, Steps: 47 | Train Loss: 0.4460314 Vali Loss: 0.2271642
Validation loss decreased (0.231974 --> 0.227164).  Saving model ...
Updating learning rate to 0.00020610737385376348
Epoch: 15 cost time: 3.4778287410736084
Epoch: 15, Steps: 47 | Train Loss: 0.4637915 Vali Loss: 0.2283565
EarlyStopping counter: 1 out of 5
Updating learning rate to 0.00014644660940672628
Epoch: 16 cost time: 3.5380945205688477
Epoch: 16, Steps: 47 | Train Loss: 0.4690280 Vali Loss: 0.2221751
Validation loss decreased (0.227164 --> 0.222175).  Saving model ...
Updating learning rate to 9.549150281252633e-05
Epoch: 17 cost time: 3.506533145904541
Epoch: 17, Steps: 47 | Train Loss: 0.4644323 Vali Loss: 0.2272056
EarlyStopping counter: 1 out of 5
Updating learning rate to 5.449673790581611e-05
Epoch: 18 cost time: 3.520376443862915
Epoch: 18, Steps: 47 | Train Loss: 0.4532607 Vali Loss: 0.2284783
EarlyStopping counter: 2 out of 5
Updating learning rate to 2.4471741852423235e-05
Epoch: 19 cost time: 3.509148359298706
Epoch: 19, Steps: 47 | Train Loss: 0.4720161 Vali Loss: 0.2208626
Validation loss decreased (0.222175 --> 0.220863).  Saving model ...
Updating learning rate to 6.15582970243117e-06
Epoch: 20 cost time: 3.5800864696502686
Epoch: 20, Steps: 47 | Train Loss: 0.4684457 Vali Loss: 0.2309868
EarlyStopping counter: 1 out of 5
Updating learning rate to 0.0
>>>>>>>testing : anomaly_detection_SMD_ISTAD_SMD_ftM_sl96_bmhgat_relno_message_v3_ent_hglite_bs128_e2_no_message_s87_0<<<<<<<<<<<<<<<<<<<<<<<<<<<<<<<<<
test: (708420, 38)
train: (566713, 38)
SMD entity-aware windows: 7360
test 7360
test: (708420, 38)
train: (566713, 38)
SMD entity-aware windows: 5892
score_train 5892
Percentile Threshold Source: train
Percentile Threshold : 0.7618034136295242
Saved point scores and labels: /data/modeluse/TS/ISTAD-release/analysis/e2_architecture_ablation/runtime/anomaly_detection_SMD_ISTAD_SMD_ftM_sl96_bmhgat_relno_message_v3_ent_hglite_bs128_e2_no_message_s87_0/point_scores.npz
pred_raw: (706560,)
gt:      (706560,)
pred_pa: (706560,)
gt_pa:   (706560,)

============================================================
使用百分位数阈值的结果:
============================================================
Raw point F1: 0.2311 (P=0.2457, R=0.2181)
Accuracy : 0.9690, Precision : 0.5797, Recall : 0.9238, F-score : 0.7124 
============================================================


使用自适应 Best F1 搜索（两阶段）
粗搜索步数: 200, 精细搜索步数: 500

============================================================
自适应 Best F1 阈值搜索（两阶段）
============================================================

分数统计信息:
  最小值: 0.006868
  最大值: 13208.549805
  均值: 0.912402
  标准差: 67.018707
  中位数: 0.083135
  第1百分位: 0.019949
  第99百分位: 4.634332

自动确定的搜索范围: [0.009974, 9.268664]

============================================================
阶段 1: 粗搜索（步数: 200）
============================================================

============================================================
开始 Best F1 阈值搜索...
============================================================
搜索范围: [0.0100, 9.2687]
搜索步数: 200
使用点调整: False
阈值: 0.0563 | F1: 0.1013 | Precision: 0.0536 | Recall: 0.9102
阈值: 0.9821 | F1: 0.2186 | Precision: 0.2750 | Recall: 0.1814
阈值: 1.9080 | F1: 0.1334 | Precision: 0.2489 | Recall: 0.0911
阈值: 2.8339 | F1: 0.1012 | Precision: 0.2210 | Recall: 0.0656
阈值: 3.7597 | F1: 0.0841 | Precision: 0.2005 | Recall: 0.0532
阈值: 4.6856 | F1: 0.0647 | Precision: 0.1672 | Recall: 0.0401
阈值: 5.6115 | F1: 0.0576 | Precision: 0.1579 | Recall: 0.0352
阈值: 6.5374 | F1: 0.0529 | Precision: 0.1545 | Recall: 0.0320
阈值: 7.4632 | F1: 0.0495 | Precision: 0.1555 | Recall: 0.0294
阈值: 8.3891 | F1: 0.0473 | Precision: 0.1630 | Recall: 0.0277

============================================================
✓ 找到最佳阈值: 0.750670
  最佳 F1: 0.2316
  Precision: 0.2438
  Recall: 0.2206
============================================================


============================================================
阶段 2: 精细搜索（步数: 500）
============================================================
在最佳阈值 0.750670 附近精细搜索
精细搜索范围: [0.009974, 1.676539]

============================================================
开始 Best F1 阈值搜索...
============================================================
搜索范围: [0.0100, 1.6765]
搜索步数: 500
使用点调整: False
阈值: 0.0133 | F1: 0.0799 | Precision: 0.0416 | Recall: 1.0000
阈值: 0.1800 | F1: 0.1755 | Precision: 0.1046 | Recall: 0.5438
阈值: 0.3466 | F1: 0.2057 | Precision: 0.1480 | Recall: 0.3371
阈值: 0.5133 | F1: 0.2233 | Precision: 0.1884 | Recall: 0.2741
阈值: 0.6799 | F1: 0.2312 | Precision: 0.2283 | Recall: 0.2342
阈值: 0.8466 | F1: 0.2280 | Precision: 0.2591 | Recall: 0.2035
阈值: 1.0132 | F1: 0.2170 | Precision: 0.2787 | Recall: 0.1777
阈值: 1.1799 | F1: 0.2003 | Precision: 0.2819 | Recall: 0.1554
阈值: 1.3466 | F1: 0.1805 | Precision: 0.2744 | Recall: 0.1344
阈值: 1.5132 | F1: 0.1634 | Precision: 0.2654 | Recall: 0.1181

============================================================
✓ 找到最佳阈值: 0.713264
  最佳 F1: 0.2318
  Precision: 0.2360
  Recall: 0.2278
============================================================


✓ 精细搜索找到更好的阈值！

============================================================
自适应搜索完成！
============================================================
最终最佳阈值: 0.713264
最佳 F1: 0.2318
Precision: 0.2360
Recall: 0.2278
============================================================

Saved Best F1 results: /data/modeluse/TS/ISTAD-release/analysis/e2_architecture_ablation/runtime/anomaly_detection_SMD_ISTAD_SMD_ftM_sl96_bmhgat_relno_message_v3_ent_hglite_bs128_e2_no_message_s87_0/bestf1_threshold_results.json
Saved anomaly score plot: /data/modeluse/TS/ISTAD-release/analysis/e2_architecture_ablation/runtime/anomaly_detection_SMD_ISTAD_SMD_ftM_sl96_bmhgat_relno_message_v3_ent_hglite_bs128_e2_no_message_s87_0/anomaly_score_threshold.png
ISTAD explainability is disabled by --istad_enable_explain 0
Saved train time summary: /data/modeluse/TS/ISTAD-release/analysis/e2_architecture_ablation/runtime/anomaly_detection_SMD_ISTAD_SMD_ftM_sl96_bmhgat_relno_message_v3_ent_hglite_bs128_e2_no_message_s87_0/train_time_summary.json
=== E2 SMD seed 90 learned_dynamic ===
Using GPU
Args in experiment:
[1mBasic Config[0m
  Task Name:          anomaly_detection   Is Training:        1                   
  Model ID:           SMD                 Model:              ISTAD               
  Seed:               90                  Itr:                1                   

[1mData Loader[0m
  Data:               SMD                 Root Path:          /data/modeluse/TS/ISTAD/dataset/SMD
  Features:           M                   Seq Len:            96                  
  Enc In:             38                  C Out:              38                  
  Checkpoints:        /data/modeluse/TS/ISTAD-release/checkpoints/ISTAD_e2_architecture_ablation
  Eval Step:          96                  

[1mAnomaly Detection Task[0m
  Anomaly Ratio:      1.0                 Threshold Source:   train               

[1mISTAD Parameters[0m
  Kernel Size:        7                   Branch Mode:        hgat                
  TCN Type:           kan                 
  Feat GAT Dim:       -1                  GRU Layers:         1                   
  GRU Hidden:         150                 Recon Layers:       1                   
  Recon Hidden:       32                  ISTAD Dropout:      0.3                 
  Recon Type:         pointwise           KANAD Order:        3                   
  Objective:          reconstruct         Target / Lag:       ('', 1)             
  Leaky Alpha:        0.2                 H Init:             normal              
  Hyperedges:         -1                  Top-K Nodes:        -1                  
  Spatial Type:       lite                HGAT Rank:          8                   
  HGAT Projection:    linear              Relation Mode:      dynamic             
  KAN Grid:           5                   KAN Order:          3                   
  Arch:               legacy              Ablation:           full                
  Explainability:     0                   Explain Batches:    0                   
  Explain Points:     20000               Explain TopK:       10                  
  SmoothGrad:         0                   SG Samples:         20                  
  SG Noise:           0.1                 Quad Mode:          quantile            
  Quad Value:         0.75                Err Agg:            sum                 
  Sal Agg:            sum                 
  V3 Denoise:         1                   Evidence Head:      0                   
  Clean / Denoise:    (1.0, 0.5)          Evidence Weight:    0.2                 
  Frequency Weight:   0.0                 
  Point Evidence:     0.0                 
  Corrupt P/T/C:      (0.8, 0.15, 0.2)    Corrupt Scale:      1.5                 
  Corrupt Modes:      4                   Target-only corrupt:0                   
  Score Mode:         base_mean           Score Agg / K:      ('calibrated', 3)   
  Evidence Map:       prob                Dump Scores:        1                   
  Strict Val:         1                   Hide Test Loss:     1                   
  Entity Aware:       1                   

[1mRun Parameters[0m
  Num Workers:        4                   Batch Size:         128                 
  Train Epochs:       20                  Patience:           5                   
  Learning Rate:      0.001               Lradj:              cosine              
  Des:                e2_learned_dynamic_s90

[1mGPU[0m
  Use GPU:            1                   GPU:                0                   
  Use Multi GPU:      0                   Devices:            0,1,2,3             

Use GPU: cuda:0
🚀 Lazy Loading: ISTAD ...
>>>>>>>start training : anomaly_detection_SMD_ISTAD_SMD_ftM_sl96_bmhgat_v3_ent_hglite_bs128_e2_learned_dynamic_s90_0>>>>>>>>>>>>>>>>>>>>>>>>>>
test: (708420, 38)
train: (566713, 38)
SMD entity-aware windows: 5949
train 5949
test: (708420, 38)
train: (566713, 38)
SMD entity-aware windows: 1470
val 1470
Epoch: 1 cost time: 5.737349271774292
Epoch: 1, Steps: 47 | Train Loss: 1.1306518 Vali Loss: 0.6820743
Validation loss decreased (inf --> 0.682074).  Saving model ...
Updating learning rate to 0.0009938441702975688
Epoch: 2 cost time: 4.692396879196167
Epoch: 2, Steps: 47 | Train Loss: 0.7440924 Vali Loss: 0.4349109
Validation loss decreased (0.682074 --> 0.434911).  Saving model ...
Updating learning rate to 0.0009755282581475768
Epoch: 3 cost time: 4.712080240249634
Epoch: 3, Steps: 47 | Train Loss: 0.6135511 Vali Loss: 0.3394831
Validation loss decreased (0.434911 --> 0.339483).  Saving model ...
Updating learning rate to 0.0009455032620941839
Epoch: 4 cost time: 4.699355602264404
Epoch: 4, Steps: 47 | Train Loss: 0.5618194 Vali Loss: 0.2911713
Validation loss decreased (0.339483 --> 0.291171).  Saving model ...
Updating learning rate to 0.0009045084971874737
Epoch: 5 cost time: 4.7005157470703125
Epoch: 5, Steps: 47 | Train Loss: 0.5100349 Vali Loss: 0.2726685
Validation loss decreased (0.291171 --> 0.272668).  Saving model ...
Updating learning rate to 0.0008535533905932737
Epoch: 6 cost time: 4.697211980819702
Epoch: 6, Steps: 47 | Train Loss: 0.5082235 Vali Loss: 0.6316583
EarlyStopping counter: 1 out of 5
Updating learning rate to 0.0007938926261462366
Epoch: 7 cost time: 4.678521633148193
Epoch: 7, Steps: 47 | Train Loss: 0.4853600 Vali Loss: 0.2540446
Validation loss decreased (0.272668 --> 0.254045).  Saving model ...
Updating learning rate to 0.0007269952498697733
Epoch: 8 cost time: 4.6615517139434814
Epoch: 8, Steps: 47 | Train Loss: 0.6182016 Vali Loss: 0.2407725
Validation loss decreased (0.254045 --> 0.240773).  Saving model ...
Updating learning rate to 0.0006545084971874737
Epoch: 9 cost time: 4.67224907875061
Epoch: 9, Steps: 47 | Train Loss: 0.4590826 Vali Loss: 0.2275835
Validation loss decreased (0.240773 --> 0.227584).  Saving model ...
Updating learning rate to 0.0005782172325201155
Epoch: 10 cost time: 4.644693374633789
Epoch: 10, Steps: 47 | Train Loss: 0.4527835 Vali Loss: 0.3038858
EarlyStopping counter: 1 out of 5
Updating learning rate to 0.0005
Epoch: 11 cost time: 4.7048609256744385
Epoch: 11, Steps: 47 | Train Loss: 0.4829106 Vali Loss: 0.2210525
Validation loss decreased (0.227584 --> 0.221053).  Saving model ...
Updating learning rate to 0.0004217827674798845
Epoch: 12 cost time: 4.725158214569092
Epoch: 12, Steps: 47 | Train Loss: 0.4611513 Vali Loss: 0.2142217
Validation loss decreased (0.221053 --> 0.214222).  Saving model ...
Updating learning rate to 0.00034549150281252633
Epoch: 13 cost time: 4.712573289871216
Epoch: 13, Steps: 47 | Train Loss: 0.6545188 Vali Loss: 0.2133474
Validation loss decreased (0.214222 --> 0.213347).  Saving model ...
Updating learning rate to 0.00027300475013022663
Epoch: 14 cost time: 4.66793417930603
Epoch: 14, Steps: 47 | Train Loss: 0.4436504 Vali Loss: 0.2154646
EarlyStopping counter: 1 out of 5
Updating learning rate to 0.00020610737385376348
Epoch: 15 cost time: 4.75971245765686
Epoch: 15, Steps: 47 | Train Loss: 0.4565053 Vali Loss: 0.2183210
EarlyStopping counter: 2 out of 5
Updating learning rate to 0.00014644660940672628
Epoch: 16 cost time: 4.732525110244751
Epoch: 16, Steps: 47 | Train Loss: 0.4419119 Vali Loss: 0.2109343
Validation loss decreased (0.213347 --> 0.210934).  Saving model ...
Updating learning rate to 9.549150281252633e-05
Epoch: 17 cost time: 4.704282522201538
Epoch: 17, Steps: 47 | Train Loss: 0.5550669 Vali Loss: 0.2095323
Validation loss decreased (0.210934 --> 0.209532).  Saving model ...
Updating learning rate to 5.449673790581611e-05
Epoch: 18 cost time: 4.673552751541138
Epoch: 18, Steps: 47 | Train Loss: 0.4762102 Vali Loss: 0.2151765
EarlyStopping counter: 1 out of 5
Updating learning rate to 2.4471741852423235e-05
Epoch: 19 cost time: 4.6896278858184814
Epoch: 19, Steps: 47 | Train Loss: 0.4356853 Vali Loss: 0.2115856
EarlyStopping counter: 2 out of 5
Updating learning rate to 6.15582970243117e-06
Epoch: 20 cost time: 4.689797639846802
Epoch: 20, Steps: 47 | Train Loss: 0.4595994 Vali Loss: 0.2215097
EarlyStopping counter: 3 out of 5
Updating learning rate to 0.0
>>>>>>>testing : anomaly_detection_SMD_ISTAD_SMD_ftM_sl96_bmhgat_v3_ent_hglite_bs128_e2_learned_dynamic_s90_0<<<<<<<<<<<<<<<<<<<<<<<<<<<<<<<<<
test: (708420, 38)
train: (566713, 38)
SMD entity-aware windows: 7360
test 7360
test: (708420, 38)
train: (566713, 38)
SMD entity-aware windows: 5892
score_train 5892
Percentile Threshold Source: train
Percentile Threshold : 0.6915572249889372
Saved point scores and labels: /data/modeluse/TS/ISTAD-release/analysis/e2_architecture_ablation/runtime/anomaly_detection_SMD_ISTAD_SMD_ftM_sl96_bmhgat_v3_ent_hglite_bs128_e2_learned_dynamic_s90_0/point_scores.npz
pred_raw: (706560,)
gt:      (706560,)
pred_pa: (706560,)
gt_pa:   (706560,)

============================================================
使用百分位数阈值的结果:
============================================================
Raw point F1: 0.2367 (P=0.2475, R=0.2267)
Accuracy : 0.9685, Precision : 0.5749, Recall : 0.9320, F-score : 0.7111 
============================================================


使用自适应 Best F1 搜索（两阶段）
粗搜索步数: 200, 精细搜索步数: 500

============================================================
自适应 Best F1 阈值搜索（两阶段）
============================================================

分数统计信息:
  最小值: 0.007234
  最大值: 13204.436523
  均值: 0.888586
  标准差: 67.010124
  中位数: 0.083334
  第1百分位: 0.020577
  第99百分位: 4.364310

自动确定的搜索范围: [0.010288, 8.728619]

============================================================
阶段 1: 粗搜索（步数: 200）
============================================================

============================================================
开始 Best F1 阈值搜索...
============================================================
搜索范围: [0.0103, 8.7286]
搜索步数: 200
使用点调整: False
阈值: 0.0539 | F1: 0.0994 | Precision: 0.0526 | Recall: 0.9185
阈值: 0.9257 | F1: 0.2343 | Precision: 0.2970 | Recall: 0.1935
阈值: 1.7975 | F1: 0.1495 | Precision: 0.2814 | Recall: 0.1018
阈值: 2.6694 | F1: 0.1105 | Precision: 0.2438 | Recall: 0.0715
阈值: 3.5412 | F1: 0.0926 | Precision: 0.2217 | Recall: 0.0585
阈值: 4.4130 | F1: 0.0769 | Precision: 0.1993 | Recall: 0.0476
阈值: 5.2849 | F1: 0.0620 | Precision: 0.1762 | Recall: 0.0376
阈值: 6.1567 | F1: 0.0555 | Precision: 0.1713 | Recall: 0.0331
阈值: 7.0285 | F1: 0.0518 | Precision: 0.1779 | Recall: 0.0303
阈值: 7.9004 | F1: 0.0464 | Precision: 0.1961 | Recall: 0.0263

============================================================
✓ 找到最佳阈值: 0.751347
  最佳 F1: 0.2382
  Precision: 0.2625
  Recall: 0.2180
============================================================


============================================================
阶段 2: 精细搜索（步数: 500）
============================================================
在最佳阈值 0.751347 附近精细搜索
精细搜索范围: [0.010288, 1.623180]

============================================================
开始 Best F1 阈值搜索...
============================================================
搜索范围: [0.0103, 1.6232]
搜索步数: 500
使用点调整: False
阈值: 0.0135 | F1: 0.0798 | Precision: 0.0416 | Recall: 1.0000
阈值: 0.1748 | F1: 0.1841 | Precision: 0.1104 | Recall: 0.5541
阈值: 0.3361 | F1: 0.2142 | Precision: 0.1562 | Recall: 0.3411
阈值: 0.4974 | F1: 0.2289 | Precision: 0.1967 | Recall: 0.2737
阈值: 0.6587 | F1: 0.2356 | Precision: 0.2389 | Recall: 0.2325
阈值: 0.8200 | F1: 0.2367 | Precision: 0.2765 | Recall: 0.2069
阈值: 0.9812 | F1: 0.2323 | Precision: 0.3053 | Recall: 0.1875
阈值: 1.1425 | F1: 0.2186 | Precision: 0.3144 | Recall: 0.1676
阈值: 1.3038 | F1: 0.2058 | Precision: 0.3166 | Recall: 0.1525
阈值: 1.4651 | F1: 0.1895 | Precision: 0.3115 | Recall: 0.1362

============================================================
✓ 找到最佳阈值: 0.745767
  最佳 F1: 0.2381
  Precision: 0.2610
  Recall: 0.2188
============================================================


✓ 粗搜索的结果已经是最优的。

============================================================
自适应搜索完成！
============================================================
最终最佳阈值: 0.751347
最佳 F1: 0.2382
Precision: 0.2625
Recall: 0.2180
============================================================

Saved Best F1 results: /data/modeluse/TS/ISTAD-release/analysis/e2_architecture_ablation/runtime/anomaly_detection_SMD_ISTAD_SMD_ftM_sl96_bmhgat_v3_ent_hglite_bs128_e2_learned_dynamic_s90_0/bestf1_threshold_results.json
Saved anomaly score plot: /data/modeluse/TS/ISTAD-release/analysis/e2_architecture_ablation/runtime/anomaly_detection_SMD_ISTAD_SMD_ftM_sl96_bmhgat_v3_ent_hglite_bs128_e2_learned_dynamic_s90_0/anomaly_score_threshold.png
ISTAD explainability is disabled by --istad_enable_explain 0
Saved train time summary: /data/modeluse/TS/ISTAD-release/analysis/e2_architecture_ablation/runtime/anomaly_detection_SMD_ISTAD_SMD_ftM_sl96_bmhgat_v3_ent_hglite_bs128_e2_learned_dynamic_s90_0/train_time_summary.json
=== E2 SMD seed 90 learned_static ===
Using GPU
Args in experiment:
[1mBasic Config[0m
  Task Name:          anomaly_detection   Is Training:        1                   
  Model ID:           SMD                 Model:              ISTAD               
  Seed:               90                  Itr:                1                   

[1mData Loader[0m
  Data:               SMD                 Root Path:          /data/modeluse/TS/ISTAD/dataset/SMD
  Features:           M                   Seq Len:            96                  
  Enc In:             38                  C Out:              38                  
  Checkpoints:        /data/modeluse/TS/ISTAD-release/checkpoints/ISTAD_e2_architecture_ablation
  Eval Step:          96                  

[1mAnomaly Detection Task[0m
  Anomaly Ratio:      1.0                 Threshold Source:   train               

[1mISTAD Parameters[0m
  Kernel Size:        7                   Branch Mode:        hgat                
  TCN Type:           kan                 
  Feat GAT Dim:       -1                  GRU Layers:         1                   
  GRU Hidden:         150                 Recon Layers:       1                   
  Recon Hidden:       32                  ISTAD Dropout:      0.3                 
  Recon Type:         pointwise           KANAD Order:        3                   
  Objective:          reconstruct         Target / Lag:       ('', 1)             
  Leaky Alpha:        0.2                 H Init:             normal              
  Hyperedges:         -1                  Top-K Nodes:        -1                  
  Spatial Type:       lite                HGAT Rank:          8                   
  HGAT Projection:    linear              Relation Mode:      static              
  KAN Grid:           5                   KAN Order:          3                   
  Arch:               legacy              Ablation:           full                
  Explainability:     0                   Explain Batches:    0                   
  Explain Points:     20000               Explain TopK:       10                  
  SmoothGrad:         0                   SG Samples:         20                  
  SG Noise:           0.1                 Quad Mode:          quantile            
  Quad Value:         0.75                Err Agg:            sum                 
  Sal Agg:            sum                 
  V3 Denoise:         1                   Evidence Head:      0                   
  Clean / Denoise:    (1.0, 0.5)          Evidence Weight:    0.2                 
  Frequency Weight:   0.0                 
  Point Evidence:     0.0                 
  Corrupt P/T/C:      (0.8, 0.15, 0.2)    Corrupt Scale:      1.5                 
  Corrupt Modes:      4                   Target-only corrupt:0                   
  Score Mode:         base_mean           Score Agg / K:      ('calibrated', 3)   
  Evidence Map:       prob                Dump Scores:        1                   
  Strict Val:         1                   Hide Test Loss:     1                   
  Entity Aware:       1                   

[1mRun Parameters[0m
  Num Workers:        4                   Batch Size:         128                 
  Train Epochs:       20                  Patience:           5                   
  Learning Rate:      0.001               Lradj:              cosine              
  Des:                e2_learned_static_s90

[1mGPU[0m
  Use GPU:            1                   GPU:                0                   
  Use Multi GPU:      0                   Devices:            0,1,2,3             

Use GPU: cuda:0
🚀 Lazy Loading: ISTAD ...
>>>>>>>start training : anomaly_detection_SMD_ISTAD_SMD_ftM_sl96_bmhgat_relstatic_v3_ent_hglite_bs128_e2_learned_static_s90_0>>>>>>>>>>>>>>>>>>>>>>>>>>
test: (708420, 38)
train: (566713, 38)
SMD entity-aware windows: 5949
train 5949
test: (708420, 38)
train: (566713, 38)
SMD entity-aware windows: 1470
val 1470
Epoch: 1 cost time: 5.344802379608154
Epoch: 1, Steps: 47 | Train Loss: 1.1253400 Vali Loss: 0.6760895
Validation loss decreased (inf --> 0.676090).  Saving model ...
Updating learning rate to 0.0009938441702975688
Epoch: 2 cost time: 4.299954891204834
Epoch: 2, Steps: 47 | Train Loss: 0.7425944 Vali Loss: 0.4348928
Validation loss decreased (0.676090 --> 0.434893).  Saving model ...
Updating learning rate to 0.0009755282581475768
Epoch: 3 cost time: 4.30225944519043
Epoch: 3, Steps: 47 | Train Loss: 0.6139350 Vali Loss: 0.3417777
Validation loss decreased (0.434893 --> 0.341778).  Saving model ...
Updating learning rate to 0.0009455032620941839
Epoch: 4 cost time: 4.345710515975952
Epoch: 4, Steps: 47 | Train Loss: 0.5624875 Vali Loss: 0.2898977
Validation loss decreased (0.341778 --> 0.289898).  Saving model ...
Updating learning rate to 0.0009045084971874737
Epoch: 5 cost time: 4.3164873123168945
Epoch: 5, Steps: 47 | Train Loss: 0.5100343 Vali Loss: 0.2744156
Validation loss decreased (0.289898 --> 0.274416).  Saving model ...
Updating learning rate to 0.0008535533905932737
Epoch: 6 cost time: 4.322510480880737
Epoch: 6, Steps: 47 | Train Loss: 0.5085858 Vali Loss: 0.6331668
EarlyStopping counter: 1 out of 5
Updating learning rate to 0.0007938926261462366
Epoch: 7 cost time: 4.282549619674683
Epoch: 7, Steps: 47 | Train Loss: 0.4858985 Vali Loss: 0.2556736
Validation loss decreased (0.274416 --> 0.255674).  Saving model ...
Updating learning rate to 0.0007269952498697733
Epoch: 8 cost time: 4.2836034297943115
Epoch: 8, Steps: 47 | Train Loss: 0.6189264 Vali Loss: 0.2403763
Validation loss decreased (0.255674 --> 0.240376).  Saving model ...
Updating learning rate to 0.0006545084971874737
Epoch: 9 cost time: 4.298881769180298
Epoch: 9, Steps: 47 | Train Loss: 0.4599820 Vali Loss: 0.2287259
Validation loss decreased (0.240376 --> 0.228726).  Saving model ...
Updating learning rate to 0.0005782172325201155
Epoch: 10 cost time: 4.29414439201355
Epoch: 10, Steps: 47 | Train Loss: 0.4534514 Vali Loss: 0.3041815
EarlyStopping counter: 1 out of 5
Updating learning rate to 0.0005
Epoch: 11 cost time: 4.302828311920166
Epoch: 11, Steps: 47 | Train Loss: 0.4838449 Vali Loss: 0.2229481
Validation loss decreased (0.228726 --> 0.222948).  Saving model ...
Updating learning rate to 0.0004217827674798845
Epoch: 12 cost time: 4.3342132568359375
Epoch: 12, Steps: 47 | Train Loss: 0.4619083 Vali Loss: 0.2151074
Validation loss decreased (0.222948 --> 0.215107).  Saving model ...
Updating learning rate to 0.00034549150281252633
Epoch: 13 cost time: 4.296773195266724
Epoch: 13, Steps: 47 | Train Loss: 0.6550354 Vali Loss: 0.2151989
EarlyStopping counter: 1 out of 5
Updating learning rate to 0.00027300475013022663
Epoch: 14 cost time: 4.286708116531372
Epoch: 14, Steps: 47 | Train Loss: 0.4441238 Vali Loss: 0.2169481
EarlyStopping counter: 2 out of 5
Updating learning rate to 0.00020610737385376348
Epoch: 15 cost time: 4.34109091758728
Epoch: 15, Steps: 47 | Train Loss: 0.4570537 Vali Loss: 0.2190896
EarlyStopping counter: 3 out of 5
Updating learning rate to 0.00014644660940672628
Epoch: 16 cost time: 4.405003070831299
Epoch: 16, Steps: 47 | Train Loss: 0.4423886 Vali Loss: 0.2107714
Validation loss decreased (0.215107 --> 0.210771).  Saving model ...
Updating learning rate to 9.549150281252633e-05
Epoch: 17 cost time: 4.346682071685791
Epoch: 17, Steps: 47 | Train Loss: 0.5553553 Vali Loss: 0.2105392
Validation loss decreased (0.210771 --> 0.210539).  Saving model ...
Updating learning rate to 5.449673790581611e-05
Epoch: 18 cost time: 4.334582328796387
Epoch: 18, Steps: 47 | Train Loss: 0.4764519 Vali Loss: 0.2154740
EarlyStopping counter: 1 out of 5
Updating learning rate to 2.4471741852423235e-05
Epoch: 19 cost time: 4.332273960113525
Epoch: 19, Steps: 47 | Train Loss: 0.4361213 Vali Loss: 0.2106631
EarlyStopping counter: 2 out of 5
Updating learning rate to 6.15582970243117e-06
Epoch: 20 cost time: 4.301603317260742
Epoch: 20, Steps: 47 | Train Loss: 0.4603018 Vali Loss: 0.2212652
EarlyStopping counter: 3 out of 5
Updating learning rate to 0.0
>>>>>>>testing : anomaly_detection_SMD_ISTAD_SMD_ftM_sl96_bmhgat_relstatic_v3_ent_hglite_bs128_e2_learned_static_s90_0<<<<<<<<<<<<<<<<<<<<<<<<<<<<<<<<<
test: (708420, 38)
train: (566713, 38)
SMD entity-aware windows: 7360
test 7360
test: (708420, 38)
train: (566713, 38)
SMD entity-aware windows: 5892
score_train 5892
Percentile Threshold Source: train
Percentile Threshold : 0.6781148046255099
Saved point scores and labels: /data/modeluse/TS/ISTAD-release/analysis/e2_architecture_ablation/runtime/anomaly_detection_SMD_ISTAD_SMD_ftM_sl96_bmhgat_relstatic_v3_ent_hglite_bs128_e2_learned_static_s90_0/point_scores.npz
pred_raw: (706560,)
gt:      (706560,)
pred_pa: (706560,)
gt_pa:   (706560,)

============================================================
使用百分位数阈值的结果:
============================================================
Raw point F1: 0.2443 (P=0.2534, R=0.2358)
Accuracy : 0.9687, Precision : 0.5751, Recall : 0.9406, F-score : 0.7138 
============================================================


使用自适应 Best F1 搜索（两阶段）
粗搜索步数: 200, 精细搜索步数: 500

============================================================
自适应 Best F1 阈值搜索（两阶段）
============================================================

分数统计信息:
  最小值: 0.007628
  最大值: 13204.081055
  均值: 0.890776
  标准差: 67.003922
  中位数: 0.084807
  第1百分位: 0.020506
  第99百分位: 4.491729

自动确定的搜索范围: [0.010253, 8.983458]

============================================================
阶段 1: 粗搜索（步数: 200）
============================================================

============================================================
开始 Best F1 阈值搜索...
============================================================
搜索范围: [0.0103, 8.9835]
搜索步数: 200
使用点调整: False
阈值: 0.0551 | F1: 0.0996 | Precision: 0.0527 | Recall: 0.9128
阈值: 0.9524 | F1: 0.2325 | Precision: 0.2995 | Recall: 0.1900
阈值: 1.8498 | F1: 0.1494 | Precision: 0.2836 | Recall: 0.1014
阈值: 2.7471 | F1: 0.1112 | Precision: 0.2455 | Recall: 0.0719
阈值: 3.6444 | F1: 0.0936 | Precision: 0.2238 | Recall: 0.0592
阈值: 4.5417 | F1: 0.0777 | Precision: 0.2015 | Recall: 0.0481
阈值: 5.4390 | F1: 0.0631 | Precision: 0.1795 | Recall: 0.0383
阈值: 6.3364 | F1: 0.0566 | Precision: 0.1743 | Recall: 0.0338
阈值: 7.2337 | F1: 0.0521 | Precision: 0.1799 | Recall: 0.0305
阈值: 8.1310 | F1: 0.0445 | Precision: 0.1923 | Recall: 0.0251

============================================================
✓ 找到最佳阈值: 0.728110
  最佳 F1: 0.2449
  Precision: 0.2654
  Recall: 0.2274
============================================================


============================================================
阶段 2: 精细搜索（步数: 500）
============================================================
在最佳阈值 0.728110 附近精细搜索
精细搜索范围: [0.010253, 1.625430]

============================================================
开始 Best F1 阈值搜索...
============================================================
搜索范围: [0.0103, 1.6254]
搜索步数: 500
使用点调整: False
阈值: 0.0135 | F1: 0.0799 | Precision: 0.0416 | Recall: 1.0000
阈值: 0.1750 | F1: 0.1818 | Precision: 0.1090 | Recall: 0.5479
阈值: 0.3365 | F1: 0.2110 | Precision: 0.1532 | Recall: 0.3390
阈值: 0.4980 | F1: 0.2324 | Precision: 0.2002 | Recall: 0.2770
阈值: 0.6596 | F1: 0.2438 | Precision: 0.2485 | Recall: 0.2392
阈值: 0.8211 | F1: 0.2442 | Precision: 0.2859 | Recall: 0.2132
阈值: 0.9826 | F1: 0.2303 | Precision: 0.3026 | Recall: 0.1859
阈值: 1.1441 | F1: 0.2183 | Precision: 0.3134 | Recall: 0.1675
阈值: 1.3056 | F1: 0.2064 | Precision: 0.3187 | Recall: 0.1526
阈值: 1.4671 | F1: 0.1921 | Precision: 0.3188 | Recall: 0.1375

============================================================
✓ 找到最佳阈值: 0.691858
  最佳 F1: 0.2451
  Precision: 0.2576
  Recall: 0.2338
============================================================


✓ 精细搜索找到更好的阈值！

============================================================
自适应搜索完成！
============================================================
最终最佳阈值: 0.691858
最佳 F1: 0.2451
Precision: 0.2576
Recall: 0.2338
============================================================

Saved Best F1 results: /data/modeluse/TS/ISTAD-release/analysis/e2_architecture_ablation/runtime/anomaly_detection_SMD_ISTAD_SMD_ftM_sl96_bmhgat_relstatic_v3_ent_hglite_bs128_e2_learned_static_s90_0/bestf1_threshold_results.json
Saved anomaly score plot: /data/modeluse/TS/ISTAD-release/analysis/e2_architecture_ablation/runtime/anomaly_detection_SMD_ISTAD_SMD_ftM_sl96_bmhgat_relstatic_v3_ent_hglite_bs128_e2_learned_static_s90_0/anomaly_score_threshold.png
ISTAD explainability is disabled by --istad_enable_explain 0
Saved train time summary: /data/modeluse/TS/ISTAD-release/analysis/e2_architecture_ablation/runtime/anomaly_detection_SMD_ISTAD_SMD_ftM_sl96_bmhgat_relstatic_v3_ent_hglite_bs128_e2_learned_static_s90_0/train_time_summary.json
=== E2 SMD seed 90 fixed_random ===
Using GPU
Args in experiment:
[1mBasic Config[0m
  Task Name:          anomaly_detection   Is Training:        1                   
  Model ID:           SMD                 Model:              ISTAD               
  Seed:               90                  Itr:                1                   

[1mData Loader[0m
  Data:               SMD                 Root Path:          /data/modeluse/TS/ISTAD/dataset/SMD
  Features:           M                   Seq Len:            96                  
  Enc In:             38                  C Out:              38                  
  Checkpoints:        /data/modeluse/TS/ISTAD-release/checkpoints/ISTAD_e2_architecture_ablation
  Eval Step:          96                  

[1mAnomaly Detection Task[0m
  Anomaly Ratio:      1.0                 Threshold Source:   train               

[1mISTAD Parameters[0m
  Kernel Size:        7                   Branch Mode:        hgat                
  TCN Type:           kan                 
  Feat GAT Dim:       -1                  GRU Layers:         1                   
  GRU Hidden:         150                 Recon Layers:       1                   
  Recon Hidden:       32                  ISTAD Dropout:      0.3                 
  Recon Type:         pointwise           KANAD Order:        3                   
  Objective:          reconstruct         Target / Lag:       ('', 1)             
  Leaky Alpha:        0.2                 H Init:             normal              
  Hyperedges:         -1                  Top-K Nodes:        -1                  
  Spatial Type:       lite                HGAT Rank:          8                   
  HGAT Projection:    linear              Relation Mode:      fixed_random        
  KAN Grid:           5                   KAN Order:          3                   
  Arch:               legacy              Ablation:           full                
  Explainability:     0                   Explain Batches:    0                   
  Explain Points:     20000               Explain TopK:       10                  
  SmoothGrad:         0                   SG Samples:         20                  
  SG Noise:           0.1                 Quad Mode:          quantile            
  Quad Value:         0.75                Err Agg:            sum                 
  Sal Agg:            sum                 
  V3 Denoise:         1                   Evidence Head:      0                   
  Clean / Denoise:    (1.0, 0.5)          Evidence Weight:    0.2                 
  Frequency Weight:   0.0                 
  Point Evidence:     0.0                 
  Corrupt P/T/C:      (0.8, 0.15, 0.2)    Corrupt Scale:      1.5                 
  Corrupt Modes:      4                   Target-only corrupt:0                   
  Score Mode:         base_mean           Score Agg / K:      ('calibrated', 3)   
  Evidence Map:       prob                Dump Scores:        1                   
  Strict Val:         1                   Hide Test Loss:     1                   
  Entity Aware:       1                   

[1mRun Parameters[0m
  Num Workers:        4                   Batch Size:         128                 
  Train Epochs:       20                  Patience:           5                   
  Learning Rate:      0.001               Lradj:              cosine              
  Des:                e2_fixed_random_s90 

[1mGPU[0m
  Use GPU:            1                   GPU:                0                   
  Use Multi GPU:      0                   Devices:            0,1,2,3             

Use GPU: cuda:0
🚀 Lazy Loading: ISTAD ...
>>>>>>>start training : anomaly_detection_SMD_ISTAD_SMD_ftM_sl96_bmhgat_relfixed_random_v3_ent_hglite_bs128_e2_fixed_random_s90_0>>>>>>>>>>>>>>>>>>>>>>>>>>
test: (708420, 38)
train: (566713, 38)
SMD entity-aware windows: 5949
train 5949
test: (708420, 38)
train: (566713, 38)
SMD entity-aware windows: 1470
val 1470
Epoch: 1 cost time: 5.294460296630859
Epoch: 1, Steps: 47 | Train Loss: 1.1297561 Vali Loss: 0.6815964
Validation loss decreased (inf --> 0.681596).  Saving model ...
Updating learning rate to 0.0009938441702975688
Epoch: 2 cost time: 4.074020147323608
Epoch: 2, Steps: 47 | Train Loss: 0.7436251 Vali Loss: 0.4339748
Validation loss decreased (0.681596 --> 0.433975).  Saving model ...
Updating learning rate to 0.0009755282581475768
Epoch: 3 cost time: 4.0982825756073
Epoch: 3, Steps: 47 | Train Loss: 0.6131797 Vali Loss: 0.3388339
Validation loss decreased (0.433975 --> 0.338834).  Saving model ...
Updating learning rate to 0.0009455032620941839
Epoch: 4 cost time: 4.133346796035767
Epoch: 4, Steps: 47 | Train Loss: 0.5614900 Vali Loss: 0.2911113
Validation loss decreased (0.338834 --> 0.291111).  Saving model ...
Updating learning rate to 0.0009045084971874737
Epoch: 5 cost time: 4.103522300720215
Epoch: 5, Steps: 47 | Train Loss: 0.5095500 Vali Loss: 0.2715639
Validation loss decreased (0.291111 --> 0.271564).  Saving model ...
Updating learning rate to 0.0008535533905932737
Epoch: 6 cost time: 4.107109308242798
Epoch: 6, Steps: 47 | Train Loss: 0.5075973 Vali Loss: 0.6318154
EarlyStopping counter: 1 out of 5
Updating learning rate to 0.0007938926261462366
Epoch: 7 cost time: 4.067243814468384
Epoch: 7, Steps: 47 | Train Loss: 0.4848494 Vali Loss: 0.2526643
Validation loss decreased (0.271564 --> 0.252664).  Saving model ...
Updating learning rate to 0.0007269952498697733
Epoch: 8 cost time: 4.031416654586792
Epoch: 8, Steps: 47 | Train Loss: 0.6176511 Vali Loss: 0.2382903
Validation loss decreased (0.252664 --> 0.238290).  Saving model ...
Updating learning rate to 0.0006545084971874737
Epoch: 9 cost time: 4.053816318511963
Epoch: 9, Steps: 47 | Train Loss: 0.4584545 Vali Loss: 0.2275326
Validation loss decreased (0.238290 --> 0.227533).  Saving model ...
Updating learning rate to 0.0005782172325201155
Epoch: 10 cost time: 4.036635637283325
Epoch: 10, Steps: 47 | Train Loss: 0.4524783 Vali Loss: 0.3032802
EarlyStopping counter: 1 out of 5
Updating learning rate to 0.0005
Epoch: 11 cost time: 4.10138201713562
Epoch: 11, Steps: 47 | Train Loss: 0.4822882 Vali Loss: 0.2219973
Validation loss decreased (0.227533 --> 0.221997).  Saving model ...
Updating learning rate to 0.0004217827674798845
Epoch: 12 cost time: 4.094146966934204
Epoch: 12, Steps: 47 | Train Loss: 0.4605651 Vali Loss: 0.2138201
Validation loss decreased (0.221997 --> 0.213820).  Saving model ...
Updating learning rate to 0.00034549150281252633
Epoch: 13 cost time: 4.112199068069458
Epoch: 13, Steps: 47 | Train Loss: 0.6540314 Vali Loss: 0.2139460
EarlyStopping counter: 1 out of 5
Updating learning rate to 0.00027300475013022663
Epoch: 14 cost time: 4.0984907150268555
Epoch: 14, Steps: 47 | Train Loss: 0.4428391 Vali Loss: 0.2156589
EarlyStopping counter: 2 out of 5
Updating learning rate to 0.00020610737385376348
Epoch: 15 cost time: 4.08189845085144
Epoch: 15, Steps: 47 | Train Loss: 0.4561083 Vali Loss: 0.2179992
EarlyStopping counter: 3 out of 5
Updating learning rate to 0.00014644660940672628
Epoch: 16 cost time: 4.1683454513549805
Epoch: 16, Steps: 47 | Train Loss: 0.4410673 Vali Loss: 0.2109889
Validation loss decreased (0.213820 --> 0.210989).  Saving model ...
Updating learning rate to 9.549150281252633e-05
Epoch: 17 cost time: 4.07992959022522
Epoch: 17, Steps: 47 | Train Loss: 0.5542059 Vali Loss: 0.2090299
Validation loss decreased (0.210989 --> 0.209030).  Saving model ...
Updating learning rate to 5.449673790581611e-05
Epoch: 18 cost time: 4.058048963546753
Epoch: 18, Steps: 47 | Train Loss: 0.4754463 Vali Loss: 0.2151822
EarlyStopping counter: 1 out of 5
Updating learning rate to 2.4471741852423235e-05
Epoch: 19 cost time: 4.0774219036102295
Epoch: 19, Steps: 47 | Train Loss: 0.4349344 Vali Loss: 0.2112431
EarlyStopping counter: 2 out of 5
Updating learning rate to 6.15582970243117e-06
Epoch: 20 cost time: 4.090587377548218
Epoch: 20, Steps: 47 | Train Loss: 0.4591649 Vali Loss: 0.2214256
EarlyStopping counter: 3 out of 5
Updating learning rate to 0.0
>>>>>>>testing : anomaly_detection_SMD_ISTAD_SMD_ftM_sl96_bmhgat_relfixed_random_v3_ent_hglite_bs128_e2_fixed_random_s90_0<<<<<<<<<<<<<<<<<<<<<<<<<<<<<<<<<
test: (708420, 38)
train: (566713, 38)
SMD entity-aware windows: 7360
test 7360
test: (708420, 38)
train: (566713, 38)
SMD entity-aware windows: 5892
score_train 5892
Percentile Threshold Source: train
Percentile Threshold : 0.6870610326528472
Saved point scores and labels: /data/modeluse/TS/ISTAD-release/analysis/e2_architecture_ablation/runtime/anomaly_detection_SMD_ISTAD_SMD_ftM_sl96_bmhgat_relfixed_random_v3_ent_hglite_bs128_e2_fixed_random_s90_0/point_scores.npz
pred_raw: (706560,)
gt:      (706560,)
pred_pa: (706560,)
gt_pa:   (706560,)

============================================================
使用百分位数阈值的结果:
============================================================
Raw point F1: 0.2388 (P=0.2510, R=0.2277)
Accuracy : 0.9693, Precision : 0.5804, Recall : 0.9401, F-score : 0.7177 
============================================================


使用自适应 Best F1 搜索（两阶段）
粗搜索步数: 200, 精细搜索步数: 500

============================================================
自适应 Best F1 阈值搜索（两阶段）
============================================================

分数统计信息:
  最小值: 0.006228
  最大值: 13203.307617
  均值: 0.889667
  标准差: 67.010857
  中位数: 0.083286
  第1百分位: 0.020852
  第99百分位: 4.401596

自动确定的搜索范围: [0.010426, 8.803192]

============================================================
阶段 1: 粗搜索（步数: 200）
============================================================

============================================================
开始 Best F1 阈值搜索...
============================================================
搜索范围: [0.0104, 8.8032]
搜索步数: 200
使用点调整: False
阈值: 0.0544 | F1: 0.0998 | Precision: 0.0528 | Recall: 0.9136
阈值: 0.9337 | F1: 0.2245 | Precision: 0.2896 | Recall: 0.1833
阈值: 1.8129 | F1: 0.1420 | Precision: 0.2685 | Recall: 0.0965
阈值: 2.6922 | F1: 0.1083 | Precision: 0.2387 | Recall: 0.0700
阈值: 3.5715 | F1: 0.0915 | Precision: 0.2181 | Recall: 0.0579
阈值: 4.4508 | F1: 0.0730 | Precision: 0.1893 | Recall: 0.0452
阈值: 5.3300 | F1: 0.0611 | Precision: 0.1718 | Recall: 0.0372
阈值: 6.2093 | F1: 0.0550 | Precision: 0.1670 | Recall: 0.0329
阈值: 7.0886 | F1: 0.0516 | Precision: 0.1713 | Recall: 0.0304
阈值: 7.9679 | F1: 0.0490 | Precision: 0.1905 | Recall: 0.0281

============================================================
✓ 找到最佳阈值: 0.669883
  最佳 F1: 0.2398
  Precision: 0.2478
  Recall: 0.2323
============================================================


============================================================
阶段 2: 精细搜索（步数: 500）
============================================================
在最佳阈值 0.669883 附近精细搜索
精细搜索范围: [0.010426, 1.549160]

============================================================
开始 Best F1 阈值搜索...
============================================================
搜索范围: [0.0104, 1.5492]
搜索步数: 500
使用点调整: False
阈值: 0.0135 | F1: 0.0798 | Precision: 0.0416 | Recall: 1.0000
阈值: 0.1674 | F1: 0.1833 | Precision: 0.1097 | Recall: 0.5566
阈值: 0.3213 | F1: 0.2118 | Precision: 0.1530 | Recall: 0.3440
阈值: 0.4751 | F1: 0.2284 | Precision: 0.1937 | Recall: 0.2783
阈值: 0.6290 | F1: 0.2398 | Precision: 0.2379 | Recall: 0.2417
阈值: 0.7829 | F1: 0.2352 | Precision: 0.2688 | Recall: 0.2091
阈值: 0.9367 | F1: 0.2241 | Precision: 0.2897 | Recall: 0.1828
阈值: 1.0906 | F1: 0.2146 | Precision: 0.3036 | Recall: 0.1660
阈值: 1.2445 | F1: 0.2014 | Precision: 0.3060 | Recall: 0.1502
阈值: 1.3984 | F1: 0.1830 | Precision: 0.2969 | Recall: 0.1323

============================================================
✓ 找到最佳阈值: 0.662849
  最佳 F1: 0.2403
  Precision: 0.2468
  Recall: 0.2342
============================================================


✓ 精细搜索找到更好的阈值！

============================================================
自适应搜索完成！
============================================================
最终最佳阈值: 0.662849
最佳 F1: 0.2403
Precision: 0.2468
Recall: 0.2342
============================================================

Saved Best F1 results: /data/modeluse/TS/ISTAD-release/analysis/e2_architecture_ablation/runtime/anomaly_detection_SMD_ISTAD_SMD_ftM_sl96_bmhgat_relfixed_random_v3_ent_hglite_bs128_e2_fixed_random_s90_0/bestf1_threshold_results.json
Saved anomaly score plot: /data/modeluse/TS/ISTAD-release/analysis/e2_architecture_ablation/runtime/anomaly_detection_SMD_ISTAD_SMD_ftM_sl96_bmhgat_relfixed_random_v3_ent_hglite_bs128_e2_fixed_random_s90_0/anomaly_score_threshold.png
ISTAD explainability is disabled by --istad_enable_explain 0
Saved train time summary: /data/modeluse/TS/ISTAD-release/analysis/e2_architecture_ablation/runtime/anomaly_detection_SMD_ISTAD_SMD_ftM_sl96_bmhgat_relfixed_random_v3_ent_hglite_bs128_e2_fixed_random_s90_0/train_time_summary.json
=== E2 SMD seed 90 no_message ===
Using GPU
Args in experiment:
[1mBasic Config[0m
  Task Name:          anomaly_detection   Is Training:        1                   
  Model ID:           SMD                 Model:              ISTAD               
  Seed:               90                  Itr:                1                   

[1mData Loader[0m
  Data:               SMD                 Root Path:          /data/modeluse/TS/ISTAD/dataset/SMD
  Features:           M                   Seq Len:            96                  
  Enc In:             38                  C Out:              38                  
  Checkpoints:        /data/modeluse/TS/ISTAD-release/checkpoints/ISTAD_e2_architecture_ablation
  Eval Step:          96                  

[1mAnomaly Detection Task[0m
  Anomaly Ratio:      1.0                 Threshold Source:   train               

[1mISTAD Parameters[0m
  Kernel Size:        7                   Branch Mode:        hgat                
  TCN Type:           kan                 
  Feat GAT Dim:       -1                  GRU Layers:         1                   
  GRU Hidden:         150                 Recon Layers:       1                   
  Recon Hidden:       32                  ISTAD Dropout:      0.3                 
  Recon Type:         pointwise           KANAD Order:        3                   
  Objective:          reconstruct         Target / Lag:       ('', 1)             
  Leaky Alpha:        0.2                 H Init:             normal              
  Hyperedges:         -1                  Top-K Nodes:        -1                  
  Spatial Type:       lite                HGAT Rank:          8                   
  HGAT Projection:    linear              Relation Mode:      no_message          
  KAN Grid:           5                   KAN Order:          3                   
  Arch:               legacy              Ablation:           full                
  Explainability:     0                   Explain Batches:    0                   
  Explain Points:     20000               Explain TopK:       10                  
  SmoothGrad:         0                   SG Samples:         20                  
  SG Noise:           0.1                 Quad Mode:          quantile            
  Quad Value:         0.75                Err Agg:            sum                 
  Sal Agg:            sum                 
  V3 Denoise:         1                   Evidence Head:      0                   
  Clean / Denoise:    (1.0, 0.5)          Evidence Weight:    0.2                 
  Frequency Weight:   0.0                 
  Point Evidence:     0.0                 
  Corrupt P/T/C:      (0.8, 0.15, 0.2)    Corrupt Scale:      1.5                 
  Corrupt Modes:      4                   Target-only corrupt:0                   
  Score Mode:         base_mean           Score Agg / K:      ('calibrated', 3)   
  Evidence Map:       prob                Dump Scores:        1                   
  Strict Val:         1                   Hide Test Loss:     1                   
  Entity Aware:       1                   

[1mRun Parameters[0m
  Num Workers:        4                   Batch Size:         128                 
  Train Epochs:       20                  Patience:           5                   
  Learning Rate:      0.001               Lradj:              cosine              
  Des:                e2_no_message_s90   

[1mGPU[0m
  Use GPU:            1                   GPU:                0                   
  Use Multi GPU:      0                   Devices:            0,1,2,3             

Use GPU: cuda:0
🚀 Lazy Loading: ISTAD ...
>>>>>>>start training : anomaly_detection_SMD_ISTAD_SMD_ftM_sl96_bmhgat_relno_message_v3_ent_hglite_bs128_e2_no_message_s90_0>>>>>>>>>>>>>>>>>>>>>>>>>>
test: (708420, 38)
train: (566713, 38)
SMD entity-aware windows: 5949
train 5949
test: (708420, 38)
train: (566713, 38)
SMD entity-aware windows: 1470
val 1470
Epoch: 1 cost time: 4.532343864440918
Epoch: 1, Steps: 47 | Train Loss: 1.1434019 Vali Loss: 0.6898121
Validation loss decreased (inf --> 0.689812).  Saving model ...
Updating learning rate to 0.0009938441702975688
Epoch: 2 cost time: 3.5342087745666504
Epoch: 2, Steps: 47 | Train Loss: 1.0266887 Vali Loss: 0.4480494
Validation loss decreased (0.689812 --> 0.448049).  Saving model ...
Updating learning rate to 0.0009755282581475768
Epoch: 3 cost time: 3.545304536819458
Epoch: 3, Steps: 47 | Train Loss: 0.6143499 Vali Loss: 0.3497078
Validation loss decreased (0.448049 --> 0.349708).  Saving model ...
Updating learning rate to 0.0009455032620941839
Epoch: 4 cost time: 3.48602032661438
Epoch: 4, Steps: 47 | Train Loss: 0.5585029 Vali Loss: 0.2970444
Validation loss decreased (0.349708 --> 0.297044).  Saving model ...
Updating learning rate to 0.0009045084971874737
Epoch: 5 cost time: 3.5570881366729736
Epoch: 5, Steps: 47 | Train Loss: 0.5124741 Vali Loss: 0.2840631
Validation loss decreased (0.297044 --> 0.284063).  Saving model ...
Updating learning rate to 0.0008535533905932737
Epoch: 6 cost time: 3.562736749649048
Epoch: 6, Steps: 47 | Train Loss: 0.5184483 Vali Loss: 0.6445229
EarlyStopping counter: 1 out of 5
Updating learning rate to 0.0007938926261462366
Epoch: 7 cost time: 3.477336883544922
Epoch: 7, Steps: 47 | Train Loss: 0.4836725 Vali Loss: 0.2605521
Validation loss decreased (0.284063 --> 0.260552).  Saving model ...
Updating learning rate to 0.0007269952498697733
Epoch: 8 cost time: 3.494530439376831
Epoch: 8, Steps: 47 | Train Loss: 0.4885420 Vali Loss: 0.2478361
Validation loss decreased (0.260552 --> 0.247836).  Saving model ...
Updating learning rate to 0.0006545084971874737
Epoch: 9 cost time: 3.510870933532715
Epoch: 9, Steps: 47 | Train Loss: 0.4652386 Vali Loss: 0.2358669
Validation loss decreased (0.247836 --> 0.235867).  Saving model ...
Updating learning rate to 0.0005782172325201155
Epoch: 10 cost time: 3.5318872928619385
Epoch: 10, Steps: 47 | Train Loss: 0.4610035 Vali Loss: 0.3071162
EarlyStopping counter: 1 out of 5
Updating learning rate to 0.0005
Epoch: 11 cost time: 3.5634090900421143
Epoch: 11, Steps: 47 | Train Loss: 0.4638558 Vali Loss: 0.2242034
Validation loss decreased (0.235867 --> 0.224203).  Saving model ...
Updating learning rate to 0.0004217827674798845
Epoch: 12 cost time: 3.5898709297180176
Epoch: 12, Steps: 47 | Train Loss: 0.4482650 Vali Loss: 0.2199750
Validation loss decreased (0.224203 --> 0.219975).  Saving model ...
Updating learning rate to 0.00034549150281252633
Epoch: 13 cost time: 3.5287578105926514
Epoch: 13, Steps: 47 | Train Loss: 0.4611385 Vali Loss: 0.2191452
Validation loss decreased (0.219975 --> 0.219145).  Saving model ...
Updating learning rate to 0.00027300475013022663
Epoch: 14 cost time: 3.606501340866089
Epoch: 14, Steps: 47 | Train Loss: 0.4410999 Vali Loss: 0.2192122
EarlyStopping counter: 1 out of 5
Updating learning rate to 0.00020610737385376348
Epoch: 15 cost time: 3.5077366828918457
Epoch: 15, Steps: 47 | Train Loss: 0.4489410 Vali Loss: 0.2231946
EarlyStopping counter: 2 out of 5
Updating learning rate to 0.00014644660940672628
Epoch: 16 cost time: 3.5315141677856445
Epoch: 16, Steps: 47 | Train Loss: 0.4459305 Vali Loss: 0.2149655
Validation loss decreased (0.219145 --> 0.214965).  Saving model ...
Updating learning rate to 9.549150281252633e-05
Epoch: 17 cost time: 3.5425872802734375
Epoch: 17, Steps: 47 | Train Loss: 0.4484938 Vali Loss: 0.2126427
Validation loss decreased (0.214965 --> 0.212643).  Saving model ...
Updating learning rate to 5.449673790581611e-05
Epoch: 18 cost time: 3.51823091506958
Epoch: 18, Steps: 47 | Train Loss: 0.4547138 Vali Loss: 0.2194303
EarlyStopping counter: 1 out of 5
Updating learning rate to 2.4471741852423235e-05
Epoch: 19 cost time: 3.5261969566345215
Epoch: 19, Steps: 47 | Train Loss: 0.4614369 Vali Loss: 0.2161557
EarlyStopping counter: 2 out of 5
Updating learning rate to 6.15582970243117e-06
Epoch: 20 cost time: 3.542874574661255
Epoch: 20, Steps: 47 | Train Loss: 0.4448932 Vali Loss: 0.2259938
EarlyStopping counter: 3 out of 5
Updating learning rate to 0.0
>>>>>>>testing : anomaly_detection_SMD_ISTAD_SMD_ftM_sl96_bmhgat_relno_message_v3_ent_hglite_bs128_e2_no_message_s90_0<<<<<<<<<<<<<<<<<<<<<<<<<<<<<<<<<
test: (708420, 38)
train: (566713, 38)
SMD entity-aware windows: 7360
test 7360
test: (708420, 38)
train: (566713, 38)
SMD entity-aware windows: 5892
score_train 5892
Percentile Threshold Source: train
Percentile Threshold : 0.7156175965070696
Saved point scores and labels: /data/modeluse/TS/ISTAD-release/analysis/e2_architecture_ablation/runtime/anomaly_detection_SMD_ISTAD_SMD_ftM_sl96_bmhgat_relno_message_v3_ent_hglite_bs128_e2_no_message_s90_0/point_scores.npz
pred_raw: (706560,)
gt:      (706560,)
pred_pa: (706560,)
gt_pa:   (706560,)

============================================================
使用百分位数阈值的结果:
============================================================
Raw point F1: 0.2432 (P=0.2518, R=0.2351)
Accuracy : 0.9686, Precision : 0.5746, Recall : 0.9437, F-score : 0.7143 
============================================================


使用自适应 Best F1 搜索（两阶段）
粗搜索步数: 200, 精细搜索步数: 500

============================================================
自适应 Best F1 阈值搜索（两阶段）
============================================================

分数统计信息:
  最小值: 0.006523
  最大值: 13207.902344
  均值: 0.900133
  标准差: 67.011627
  中位数: 0.083733
  第1百分位: 0.020569
  第99百分位: 4.705275

自动确定的搜索范围: [0.010285, 9.410549]

============================================================
阶段 1: 粗搜索（步数: 200）
============================================================

============================================================
开始 Best F1 阈值搜索...
============================================================
搜索范围: [0.0103, 9.4105]
搜索步数: 200
使用点调整: False
阈值: 0.0573 | F1: 0.1017 | Precision: 0.0539 | Recall: 0.9050
阈值: 0.9973 | F1: 0.2324 | Precision: 0.2985 | Recall: 0.1902
阈值: 1.9373 | F1: 0.1457 | Precision: 0.2760 | Recall: 0.0990
阈值: 2.8774 | F1: 0.1079 | Precision: 0.2377 | Recall: 0.0698
阈值: 3.8174 | F1: 0.0912 | Precision: 0.2180 | Recall: 0.0577
阈值: 4.7574 | F1: 0.0750 | Precision: 0.1945 | Recall: 0.0464
阈值: 5.6974 | F1: 0.0606 | Precision: 0.1716 | Recall: 0.0368
阈值: 6.6375 | F1: 0.0551 | Precision: 0.1679 | Recall: 0.0330
阈值: 7.5775 | F1: 0.0507 | Precision: 0.1710 | Recall: 0.0297
阈值: 8.5175 | F1: 0.0483 | Precision: 0.1900 | Recall: 0.0277

============================================================
✓ 找到最佳阈值: 0.715304
  最佳 F1: 0.2432
  Precision: 0.2518
  Recall: 0.2352
============================================================


============================================================
阶段 2: 精细搜索（步数: 500）
============================================================
在最佳阈值 0.715304 附近精细搜索
精细搜索范围: [0.010285, 1.655331]

============================================================
开始 Best F1 阈值搜索...
============================================================
搜索范围: [0.0103, 1.6553]
搜索步数: 500
使用点调整: False
阈值: 0.0136 | F1: 0.0798 | Precision: 0.0416 | Recall: 0.9999
阈值: 0.1781 | F1: 0.1845 | Precision: 0.1109 | Recall: 0.5490
阈值: 0.3426 | F1: 0.2114 | Precision: 0.1530 | Recall: 0.3419
阈值: 0.5071 | F1: 0.2284 | Precision: 0.1942 | Recall: 0.2774
阈值: 0.6716 | F1: 0.2428 | Precision: 0.2415 | Recall: 0.2441
阈值: 0.8361 | F1: 0.2373 | Precision: 0.2719 | Recall: 0.2106
阈值: 1.0006 | F1: 0.2319 | Precision: 0.2986 | Recall: 0.1896
阈值: 1.1651 | F1: 0.2204 | Precision: 0.3100 | Recall: 0.1710
阈值: 1.3296 | F1: 0.2074 | Precision: 0.3131 | Recall: 0.1551
阈值: 1.4941 | F1: 0.1920 | Precision: 0.3099 | Recall: 0.1390

============================================================
✓ 找到最佳阈值: 0.717655
  最佳 F1: 0.2433
  Precision: 0.2523
  Recall: 0.2349
============================================================


✓ 精细搜索找到更好的阈值！

============================================================
自适应搜索完成！
============================================================
最终最佳阈值: 0.717655
最佳 F1: 0.2433
Precision: 0.2523
Recall: 0.2349
============================================================

Saved Best F1 results: /data/modeluse/TS/ISTAD-release/analysis/e2_architecture_ablation/runtime/anomaly_detection_SMD_ISTAD_SMD_ftM_sl96_bmhgat_relno_message_v3_ent_hglite_bs128_e2_no_message_s90_0/bestf1_threshold_results.json
Saved anomaly score plot: /data/modeluse/TS/ISTAD-release/analysis/e2_architecture_ablation/runtime/anomaly_detection_SMD_ISTAD_SMD_ftM_sl96_bmhgat_relno_message_v3_ent_hglite_bs128_e2_no_message_s90_0/anomaly_score_threshold.png
ISTAD explainability is disabled by --istad_enable_explain 0
Saved train time summary: /data/modeluse/TS/ISTAD-release/analysis/e2_architecture_ablation/runtime/anomaly_detection_SMD_ISTAD_SMD_ftM_sl96_bmhgat_relno_message_v3_ent_hglite_bs128_e2_no_message_s90_0/train_time_summary.json
=== E2 SMD seed 98 learned_dynamic ===
Using GPU
Args in experiment:
[1mBasic Config[0m
  Task Name:          anomaly_detection   Is Training:        1                   
  Model ID:           SMD                 Model:              ISTAD               
  Seed:               98                  Itr:                1                   

[1mData Loader[0m
  Data:               SMD                 Root Path:          /data/modeluse/TS/ISTAD/dataset/SMD
  Features:           M                   Seq Len:            96                  
  Enc In:             38                  C Out:              38                  
  Checkpoints:        /data/modeluse/TS/ISTAD-release/checkpoints/ISTAD_e2_architecture_ablation
  Eval Step:          96                  

[1mAnomaly Detection Task[0m
  Anomaly Ratio:      1.0                 Threshold Source:   train               

[1mISTAD Parameters[0m
  Kernel Size:        7                   Branch Mode:        hgat                
  TCN Type:           kan                 
  Feat GAT Dim:       -1                  GRU Layers:         1                   
  GRU Hidden:         150                 Recon Layers:       1                   
  Recon Hidden:       32                  ISTAD Dropout:      0.3                 
  Recon Type:         pointwise           KANAD Order:        3                   
  Objective:          reconstruct         Target / Lag:       ('', 1)             
  Leaky Alpha:        0.2                 H Init:             normal              
  Hyperedges:         -1                  Top-K Nodes:        -1                  
  Spatial Type:       lite                HGAT Rank:          8                   
  HGAT Projection:    linear              Relation Mode:      dynamic             
  KAN Grid:           5                   KAN Order:          3                   
  Arch:               legacy              Ablation:           full                
  Explainability:     0                   Explain Batches:    0                   
  Explain Points:     20000               Explain TopK:       10                  
  SmoothGrad:         0                   SG Samples:         20                  
  SG Noise:           0.1                 Quad Mode:          quantile            
  Quad Value:         0.75                Err Agg:            sum                 
  Sal Agg:            sum                 
  V3 Denoise:         1                   Evidence Head:      0                   
  Clean / Denoise:    (1.0, 0.5)          Evidence Weight:    0.2                 
  Frequency Weight:   0.0                 
  Point Evidence:     0.0                 
  Corrupt P/T/C:      (0.8, 0.15, 0.2)    Corrupt Scale:      1.5                 
  Corrupt Modes:      4                   Target-only corrupt:0                   
  Score Mode:         base_mean           Score Agg / K:      ('calibrated', 3)   
  Evidence Map:       prob                Dump Scores:        1                   
  Strict Val:         1                   Hide Test Loss:     1                   
  Entity Aware:       1                   

[1mRun Parameters[0m
  Num Workers:        4                   Batch Size:         128                 
  Train Epochs:       20                  Patience:           5                   
  Learning Rate:      0.001               Lradj:              cosine              
  Des:                e2_learned_dynamic_s98

[1mGPU[0m
  Use GPU:            1                   GPU:                0                   
  Use Multi GPU:      0                   Devices:            0,1,2,3             

Use GPU: cuda:0
🚀 Lazy Loading: ISTAD ...
>>>>>>>start training : anomaly_detection_SMD_ISTAD_SMD_ftM_sl96_bmhgat_v3_ent_hglite_bs128_e2_learned_dynamic_s98_0>>>>>>>>>>>>>>>>>>>>>>>>>>
test: (708420, 38)
train: (566713, 38)
SMD entity-aware windows: 5949
train 5949
test: (708420, 38)
train: (566713, 38)
SMD entity-aware windows: 1470
val 1470
Epoch: 1 cost time: 5.743560314178467
Epoch: 1, Steps: 47 | Train Loss: 1.2125113 Vali Loss: 0.8367573
Validation loss decreased (inf --> 0.836757).  Saving model ...
Updating learning rate to 0.0009938441702975688
Epoch: 2 cost time: 4.727290630340576
Epoch: 2, Steps: 47 | Train Loss: 0.7712640 Vali Loss: 0.4292243
Validation loss decreased (0.836757 --> 0.429224).  Saving model ...
Updating learning rate to 0.0009755282581475768
Epoch: 3 cost time: 4.761637926101685
Epoch: 3, Steps: 47 | Train Loss: 0.6399093 Vali Loss: 0.3465128
Validation loss decreased (0.429224 --> 0.346513).  Saving model ...
Updating learning rate to 0.0009455032620941839
Epoch: 4 cost time: 4.767827987670898
Epoch: 4, Steps: 47 | Train Loss: 0.5496202 Vali Loss: 0.3164605
Validation loss decreased (0.346513 --> 0.316461).  Saving model ...
Updating learning rate to 0.0009045084971874737
Epoch: 5 cost time: 4.723061800003052
Epoch: 5, Steps: 47 | Train Loss: 0.5203891 Vali Loss: 0.2930594
Validation loss decreased (0.316461 --> 0.293059).  Saving model ...
Updating learning rate to 0.0008535533905932737
Epoch: 6 cost time: 4.731849908828735
Epoch: 6, Steps: 47 | Train Loss: 0.5146132 Vali Loss: 0.2650660
Validation loss decreased (0.293059 --> 0.265066).  Saving model ...
Updating learning rate to 0.0007938926261462366
Epoch: 7 cost time: 4.777552366256714
Epoch: 7, Steps: 47 | Train Loss: 0.5297191 Vali Loss: 0.2595707
Validation loss decreased (0.265066 --> 0.259571).  Saving model ...
Updating learning rate to 0.0007269952498697733
Epoch: 8 cost time: 4.75391411781311
Epoch: 8, Steps: 47 | Train Loss: 0.4891870 Vali Loss: 0.2388349
Validation loss decreased (0.259571 --> 0.238835).  Saving model ...
Updating learning rate to 0.0006545084971874737
Epoch: 9 cost time: 4.688307046890259
Epoch: 9, Steps: 47 | Train Loss: 0.4699348 Vali Loss: 0.2310035
Validation loss decreased (0.238835 --> 0.231004).  Saving model ...
Updating learning rate to 0.0005782172325201155
Epoch: 10 cost time: 4.739434003829956
Epoch: 10, Steps: 47 | Train Loss: 0.4593828 Vali Loss: 0.2208945
Validation loss decreased (0.231004 --> 0.220895).  Saving model ...
Updating learning rate to 0.0005
Epoch: 11 cost time: 4.718791723251343
Epoch: 11, Steps: 47 | Train Loss: 0.4497827 Vali Loss: 0.2197278
Validation loss decreased (0.220895 --> 0.219728).  Saving model ...
Updating learning rate to 0.0004217827674798845
Epoch: 12 cost time: 4.691792726516724
Epoch: 12, Steps: 47 | Train Loss: 0.4507682 Vali Loss: 0.2142958
Validation loss decreased (0.219728 --> 0.214296).  Saving model ...
Updating learning rate to 0.00034549150281252633
Epoch: 13 cost time: 4.7493884563446045
Epoch: 13, Steps: 47 | Train Loss: 0.4636766 Vali Loss: 0.2257563
EarlyStopping counter: 1 out of 5
Updating learning rate to 0.00027300475013022663
Epoch: 14 cost time: 4.717929363250732
Epoch: 14, Steps: 47 | Train Loss: 0.4591484 Vali Loss: 0.2110339
Validation loss decreased (0.214296 --> 0.211034).  Saving model ...
Updating learning rate to 0.00020610737385376348
Epoch: 15 cost time: 4.639668941497803
Epoch: 15, Steps: 47 | Train Loss: 0.4452775 Vali Loss: 0.2210743
EarlyStopping counter: 1 out of 5
Updating learning rate to 0.00014644660940672628
Epoch: 16 cost time: 4.781898021697998
Epoch: 16, Steps: 47 | Train Loss: 0.4575944 Vali Loss: 0.2401246
EarlyStopping counter: 2 out of 5
Updating learning rate to 9.549150281252633e-05
Epoch: 17 cost time: 4.764253616333008
Epoch: 17, Steps: 47 | Train Loss: 0.6564493 Vali Loss: 0.2092176
Validation loss decreased (0.211034 --> 0.209218).  Saving model ...
Updating learning rate to 5.449673790581611e-05
Epoch: 18 cost time: 4.77172327041626
Epoch: 18, Steps: 47 | Train Loss: 0.4428061 Vali Loss: 0.2084514
Validation loss decreased (0.209218 --> 0.208451).  Saving model ...
Updating learning rate to 2.4471741852423235e-05
Epoch: 19 cost time: 4.749166488647461
Epoch: 19, Steps: 47 | Train Loss: 0.4398350 Vali Loss: 0.2174517
EarlyStopping counter: 1 out of 5
Updating learning rate to 6.15582970243117e-06
Epoch: 20 cost time: 4.67228364944458
Epoch: 20, Steps: 47 | Train Loss: 0.4470967 Vali Loss: 0.2192927
EarlyStopping counter: 2 out of 5
Updating learning rate to 0.0
>>>>>>>testing : anomaly_detection_SMD_ISTAD_SMD_ftM_sl96_bmhgat_v3_ent_hglite_bs128_e2_learned_dynamic_s98_0<<<<<<<<<<<<<<<<<<<<<<<<<<<<<<<<<
test: (708420, 38)
train: (566713, 38)
SMD entity-aware windows: 7360
test 7360
test: (708420, 38)
train: (566713, 38)
SMD entity-aware windows: 5892
score_train 5892
Percentile Threshold Source: train
Percentile Threshold : 0.6656257182359682
Saved point scores and labels: /data/modeluse/TS/ISTAD-release/analysis/e2_architecture_ablation/runtime/anomaly_detection_SMD_ISTAD_SMD_ftM_sl96_bmhgat_v3_ent_hglite_bs128_e2_learned_dynamic_s98_0/point_scores.npz
pred_raw: (706560,)
gt:      (706560,)
pred_pa: (706560,)
gt_pa:   (706560,)

============================================================
使用百分位数阈值的结果:
============================================================
Raw point F1: 0.2425 (P=0.2478, R=0.2375)
Accuracy : 0.9687, Precision : 0.5733, Recall : 0.9688, F-score : 0.7203 
============================================================


使用自适应 Best F1 搜索（两阶段）
粗搜索步数: 200, 精细搜索步数: 500

============================================================
自适应 Best F1 阈值搜索（两阶段）
============================================================

分数统计信息:
  最小值: 0.008226
  最大值: 13208.119141
  均值: 0.888643
  标准差: 66.998840
  中位数: 0.078063
  第1百分位: 0.020150
  第99百分位: 4.327719

自动确定的搜索范围: [0.010075, 8.655437]

============================================================
阶段 1: 粗搜索（步数: 200）
============================================================

============================================================
开始 Best F1 阈值搜索...
============================================================
搜索范围: [0.0101, 8.6554]
搜索步数: 200
使用点调整: False
阈值: 0.0533 | F1: 0.1040 | Precision: 0.0551 | Recall: 0.9136
阈值: 0.9178 | F1: 0.2273 | Precision: 0.2892 | Recall: 0.1872
阈值: 1.7824 | F1: 0.1369 | Precision: 0.2573 | Recall: 0.0933
阈值: 2.6469 | F1: 0.1018 | Precision: 0.2236 | Recall: 0.0659
阈值: 3.5114 | F1: 0.0885 | Precision: 0.2105 | Recall: 0.0561
阈值: 4.3760 | F1: 0.0678 | Precision: 0.1755 | Recall: 0.0420
阈值: 5.2405 | F1: 0.0588 | Precision: 0.1623 | Recall: 0.0359
阈值: 6.1051 | F1: 0.0529 | Precision: 0.1563 | Recall: 0.0318
阈值: 6.9696 | F1: 0.0500 | Precision: 0.1602 | Recall: 0.0296
阈值: 7.8341 | F1: 0.0477 | Precision: 0.1703 | Recall: 0.0277

============================================================
✓ 找到最佳阈值: 0.658477
  最佳 F1: 0.2430
  Precision: 0.2464
  Recall: 0.2397
============================================================


============================================================
阶段 2: 精细搜索（步数: 500）
============================================================
在最佳阈值 0.658477 附近精细搜索
精细搜索范围: [0.010075, 1.523013]

============================================================
开始 Best F1 阈值搜索...
============================================================
搜索范围: [0.0101, 1.5230]
搜索步数: 500
使用点调整: False
阈值: 0.0131 | F1: 0.0798 | Precision: 0.0416 | Recall: 1.0000
阈值: 0.1644 | F1: 0.1845 | Precision: 0.1110 | Recall: 0.5457
阈值: 0.3157 | F1: 0.2114 | Precision: 0.1506 | Recall: 0.3545
阈值: 0.4670 | F1: 0.2270 | Precision: 0.1875 | Recall: 0.2877
阈值: 0.6183 | F1: 0.2425 | Precision: 0.2358 | Recall: 0.2497
阈值: 0.7696 | F1: 0.2367 | Precision: 0.2672 | Recall: 0.2125
阈值: 0.9209 | F1: 0.2269 | Precision: 0.2893 | Recall: 0.1866
阈值: 1.0722 | F1: 0.2051 | Precision: 0.2889 | Recall: 0.1590
阈值: 1.2235 | F1: 0.1830 | Precision: 0.2794 | Recall: 0.1360
阈值: 1.3747 | F1: 0.1672 | Precision: 0.2710 | Recall: 0.1209

============================================================
✓ 找到最佳阈值: 0.648535
  最佳 F1: 0.2432
  Precision: 0.2442
  Recall: 0.2423
============================================================


✓ 精细搜索找到更好的阈值！

============================================================
自适应搜索完成！
============================================================
最终最佳阈值: 0.648535
最佳 F1: 0.2432
Precision: 0.2442
Recall: 0.2423
============================================================

Saved Best F1 results: /data/modeluse/TS/ISTAD-release/analysis/e2_architecture_ablation/runtime/anomaly_detection_SMD_ISTAD_SMD_ftM_sl96_bmhgat_v3_ent_hglite_bs128_e2_learned_dynamic_s98_0/bestf1_threshold_results.json
Saved anomaly score plot: /data/modeluse/TS/ISTAD-release/analysis/e2_architecture_ablation/runtime/anomaly_detection_SMD_ISTAD_SMD_ftM_sl96_bmhgat_v3_ent_hglite_bs128_e2_learned_dynamic_s98_0/anomaly_score_threshold.png
ISTAD explainability is disabled by --istad_enable_explain 0
Saved train time summary: /data/modeluse/TS/ISTAD-release/analysis/e2_architecture_ablation/runtime/anomaly_detection_SMD_ISTAD_SMD_ftM_sl96_bmhgat_v3_ent_hglite_bs128_e2_learned_dynamic_s98_0/train_time_summary.json
=== E2 SMD seed 98 learned_static ===
Using GPU
Args in experiment:
[1mBasic Config[0m
  Task Name:          anomaly_detection   Is Training:        1                   
  Model ID:           SMD                 Model:              ISTAD               
  Seed:               98                  Itr:                1                   

[1mData Loader[0m
  Data:               SMD                 Root Path:          /data/modeluse/TS/ISTAD/dataset/SMD
  Features:           M                   Seq Len:            96                  
  Enc In:             38                  C Out:              38                  
  Checkpoints:        /data/modeluse/TS/ISTAD-release/checkpoints/ISTAD_e2_architecture_ablation
  Eval Step:          96                  

[1mAnomaly Detection Task[0m
  Anomaly Ratio:      1.0                 Threshold Source:   train               

[1mISTAD Parameters[0m
  Kernel Size:        7                   Branch Mode:        hgat                
  TCN Type:           kan                 
  Feat GAT Dim:       -1                  GRU Layers:         1                   
  GRU Hidden:         150                 Recon Layers:       1                   
  Recon Hidden:       32                  ISTAD Dropout:      0.3                 
  Recon Type:         pointwise           KANAD Order:        3                   
  Objective:          reconstruct         Target / Lag:       ('', 1)             
  Leaky Alpha:        0.2                 H Init:             normal              
  Hyperedges:         -1                  Top-K Nodes:        -1                  
  Spatial Type:       lite                HGAT Rank:          8                   
  HGAT Projection:    linear              Relation Mode:      static              
  KAN Grid:           5                   KAN Order:          3                   
  Arch:               legacy              Ablation:           full                
  Explainability:     0                   Explain Batches:    0                   
  Explain Points:     20000               Explain TopK:       10                  
  SmoothGrad:         0                   SG Samples:         20                  
  SG Noise:           0.1                 Quad Mode:          quantile            
  Quad Value:         0.75                Err Agg:            sum                 
  Sal Agg:            sum                 
  V3 Denoise:         1                   Evidence Head:      0                   
  Clean / Denoise:    (1.0, 0.5)          Evidence Weight:    0.2                 
  Frequency Weight:   0.0                 
  Point Evidence:     0.0                 
  Corrupt P/T/C:      (0.8, 0.15, 0.2)    Corrupt Scale:      1.5                 
  Corrupt Modes:      4                   Target-only corrupt:0                   
  Score Mode:         base_mean           Score Agg / K:      ('calibrated', 3)   
  Evidence Map:       prob                Dump Scores:        1                   
  Strict Val:         1                   Hide Test Loss:     1                   
  Entity Aware:       1                   

[1mRun Parameters[0m
  Num Workers:        4                   Batch Size:         128                 
  Train Epochs:       20                  Patience:           5                   
  Learning Rate:      0.001               Lradj:              cosine              
  Des:                e2_learned_static_s98

[1mGPU[0m
  Use GPU:            1                   GPU:                0                   
  Use Multi GPU:      0                   Devices:            0,1,2,3             

Use GPU: cuda:0
🚀 Lazy Loading: ISTAD ...
>>>>>>>start training : anomaly_detection_SMD_ISTAD_SMD_ftM_sl96_bmhgat_relstatic_v3_ent_hglite_bs128_e2_learned_static_s98_0>>>>>>>>>>>>>>>>>>>>>>>>>>
test: (708420, 38)
train: (566713, 38)
SMD entity-aware windows: 5949
train 5949
test: (708420, 38)
train: (566713, 38)
SMD entity-aware windows: 1470
val 1470
Epoch: 1 cost time: 5.395898342132568
Epoch: 1, Steps: 47 | Train Loss: 1.2140325 Vali Loss: 0.8355150
Validation loss decreased (inf --> 0.835515).  Saving model ...
Updating learning rate to 0.0009938441702975688
Epoch: 2 cost time: 4.302056312561035
Epoch: 2, Steps: 47 | Train Loss: 0.7726665 Vali Loss: 0.4342973
Validation loss decreased (0.835515 --> 0.434297).  Saving model ...
Updating learning rate to 0.0009755282581475768
Epoch: 3 cost time: 4.31203556060791
Epoch: 3, Steps: 47 | Train Loss: 0.6415552 Vali Loss: 0.3484074
Validation loss decreased (0.434297 --> 0.348407).  Saving model ...
Updating learning rate to 0.0009455032620941839
Epoch: 4 cost time: 4.330308198928833
Epoch: 4, Steps: 47 | Train Loss: 0.5505982 Vali Loss: 0.3177611
Validation loss decreased (0.348407 --> 0.317761).  Saving model ...
Updating learning rate to 0.0009045084971874737
Epoch: 5 cost time: 4.332951307296753
Epoch: 5, Steps: 47 | Train Loss: 0.5212048 Vali Loss: 0.2924226
Validation loss decreased (0.317761 --> 0.292423).  Saving model ...
Updating learning rate to 0.0008535533905932737
Epoch: 6 cost time: 4.3616416454315186
Epoch: 6, Steps: 47 | Train Loss: 0.5146840 Vali Loss: 0.2653600
Validation loss decreased (0.292423 --> 0.265360).  Saving model ...
Updating learning rate to 0.0007938926261462366
Epoch: 7 cost time: 4.365679502487183
Epoch: 7, Steps: 47 | Train Loss: 0.5299053 Vali Loss: 0.2589797
Validation loss decreased (0.265360 --> 0.258980).  Saving model ...
Updating learning rate to 0.0007269952498697733
Epoch: 8 cost time: 4.301044464111328
Epoch: 8, Steps: 47 | Train Loss: 0.4893843 Vali Loss: 0.2399107
Validation loss decreased (0.258980 --> 0.239911).  Saving model ...
Updating learning rate to 0.0006545084971874737
Epoch: 9 cost time: 4.224865436553955
Epoch: 9, Steps: 47 | Train Loss: 0.4699441 Vali Loss: 0.2317502
Validation loss decreased (0.239911 --> 0.231750).  Saving model ...
Updating learning rate to 0.0005782172325201155
Epoch: 10 cost time: 4.333307266235352
Epoch: 10, Steps: 47 | Train Loss: 0.4590861 Vali Loss: 0.2214109
Validation loss decreased (0.231750 --> 0.221411).  Saving model ...
Updating learning rate to 0.0005
Epoch: 11 cost time: 4.373257160186768
Epoch: 11, Steps: 47 | Train Loss: 0.4494761 Vali Loss: 0.2185158
Validation loss decreased (0.221411 --> 0.218516).  Saving model ...
Updating learning rate to 0.0004217827674798845
Epoch: 12 cost time: 4.30366849899292
Epoch: 12, Steps: 47 | Train Loss: 0.4505343 Vali Loss: 0.2140223
Validation loss decreased (0.218516 --> 0.214022).  Saving model ...
Updating learning rate to 0.00034549150281252633
Epoch: 13 cost time: 4.326163291931152
Epoch: 13, Steps: 47 | Train Loss: 0.4633178 Vali Loss: 0.2254463
EarlyStopping counter: 1 out of 5
Updating learning rate to 0.00027300475013022663
Epoch: 14 cost time: 4.407581329345703
Epoch: 14, Steps: 47 | Train Loss: 0.4587877 Vali Loss: 0.2108110
Validation loss decreased (0.214022 --> 0.210811).  Saving model ...
Updating learning rate to 0.00020610737385376348
Epoch: 15 cost time: 4.290230989456177
Epoch: 15, Steps: 47 | Train Loss: 0.4448688 Vali Loss: 0.2203658
EarlyStopping counter: 1 out of 5
Updating learning rate to 0.00014644660940672628
Epoch: 16 cost time: 4.410648584365845
Epoch: 16, Steps: 47 | Train Loss: 0.4573366 Vali Loss: 0.2388107
EarlyStopping counter: 2 out of 5
Updating learning rate to 9.549150281252633e-05
Epoch: 17 cost time: 4.31998085975647
Epoch: 17, Steps: 47 | Train Loss: 0.6560919 Vali Loss: 0.2087851
Validation loss decreased (0.210811 --> 0.208785).  Saving model ...
Updating learning rate to 5.449673790581611e-05
Epoch: 18 cost time: 4.3534276485443115
Epoch: 18, Steps: 47 | Train Loss: 0.4423037 Vali Loss: 0.2082069
Validation loss decreased (0.208785 --> 0.208207).  Saving model ...
Updating learning rate to 2.4471741852423235e-05
Epoch: 19 cost time: 4.353965520858765
Epoch: 19, Steps: 47 | Train Loss: 0.4391920 Vali Loss: 0.2174110
EarlyStopping counter: 1 out of 5
Updating learning rate to 6.15582970243117e-06
Epoch: 20 cost time: 4.33803129196167
Epoch: 20, Steps: 47 | Train Loss: 0.4469190 Vali Loss: 0.2190366
EarlyStopping counter: 2 out of 5
Updating learning rate to 0.0
>>>>>>>testing : anomaly_detection_SMD_ISTAD_SMD_ftM_sl96_bmhgat_relstatic_v3_ent_hglite_bs128_e2_learned_static_s98_0<<<<<<<<<<<<<<<<<<<<<<<<<<<<<<<<<
test: (708420, 38)
train: (566713, 38)
SMD entity-aware windows: 7360
test 7360
test: (708420, 38)
train: (566713, 38)
SMD entity-aware windows: 5892
score_train 5892
Percentile Threshold Source: train
Percentile Threshold : 0.652488212585446
Saved point scores and labels: /data/modeluse/TS/ISTAD-release/analysis/e2_architecture_ablation/runtime/anomaly_detection_SMD_ISTAD_SMD_ftM_sl96_bmhgat_relstatic_v3_ent_hglite_bs128_e2_learned_static_s98_0/point_scores.npz
pred_raw: (706560,)
gt:      (706560,)
pred_pa: (706560,)
gt_pa:   (706560,)

============================================================
使用百分位数阈值的结果:
============================================================
Raw point F1: 0.2423 (P=0.2435, R=0.2411)
Accuracy : 0.9675, Precision : 0.5632, Recall : 0.9658, F-score : 0.7115 
============================================================


使用自适应 Best F1 搜索（两阶段）
粗搜索步数: 200, 精细搜索步数: 500

============================================================
自适应 Best F1 阈值搜索（两阶段）
============================================================

分数统计信息:
  最小值: 0.008900
  最大值: 13206.268555
  均值: 0.888660
  标准差: 67.000381
  中位数: 0.078180
  第1百分位: 0.020646
  第99百分位: 4.274407

自动确定的搜索范围: [0.010323, 8.548815]

============================================================
阶段 1: 粗搜索（步数: 200）
============================================================

============================================================
开始 Best F1 阈值搜索...
============================================================
搜索范围: [0.0103, 8.5488]
搜索步数: 200
使用点调整: False
阈值: 0.0530 | F1: 0.1028 | Precision: 0.0544 | Recall: 0.9185
阈值: 0.9069 | F1: 0.2376 | Precision: 0.2967 | Recall: 0.1981
阈值: 1.7607 | F1: 0.1449 | Precision: 0.2693 | Recall: 0.0991
阈值: 2.6146 | F1: 0.1046 | Precision: 0.2294 | Recall: 0.0678
阈值: 3.4684 | F1: 0.0884 | Precision: 0.2103 | Recall: 0.0560
阈值: 4.3223 | F1: 0.0678 | Precision: 0.1753 | Recall: 0.0420
阈值: 5.1761 | F1: 0.0593 | Precision: 0.1640 | Recall: 0.0362
阈值: 6.0300 | F1: 0.0538 | Precision: 0.1591 | Recall: 0.0324
阈值: 6.8838 | F1: 0.0511 | Precision: 0.1630 | Recall: 0.0303
阈值: 7.7377 | F1: 0.0485 | Precision: 0.1715 | Recall: 0.0282

============================================================
✓ 找到最佳阈值: 0.693402
  最佳 F1: 0.2429
  Precision: 0.2546
  Recall: 0.2321
============================================================


============================================================
阶段 2: 精细搜索（步数: 500）
============================================================
在最佳阈值 0.693402 附近精细搜索
精细搜索范围: [0.010323, 1.547251]

============================================================
开始 Best F1 阈值搜索...
============================================================
搜索范围: [0.0103, 1.5473]
搜索步数: 500
使用点调整: False
阈值: 0.0134 | F1: 0.0798 | Precision: 0.0416 | Recall: 1.0000
阈值: 0.1671 | F1: 0.1875 | Precision: 0.1135 | Recall: 0.5398
阈值: 0.3208 | F1: 0.2067 | Precision: 0.1483 | Recall: 0.3410
阈值: 0.4745 | F1: 0.2247 | Precision: 0.1873 | Recall: 0.2807
阈值: 0.6282 | F1: 0.2415 | Precision: 0.2371 | Recall: 0.2462
阈值: 0.7819 | F1: 0.2406 | Precision: 0.2736 | Recall: 0.2147
阈值: 0.9356 | F1: 0.2364 | Precision: 0.3011 | Recall: 0.1945
阈值: 1.0892 | F1: 0.2197 | Precision: 0.3080 | Recall: 0.1708
阈值: 1.2429 | F1: 0.1988 | Precision: 0.3013 | Recall: 0.1483
阈值: 1.3966 | F1: 0.1793 | Precision: 0.2904 | Recall: 0.1297

============================================================
✓ 找到最佳阈值: 0.686571
  最佳 F1: 0.2429
  Precision: 0.2530
  Recall: 0.2337
============================================================


✓ 精细搜索找到更好的阈值！

============================================================
自适应搜索完成！
============================================================
最终最佳阈值: 0.686571
最佳 F1: 0.2429
Precision: 0.2530
Recall: 0.2337
============================================================

Saved Best F1 results: /data/modeluse/TS/ISTAD-release/analysis/e2_architecture_ablation/runtime/anomaly_detection_SMD_ISTAD_SMD_ftM_sl96_bmhgat_relstatic_v3_ent_hglite_bs128_e2_learned_static_s98_0/bestf1_threshold_results.json
Saved anomaly score plot: /data/modeluse/TS/ISTAD-release/analysis/e2_architecture_ablation/runtime/anomaly_detection_SMD_ISTAD_SMD_ftM_sl96_bmhgat_relstatic_v3_ent_hglite_bs128_e2_learned_static_s98_0/anomaly_score_threshold.png
ISTAD explainability is disabled by --istad_enable_explain 0
Saved train time summary: /data/modeluse/TS/ISTAD-release/analysis/e2_architecture_ablation/runtime/anomaly_detection_SMD_ISTAD_SMD_ftM_sl96_bmhgat_relstatic_v3_ent_hglite_bs128_e2_learned_static_s98_0/train_time_summary.json
=== E2 SMD seed 98 fixed_random ===
Using GPU
Args in experiment:
[1mBasic Config[0m
  Task Name:          anomaly_detection   Is Training:        1                   
  Model ID:           SMD                 Model:              ISTAD               
  Seed:               98                  Itr:                1                   

[1mData Loader[0m
  Data:               SMD                 Root Path:          /data/modeluse/TS/ISTAD/dataset/SMD
  Features:           M                   Seq Len:            96                  
  Enc In:             38                  C Out:              38                  
  Checkpoints:        /data/modeluse/TS/ISTAD-release/checkpoints/ISTAD_e2_architecture_ablation
  Eval Step:          96                  

[1mAnomaly Detection Task[0m
  Anomaly Ratio:      1.0                 Threshold Source:   train               

[1mISTAD Parameters[0m
  Kernel Size:        7                   Branch Mode:        hgat                
  TCN Type:           kan                 
  Feat GAT Dim:       -1                  GRU Layers:         1                   
  GRU Hidden:         150                 Recon Layers:       1                   
  Recon Hidden:       32                  ISTAD Dropout:      0.3                 
  Recon Type:         pointwise           KANAD Order:        3                   
  Objective:          reconstruct         Target / Lag:       ('', 1)             
  Leaky Alpha:        0.2                 H Init:             normal              
  Hyperedges:         -1                  Top-K Nodes:        -1                  
  Spatial Type:       lite                HGAT Rank:          8                   
  HGAT Projection:    linear              Relation Mode:      fixed_random        
  KAN Grid:           5                   KAN Order:          3                   
  Arch:               legacy              Ablation:           full                
  Explainability:     0                   Explain Batches:    0                   
  Explain Points:     20000               Explain TopK:       10                  
  SmoothGrad:         0                   SG Samples:         20                  
  SG Noise:           0.1                 Quad Mode:          quantile            
  Quad Value:         0.75                Err Agg:            sum                 
  Sal Agg:            sum                 
  V3 Denoise:         1                   Evidence Head:      0                   
  Clean / Denoise:    (1.0, 0.5)          Evidence Weight:    0.2                 
  Frequency Weight:   0.0                 
  Point Evidence:     0.0                 
  Corrupt P/T/C:      (0.8, 0.15, 0.2)    Corrupt Scale:      1.5                 
  Corrupt Modes:      4                   Target-only corrupt:0                   
  Score Mode:         base_mean           Score Agg / K:      ('calibrated', 3)   
  Evidence Map:       prob                Dump Scores:        1                   
  Strict Val:         1                   Hide Test Loss:     1                   
  Entity Aware:       1                   

[1mRun Parameters[0m
  Num Workers:        4                   Batch Size:         128                 
  Train Epochs:       20                  Patience:           5                   
  Learning Rate:      0.001               Lradj:              cosine              
  Des:                e2_fixed_random_s98 

[1mGPU[0m
  Use GPU:            1                   GPU:                0                   
  Use Multi GPU:      0                   Devices:            0,1,2,3             

Use GPU: cuda:0
🚀 Lazy Loading: ISTAD ...
>>>>>>>start training : anomaly_detection_SMD_ISTAD_SMD_ftM_sl96_bmhgat_relfixed_random_v3_ent_hglite_bs128_e2_fixed_random_s98_0>>>>>>>>>>>>>>>>>>>>>>>>>>
test: (708420, 38)
train: (566713, 38)
SMD entity-aware windows: 5949
train 5949
test: (708420, 38)
train: (566713, 38)
SMD entity-aware windows: 1470
val 1470
Epoch: 1 cost time: 5.127135753631592
Epoch: 1, Steps: 47 | Train Loss: 1.2155959 Vali Loss: 0.8339028
Validation loss decreased (inf --> 0.833903).  Saving model ...
Updating learning rate to 0.0009938441702975688
Epoch: 2 cost time: 4.090038061141968
Epoch: 2, Steps: 47 | Train Loss: 0.7706867 Vali Loss: 0.4299217
Validation loss decreased (0.833903 --> 0.429922).  Saving model ...
Updating learning rate to 0.0009755282581475768
Epoch: 3 cost time: 4.085978269577026
Epoch: 3, Steps: 47 | Train Loss: 0.6407382 Vali Loss: 0.3474311
Validation loss decreased (0.429922 --> 0.347431).  Saving model ...
Updating learning rate to 0.0009455032620941839
Epoch: 4 cost time: 4.116096258163452
Epoch: 4, Steps: 47 | Train Loss: 0.5500633 Vali Loss: 0.3152921
Validation loss decreased (0.347431 --> 0.315292).  Saving model ...
Updating learning rate to 0.0009045084971874737
Epoch: 5 cost time: 4.055854082107544
Epoch: 5, Steps: 47 | Train Loss: 0.5205522 Vali Loss: 0.2905694
Validation loss decreased (0.315292 --> 0.290569).  Saving model ...
Updating learning rate to 0.0008535533905932737
Epoch: 6 cost time: 4.0835559368133545
Epoch: 6, Steps: 47 | Train Loss: 0.5143603 Vali Loss: 0.2638464
Validation loss decreased (0.290569 --> 0.263846).  Saving model ...
Updating learning rate to 0.0007938926261462366
Epoch: 7 cost time: 4.153573751449585
Epoch: 7, Steps: 47 | Train Loss: 0.5290339 Vali Loss: 0.2570680
Validation loss decreased (0.263846 --> 0.257068).  Saving model ...
Updating learning rate to 0.0007269952498697733
Epoch: 8 cost time: 4.143719434738159
Epoch: 8, Steps: 47 | Train Loss: 0.4887562 Vali Loss: 0.2372870
Validation loss decreased (0.257068 --> 0.237287).  Saving model ...
Updating learning rate to 0.0006545084971874737
Epoch: 9 cost time: 4.073736190795898
Epoch: 9, Steps: 47 | Train Loss: 0.4694118 Vali Loss: 0.2290741
Validation loss decreased (0.237287 --> 0.229074).  Saving model ...
Updating learning rate to 0.0005782172325201155
Epoch: 10 cost time: 4.087931871414185
Epoch: 10, Steps: 47 | Train Loss: 0.4590531 Vali Loss: 0.2185920
Validation loss decreased (0.229074 --> 0.218592).  Saving model ...
Updating learning rate to 0.0005
Epoch: 11 cost time: 4.09824013710022
Epoch: 11, Steps: 47 | Train Loss: 0.4493701 Vali Loss: 0.2181678
Validation loss decreased (0.218592 --> 0.218168).  Saving model ...
Updating learning rate to 0.0004217827674798845
Epoch: 12 cost time: 4.064403533935547
Epoch: 12, Steps: 47 | Train Loss: 0.4502846 Vali Loss: 0.2130542
Validation loss decreased (0.218168 --> 0.213054).  Saving model ...
Updating learning rate to 0.00034549150281252633
Epoch: 13 cost time: 4.134351491928101
Epoch: 13, Steps: 47 | Train Loss: 0.4631092 Vali Loss: 0.2239434
EarlyStopping counter: 1 out of 5
Updating learning rate to 0.00027300475013022663
Epoch: 14 cost time: 4.139326095581055
Epoch: 14, Steps: 47 | Train Loss: 0.4585517 Vali Loss: 0.2099450
Validation loss decreased (0.213054 --> 0.209945).  Saving model ...
Updating learning rate to 0.00020610737385376348
Epoch: 15 cost time: 4.0959532260894775
Epoch: 15, Steps: 47 | Train Loss: 0.4450412 Vali Loss: 0.2196095
EarlyStopping counter: 1 out of 5
Updating learning rate to 0.00014644660940672628
Epoch: 16 cost time: 4.125620126724243
Epoch: 16, Steps: 47 | Train Loss: 0.4574912 Vali Loss: 0.2384695
EarlyStopping counter: 2 out of 5
Updating learning rate to 9.549150281252633e-05
Epoch: 17 cost time: 4.096069574356079
Epoch: 17, Steps: 47 | Train Loss: 0.6561429 Vali Loss: 0.2078648
Validation loss decreased (0.209945 --> 0.207865).  Saving model ...
Updating learning rate to 5.449673790581611e-05
Epoch: 18 cost time: 4.139002084732056
Epoch: 18, Steps: 47 | Train Loss: 0.4426243 Vali Loss: 0.2068413
Validation loss decreased (0.207865 --> 0.206841).  Saving model ...
Updating learning rate to 2.4471741852423235e-05
Epoch: 19 cost time: 4.113363981246948
Epoch: 19, Steps: 47 | Train Loss: 0.4392644 Vali Loss: 0.2163241
EarlyStopping counter: 1 out of 5
Updating learning rate to 6.15582970243117e-06
Epoch: 20 cost time: 4.090355157852173
Epoch: 20, Steps: 47 | Train Loss: 0.4467128 Vali Loss: 0.2177616
EarlyStopping counter: 2 out of 5
Updating learning rate to 0.0
>>>>>>>testing : anomaly_detection_SMD_ISTAD_SMD_ftM_sl96_bmhgat_relfixed_random_v3_ent_hglite_bs128_e2_fixed_random_s98_0<<<<<<<<<<<<<<<<<<<<<<<<<<<<<<<<<
test: (708420, 38)
train: (566713, 38)
SMD entity-aware windows: 7360
test 7360
test: (708420, 38)
train: (566713, 38)
SMD entity-aware windows: 5892
score_train 5892
Percentile Threshold Source: train
Percentile Threshold : 0.6624192702770226
Saved point scores and labels: /data/modeluse/TS/ISTAD-release/analysis/e2_architecture_ablation/runtime/anomaly_detection_SMD_ISTAD_SMD_ftM_sl96_bmhgat_relfixed_random_v3_ent_hglite_bs128_e2_fixed_random_s98_0/point_scores.npz
pred_raw: (706560,)
gt:      (706560,)
pred_pa: (706560,)
gt_pa:   (706560,)

============================================================
使用百分位数阈值的结果:
============================================================
Raw point F1: 0.2461 (P=0.2562, R=0.2367)
Accuracy : 0.9699, Precision : 0.5838, Recall : 0.9639, F-score : 0.7272 
============================================================


使用自适应 Best F1 搜索（两阶段）
粗搜索步数: 200, 精细搜索步数: 500

============================================================
自适应 Best F1 阈值搜索（两阶段）
============================================================

分数统计信息:
  最小值: 0.007303
  最大值: 13206.018555
  均值: 0.881790
  标准差: 66.986031
  中位数: 0.077265
  第1百分位: 0.019154
  第99百分位: 4.294735

自动确定的搜索范围: [0.009577, 8.589470]

============================================================
阶段 1: 粗搜索（步数: 200）
============================================================

============================================================
开始 Best F1 阈值搜索...
============================================================
搜索范围: [0.0096, 8.5895]
搜索步数: 200
使用点调整: False
阈值: 0.0525 | F1: 0.1030 | Precision: 0.0546 | Recall: 0.9129
阈值: 0.9105 | F1: 0.2353 | Precision: 0.3013 | Recall: 0.1930
阈值: 1.7685 | F1: 0.1477 | Precision: 0.2758 | Recall: 0.1009
阈值: 2.6264 | F1: 0.1064 | Precision: 0.2346 | Recall: 0.0688
阈值: 3.4844 | F1: 0.0911 | Precision: 0.2167 | Recall: 0.0577
阈值: 4.3424 | F1: 0.0719 | Precision: 0.1861 | Recall: 0.0446
阈值: 5.2004 | F1: 0.0607 | Precision: 0.1696 | Recall: 0.0370
阈值: 6.0584 | F1: 0.0539 | Precision: 0.1622 | Recall: 0.0323
阈值: 6.9164 | F1: 0.0509 | Precision: 0.1674 | Recall: 0.0300
阈值: 7.7744 | F1: 0.0485 | Precision: 0.1852 | Recall: 0.0279

============================================================
✓ 找到最佳阈值: 0.653069
  最佳 F1: 0.2460
  Precision: 0.2539
  Recall: 0.2386
============================================================


============================================================
阶段 2: 精细搜索（步数: 500）
============================================================
在最佳阈值 0.653069 附近精细搜索
精细搜索范围: [0.009577, 1.511058]

============================================================
开始 Best F1 阈值搜索...
============================================================
搜索范围: [0.0096, 1.5111]
搜索步数: 500
使用点调整: False
阈值: 0.0126 | F1: 0.0798 | Precision: 0.0416 | Recall: 1.0000
阈值: 0.1627 | F1: 0.1866 | Precision: 0.1120 | Recall: 0.5581
阈值: 0.3129 | F1: 0.2135 | Precision: 0.1535 | Recall: 0.3507
阈值: 0.4630 | F1: 0.2323 | Precision: 0.1960 | Recall: 0.2850
阈值: 0.6132 | F1: 0.2452 | Precision: 0.2428 | Recall: 0.2477
阈值: 0.7633 | F1: 0.2432 | Precision: 0.2781 | Recall: 0.2161
阈值: 0.9135 | F1: 0.2351 | Precision: 0.3015 | Recall: 0.1926
阈值: 1.0636 | F1: 0.2219 | Precision: 0.3115 | Recall: 0.1723
阈值: 1.2138 | F1: 0.2018 | Precision: 0.3050 | Recall: 0.1508
阈值: 1.3639 | F1: 0.1841 | Precision: 0.2955 | Recall: 0.1337

============================================================
✓ 找到最佳阈值: 0.655214
  最佳 F1: 0.2462
  Precision: 0.2547
  Recall: 0.2383
============================================================


✓ 精细搜索找到更好的阈值！

============================================================
自适应搜索完成！
============================================================
最终最佳阈值: 0.655214
最佳 F1: 0.2462
Precision: 0.2547
Recall: 0.2383
============================================================

Saved Best F1 results: /data/modeluse/TS/ISTAD-release/analysis/e2_architecture_ablation/runtime/anomaly_detection_SMD_ISTAD_SMD_ftM_sl96_bmhgat_relfixed_random_v3_ent_hglite_bs128_e2_fixed_random_s98_0/bestf1_threshold_results.json
Saved anomaly score plot: /data/modeluse/TS/ISTAD-release/analysis/e2_architecture_ablation/runtime/anomaly_detection_SMD_ISTAD_SMD_ftM_sl96_bmhgat_relfixed_random_v3_ent_hglite_bs128_e2_fixed_random_s98_0/anomaly_score_threshold.png
ISTAD explainability is disabled by --istad_enable_explain 0
Saved train time summary: /data/modeluse/TS/ISTAD-release/analysis/e2_architecture_ablation/runtime/anomaly_detection_SMD_ISTAD_SMD_ftM_sl96_bmhgat_relfixed_random_v3_ent_hglite_bs128_e2_fixed_random_s98_0/train_time_summary.json
=== E2 SMD seed 98 no_message ===
Using GPU
Args in experiment:
[1mBasic Config[0m
  Task Name:          anomaly_detection   Is Training:        1                   
  Model ID:           SMD                 Model:              ISTAD               
  Seed:               98                  Itr:                1                   

[1mData Loader[0m
  Data:               SMD                 Root Path:          /data/modeluse/TS/ISTAD/dataset/SMD
  Features:           M                   Seq Len:            96                  
  Enc In:             38                  C Out:              38                  
  Checkpoints:        /data/modeluse/TS/ISTAD-release/checkpoints/ISTAD_e2_architecture_ablation
  Eval Step:          96                  

[1mAnomaly Detection Task[0m
  Anomaly Ratio:      1.0                 Threshold Source:   train               

[1mISTAD Parameters[0m
  Kernel Size:        7                   Branch Mode:        hgat                
  TCN Type:           kan                 
  Feat GAT Dim:       -1                  GRU Layers:         1                   
  GRU Hidden:         150                 Recon Layers:       1                   
  Recon Hidden:       32                  ISTAD Dropout:      0.3                 
  Recon Type:         pointwise           KANAD Order:        3                   
  Objective:          reconstruct         Target / Lag:       ('', 1)             
  Leaky Alpha:        0.2                 H Init:             normal              
  Hyperedges:         -1                  Top-K Nodes:        -1                  
  Spatial Type:       lite                HGAT Rank:          8                   
  HGAT Projection:    linear              Relation Mode:      no_message          
  KAN Grid:           5                   KAN Order:          3                   
  Arch:               legacy              Ablation:           full                
  Explainability:     0                   Explain Batches:    0                   
  Explain Points:     20000               Explain TopK:       10                  
  SmoothGrad:         0                   SG Samples:         20                  
  SG Noise:           0.1                 Quad Mode:          quantile            
  Quad Value:         0.75                Err Agg:            sum                 
  Sal Agg:            sum                 
  V3 Denoise:         1                   Evidence Head:      0                   
  Clean / Denoise:    (1.0, 0.5)          Evidence Weight:    0.2                 
  Frequency Weight:   0.0                 
  Point Evidence:     0.0                 
  Corrupt P/T/C:      (0.8, 0.15, 0.2)    Corrupt Scale:      1.5                 
  Corrupt Modes:      4                   Target-only corrupt:0                   
  Score Mode:         base_mean           Score Agg / K:      ('calibrated', 3)   
  Evidence Map:       prob                Dump Scores:        1                   
  Strict Val:         1                   Hide Test Loss:     1                   
  Entity Aware:       1                   

[1mRun Parameters[0m
  Num Workers:        4                   Batch Size:         128                 
  Train Epochs:       20                  Patience:           5                   
  Learning Rate:      0.001               Lradj:              cosine              
  Des:                e2_no_message_s98   

[1mGPU[0m
  Use GPU:            1                   GPU:                0                   
  Use Multi GPU:      0                   Devices:            0,1,2,3             

Use GPU: cuda:0
🚀 Lazy Loading: ISTAD ...
>>>>>>>start training : anomaly_detection_SMD_ISTAD_SMD_ftM_sl96_bmhgat_relno_message_v3_ent_hglite_bs128_e2_no_message_s98_0>>>>>>>>>>>>>>>>>>>>>>>>>>
test: (708420, 38)
train: (566713, 38)
SMD entity-aware windows: 5949
train 5949
test: (708420, 38)
train: (566713, 38)
SMD entity-aware windows: 1470
val 1470
Epoch: 1 cost time: 4.535835027694702
Epoch: 1, Steps: 47 | Train Loss: 1.1115508 Vali Loss: 0.8376429
Validation loss decreased (inf --> 0.837643).  Saving model ...
Updating learning rate to 0.0009938441702975688
Epoch: 2 cost time: 3.5426204204559326
Epoch: 2, Steps: 47 | Train Loss: 0.7539516 Vali Loss: 0.4447827
Validation loss decreased (0.837643 --> 0.444783).  Saving model ...
Updating learning rate to 0.0009755282581475768
Epoch: 3 cost time: 3.5086052417755127
Epoch: 3, Steps: 47 | Train Loss: 0.6182482 Vali Loss: 0.3625711
Validation loss decreased (0.444783 --> 0.362571).  Saving model ...
Updating learning rate to 0.0009455032620941839
Epoch: 4 cost time: 3.5315005779266357
Epoch: 4, Steps: 47 | Train Loss: 0.5580566 Vali Loss: 0.3291635
Validation loss decreased (0.362571 --> 0.329164).  Saving model ...
Updating learning rate to 0.0009045084971874737
Epoch: 5 cost time: 3.5029919147491455
Epoch: 5, Steps: 47 | Train Loss: 0.6523871 Vali Loss: 0.3080560
Validation loss decreased (0.329164 --> 0.308056).  Saving model ...
Updating learning rate to 0.0008535533905932737
Epoch: 6 cost time: 3.5384762287139893
Epoch: 6, Steps: 47 | Train Loss: 0.5068336 Vali Loss: 0.2728587
Validation loss decreased (0.308056 --> 0.272859).  Saving model ...
Updating learning rate to 0.0007938926261462366
Epoch: 7 cost time: 3.5501246452331543
Epoch: 7, Steps: 47 | Train Loss: 0.4859885 Vali Loss: 0.2698063
Validation loss decreased (0.272859 --> 0.269806).  Saving model ...
Updating learning rate to 0.0007269952498697733
Epoch: 8 cost time: 3.5007898807525635
Epoch: 8, Steps: 47 | Train Loss: 0.5050297 Vali Loss: 0.2496089
Validation loss decreased (0.269806 --> 0.249609).  Saving model ...
Updating learning rate to 0.0006545084971874737
Epoch: 9 cost time: 3.515392541885376
Epoch: 9, Steps: 47 | Train Loss: 0.6001938 Vali Loss: 0.2459791
Validation loss decreased (0.249609 --> 0.245979).  Saving model ...
Updating learning rate to 0.0005782172325201155
Epoch: 10 cost time: 3.52372145652771
Epoch: 10, Steps: 47 | Train Loss: 0.4886914 Vali Loss: 0.2296214
Validation loss decreased (0.245979 --> 0.229621).  Saving model ...
Updating learning rate to 0.0005
Epoch: 11 cost time: 3.5480873584747314
Epoch: 11, Steps: 47 | Train Loss: 0.4927221 Vali Loss: 0.2294107
Validation loss decreased (0.229621 --> 0.229411).  Saving model ...
Updating learning rate to 0.0004217827674798845
Epoch: 12 cost time: 3.525509834289551
Epoch: 12, Steps: 47 | Train Loss: 0.4556186 Vali Loss: 0.2258695
Validation loss decreased (0.229411 --> 0.225870).  Saving model ...
Updating learning rate to 0.00034549150281252633
Epoch: 13 cost time: 3.619187831878662
Epoch: 13, Steps: 47 | Train Loss: 0.4516954 Vali Loss: 0.2346149
EarlyStopping counter: 1 out of 5
Updating learning rate to 0.00027300475013022663
Epoch: 14 cost time: 3.551621913909912
Epoch: 14, Steps: 47 | Train Loss: 0.4676398 Vali Loss: 0.2204235
Validation loss decreased (0.225870 --> 0.220424).  Saving model ...
Updating learning rate to 0.00020610737385376348
Epoch: 15 cost time: 3.532104253768921
Epoch: 15, Steps: 47 | Train Loss: 0.4620395 Vali Loss: 0.2314768
EarlyStopping counter: 1 out of 5
Updating learning rate to 0.00014644660940672628
Epoch: 16 cost time: 3.499985456466675
Epoch: 16, Steps: 47 | Train Loss: 0.4455589 Vali Loss: 0.2487306
EarlyStopping counter: 2 out of 5
Updating learning rate to 9.549150281252633e-05
Epoch: 17 cost time: 3.527520179748535
Epoch: 17, Steps: 47 | Train Loss: 0.5222674 Vali Loss: 0.2187496
Validation loss decreased (0.220424 --> 0.218750).  Saving model ...
Updating learning rate to 5.449673790581611e-05
Epoch: 18 cost time: 3.486046075820923
Epoch: 18, Steps: 47 | Train Loss: 0.4652051 Vali Loss: 0.2171571
Validation loss decreased (0.218750 --> 0.217157).  Saving model ...
Updating learning rate to 2.4471741852423235e-05
Epoch: 19 cost time: 3.5133652687072754
Epoch: 19, Steps: 47 | Train Loss: 0.4397279 Vali Loss: 0.2266296
EarlyStopping counter: 1 out of 5
Updating learning rate to 6.15582970243117e-06
Epoch: 20 cost time: 3.4400205612182617
Epoch: 20, Steps: 47 | Train Loss: 0.4475159 Vali Loss: 0.2282525
EarlyStopping counter: 2 out of 5
Updating learning rate to 0.0
>>>>>>>testing : anomaly_detection_SMD_ISTAD_SMD_ftM_sl96_bmhgat_relno_message_v3_ent_hglite_bs128_e2_no_message_s98_0<<<<<<<<<<<<<<<<<<<<<<<<<<<<<<<<<
test: (708420, 38)
train: (566713, 38)
SMD entity-aware windows: 7360
test 7360
test: (708420, 38)
train: (566713, 38)
SMD entity-aware windows: 5892
score_train 5892
Percentile Threshold Source: train
Percentile Threshold : 0.6926229149103137
Saved point scores and labels: /data/modeluse/TS/ISTAD-release/analysis/e2_architecture_ablation/runtime/anomaly_detection_SMD_ISTAD_SMD_ftM_sl96_bmhgat_relno_message_v3_ent_hglite_bs128_e2_no_message_s98_0/point_scores.npz
pred_raw: (706560,)
gt:      (706560,)
pred_pa: (706560,)
gt_pa:   (706560,)

============================================================
使用百分位数阈值的结果:
============================================================
Raw point F1: 0.2374 (P=0.2378, R=0.2370)
Accuracy : 0.9662, Precision : 0.5549, Recall : 0.9474, F-score : 0.6999 
============================================================


使用自适应 Best F1 搜索（两阶段）
粗搜索步数: 200, 精细搜索步数: 500

============================================================
自适应 Best F1 阈值搜索（两阶段）
============================================================

分数统计信息:
  最小值: 0.007590
  最大值: 13206.518555
  均值: 0.891683
  标准差: 67.005249
  中位数: 0.083013
  第1百分位: 0.021623
  第99百分位: 4.253573

自动确定的搜索范围: [0.010812, 8.507146]

============================================================
阶段 1: 粗搜索（步数: 200）
============================================================

============================================================
开始 Best F1 阈值搜索...
============================================================
搜索范围: [0.0108, 8.5071]
搜索步数: 200
使用点调整: False
阈值: 0.0533 | F1: 0.0995 | Precision: 0.0526 | Recall: 0.9189
阈值: 0.9029 | F1: 0.2326 | Precision: 0.2836 | Recall: 0.1971
阈值: 1.7526 | F1: 0.1481 | Precision: 0.2705 | Recall: 0.1020
阈值: 2.6022 | F1: 0.1055 | Precision: 0.2305 | Recall: 0.0684
阈值: 3.4518 | F1: 0.0897 | Precision: 0.2134 | Recall: 0.0567
阈值: 4.3015 | F1: 0.0708 | Precision: 0.1835 | Recall: 0.0438
阈值: 5.1511 | F1: 0.0591 | Precision: 0.1655 | Recall: 0.0360
阈值: 6.0007 | F1: 0.0536 | Precision: 0.1617 | Recall: 0.0321
阈值: 6.8504 | F1: 0.0513 | Precision: 0.1692 | Recall: 0.0302
阈值: 7.7000 | F1: 0.0490 | Precision: 0.1896 | Recall: 0.0281

============================================================
✓ 找到最佳阈值: 0.690518
  最佳 F1: 0.2372
  Precision: 0.2370
  Recall: 0.2374
============================================================


============================================================
阶段 2: 精细搜索（步数: 500）
============================================================
在最佳阈值 0.690518 附近精细搜索
精细搜索范围: [0.010812, 1.540152]

============================================================
开始 Best F1 阈值搜索...
============================================================
搜索范围: [0.0108, 1.5402]
搜索步数: 500
使用点调整: False
阈值: 0.0139 | F1: 0.0798 | Precision: 0.0416 | Recall: 1.0000
阈值: 0.1668 | F1: 0.1764 | Precision: 0.1052 | Recall: 0.5475
阈值: 0.3197 | F1: 0.2077 | Precision: 0.1474 | Recall: 0.3516
阈值: 0.4727 | F1: 0.2242 | Precision: 0.1828 | Recall: 0.2899
阈值: 0.6256 | F1: 0.2349 | Precision: 0.2198 | Recall: 0.2523
阈值: 0.7785 | F1: 0.2353 | Precision: 0.2586 | Recall: 0.2158
阈值: 0.9315 | F1: 0.2312 | Precision: 0.2876 | Recall: 0.1933
阈值: 1.0844 | F1: 0.2150 | Precision: 0.2940 | Recall: 0.1694
阈值: 1.2373 | F1: 0.1933 | Precision: 0.2867 | Recall: 0.1458
阈值: 1.3903 | F1: 0.1756 | Precision: 0.2788 | Recall: 0.1281

============================================================
✓ 找到最佳阈值: 0.714308
  最佳 F1: 0.2374
  Precision: 0.2435
  Recall: 0.2316
============================================================


✓ 精细搜索找到更好的阈值！

============================================================
自适应搜索完成！
============================================================
最终最佳阈值: 0.714308
最佳 F1: 0.2374
Precision: 0.2435
Recall: 0.2316
============================================================

Saved Best F1 results: /data/modeluse/TS/ISTAD-release/analysis/e2_architecture_ablation/runtime/anomaly_detection_SMD_ISTAD_SMD_ftM_sl96_bmhgat_relno_message_v3_ent_hglite_bs128_e2_no_message_s98_0/bestf1_threshold_results.json
Saved anomaly score plot: /data/modeluse/TS/ISTAD-release/analysis/e2_architecture_ablation/runtime/anomaly_detection_SMD_ISTAD_SMD_ftM_sl96_bmhgat_relno_message_v3_ent_hglite_bs128_e2_no_message_s98_0/anomaly_score_threshold.png
ISTAD explainability is disabled by --istad_enable_explain 0
Saved train time summary: /data/modeluse/TS/ISTAD-release/analysis/e2_architecture_ablation/runtime/anomaly_detection_SMD_ISTAD_SMD_ftM_sl96_bmhgat_relno_message_v3_ent_hglite_bs128_e2_no_message_s98_0/train_time_summary.json
=== E2 SWAT seed 87 learned_dynamic ===
Using GPU
Args in experiment:
[1mBasic Config[0m
  Task Name:          anomaly_detection   Is Training:        1                   
  Model ID:           SWAT                Model:              ISTAD               
  Seed:               87                  Itr:                1                   

[1mData Loader[0m
  Data:               SWAT                Root Path:          /data/modeluse/TS/ISTAD/dataset/SWAT
  Features:           M                   Seq Len:            96                  
  Enc In:             51                  C Out:              51                  
  Checkpoints:        /data/modeluse/TS/ISTAD-release/checkpoints/ISTAD_e2_architecture_ablation
  Eval Step:          96                  

[1mAnomaly Detection Task[0m
  Anomaly Ratio:      1.0                 Threshold Source:   train               

[1mISTAD Parameters[0m
  Kernel Size:        15                  Branch Mode:        hgat                
  TCN Type:           kan                 
  Feat GAT Dim:       -1                  GRU Layers:         1                   
  GRU Hidden:         150                 Recon Layers:       1                   
  Recon Hidden:       32                  ISTAD Dropout:      0.3                 
  Recon Type:         pointwise           KANAD Order:        3                   
  Objective:          reconstruct         Target / Lag:       ('', 1)             
  Leaky Alpha:        0.2                 H Init:             normal              
  Hyperedges:         20                  Top-K Nodes:        10                  
  Spatial Type:       lite                HGAT Rank:          8                   
  HGAT Projection:    linear              Relation Mode:      dynamic             
  KAN Grid:           5                   KAN Order:          3                   
  Arch:               legacy              Ablation:           full                
  Explainability:     0                   Explain Batches:    0                   
  Explain Points:     20000               Explain TopK:       10                  
  SmoothGrad:         0                   SG Samples:         20                  
  SG Noise:           0.1                 Quad Mode:          quantile            
  Quad Value:         0.75                Err Agg:            sum                 
  Sal Agg:            sum                 
  V3 Denoise:         1                   Evidence Head:      0                   
  Clean / Denoise:    (1.0, 0.5)          Evidence Weight:    0.2                 
  Frequency Weight:   0.0                 
  Point Evidence:     0.0                 
  Corrupt P/T/C:      (0.8, 0.15, 0.2)    Corrupt Scale:      1.5                 
  Corrupt Modes:      4                   Target-only corrupt:0                   
  Score Mode:         base_mean           Score Agg / K:      ('calibrated', 3)   
  Evidence Map:       prob                Dump Scores:        1                   
  Strict Val:         1                   Hide Test Loss:     1                   
  Entity Aware:       0                   

[1mRun Parameters[0m
  Num Workers:        4                   Batch Size:         64                  
  Train Epochs:       12                  Patience:           4                   
  Learning Rate:      0.001               Lradj:              cosine              
  Des:                e2_learned_dynamic_s87

[1mGPU[0m
  Use GPU:            1                   GPU:                0                   
  Use Multi GPU:      0                   Devices:            0,1,2,3             

Use GPU: cuda:0
🚀 Lazy Loading: ISTAD ...
>>>>>>>start training : anomaly_detection_SWAT_ISTAD_SWAT_ftM_sl96_bmhgat_v3_hglite_bs64_e2_learned_dynamic_s87_0>>>>>>>>>>>>>>>>>>>>>>>>>>
test: (449919, 51)
train: (396000, 51)
train 4168
test: (449919, 51)
train: (396000, 51)
val 1042
Epoch: 1 cost time: 4.890468120574951
Epoch: 1, Steps: 66 | Train Loss: 0.9430328 Vali Loss: 0.2862823
Validation loss decreased (inf --> 0.286282).  Saving model ...
Updating learning rate to 0.0009829629131445341
Epoch: 2 cost time: 3.7767186164855957
Epoch: 2, Steps: 66 | Train Loss: 0.6338531 Vali Loss: 0.1747886
Validation loss decreased (0.286282 --> 0.174789).  Saving model ...
Updating learning rate to 0.0009330127018922195
Epoch: 3 cost time: 3.7972829341888428
Epoch: 3, Steps: 66 | Train Loss: 0.4244340 Vali Loss: 0.1486998
Validation loss decreased (0.174789 --> 0.148700).  Saving model ...
Updating learning rate to 0.0008535533905932737
Epoch: 4 cost time: 3.8230371475219727
Epoch: 4, Steps: 66 | Train Loss: 0.3292364 Vali Loss: 0.1375009
Validation loss decreased (0.148700 --> 0.137501).  Saving model ...
Updating learning rate to 0.00075
Epoch: 5 cost time: 3.7831218242645264
Epoch: 5, Steps: 66 | Train Loss: 0.2784324 Vali Loss: 0.1314687
Validation loss decreased (0.137501 --> 0.131469).  Saving model ...
Updating learning rate to 0.0006294095225512603
Epoch: 6 cost time: 3.8047306537628174
Epoch: 6, Steps: 66 | Train Loss: 0.2677999 Vali Loss: 0.1226728
Validation loss decreased (0.131469 --> 0.122673).  Saving model ...
Updating learning rate to 0.0005
Epoch: 7 cost time: 3.81813645362854
Epoch: 7, Steps: 66 | Train Loss: 0.2637430 Vali Loss: 0.1180105
Validation loss decreased (0.122673 --> 0.118010).  Saving model ...
Updating learning rate to 0.0003705904774487396
Epoch: 8 cost time: 3.8044869899749756
Epoch: 8, Steps: 66 | Train Loss: 0.2498316 Vali Loss: 0.1241761
EarlyStopping counter: 1 out of 4
Updating learning rate to 0.0002500000000000001
Epoch: 9 cost time: 3.783763885498047
Epoch: 9, Steps: 66 | Train Loss: 0.2402557 Vali Loss: 0.1194043
EarlyStopping counter: 2 out of 4
Updating learning rate to 0.00014644660940672628
Epoch: 10 cost time: 3.8330845832824707
Epoch: 10, Steps: 66 | Train Loss: 0.2404828 Vali Loss: 0.1170752
Validation loss decreased (0.118010 --> 0.117075).  Saving model ...
Updating learning rate to 6.698729810778065e-05
Epoch: 11 cost time: 3.7853105068206787
Epoch: 11, Steps: 66 | Train Loss: 0.2464266 Vali Loss: 0.1183381
EarlyStopping counter: 1 out of 4
Updating learning rate to 1.70370868554659e-05
Epoch: 12 cost time: 3.8103504180908203
Epoch: 12, Steps: 66 | Train Loss: 0.2486546 Vali Loss: 0.1152707
Validation loss decreased (0.117075 --> 0.115271).  Saving model ...
Updating learning rate to 0.0
>>>>>>>testing : anomaly_detection_SWAT_ISTAD_SWAT_ftM_sl96_bmhgat_v3_hglite_bs64_e2_learned_dynamic_s87_0<<<<<<<<<<<<<<<<<<<<<<<<<<<<<<<<<
test: (449919, 51)
train: (396000, 51)
test 4686
test: (449919, 51)
train: (396000, 51)
score_train 4125
Percentile Threshold Source: train
Percentile Threshold : 1.364039806127556
Saved point scores and labels: /data/modeluse/TS/ISTAD-release/analysis/e2_architecture_ablation/runtime/anomaly_detection_SWAT_ISTAD_SWAT_ftM_sl96_bmhgat_v3_hglite_bs64_e2_learned_dynamic_s87_0/point_scores.npz
pred_raw: (449856,)
gt:      (449856,)
pred_pa: (449856,)
gt_pa:   (449856,)

============================================================
使用百分位数阈值的结果:
============================================================
Raw point F1: 0.2899 (P=0.1732, R=0.8898)
Accuracy : 0.4741, Precision : 0.1775, Recall : 0.9172, F-score : 0.2975 
============================================================


使用自适应 Best F1 搜索（两阶段）
粗搜索步数: 200, 精细搜索步数: 500

============================================================
自适应 Best F1 阈值搜索（两阶段）
============================================================

分数统计信息:
  最小值: 0.067829
  最大值: 69.929428
  均值: 3.585117
  标准差: 3.735887
  中位数: 3.498716
  第1百分位: 0.085757
  第99百分位: 13.765966

自动确定的搜索范围: [0.067829, 27.531932]

============================================================
阶段 1: 粗搜索（步数: 200）
============================================================

============================================================
开始 Best F1 阈值搜索...
============================================================
搜索范围: [0.0678, 27.5319]
搜索步数: 200
使用点调整: False
阈值: 0.2051 | F1: 0.2554 | Precision: 0.1475 | Recall: 0.9508
阈值: 2.9516 | F1: 0.3053 | Precision: 0.1876 | Recall: 0.8188
阈值: 5.6980 | F1: 0.6860 | Precision: 0.6973 | Recall: 0.6750
阈值: 8.4444 | F1: 0.7732 | Precision: 0.9854 | Recall: 0.6362
阈值: 11.1908 | F1: 0.7533 | Precision: 0.9915 | Recall: 0.6074
阈值: 13.9372 | F1: 0.0840 | Precision: 0.9231 | Recall: 0.0440
阈值: 16.6836 | F1: 0.0641 | Precision: 0.9212 | Recall: 0.0332
阈值: 19.4300 | F1: 0.0586 | Precision: 0.9188 | Recall: 0.0302
阈值: 22.1764 | F1: 0.0430 | Precision: 0.9113 | Recall: 0.0220
阈值: 24.9228 | F1: 0.0229 | Precision: 0.8616 | Recall: 0.0116

============================================================
✓ 找到最佳阈值: 9.542944
  最佳 F1: 0.7743
  Precision: 0.9897
  Recall: 0.6359
============================================================


============================================================
阶段 2: 精细搜索（步数: 500）
============================================================
在最佳阈值 9.542944 附近精细搜索
精细搜索范围: [6.796534, 12.289355]

============================================================
开始 Best F1 阈值搜索...
============================================================
搜索范围: [6.7965, 12.2894]
搜索步数: 500
使用点调整: False
阈值: 6.8075 | F1: 0.7606 | Precision: 0.9425 | Recall: 0.6376
阈值: 7.3568 | F1: 0.7674 | Precision: 0.9658 | Recall: 0.6366
阈值: 7.9061 | F1: 0.7717 | Precision: 0.9802 | Recall: 0.6364
阈值: 8.4554 | F1: 0.7732 | Precision: 0.9854 | Recall: 0.6362
阈值: 9.0046 | F1: 0.7739 | Precision: 0.9880 | Recall: 0.6361
阈值: 9.5539 | F1: 0.7743 | Precision: 0.9897 | Recall: 0.6359
阈值: 10.1032 | F1: 0.7700 | Precision: 0.9911 | Recall: 0.6296
阈值: 10.6525 | F1: 0.7678 | Precision: 0.9915 | Recall: 0.6264
阈值: 11.2018 | F1: 0.7532 | Precision: 0.9915 | Recall: 0.6072
阈值: 11.7511 | F1: 0.7457 | Precision: 0.9915 | Recall: 0.5976

============================================================
✓ 找到最佳阈值: 9.466045
  最佳 F1: 0.7743
  Precision: 0.9897
  Recall: 0.6359
============================================================


✓ 精细搜索找到更好的阈值！

============================================================
自适应搜索完成！
============================================================
最终最佳阈值: 9.466045
最佳 F1: 0.7743
Precision: 0.9897
Recall: 0.6359
============================================================

Saved Best F1 results: /data/modeluse/TS/ISTAD-release/analysis/e2_architecture_ablation/runtime/anomaly_detection_SWAT_ISTAD_SWAT_ftM_sl96_bmhgat_v3_hglite_bs64_e2_learned_dynamic_s87_0/bestf1_threshold_results.json
Saved anomaly score plot: /data/modeluse/TS/ISTAD-release/analysis/e2_architecture_ablation/runtime/anomaly_detection_SWAT_ISTAD_SWAT_ftM_sl96_bmhgat_v3_hglite_bs64_e2_learned_dynamic_s87_0/anomaly_score_threshold.png
ISTAD explainability is disabled by --istad_enable_explain 0
Saved train time summary: /data/modeluse/TS/ISTAD-release/analysis/e2_architecture_ablation/runtime/anomaly_detection_SWAT_ISTAD_SWAT_ftM_sl96_bmhgat_v3_hglite_bs64_e2_learned_dynamic_s87_0/train_time_summary.json
=== E2 SWAT seed 87 learned_static ===
Using GPU
Args in experiment:
[1mBasic Config[0m
  Task Name:          anomaly_detection   Is Training:        1                   
  Model ID:           SWAT                Model:              ISTAD               
  Seed:               87                  Itr:                1                   

[1mData Loader[0m
  Data:               SWAT                Root Path:          /data/modeluse/TS/ISTAD/dataset/SWAT
  Features:           M                   Seq Len:            96                  
  Enc In:             51                  C Out:              51                  
  Checkpoints:        /data/modeluse/TS/ISTAD-release/checkpoints/ISTAD_e2_architecture_ablation
  Eval Step:          96                  

[1mAnomaly Detection Task[0m
  Anomaly Ratio:      1.0                 Threshold Source:   train               

[1mISTAD Parameters[0m
  Kernel Size:        15                  Branch Mode:        hgat                
  TCN Type:           kan                 
  Feat GAT Dim:       -1                  GRU Layers:         1                   
  GRU Hidden:         150                 Recon Layers:       1                   
  Recon Hidden:       32                  ISTAD Dropout:      0.3                 
  Recon Type:         pointwise           KANAD Order:        3                   
  Objective:          reconstruct         Target / Lag:       ('', 1)             
  Leaky Alpha:        0.2                 H Init:             normal              
  Hyperedges:         20                  Top-K Nodes:        10                  
  Spatial Type:       lite                HGAT Rank:          8                   
  HGAT Projection:    linear              Relation Mode:      static              
  KAN Grid:           5                   KAN Order:          3                   
  Arch:               legacy              Ablation:           full                
  Explainability:     0                   Explain Batches:    0                   
  Explain Points:     20000               Explain TopK:       10                  
  SmoothGrad:         0                   SG Samples:         20                  
  SG Noise:           0.1                 Quad Mode:          quantile            
  Quad Value:         0.75                Err Agg:            sum                 
  Sal Agg:            sum                 
  V3 Denoise:         1                   Evidence Head:      0                   
  Clean / Denoise:    (1.0, 0.5)          Evidence Weight:    0.2                 
  Frequency Weight:   0.0                 
  Point Evidence:     0.0                 
  Corrupt P/T/C:      (0.8, 0.15, 0.2)    Corrupt Scale:      1.5                 
  Corrupt Modes:      4                   Target-only corrupt:0                   
  Score Mode:         base_mean           Score Agg / K:      ('calibrated', 3)   
  Evidence Map:       prob                Dump Scores:        1                   
  Strict Val:         1                   Hide Test Loss:     1                   
  Entity Aware:       0                   

[1mRun Parameters[0m
  Num Workers:        4                   Batch Size:         64                  
  Train Epochs:       12                  Patience:           4                   
  Learning Rate:      0.001               Lradj:              cosine              
  Des:                e2_learned_static_s87

[1mGPU[0m
  Use GPU:            1                   GPU:                0                   
  Use Multi GPU:      0                   Devices:            0,1,2,3             

Use GPU: cuda:0
🚀 Lazy Loading: ISTAD ...
>>>>>>>start training : anomaly_detection_SWAT_ISTAD_SWAT_ftM_sl96_bmhgat_relstatic_v3_hglite_bs64_e2_learned_static_s87_0>>>>>>>>>>>>>>>>>>>>>>>>>>
test: (449919, 51)
train: (396000, 51)
train 4168
test: (449919, 51)
train: (396000, 51)
val 1042
Epoch: 1 cost time: 4.592837810516357
Epoch: 1, Steps: 66 | Train Loss: 0.9404582 Vali Loss: 0.2833354
Validation loss decreased (inf --> 0.283335).  Saving model ...
Updating learning rate to 0.0009829629131445341
Epoch: 2 cost time: 3.4560794830322266
Epoch: 2, Steps: 66 | Train Loss: 0.6312584 Vali Loss: 0.1693994
Validation loss decreased (0.283335 --> 0.169399).  Saving model ...
Updating learning rate to 0.0009330127018922195
Epoch: 3 cost time: 3.4474847316741943
Epoch: 3, Steps: 66 | Train Loss: 0.4217000 Vali Loss: 0.1440953
Validation loss decreased (0.169399 --> 0.144095).  Saving model ...
Updating learning rate to 0.0008535533905932737
Epoch: 4 cost time: 3.4398765563964844
Epoch: 4, Steps: 66 | Train Loss: 0.3270541 Vali Loss: 0.1337150
Validation loss decreased (0.144095 --> 0.133715).  Saving model ...
Updating learning rate to 0.00075
Epoch: 5 cost time: 3.4280219078063965
Epoch: 5, Steps: 66 | Train Loss: 0.2781161 Vali Loss: 0.1296350
Validation loss decreased (0.133715 --> 0.129635).  Saving model ...
Updating learning rate to 0.0006294095225512603
Epoch: 6 cost time: 3.4656801223754883
Epoch: 6, Steps: 66 | Train Loss: 0.2676640 Vali Loss: 0.1216634
Validation loss decreased (0.129635 --> 0.121663).  Saving model ...
Updating learning rate to 0.0005
Epoch: 7 cost time: 3.4840354919433594
Epoch: 7, Steps: 66 | Train Loss: 0.2640208 Vali Loss: 0.1181025
Validation loss decreased (0.121663 --> 0.118102).  Saving model ...
Updating learning rate to 0.0003705904774487396
Epoch: 8 cost time: 3.4734067916870117
Epoch: 8, Steps: 66 | Train Loss: 0.2494290 Vali Loss: 0.1244889
EarlyStopping counter: 1 out of 4
Updating learning rate to 0.0002500000000000001
Epoch: 9 cost time: 3.443331003189087
Epoch: 9, Steps: 66 | Train Loss: 0.2400343 Vali Loss: 0.1201613
EarlyStopping counter: 2 out of 4
Updating learning rate to 0.00014644660940672628
Epoch: 10 cost time: 3.4585938453674316
Epoch: 10, Steps: 66 | Train Loss: 0.2401396 Vali Loss: 0.1173770
Validation loss decreased (0.118102 --> 0.117377).  Saving model ...
Updating learning rate to 6.698729810778065e-05
Epoch: 11 cost time: 3.4285695552825928
Epoch: 11, Steps: 66 | Train Loss: 0.2461365 Vali Loss: 0.1193783
EarlyStopping counter: 1 out of 4
Updating learning rate to 1.70370868554659e-05
Epoch: 12 cost time: 3.4335479736328125
Epoch: 12, Steps: 66 | Train Loss: 0.2484921 Vali Loss: 0.1161290
Validation loss decreased (0.117377 --> 0.116129).  Saving model ...
Updating learning rate to 0.0
>>>>>>>testing : anomaly_detection_SWAT_ISTAD_SWAT_ftM_sl96_bmhgat_relstatic_v3_hglite_bs64_e2_learned_static_s87_0<<<<<<<<<<<<<<<<<<<<<<<<<<<<<<<<<
test: (449919, 51)
train: (396000, 51)
test 4686
test: (449919, 51)
train: (396000, 51)
score_train 4125
Percentile Threshold Source: train
Percentile Threshold : 1.376781828403475
Saved point scores and labels: /data/modeluse/TS/ISTAD-release/analysis/e2_architecture_ablation/runtime/anomaly_detection_SWAT_ISTAD_SWAT_ftM_sl96_bmhgat_relstatic_v3_hglite_bs64_e2_learned_static_s87_0/point_scores.npz
pred_raw: (449856,)
gt:      (449856,)
pred_pa: (449856,)
gt_pa:   (449856,)

============================================================
使用百分位数阈值的结果:
============================================================
Raw point F1: 0.2879 (P=0.1717, R=0.8909)
Accuracy : 0.4680, Precision : 0.1758, Recall : 0.9172, F-score : 0.2951 
============================================================


使用自适应 Best F1 搜索（两阶段）
粗搜索步数: 200, 精细搜索步数: 500

============================================================
自适应 Best F1 阈值搜索（两阶段）
============================================================

分数统计信息:
  最小值: 0.071456
  最大值: 70.857628
  均值: 3.661013
  标准差: 3.743563
  中位数: 3.645159
  第1百分位: 0.089989
  第99百分位: 13.657361

自动确定的搜索范围: [0.071456, 27.314723]

============================================================
阶段 1: 粗搜索（步数: 200）
============================================================

============================================================
开始 Best F1 阈值搜索...
============================================================
搜索范围: [0.0715, 27.3147]
搜索步数: 200
使用点调整: False
阈值: 0.2077 | F1: 0.2544 | Precision: 0.1468 | Recall: 0.9506
阈值: 2.9320 | F1: 0.3029 | Precision: 0.1858 | Recall: 0.8191
阈值: 5.6563 | F1: 0.6203 | Precision: 0.5703 | Recall: 0.6799
阈值: 8.3807 | F1: 0.7728 | Precision: 0.9839 | Recall: 0.6363
阈值: 11.1050 | F1: 0.7553 | Precision: 0.9912 | Recall: 0.6102
阈值: 13.8293 | F1: 0.0812 | Precision: 0.9177 | Recall: 0.0425
阈值: 16.5536 | F1: 0.0689 | Precision: 0.9296 | Recall: 0.0358
阈值: 19.2780 | F1: 0.0548 | Precision: 0.9195 | Recall: 0.0282
阈值: 22.0023 | F1: 0.0417 | Precision: 0.9088 | Recall: 0.0213
阈值: 24.7266 | F1: 0.0235 | Precision: 0.8668 | Recall: 0.0119

============================================================
✓ 找到最佳阈值: 9.879032
  最佳 F1: 0.7743
  Precision: 0.9900
  Recall: 0.6358
============================================================


============================================================
阶段 2: 精细搜索（步数: 500）
============================================================
在最佳阈值 9.879032 附近精细搜索
精细搜索范围: [7.154705, 12.603359]

============================================================
开始 Best F1 阈值搜索...
============================================================
搜索范围: [7.1547, 12.6034]
搜索步数: 500
使用点调整: False
阈值: 7.1656 | F1: 0.7624 | Precision: 0.9496 | Recall: 0.6368
阈值: 7.7105 | F1: 0.7692 | Precision: 0.9720 | Recall: 0.6365
阈值: 8.2553 | F1: 0.7724 | Precision: 0.9827 | Recall: 0.6363
阈值: 8.8002 | F1: 0.7735 | Precision: 0.9865 | Recall: 0.6362
阈值: 9.3451 | F1: 0.7742 | Precision: 0.9890 | Recall: 0.6360
阈值: 9.8899 | F1: 0.7743 | Precision: 0.9900 | Recall: 0.6358
阈值: 10.4348 | F1: 0.7741 | Precision: 0.9901 | Recall: 0.6355
阈值: 10.9797 | F1: 0.7572 | Precision: 0.9911 | Recall: 0.6126
阈值: 11.5245 | F1: 0.7473 | Precision: 0.9914 | Recall: 0.5996
阈值: 12.0694 | F1: 0.7388 | Precision: 0.9914 | Recall: 0.5888

============================================================
✓ 找到最佳阈值: 9.584805
  最佳 F1: 0.7743
  Precision: 0.9895
  Recall: 0.6360
============================================================


✓ 精细搜索找到更好的阈值！

============================================================
自适应搜索完成！
============================================================
最终最佳阈值: 9.584805
最佳 F1: 0.7743
Precision: 0.9895
Recall: 0.6360
============================================================

Saved Best F1 results: /data/modeluse/TS/ISTAD-release/analysis/e2_architecture_ablation/runtime/anomaly_detection_SWAT_ISTAD_SWAT_ftM_sl96_bmhgat_relstatic_v3_hglite_bs64_e2_learned_static_s87_0/bestf1_threshold_results.json
Saved anomaly score plot: /data/modeluse/TS/ISTAD-release/analysis/e2_architecture_ablation/runtime/anomaly_detection_SWAT_ISTAD_SWAT_ftM_sl96_bmhgat_relstatic_v3_hglite_bs64_e2_learned_static_s87_0/anomaly_score_threshold.png
ISTAD explainability is disabled by --istad_enable_explain 0
Saved train time summary: /data/modeluse/TS/ISTAD-release/analysis/e2_architecture_ablation/runtime/anomaly_detection_SWAT_ISTAD_SWAT_ftM_sl96_bmhgat_relstatic_v3_hglite_bs64_e2_learned_static_s87_0/train_time_summary.json
=== E2 SWAT seed 87 fixed_random ===
Using GPU
Args in experiment:
[1mBasic Config[0m
  Task Name:          anomaly_detection   Is Training:        1                   
  Model ID:           SWAT                Model:              ISTAD               
  Seed:               87                  Itr:                1                   

[1mData Loader[0m
  Data:               SWAT                Root Path:          /data/modeluse/TS/ISTAD/dataset/SWAT
  Features:           M                   Seq Len:            96                  
  Enc In:             51                  C Out:              51                  
  Checkpoints:        /data/modeluse/TS/ISTAD-release/checkpoints/ISTAD_e2_architecture_ablation
  Eval Step:          96                  

[1mAnomaly Detection Task[0m
  Anomaly Ratio:      1.0                 Threshold Source:   train               

[1mISTAD Parameters[0m
  Kernel Size:        15                  Branch Mode:        hgat                
  TCN Type:           kan                 
  Feat GAT Dim:       -1                  GRU Layers:         1                   
  GRU Hidden:         150                 Recon Layers:       1                   
  Recon Hidden:       32                  ISTAD Dropout:      0.3                 
  Recon Type:         pointwise           KANAD Order:        3                   
  Objective:          reconstruct         Target / Lag:       ('', 1)             
  Leaky Alpha:        0.2                 H Init:             normal              
  Hyperedges:         20                  Top-K Nodes:        10                  
  Spatial Type:       lite                HGAT Rank:          8                   
  HGAT Projection:    linear              Relation Mode:      fixed_random        
  KAN Grid:           5                   KAN Order:          3                   
  Arch:               legacy              Ablation:           full                
  Explainability:     0                   Explain Batches:    0                   
  Explain Points:     20000               Explain TopK:       10                  
  SmoothGrad:         0                   SG Samples:         20                  
  SG Noise:           0.1                 Quad Mode:          quantile            
  Quad Value:         0.75                Err Agg:            sum                 
  Sal Agg:            sum                 
  V3 Denoise:         1                   Evidence Head:      0                   
  Clean / Denoise:    (1.0, 0.5)          Evidence Weight:    0.2                 
  Frequency Weight:   0.0                 
  Point Evidence:     0.0                 
  Corrupt P/T/C:      (0.8, 0.15, 0.2)    Corrupt Scale:      1.5                 
  Corrupt Modes:      4                   Target-only corrupt:0                   
  Score Mode:         base_mean           Score Agg / K:      ('calibrated', 3)   
  Evidence Map:       prob                Dump Scores:        1                   
  Strict Val:         1                   Hide Test Loss:     1                   
  Entity Aware:       0                   

[1mRun Parameters[0m
  Num Workers:        4                   Batch Size:         64                  
  Train Epochs:       12                  Patience:           4                   
  Learning Rate:      0.001               Lradj:              cosine              
  Des:                e2_fixed_random_s87 

[1mGPU[0m
  Use GPU:            1                   GPU:                0                   
  Use Multi GPU:      0                   Devices:            0,1,2,3             

Use GPU: cuda:0
🚀 Lazy Loading: ISTAD ...
>>>>>>>start training : anomaly_detection_SWAT_ISTAD_SWAT_ftM_sl96_bmhgat_relfixed_random_v3_hglite_bs64_e2_fixed_random_s87_0>>>>>>>>>>>>>>>>>>>>>>>>>>
test: (449919, 51)
train: (396000, 51)
train 4168
test: (449919, 51)
train: (396000, 51)
val 1042
Epoch: 1 cost time: 4.319076299667358
Epoch: 1, Steps: 66 | Train Loss: 0.9414765 Vali Loss: 0.2817259
Validation loss decreased (inf --> 0.281726).  Saving model ...
Updating learning rate to 0.0009829629131445341
Epoch: 2 cost time: 3.242567777633667
Epoch: 2, Steps: 66 | Train Loss: 0.6294582 Vali Loss: 0.1719840
Validation loss decreased (0.281726 --> 0.171984).  Saving model ...
Updating learning rate to 0.0009330127018922195
Epoch: 3 cost time: 3.2318520545959473
Epoch: 3, Steps: 66 | Train Loss: 0.4203090 Vali Loss: 0.1453600
Validation loss decreased (0.171984 --> 0.145360).  Saving model ...
Updating learning rate to 0.0008535533905932737
Epoch: 4 cost time: 3.2168993949890137
Epoch: 4, Steps: 66 | Train Loss: 0.3251511 Vali Loss: 0.1341857
Validation loss decreased (0.145360 --> 0.134186).  Saving model ...
Updating learning rate to 0.00075
Epoch: 5 cost time: 3.1907026767730713
Epoch: 5, Steps: 66 | Train Loss: 0.2772078 Vali Loss: 0.1291182
Validation loss decreased (0.134186 --> 0.129118).  Saving model ...
Updating learning rate to 0.0006294095225512603
Epoch: 6 cost time: 3.244657039642334
Epoch: 6, Steps: 66 | Train Loss: 0.2670079 Vali Loss: 0.1217438
Validation loss decreased (0.129118 --> 0.121744).  Saving model ...
Updating learning rate to 0.0005
Epoch: 7 cost time: 3.2478911876678467
Epoch: 7, Steps: 66 | Train Loss: 0.2638684 Vali Loss: 0.1170948
Validation loss decreased (0.121744 --> 0.117095).  Saving model ...
Updating learning rate to 0.0003705904774487396
Epoch: 8 cost time: 3.231102705001831
Epoch: 8, Steps: 66 | Train Loss: 0.2493952 Vali Loss: 0.1232239
EarlyStopping counter: 1 out of 4
Updating learning rate to 0.0002500000000000001
Epoch: 9 cost time: 3.2211954593658447
Epoch: 9, Steps: 66 | Train Loss: 0.2402784 Vali Loss: 0.1189505
EarlyStopping counter: 2 out of 4
Updating learning rate to 0.00014644660940672628
Epoch: 10 cost time: 3.2145156860351562
Epoch: 10, Steps: 66 | Train Loss: 0.2402726 Vali Loss: 0.1162064
Validation loss decreased (0.117095 --> 0.116206).  Saving model ...
Updating learning rate to 6.698729810778065e-05
Epoch: 11 cost time: 3.209674119949341
Epoch: 11, Steps: 66 | Train Loss: 0.2463754 Vali Loss: 0.1180099
EarlyStopping counter: 1 out of 4
Updating learning rate to 1.70370868554659e-05
Epoch: 12 cost time: 3.215350389480591
Epoch: 12, Steps: 66 | Train Loss: 0.2487911 Vali Loss: 0.1149575
Validation loss decreased (0.116206 --> 0.114958).  Saving model ...
Updating learning rate to 0.0
>>>>>>>testing : anomaly_detection_SWAT_ISTAD_SWAT_ftM_sl96_bmhgat_relfixed_random_v3_hglite_bs64_e2_fixed_random_s87_0<<<<<<<<<<<<<<<<<<<<<<<<<<<<<<<<<
test: (449919, 51)
train: (396000, 51)
test 4686
test: (449919, 51)
train: (396000, 51)
score_train 4125
Percentile Threshold Source: train
Percentile Threshold : 1.3820939338207245
Saved point scores and labels: /data/modeluse/TS/ISTAD-release/analysis/e2_architecture_ablation/runtime/anomaly_detection_SWAT_ISTAD_SWAT_ftM_sl96_bmhgat_relfixed_random_v3_hglite_bs64_e2_fixed_random_s87_0/point_scores.npz
pred_raw: (449856,)
gt:      (449856,)
pred_pa: (449856,)
gt_pa:   (449856,)

============================================================
使用百分位数阈值的结果:
============================================================
Raw point F1: 0.2875 (P=0.1715, R=0.8893)
Accuracy : 0.4683, Precision : 0.1759, Recall : 0.9172, F-score : 0.2952 
============================================================


使用自适应 Best F1 搜索（两阶段）
粗搜索步数: 200, 精细搜索步数: 500

============================================================
自适应 Best F1 阈值搜索（两阶段）
============================================================

分数统计信息:
  最小值: 0.073109
  最大值: 70.039177
  均值: 3.801726
  标准差: 3.787805
  中位数: 3.857527
  第1百分位: 0.090635
  第99百分位: 13.695255

自动确定的搜索范围: [0.073109, 27.390511]

============================================================
阶段 1: 粗搜索（步数: 200）
============================================================

============================================================
开始 Best F1 阈值搜索...
============================================================
搜索范围: [0.0731, 27.3905]
搜索步数: 200
使用点调整: False
阈值: 0.2097 | F1: 0.2561 | Precision: 0.1480 | Recall: 0.9489
阈值: 2.9414 | F1: 0.3006 | Precision: 0.1840 | Recall: 0.8190
阈值: 5.6732 | F1: 0.5126 | Precision: 0.4073 | Recall: 0.6911
阈值: 8.4049 | F1: 0.7693 | Precision: 0.9724 | Recall: 0.6363
阈值: 11.1367 | F1: 0.7538 | Precision: 0.9915 | Recall: 0.6081
阈值: 13.8684 | F1: 0.0790 | Precision: 0.9148 | Recall: 0.0413
阈值: 16.6001 | F1: 0.0697 | Precision: 0.9098 | Recall: 0.0362
阈值: 19.3319 | F1: 0.0544 | Precision: 0.9179 | Recall: 0.0280
阈值: 22.0636 | F1: 0.0425 | Precision: 0.9117 | Recall: 0.0217
阈值: 24.7954 | F1: 0.0145 | Precision: 0.8061 | Recall: 0.0073

============================================================
✓ 找到最佳阈值: 10.317134
  最佳 F1: 0.7741
  Precision: 0.9895
  Recall: 0.6357
============================================================


============================================================
阶段 2: 精细搜索（步数: 500）
============================================================
在最佳阈值 10.317134 附近精细搜索
精细搜索范围: [7.585394, 13.048875]

============================================================
开始 Best F1 阈值搜索...
============================================================
搜索范围: [7.5854, 13.0489]
搜索步数: 500
使用点调整: False
阈值: 7.5963 | F1: 0.7612 | Precision: 0.9464 | Recall: 0.6366
阈值: 8.1427 | F1: 0.7672 | Precision: 0.9658 | Recall: 0.6364
阈值: 8.6890 | F1: 0.7713 | Precision: 0.9792 | Recall: 0.6363
阈值: 9.2354 | F1: 0.7732 | Precision: 0.9857 | Recall: 0.6361
阈值: 9.7817 | F1: 0.7737 | Precision: 0.9879 | Recall: 0.6359
阈值: 10.3281 | F1: 0.7741 | Precision: 0.9895 | Recall: 0.6357
阈值: 10.8744 | F1: 0.7619 | Precision: 0.9915 | Recall: 0.6187
阈值: 11.4208 | F1: 0.7499 | Precision: 0.9914 | Recall: 0.6030
阈值: 11.9671 | F1: 0.7416 | Precision: 0.9914 | Recall: 0.5924
阈值: 12.5135 | F1: 0.7186 | Precision: 0.9915 | Recall: 0.5634

============================================================
✓ 找到最佳阈值: 10.317134
  最佳 F1: 0.7741
  Precision: 0.9895
  Recall: 0.6357
============================================================


✓ 粗搜索的结果已经是最优的。

============================================================
自适应搜索完成！
============================================================
最终最佳阈值: 10.317134
最佳 F1: 0.7741
Precision: 0.9895
Recall: 0.6357
============================================================

Saved Best F1 results: /data/modeluse/TS/ISTAD-release/analysis/e2_architecture_ablation/runtime/anomaly_detection_SWAT_ISTAD_SWAT_ftM_sl96_bmhgat_relfixed_random_v3_hglite_bs64_e2_fixed_random_s87_0/bestf1_threshold_results.json
Saved anomaly score plot: /data/modeluse/TS/ISTAD-release/analysis/e2_architecture_ablation/runtime/anomaly_detection_SWAT_ISTAD_SWAT_ftM_sl96_bmhgat_relfixed_random_v3_hglite_bs64_e2_fixed_random_s87_0/anomaly_score_threshold.png
ISTAD explainability is disabled by --istad_enable_explain 0
Saved train time summary: /data/modeluse/TS/ISTAD-release/analysis/e2_architecture_ablation/runtime/anomaly_detection_SWAT_ISTAD_SWAT_ftM_sl96_bmhgat_relfixed_random_v3_hglite_bs64_e2_fixed_random_s87_0/train_time_summary.json
=== E2 SWAT seed 87 no_message ===
Using GPU
Args in experiment:
[1mBasic Config[0m
  Task Name:          anomaly_detection   Is Training:        1                   
  Model ID:           SWAT                Model:              ISTAD               
  Seed:               87                  Itr:                1                   

[1mData Loader[0m
  Data:               SWAT                Root Path:          /data/modeluse/TS/ISTAD/dataset/SWAT
  Features:           M                   Seq Len:            96                  
  Enc In:             51                  C Out:              51                  
  Checkpoints:        /data/modeluse/TS/ISTAD-release/checkpoints/ISTAD_e2_architecture_ablation
  Eval Step:          96                  

[1mAnomaly Detection Task[0m
  Anomaly Ratio:      1.0                 Threshold Source:   train               

[1mISTAD Parameters[0m
  Kernel Size:        15                  Branch Mode:        hgat                
  TCN Type:           kan                 
  Feat GAT Dim:       -1                  GRU Layers:         1                   
  GRU Hidden:         150                 Recon Layers:       1                   
  Recon Hidden:       32                  ISTAD Dropout:      0.3                 
  Recon Type:         pointwise           KANAD Order:        3                   
  Objective:          reconstruct         Target / Lag:       ('', 1)             
  Leaky Alpha:        0.2                 H Init:             normal              
  Hyperedges:         20                  Top-K Nodes:        10                  
  Spatial Type:       lite                HGAT Rank:          8                   
  HGAT Projection:    linear              Relation Mode:      no_message          
  KAN Grid:           5                   KAN Order:          3                   
  Arch:               legacy              Ablation:           full                
  Explainability:     0                   Explain Batches:    0                   
  Explain Points:     20000               Explain TopK:       10                  
  SmoothGrad:         0                   SG Samples:         20                  
  SG Noise:           0.1                 Quad Mode:          quantile            
  Quad Value:         0.75                Err Agg:            sum                 
  Sal Agg:            sum                 
  V3 Denoise:         1                   Evidence Head:      0                   
  Clean / Denoise:    (1.0, 0.5)          Evidence Weight:    0.2                 
  Frequency Weight:   0.0                 
  Point Evidence:     0.0                 
  Corrupt P/T/C:      (0.8, 0.15, 0.2)    Corrupt Scale:      1.5                 
  Corrupt Modes:      4                   Target-only corrupt:0                   
  Score Mode:         base_mean           Score Agg / K:      ('calibrated', 3)   
  Evidence Map:       prob                Dump Scores:        1                   
  Strict Val:         1                   Hide Test Loss:     1                   
  Entity Aware:       0                   

[1mRun Parameters[0m
  Num Workers:        4                   Batch Size:         64                  
  Train Epochs:       12                  Patience:           4                   
  Learning Rate:      0.001               Lradj:              cosine              
  Des:                e2_no_message_s87   

[1mGPU[0m
  Use GPU:            1                   GPU:                0                   
  Use Multi GPU:      0                   Devices:            0,1,2,3             

Use GPU: cuda:0
🚀 Lazy Loading: ISTAD ...
>>>>>>>start training : anomaly_detection_SWAT_ISTAD_SWAT_ftM_sl96_bmhgat_relno_message_v3_hglite_bs64_e2_no_message_s87_0>>>>>>>>>>>>>>>>>>>>>>>>>>
test: (449919, 51)
train: (396000, 51)
train 4168
test: (449919, 51)
train: (396000, 51)
val 1042
Epoch: 1 cost time: 3.819030284881592
Epoch: 1, Steps: 66 | Train Loss: 0.9372924 Vali Loss: 0.2846972
Validation loss decreased (inf --> 0.284697).  Saving model ...
Updating learning rate to 0.0009829629131445341
Epoch: 2 cost time: 2.7925617694854736
Epoch: 2, Steps: 66 | Train Loss: 0.6022036 Vali Loss: 0.1733651
Validation loss decreased (0.284697 --> 0.173365).  Saving model ...
Updating learning rate to 0.0009330127018922195
Epoch: 3 cost time: 2.7480525970458984
Epoch: 3, Steps: 66 | Train Loss: 0.4246590 Vali Loss: 0.1468143
Validation loss decreased (0.173365 --> 0.146814).  Saving model ...
Updating learning rate to 0.0008535533905932737
Epoch: 4 cost time: 2.7988672256469727
Epoch: 4, Steps: 66 | Train Loss: 0.3244383 Vali Loss: 0.1290734
Validation loss decreased (0.146814 --> 0.129073).  Saving model ...
Updating learning rate to 0.00075
Epoch: 5 cost time: 2.827800750732422
Epoch: 5, Steps: 66 | Train Loss: 0.2812968 Vali Loss: 0.1277850
Validation loss decreased (0.129073 --> 0.127785).  Saving model ...
Updating learning rate to 0.0006294095225512603
Epoch: 6 cost time: 2.740107536315918
Epoch: 6, Steps: 66 | Train Loss: 0.2654934 Vali Loss: 0.1173352
Validation loss decreased (0.127785 --> 0.117335).  Saving model ...
Updating learning rate to 0.0005
Epoch: 7 cost time: 2.829040765762329
Epoch: 7, Steps: 66 | Train Loss: 0.2604631 Vali Loss: 0.1138111
Validation loss decreased (0.117335 --> 0.113811).  Saving model ...
Updating learning rate to 0.0003705904774487396
Epoch: 8 cost time: 2.808455467224121
Epoch: 8, Steps: 66 | Train Loss: 0.2535739 Vali Loss: 0.1215016
EarlyStopping counter: 1 out of 4
Updating learning rate to 0.0002500000000000001
Epoch: 9 cost time: 2.787245750427246
Epoch: 9, Steps: 66 | Train Loss: 0.2441838 Vali Loss: 0.1184196
EarlyStopping counter: 2 out of 4
Updating learning rate to 0.00014644660940672628
Epoch: 10 cost time: 2.747030258178711
Epoch: 10, Steps: 66 | Train Loss: 0.2445839 Vali Loss: 0.1129494
Validation loss decreased (0.113811 --> 0.112949).  Saving model ...
Updating learning rate to 6.698729810778065e-05
Epoch: 11 cost time: 2.806550979614258
Epoch: 11, Steps: 66 | Train Loss: 0.2455464 Vali Loss: 0.1162156
EarlyStopping counter: 1 out of 4
Updating learning rate to 1.70370868554659e-05
Epoch: 12 cost time: 2.7814114093780518
Epoch: 12, Steps: 66 | Train Loss: 0.2448817 Vali Loss: 0.1130686
EarlyStopping counter: 2 out of 4
Updating learning rate to 0.0
>>>>>>>testing : anomaly_detection_SWAT_ISTAD_SWAT_ftM_sl96_bmhgat_relno_message_v3_hglite_bs64_e2_no_message_s87_0<<<<<<<<<<<<<<<<<<<<<<<<<<<<<<<<<
test: (449919, 51)
train: (396000, 51)
test 4686
test: (449919, 51)
train: (396000, 51)
score_train 4125
Percentile Threshold Source: train
Percentile Threshold : 1.3463489055633642
Saved point scores and labels: /data/modeluse/TS/ISTAD-release/analysis/e2_architecture_ablation/runtime/anomaly_detection_SWAT_ISTAD_SWAT_ftM_sl96_bmhgat_relno_message_v3_hglite_bs64_e2_no_message_s87_0/point_scores.npz
pred_raw: (449856,)
gt:      (449856,)
pred_pa: (449856,)
gt_pa:   (449856,)

============================================================
使用百分位数阈值的结果:
============================================================
Raw point F1: 0.2879 (P=0.1717, R=0.8915)
Accuracy : 0.4676, Precision : 0.1757, Recall : 0.9172, F-score : 0.2950 
============================================================


使用自适应 Best F1 搜索（两阶段）
粗搜索步数: 200, 精细搜索步数: 500

============================================================
自适应 Best F1 阈值搜索（两阶段）
============================================================

分数统计信息:
  最小值: 0.064531
  最大值: 70.616974
  均值: 3.621174
  标准差: 3.741614
  中位数: 3.621874
  第1百分位: 0.080395
  第99百分位: 13.675256

自动确定的搜索范围: [0.064531, 27.350512]

============================================================
阶段 1: 粗搜索（步数: 200）
============================================================

============================================================
开始 Best F1 阈值搜索...
============================================================
搜索范围: [0.0645, 27.3505]
搜索步数: 200
使用点调整: False
阈值: 0.2010 | F1: 0.2532 | Precision: 0.1464 | Recall: 0.9361
阈值: 2.9296 | F1: 0.3027 | Precision: 0.1857 | Recall: 0.8194
阈值: 5.6582 | F1: 0.6566 | Precision: 0.6348 | Recall: 0.6800
阈值: 8.3868 | F1: 0.7726 | Precision: 0.9835 | Recall: 0.6362
阈值: 11.1154 | F1: 0.7529 | Precision: 0.9916 | Recall: 0.6069
阈值: 13.8440 | F1: 0.0704 | Precision: 0.9242 | Recall: 0.0366
阈值: 16.5725 | F1: 0.0594 | Precision: 0.9194 | Recall: 0.0307
阈值: 19.3011 | F1: 0.0586 | Precision: 0.9235 | Recall: 0.0303
阈值: 22.0297 | F1: 0.0519 | Precision: 0.9170 | Recall: 0.0267
阈值: 24.7583 | F1: 0.0355 | Precision: 0.9033 | Recall: 0.0181

============================================================
✓ 找到最佳阈值: 9.614624
  最佳 F1: 0.7744
  Precision: 0.9900
  Recall: 0.6359
============================================================


============================================================
阶段 2: 精细搜索（步数: 500）
============================================================
在最佳阈值 9.614624 附近精细搜索
精细搜索范围: [6.886026, 12.343223]

============================================================
开始 Best F1 阈值搜索...
============================================================
搜索范围: [6.8860, 12.3432]
搜索步数: 500
使用点调整: False
阈值: 6.8969 | F1: 0.7557 | Precision: 0.9276 | Recall: 0.6376
阈值: 7.4427 | F1: 0.7639 | Precision: 0.9550 | Recall: 0.6366
阈值: 7.9884 | F1: 0.7700 | Precision: 0.9746 | Recall: 0.6364
阈值: 8.5341 | F1: 0.7731 | Precision: 0.9849 | Recall: 0.6362
阈值: 9.0798 | F1: 0.7740 | Precision: 0.9885 | Recall: 0.6360
阈值: 9.6255 | F1: 0.7744 | Precision: 0.9900 | Recall: 0.6359
阈值: 10.1713 | F1: 0.7716 | Precision: 0.9912 | Recall: 0.6317
阈值: 10.7170 | F1: 0.7668 | Precision: 0.9917 | Recall: 0.6251
阈值: 11.2627 | F1: 0.7510 | Precision: 0.9916 | Recall: 0.6043
阈值: 11.8084 | F1: 0.7434 | Precision: 0.9915 | Recall: 0.5946

============================================================
✓ 找到最佳阈值: 9.603710
  最佳 F1: 0.7744
  Precision: 0.9900
  Recall: 0.6359
============================================================


✓ 粗搜索的结果已经是最优的。

============================================================
自适应搜索完成！
============================================================
最终最佳阈值: 9.614624
最佳 F1: 0.7744
Precision: 0.9900
Recall: 0.6359
============================================================

Saved Best F1 results: /data/modeluse/TS/ISTAD-release/analysis/e2_architecture_ablation/runtime/anomaly_detection_SWAT_ISTAD_SWAT_ftM_sl96_bmhgat_relno_message_v3_hglite_bs64_e2_no_message_s87_0/bestf1_threshold_results.json
Saved anomaly score plot: /data/modeluse/TS/ISTAD-release/analysis/e2_architecture_ablation/runtime/anomaly_detection_SWAT_ISTAD_SWAT_ftM_sl96_bmhgat_relno_message_v3_hglite_bs64_e2_no_message_s87_0/anomaly_score_threshold.png
ISTAD explainability is disabled by --istad_enable_explain 0
Saved train time summary: /data/modeluse/TS/ISTAD-release/analysis/e2_architecture_ablation/runtime/anomaly_detection_SWAT_ISTAD_SWAT_ftM_sl96_bmhgat_relno_message_v3_hglite_bs64_e2_no_message_s87_0/train_time_summary.json
=== E2 SWAT seed 90 learned_dynamic ===
Using GPU
Args in experiment:
[1mBasic Config[0m
  Task Name:          anomaly_detection   Is Training:        1                   
  Model ID:           SWAT                Model:              ISTAD               
  Seed:               90                  Itr:                1                   

[1mData Loader[0m
  Data:               SWAT                Root Path:          /data/modeluse/TS/ISTAD/dataset/SWAT
  Features:           M                   Seq Len:            96                  
  Enc In:             51                  C Out:              51                  
  Checkpoints:        /data/modeluse/TS/ISTAD-release/checkpoints/ISTAD_e2_architecture_ablation
  Eval Step:          96                  

[1mAnomaly Detection Task[0m
  Anomaly Ratio:      1.0                 Threshold Source:   train               

[1mISTAD Parameters[0m
  Kernel Size:        15                  Branch Mode:        hgat                
  TCN Type:           kan                 
  Feat GAT Dim:       -1                  GRU Layers:         1                   
  GRU Hidden:         150                 Recon Layers:       1                   
  Recon Hidden:       32                  ISTAD Dropout:      0.3                 
  Recon Type:         pointwise           KANAD Order:        3                   
  Objective:          reconstruct         Target / Lag:       ('', 1)             
  Leaky Alpha:        0.2                 H Init:             normal              
  Hyperedges:         20                  Top-K Nodes:        10                  
  Spatial Type:       lite                HGAT Rank:          8                   
  HGAT Projection:    linear              Relation Mode:      dynamic             
  KAN Grid:           5                   KAN Order:          3                   
  Arch:               legacy              Ablation:           full                
  Explainability:     0                   Explain Batches:    0                   
  Explain Points:     20000               Explain TopK:       10                  
  SmoothGrad:         0                   SG Samples:         20                  
  SG Noise:           0.1                 Quad Mode:          quantile            
  Quad Value:         0.75                Err Agg:            sum                 
  Sal Agg:            sum                 
  V3 Denoise:         1                   Evidence Head:      0                   
  Clean / Denoise:    (1.0, 0.5)          Evidence Weight:    0.2                 
  Frequency Weight:   0.0                 
  Point Evidence:     0.0                 
  Corrupt P/T/C:      (0.8, 0.15, 0.2)    Corrupt Scale:      1.5                 
  Corrupt Modes:      4                   Target-only corrupt:0                   
  Score Mode:         base_mean           Score Agg / K:      ('calibrated', 3)   
  Evidence Map:       prob                Dump Scores:        1                   
  Strict Val:         1                   Hide Test Loss:     1                   
  Entity Aware:       0                   

[1mRun Parameters[0m
  Num Workers:        4                   Batch Size:         64                  
  Train Epochs:       12                  Patience:           4                   
  Learning Rate:      0.001               Lradj:              cosine              
  Des:                e2_learned_dynamic_s90

[1mGPU[0m
  Use GPU:            1                   GPU:                0                   
  Use Multi GPU:      0                   Devices:            0,1,2,3             

Use GPU: cuda:0
🚀 Lazy Loading: ISTAD ...
>>>>>>>start training : anomaly_detection_SWAT_ISTAD_SWAT_ftM_sl96_bmhgat_v3_hglite_bs64_e2_learned_dynamic_s90_0>>>>>>>>>>>>>>>>>>>>>>>>>>
test: (449919, 51)
train: (396000, 51)
train 4168
test: (449919, 51)
train: (396000, 51)
val 1042
Epoch: 1 cost time: 4.877849340438843
Epoch: 1, Steps: 66 | Train Loss: 0.9053944 Vali Loss: 0.2571820
Validation loss decreased (inf --> 0.257182).  Saving model ...
Updating learning rate to 0.0009829629131445341
Epoch: 2 cost time: 3.788036346435547
Epoch: 2, Steps: 66 | Train Loss: 0.6353039 Vali Loss: 0.1707962
Validation loss decreased (0.257182 --> 0.170796).  Saving model ...
Updating learning rate to 0.0009330127018922195
Epoch: 3 cost time: 3.773728609085083
Epoch: 3, Steps: 66 | Train Loss: 0.4742480 Vali Loss: 0.1443694
Validation loss decreased (0.170796 --> 0.144369).  Saving model ...
Updating learning rate to 0.0008535533905932737
Epoch: 4 cost time: 3.733903408050537
Epoch: 4, Steps: 66 | Train Loss: 0.3688627 Vali Loss: 0.1257472
Validation loss decreased (0.144369 --> 0.125747).  Saving model ...
Updating learning rate to 0.00075
Epoch: 5 cost time: 3.775041103363037
Epoch: 5, Steps: 66 | Train Loss: 0.2934853 Vali Loss: 0.1207508
Validation loss decreased (0.125747 --> 0.120751).  Saving model ...
Updating learning rate to 0.0006294095225512603
Epoch: 6 cost time: 3.787259101867676
Epoch: 6, Steps: 66 | Train Loss: 0.2835784 Vali Loss: 0.1142929
Validation loss decreased (0.120751 --> 0.114293).  Saving model ...
Updating learning rate to 0.0005
Epoch: 7 cost time: 3.8038156032562256
Epoch: 7, Steps: 66 | Train Loss: 0.2692752 Vali Loss: 0.1192030
EarlyStopping counter: 1 out of 4
Updating learning rate to 0.0003705904774487396
Epoch: 8 cost time: 3.8213095664978027
Epoch: 8, Steps: 66 | Train Loss: 0.2552954 Vali Loss: 0.1222308
EarlyStopping counter: 2 out of 4
Updating learning rate to 0.0002500000000000001
Epoch: 9 cost time: 3.7979156970977783
Epoch: 9, Steps: 66 | Train Loss: 0.2539848 Vali Loss: 0.1162336
EarlyStopping counter: 3 out of 4
Updating learning rate to 0.00014644660940672628
Epoch: 10 cost time: 3.8208892345428467
Epoch: 10, Steps: 66 | Train Loss: 0.2471364 Vali Loss: 0.1154202
EarlyStopping counter: 4 out of 4
Early stopping
>>>>>>>testing : anomaly_detection_SWAT_ISTAD_SWAT_ftM_sl96_bmhgat_v3_hglite_bs64_e2_learned_dynamic_s90_0<<<<<<<<<<<<<<<<<<<<<<<<<<<<<<<<<
test: (449919, 51)
train: (396000, 51)
test 4686
test: (449919, 51)
train: (396000, 51)
score_train 4125
Percentile Threshold Source: train
Percentile Threshold : 1.8755567777156852
Saved point scores and labels: /data/modeluse/TS/ISTAD-release/analysis/e2_architecture_ablation/runtime/anomaly_detection_SWAT_ISTAD_SWAT_ftM_sl96_bmhgat_v3_hglite_bs64_e2_learned_dynamic_s90_0/point_scores.npz
pred_raw: (449856,)
gt:      (449856,)
pred_pa: (449856,)
gt_pa:   (449856,)

============================================================
使用百分位数阈值的结果:
============================================================
Raw point F1: 0.2897 (P=0.1751, R=0.8379)
Accuracy : 0.5100, Precision : 0.1876, Recall : 0.9113, F-score : 0.3111 
============================================================


使用自适应 Best F1 搜索（两阶段）
粗搜索步数: 200, 精细搜索步数: 500

============================================================
自适应 Best F1 阈值搜索（两阶段）
============================================================

分数统计信息:
  最小值: 0.046093
  最大值: 72.806694
  均值: 3.412364
  标准差: 3.603251
  中位数: 3.293076
  第1百分位: 0.065850
  第99百分位: 13.440812

自动确定的搜索范围: [0.046093, 26.881624]

============================================================
阶段 1: 粗搜索（步数: 200）
============================================================

============================================================
开始 Best F1 阈值搜索...
============================================================
搜索范围: [0.0461, 26.8816]
搜索步数: 200
使用点调整: False
阈值: 0.1803 | F1: 0.2512 | Precision: 0.1446 | Recall: 0.9556
阈值: 2.8638 | F1: 0.3085 | Precision: 0.1901 | Recall: 0.8190
阈值: 5.5474 | F1: 0.7137 | Precision: 0.7694 | Recall: 0.6655
阈值: 8.2309 | F1: 0.7720 | Precision: 0.9819 | Recall: 0.6361
阈值: 10.9145 | F1: 0.7591 | Precision: 0.9917 | Recall: 0.6149
阈值: 13.5980 | F1: 0.0767 | Precision: 0.9162 | Recall: 0.0400
阈值: 16.2816 | F1: 0.0594 | Precision: 0.9218 | Recall: 0.0307
阈值: 18.9651 | F1: 0.0467 | Precision: 0.9147 | Recall: 0.0240
阈值: 21.6487 | F1: 0.0277 | Precision: 0.8710 | Recall: 0.0141
阈值: 24.3322 | F1: 0.0155 | Precision: 0.8340 | Recall: 0.0078

============================================================
✓ 找到最佳阈值: 9.170173
  最佳 F1: 0.7730
  Precision: 0.9873
  Recall: 0.6352
============================================================


============================================================
阶段 2: 精细搜索（步数: 500）
============================================================
在最佳阈值 9.170173 附近精细搜索
精细搜索范围: [6.486620, 11.853727]

============================================================
开始 Best F1 阈值搜索...
============================================================
搜索范围: [6.4866, 11.8537]
搜索步数: 500
使用点调整: False
阈值: 6.4974 | F1: 0.7536 | Precision: 0.9217 | Recall: 0.6374
阈值: 7.0341 | F1: 0.7611 | Precision: 0.9461 | Recall: 0.6367
阈值: 7.5708 | F1: 0.7672 | Precision: 0.9660 | Recall: 0.6363
阈值: 8.1075 | F1: 0.7716 | Precision: 0.9803 | Recall: 0.6361
阈值: 8.6442 | F1: 0.7725 | Precision: 0.9844 | Recall: 0.6357
阈值: 9.1809 | F1: 0.7730 | Precision: 0.9873 | Recall: 0.6352
阈值: 9.7176 | F1: 0.7697 | Precision: 0.9904 | Recall: 0.6294
阈值: 10.2543 | F1: 0.7677 | Precision: 0.9915 | Recall: 0.6263
阈值: 10.7910 | F1: 0.7673 | Precision: 0.9918 | Recall: 0.6257
阈值: 11.3278 | F1: 0.7494 | Precision: 0.9916 | Recall: 0.6023

============================================================
✓ 找到最佳阈值: 9.148705
  最佳 F1: 0.7731
  Precision: 0.9873
  Recall: 0.6352
============================================================


✓ 精细搜索找到更好的阈值！

============================================================
自适应搜索完成！
============================================================
最终最佳阈值: 9.148705
最佳 F1: 0.7731
Precision: 0.9873
Recall: 0.6352
============================================================

Saved Best F1 results: /data/modeluse/TS/ISTAD-release/analysis/e2_architecture_ablation/runtime/anomaly_detection_SWAT_ISTAD_SWAT_ftM_sl96_bmhgat_v3_hglite_bs64_e2_learned_dynamic_s90_0/bestf1_threshold_results.json
Saved anomaly score plot: /data/modeluse/TS/ISTAD-release/analysis/e2_architecture_ablation/runtime/anomaly_detection_SWAT_ISTAD_SWAT_ftM_sl96_bmhgat_v3_hglite_bs64_e2_learned_dynamic_s90_0/anomaly_score_threshold.png
ISTAD explainability is disabled by --istad_enable_explain 0
Saved train time summary: /data/modeluse/TS/ISTAD-release/analysis/e2_architecture_ablation/runtime/anomaly_detection_SWAT_ISTAD_SWAT_ftM_sl96_bmhgat_v3_hglite_bs64_e2_learned_dynamic_s90_0/train_time_summary.json
=== E2 SWAT seed 90 learned_static ===
Using GPU
Args in experiment:
[1mBasic Config[0m
  Task Name:          anomaly_detection   Is Training:        1                   
  Model ID:           SWAT                Model:              ISTAD               
  Seed:               90                  Itr:                1                   

[1mData Loader[0m
  Data:               SWAT                Root Path:          /data/modeluse/TS/ISTAD/dataset/SWAT
  Features:           M                   Seq Len:            96                  
  Enc In:             51                  C Out:              51                  
  Checkpoints:        /data/modeluse/TS/ISTAD-release/checkpoints/ISTAD_e2_architecture_ablation
  Eval Step:          96                  

[1mAnomaly Detection Task[0m
  Anomaly Ratio:      1.0                 Threshold Source:   train               

[1mISTAD Parameters[0m
  Kernel Size:        15                  Branch Mode:        hgat                
  TCN Type:           kan                 
  Feat GAT Dim:       -1                  GRU Layers:         1                   
  GRU Hidden:         150                 Recon Layers:       1                   
  Recon Hidden:       32                  ISTAD Dropout:      0.3                 
  Recon Type:         pointwise           KANAD Order:        3                   
  Objective:          reconstruct         Target / Lag:       ('', 1)             
  Leaky Alpha:        0.2                 H Init:             normal              
  Hyperedges:         20                  Top-K Nodes:        10                  
  Spatial Type:       lite                HGAT Rank:          8                   
  HGAT Projection:    linear              Relation Mode:      static              
  KAN Grid:           5                   KAN Order:          3                   
  Arch:               legacy              Ablation:           full                
  Explainability:     0                   Explain Batches:    0                   
  Explain Points:     20000               Explain TopK:       10                  
  SmoothGrad:         0                   SG Samples:         20                  
  SG Noise:           0.1                 Quad Mode:          quantile            
  Quad Value:         0.75                Err Agg:            sum                 
  Sal Agg:            sum                 
  V3 Denoise:         1                   Evidence Head:      0                   
  Clean / Denoise:    (1.0, 0.5)          Evidence Weight:    0.2                 
  Frequency Weight:   0.0                 
  Point Evidence:     0.0                 
  Corrupt P/T/C:      (0.8, 0.15, 0.2)    Corrupt Scale:      1.5                 
  Corrupt Modes:      4                   Target-only corrupt:0                   
  Score Mode:         base_mean           Score Agg / K:      ('calibrated', 3)   
  Evidence Map:       prob                Dump Scores:        1                   
  Strict Val:         1                   Hide Test Loss:     1                   
  Entity Aware:       0                   

[1mRun Parameters[0m
  Num Workers:        4                   Batch Size:         64                  
  Train Epochs:       12                  Patience:           4                   
  Learning Rate:      0.001               Lradj:              cosine              
  Des:                e2_learned_static_s90

[1mGPU[0m
  Use GPU:            1                   GPU:                0                   
  Use Multi GPU:      0                   Devices:            0,1,2,3             

Use GPU: cuda:0
🚀 Lazy Loading: ISTAD ...
>>>>>>>start training : anomaly_detection_SWAT_ISTAD_SWAT_ftM_sl96_bmhgat_relstatic_v3_hglite_bs64_e2_learned_static_s90_0>>>>>>>>>>>>>>>>>>>>>>>>>>
test: (449919, 51)
train: (396000, 51)
train 4168
test: (449919, 51)
train: (396000, 51)
val 1042
Epoch: 1 cost time: 4.471078395843506
Epoch: 1, Steps: 66 | Train Loss: 0.9065812 Vali Loss: 0.2550728
Validation loss decreased (inf --> 0.255073).  Saving model ...
Updating learning rate to 0.0009829629131445341
Epoch: 2 cost time: 3.3502209186553955
Epoch: 2, Steps: 66 | Train Loss: 0.6342859 Vali Loss: 0.1726322
Validation loss decreased (0.255073 --> 0.172632).  Saving model ...
Updating learning rate to 0.0009330127018922195
Epoch: 3 cost time: 3.431593894958496
Epoch: 3, Steps: 66 | Train Loss: 0.4738287 Vali Loss: 0.1454994
Validation loss decreased (0.172632 --> 0.145499).  Saving model ...
Updating learning rate to 0.0008535533905932737
Epoch: 4 cost time: 3.413424491882324
Epoch: 4, Steps: 66 | Train Loss: 0.3680386 Vali Loss: 0.1313016
Validation loss decreased (0.145499 --> 0.131302).  Saving model ...
Updating learning rate to 0.00075
Epoch: 5 cost time: 3.4400501251220703
Epoch: 5, Steps: 66 | Train Loss: 0.2928402 Vali Loss: 0.1203771
Validation loss decreased (0.131302 --> 0.120377).  Saving model ...
Updating learning rate to 0.0006294095225512603
Epoch: 6 cost time: 3.4328505992889404
Epoch: 6, Steps: 66 | Train Loss: 0.2840673 Vali Loss: 0.1139823
Validation loss decreased (0.120377 --> 0.113982).  Saving model ...
Updating learning rate to 0.0005
Epoch: 7 cost time: 3.429064989089966
Epoch: 7, Steps: 66 | Train Loss: 0.2687690 Vali Loss: 0.1192773
EarlyStopping counter: 1 out of 4
Updating learning rate to 0.0003705904774487396
Epoch: 8 cost time: 3.4492976665496826
Epoch: 8, Steps: 66 | Train Loss: 0.2548793 Vali Loss: 0.1223773
EarlyStopping counter: 2 out of 4
Updating learning rate to 0.0002500000000000001
Epoch: 9 cost time: 3.4033491611480713
Epoch: 9, Steps: 66 | Train Loss: 0.2549429 Vali Loss: 0.1164289
EarlyStopping counter: 3 out of 4
Updating learning rate to 0.00014644660940672628
Epoch: 10 cost time: 3.454146146774292
Epoch: 10, Steps: 66 | Train Loss: 0.2470350 Vali Loss: 0.1154262
EarlyStopping counter: 4 out of 4
Early stopping
>>>>>>>testing : anomaly_detection_SWAT_ISTAD_SWAT_ftM_sl96_bmhgat_relstatic_v3_hglite_bs64_e2_learned_static_s90_0<<<<<<<<<<<<<<<<<<<<<<<<<<<<<<<<<
test: (449919, 51)
train: (396000, 51)
test 4686
test: (449919, 51)
train: (396000, 51)
score_train 4125
Percentile Threshold Source: train
Percentile Threshold : 1.8488712728023582
Saved point scores and labels: /data/modeluse/TS/ISTAD-release/analysis/e2_architecture_ablation/runtime/anomaly_detection_SWAT_ISTAD_SWAT_ftM_sl96_bmhgat_relstatic_v3_hglite_bs64_e2_learned_static_s90_0/point_scores.npz
pred_raw: (449856,)
gt:      (449856,)
pred_pa: (449856,)
gt_pa:   (449856,)

============================================================
使用百分位数阈值的结果:
============================================================
Raw point F1: 0.2877 (P=0.1739, R=0.8315)
Accuracy : 0.5104, Precision : 0.1885, Recall : 0.9172, F-score : 0.3127 
============================================================


使用自适应 Best F1 搜索（两阶段）
粗搜索步数: 200, 精细搜索步数: 500

============================================================
自适应 Best F1 阈值搜索（两阶段）
============================================================

分数统计信息:
  最小值: 0.040192
  最大值: 71.470375
  均值: 3.428211
  标准差: 3.643230
  中位数: 3.292244
  第1百分位: 0.069413
  第99百分位: 13.698577

自动确定的搜索范围: [0.040192, 27.397153]

============================================================
阶段 1: 粗搜索（步数: 200）
============================================================

============================================================
开始 Best F1 阈值搜索...
============================================================
搜索范围: [0.0402, 27.3972]
搜索步数: 200
使用点调整: False
阈值: 0.1770 | F1: 0.2503 | Precision: 0.1440 | Recall: 0.9556
阈值: 2.9127 | F1: 0.3099 | Precision: 0.1911 | Recall: 0.8190
阈值: 5.6484 | F1: 0.7291 | Precision: 0.8176 | Recall: 0.6579
阈值: 8.3841 | F1: 0.7722 | Precision: 0.9824 | Recall: 0.6361
阈值: 11.1198 | F1: 0.7572 | Precision: 0.9917 | Recall: 0.6124
阈值: 13.8555 | F1: 0.0782 | Precision: 0.9174 | Recall: 0.0408
阈值: 16.5912 | F1: 0.0637 | Precision: 0.9246 | Recall: 0.0330
阈值: 19.3268 | F1: 0.0471 | Precision: 0.9142 | Recall: 0.0242
阈值: 22.0625 | F1: 0.0283 | Precision: 0.8742 | Recall: 0.0144
阈值: 24.7982 | F1: 0.0034 | Precision: 0.5251 | Recall: 0.0017

============================================================
✓ 找到最佳阈值: 10.162268
  最佳 F1: 0.7740
  Precision: 0.9900
  Recall: 0.6355
============================================================


============================================================
阶段 2: 精细搜索（步数: 500）
============================================================
在最佳阈值 10.162268 附近精细搜索
精细搜索范围: [7.426572, 12.897964]

============================================================
开始 Best F1 阈值搜索...
============================================================
搜索范围: [7.4266, 12.8980]
搜索步数: 500
使用点调整: False
阈值: 7.4375 | F1: 0.7667 | Precision: 0.9643 | Recall: 0.6363
阈值: 7.9847 | F1: 0.7709 | Precision: 0.9780 | Recall: 0.6362
阈值: 8.5318 | F1: 0.7725 | Precision: 0.9834 | Recall: 0.6360
阈值: 9.0789 | F1: 0.7732 | Precision: 0.9858 | Recall: 0.6360
阈值: 9.6261 | F1: 0.7738 | Precision: 0.9884 | Recall: 0.6358
阈值: 10.1732 | F1: 0.7740 | Precision: 0.9900 | Recall: 0.6355
阈值: 10.7203 | F1: 0.7677 | Precision: 0.9918 | Recall: 0.6262
阈值: 11.2675 | F1: 0.7530 | Precision: 0.9916 | Recall: 0.6070
阈值: 11.8146 | F1: 0.7452 | Precision: 0.9915 | Recall: 0.5969
阈值: 12.3618 | F1: 0.7355 | Precision: 0.9920 | Recall: 0.5844

============================================================
✓ 找到最佳阈值: 10.216982
  最佳 F1: 0.7741
  Precision: 0.9900
  Recall: 0.6355
============================================================


✓ 精细搜索找到更好的阈值！

============================================================
自适应搜索完成！
============================================================
最终最佳阈值: 10.216982
最佳 F1: 0.7741
Precision: 0.9900
Recall: 0.6355
============================================================

Saved Best F1 results: /data/modeluse/TS/ISTAD-release/analysis/e2_architecture_ablation/runtime/anomaly_detection_SWAT_ISTAD_SWAT_ftM_sl96_bmhgat_relstatic_v3_hglite_bs64_e2_learned_static_s90_0/bestf1_threshold_results.json
Saved anomaly score plot: /data/modeluse/TS/ISTAD-release/analysis/e2_architecture_ablation/runtime/anomaly_detection_SWAT_ISTAD_SWAT_ftM_sl96_bmhgat_relstatic_v3_hglite_bs64_e2_learned_static_s90_0/anomaly_score_threshold.png
ISTAD explainability is disabled by --istad_enable_explain 0
Saved train time summary: /data/modeluse/TS/ISTAD-release/analysis/e2_architecture_ablation/runtime/anomaly_detection_SWAT_ISTAD_SWAT_ftM_sl96_bmhgat_relstatic_v3_hglite_bs64_e2_learned_static_s90_0/train_time_summary.json
=== E2 SWAT seed 90 fixed_random ===
Using GPU
Args in experiment:
[1mBasic Config[0m
  Task Name:          anomaly_detection   Is Training:        1                   
  Model ID:           SWAT                Model:              ISTAD               
  Seed:               90                  Itr:                1                   

[1mData Loader[0m
  Data:               SWAT                Root Path:          /data/modeluse/TS/ISTAD/dataset/SWAT
  Features:           M                   Seq Len:            96                  
  Enc In:             51                  C Out:              51                  
  Checkpoints:        /data/modeluse/TS/ISTAD-release/checkpoints/ISTAD_e2_architecture_ablation
  Eval Step:          96                  

[1mAnomaly Detection Task[0m
  Anomaly Ratio:      1.0                 Threshold Source:   train               

[1mISTAD Parameters[0m
  Kernel Size:        15                  Branch Mode:        hgat                
  TCN Type:           kan                 
  Feat GAT Dim:       -1                  GRU Layers:         1                   
  GRU Hidden:         150                 Recon Layers:       1                   
  Recon Hidden:       32                  ISTAD Dropout:      0.3                 
  Recon Type:         pointwise           KANAD Order:        3                   
  Objective:          reconstruct         Target / Lag:       ('', 1)             
  Leaky Alpha:        0.2                 H Init:             normal              
  Hyperedges:         20                  Top-K Nodes:        10                  
  Spatial Type:       lite                HGAT Rank:          8                   
  HGAT Projection:    linear              Relation Mode:      fixed_random        
  KAN Grid:           5                   KAN Order:          3                   
  Arch:               legacy              Ablation:           full                
  Explainability:     0                   Explain Batches:    0                   
  Explain Points:     20000               Explain TopK:       10                  
  SmoothGrad:         0                   SG Samples:         20                  
  SG Noise:           0.1                 Quad Mode:          quantile            
  Quad Value:         0.75                Err Agg:            sum                 
  Sal Agg:            sum                 
  V3 Denoise:         1                   Evidence Head:      0                   
  Clean / Denoise:    (1.0, 0.5)          Evidence Weight:    0.2                 
  Frequency Weight:   0.0                 
  Point Evidence:     0.0                 
  Corrupt P/T/C:      (0.8, 0.15, 0.2)    Corrupt Scale:      1.5                 
  Corrupt Modes:      4                   Target-only corrupt:0                   
  Score Mode:         base_mean           Score Agg / K:      ('calibrated', 3)   
  Evidence Map:       prob                Dump Scores:        1                   
  Strict Val:         1                   Hide Test Loss:     1                   
  Entity Aware:       0                   

[1mRun Parameters[0m
  Num Workers:        4                   Batch Size:         64                  
  Train Epochs:       12                  Patience:           4                   
  Learning Rate:      0.001               Lradj:              cosine              
  Des:                e2_fixed_random_s90 

[1mGPU[0m
  Use GPU:            1                   GPU:                0                   
  Use Multi GPU:      0                   Devices:            0,1,2,3             

Use GPU: cuda:0
🚀 Lazy Loading: ISTAD ...
>>>>>>>start training : anomaly_detection_SWAT_ISTAD_SWAT_ftM_sl96_bmhgat_relfixed_random_v3_hglite_bs64_e2_fixed_random_s90_0>>>>>>>>>>>>>>>>>>>>>>>>>>
test: (449919, 51)
train: (396000, 51)
train 4168
test: (449919, 51)
train: (396000, 51)
val 1042
Epoch: 1 cost time: 4.295641660690308
Epoch: 1, Steps: 66 | Train Loss: 0.9094468 Vali Loss: 0.2576521
Validation loss decreased (inf --> 0.257652).  Saving model ...
Updating learning rate to 0.0009829629131445341
Epoch: 2 cost time: 3.224398612976074
Epoch: 2, Steps: 66 | Train Loss: 0.6340250 Vali Loss: 0.1731469
Validation loss decreased (0.257652 --> 0.173147).  Saving model ...
Updating learning rate to 0.0009330127018922195
Epoch: 3 cost time: 3.223257303237915
Epoch: 3, Steps: 66 | Train Loss: 0.4690735 Vali Loss: 0.1467589
Validation loss decreased (0.173147 --> 0.146759).  Saving model ...
Updating learning rate to 0.0008535533905932737
Epoch: 4 cost time: 3.1995136737823486
Epoch: 4, Steps: 66 | Train Loss: 0.3582810 Vali Loss: 0.1289783
Validation loss decreased (0.146759 --> 0.128978).  Saving model ...
Updating learning rate to 0.00075
Epoch: 5 cost time: 3.2351555824279785
Epoch: 5, Steps: 66 | Train Loss: 0.2866221 Vali Loss: 0.1245517
Validation loss decreased (0.128978 --> 0.124552).  Saving model ...
Updating learning rate to 0.0006294095225512603
Epoch: 6 cost time: 3.2130208015441895
Epoch: 6, Steps: 66 | Train Loss: 0.2792874 Vali Loss: 0.1172902
Validation loss decreased (0.124552 --> 0.117290).  Saving model ...
Updating learning rate to 0.0005
Epoch: 7 cost time: 3.3021233081817627
Epoch: 7, Steps: 66 | Train Loss: 0.2652986 Vali Loss: 0.1204044
EarlyStopping counter: 1 out of 4
Updating learning rate to 0.0003705904774487396
Epoch: 8 cost time: 3.275247573852539
Epoch: 8, Steps: 66 | Train Loss: 0.2511286 Vali Loss: 0.1248868
EarlyStopping counter: 2 out of 4
Updating learning rate to 0.0002500000000000001
Epoch: 9 cost time: 3.248112916946411
Epoch: 9, Steps: 66 | Train Loss: 0.2513162 Vali Loss: 0.1174005
EarlyStopping counter: 3 out of 4
Updating learning rate to 0.00014644660940672628
Epoch: 10 cost time: 3.3264966011047363
Epoch: 10, Steps: 66 | Train Loss: 0.2441512 Vali Loss: 0.1163553
Validation loss decreased (0.117290 --> 0.116355).  Saving model ...
Updating learning rate to 6.698729810778065e-05
Epoch: 11 cost time: 3.207482099533081
Epoch: 11, Steps: 66 | Train Loss: 0.2382804 Vali Loss: 0.1180634
EarlyStopping counter: 1 out of 4
Updating learning rate to 1.70370868554659e-05
Epoch: 12 cost time: 3.2252702713012695
Epoch: 12, Steps: 66 | Train Loss: 0.2417107 Vali Loss: 0.1134727
Validation loss decreased (0.116355 --> 0.113473).  Saving model ...
Updating learning rate to 0.0
>>>>>>>testing : anomaly_detection_SWAT_ISTAD_SWAT_ftM_sl96_bmhgat_relfixed_random_v3_hglite_bs64_e2_fixed_random_s90_0<<<<<<<<<<<<<<<<<<<<<<<<<<<<<<<<<
test: (449919, 51)
train: (396000, 51)
test 4686
test: (449919, 51)
train: (396000, 51)
score_train 4125
Percentile Threshold Source: train
Percentile Threshold : 1.391966947317124
Saved point scores and labels: /data/modeluse/TS/ISTAD-release/analysis/e2_architecture_ablation/runtime/anomaly_detection_SWAT_ISTAD_SWAT_ftM_sl96_bmhgat_relfixed_random_v3_hglite_bs64_e2_fixed_random_s90_0/point_scores.npz
pred_raw: (449856,)
gt:      (449856,)
pred_pa: (449856,)
gt_pa:   (449856,)

============================================================
使用百分位数阈值的结果:
============================================================
Raw point F1: 0.2890 (P=0.1725, R=0.8890)
Accuracy : 0.4722, Precision : 0.1770, Recall : 0.9172, F-score : 0.2968 
============================================================


使用自适应 Best F1 搜索（两阶段）
粗搜索步数: 200, 精细搜索步数: 500

============================================================
自适应 Best F1 阈值搜索（两阶段）
============================================================

分数统计信息:
  最小值: 0.057008
  最大值: 71.112923
  均值: 3.644035
  标准差: 3.729017
  中位数: 3.621354
  第1百分位: 0.073801
  第99百分位: 13.579931

自动确定的搜索范围: [0.057008, 27.159862]

============================================================
阶段 1: 粗搜索（步数: 200）
============================================================

============================================================
开始 Best F1 阈值搜索...
============================================================
搜索范围: [0.0570, 27.1599]
搜索步数: 200
使用点调整: False
阈值: 0.1925 | F1: 0.2525 | Precision: 0.1455 | Recall: 0.9545
阈值: 2.9028 | F1: 0.3029 | Precision: 0.1858 | Recall: 0.8188
阈值: 5.6131 | F1: 0.6166 | Precision: 0.5604 | Recall: 0.6855
阈值: 8.3234 | F1: 0.7706 | Precision: 0.9766 | Recall: 0.6363
阈值: 11.0337 | F1: 0.7608 | Precision: 0.9904 | Recall: 0.6176
阈值: 13.7439 | F1: 0.0783 | Precision: 0.9125 | Recall: 0.0409
阈值: 16.4542 | F1: 0.0712 | Precision: 0.9279 | Recall: 0.0370
阈值: 19.1645 | F1: 0.0608 | Precision: 0.9201 | Recall: 0.0314
阈值: 21.8748 | F1: 0.0449 | Precision: 0.9101 | Recall: 0.0230
阈值: 24.5851 | F1: 0.0240 | Precision: 0.8568 | Recall: 0.0122

============================================================
✓ 找到最佳阈值: 10.356092
  最佳 F1: 0.7741
  Precision: 0.9893
  Recall: 0.6358
============================================================


============================================================
阶段 2: 精细搜索（步数: 500）
============================================================
在最佳阈值 10.356092 附近精细搜索
精细搜索范围: [7.645807, 13.066378]

============================================================
开始 Best F1 阈值搜索...
============================================================
搜索范围: [7.6458, 13.0664]
搜索步数: 500
使用点调整: False
阈值: 7.6566 | F1: 0.7655 | Precision: 0.9601 | Recall: 0.6365
阈值: 8.1987 | F1: 0.7701 | Precision: 0.9750 | Recall: 0.6364
阈值: 8.7408 | F1: 0.7722 | Precision: 0.9820 | Recall: 0.6363
阈值: 9.2828 | F1: 0.7730 | Precision: 0.9848 | Recall: 0.6362
阈值: 9.8249 | F1: 0.7737 | Precision: 0.9875 | Recall: 0.6360
阈值: 10.3669 | F1: 0.7741 | Precision: 0.9893 | Recall: 0.6358
阈值: 10.9090 | F1: 0.7652 | Precision: 0.9904 | Recall: 0.6234
阈值: 11.4510 | F1: 0.7534 | Precision: 0.9903 | Recall: 0.6079
阈值: 11.9931 | F1: 0.7445 | Precision: 0.9902 | Recall: 0.5965
阈值: 12.5352 | F1: 0.6906 | Precision: 0.9908 | Recall: 0.5301

============================================================
✓ 找到最佳阈值: 10.345251
  最佳 F1: 0.7741
  Precision: 0.9893
  Recall: 0.6358
============================================================


✓ 粗搜索的结果已经是最优的。

============================================================
自适应搜索完成！
============================================================
最终最佳阈值: 10.356092
最佳 F1: 0.7741
Precision: 0.9893
Recall: 0.6358
============================================================

Saved Best F1 results: /data/modeluse/TS/ISTAD-release/analysis/e2_architecture_ablation/runtime/anomaly_detection_SWAT_ISTAD_SWAT_ftM_sl96_bmhgat_relfixed_random_v3_hglite_bs64_e2_fixed_random_s90_0/bestf1_threshold_results.json
Saved anomaly score plot: /data/modeluse/TS/ISTAD-release/analysis/e2_architecture_ablation/runtime/anomaly_detection_SWAT_ISTAD_SWAT_ftM_sl96_bmhgat_relfixed_random_v3_hglite_bs64_e2_fixed_random_s90_0/anomaly_score_threshold.png
ISTAD explainability is disabled by --istad_enable_explain 0
Saved train time summary: /data/modeluse/TS/ISTAD-release/analysis/e2_architecture_ablation/runtime/anomaly_detection_SWAT_ISTAD_SWAT_ftM_sl96_bmhgat_relfixed_random_v3_hglite_bs64_e2_fixed_random_s90_0/train_time_summary.json
=== E2 SWAT seed 90 no_message ===
Using GPU
Args in experiment:
[1mBasic Config[0m
  Task Name:          anomaly_detection   Is Training:        1                   
  Model ID:           SWAT                Model:              ISTAD               
  Seed:               90                  Itr:                1                   

[1mData Loader[0m
  Data:               SWAT                Root Path:          /data/modeluse/TS/ISTAD/dataset/SWAT
  Features:           M                   Seq Len:            96                  
  Enc In:             51                  C Out:              51                  
  Checkpoints:        /data/modeluse/TS/ISTAD-release/checkpoints/ISTAD_e2_architecture_ablation
  Eval Step:          96                  

[1mAnomaly Detection Task[0m
  Anomaly Ratio:      1.0                 Threshold Source:   train               

[1mISTAD Parameters[0m
  Kernel Size:        15                  Branch Mode:        hgat                
  TCN Type:           kan                 
  Feat GAT Dim:       -1                  GRU Layers:         1                   
  GRU Hidden:         150                 Recon Layers:       1                   
  Recon Hidden:       32                  ISTAD Dropout:      0.3                 
  Recon Type:         pointwise           KANAD Order:        3                   
  Objective:          reconstruct         Target / Lag:       ('', 1)             
  Leaky Alpha:        0.2                 H Init:             normal              
  Hyperedges:         20                  Top-K Nodes:        10                  
  Spatial Type:       lite                HGAT Rank:          8                   
  HGAT Projection:    linear              Relation Mode:      no_message          
  KAN Grid:           5                   KAN Order:          3                   
  Arch:               legacy              Ablation:           full                
  Explainability:     0                   Explain Batches:    0                   
  Explain Points:     20000               Explain TopK:       10                  
  SmoothGrad:         0                   SG Samples:         20                  
  SG Noise:           0.1                 Quad Mode:          quantile            
  Quad Value:         0.75                Err Agg:            sum                 
  Sal Agg:            sum                 
  V3 Denoise:         1                   Evidence Head:      0                   
  Clean / Denoise:    (1.0, 0.5)          Evidence Weight:    0.2                 
  Frequency Weight:   0.0                 
  Point Evidence:     0.0                 
  Corrupt P/T/C:      (0.8, 0.15, 0.2)    Corrupt Scale:      1.5                 
  Corrupt Modes:      4                   Target-only corrupt:0                   
  Score Mode:         base_mean           Score Agg / K:      ('calibrated', 3)   
  Evidence Map:       prob                Dump Scores:        1                   
  Strict Val:         1                   Hide Test Loss:     1                   
  Entity Aware:       0                   

[1mRun Parameters[0m
  Num Workers:        4                   Batch Size:         64                  
  Train Epochs:       12                  Patience:           4                   
  Learning Rate:      0.001               Lradj:              cosine              
  Des:                e2_no_message_s90   

[1mGPU[0m
  Use GPU:            1                   GPU:                0                   
  Use Multi GPU:      0                   Devices:            0,1,2,3             

Use GPU: cuda:0
🚀 Lazy Loading: ISTAD ...
>>>>>>>start training : anomaly_detection_SWAT_ISTAD_SWAT_ftM_sl96_bmhgat_relno_message_v3_hglite_bs64_e2_no_message_s90_0>>>>>>>>>>>>>>>>>>>>>>>>>>
test: (449919, 51)
train: (396000, 51)
train 4168
test: (449919, 51)
train: (396000, 51)
val 1042
Epoch: 1 cost time: 3.810065507888794
Epoch: 1, Steps: 66 | Train Loss: 0.8869948 Vali Loss: 0.2536761
Validation loss decreased (inf --> 0.253676).  Saving model ...
Updating learning rate to 0.0009829629131445341
Epoch: 2 cost time: 2.8138184547424316
Epoch: 2, Steps: 66 | Train Loss: 0.6353277 Vali Loss: 0.1697615
Validation loss decreased (0.253676 --> 0.169761).  Saving model ...
Updating learning rate to 0.0009330127018922195
Epoch: 3 cost time: 2.74899959564209
Epoch: 3, Steps: 66 | Train Loss: 0.4716529 Vali Loss: 0.1492136
Validation loss decreased (0.169761 --> 0.149214).  Saving model ...
Updating learning rate to 0.0008535533905932737
Epoch: 4 cost time: 2.761753797531128
Epoch: 4, Steps: 66 | Train Loss: 0.3496748 Vali Loss: 0.1300707
Validation loss decreased (0.149214 --> 0.130071).  Saving model ...
Updating learning rate to 0.00075
Epoch: 5 cost time: 2.660565137863159
Epoch: 5, Steps: 66 | Train Loss: 0.2942386 Vali Loss: 0.1273957
Validation loss decreased (0.130071 --> 0.127396).  Saving model ...
Updating learning rate to 0.0006294095225512603
Epoch: 6 cost time: 2.76828670501709
Epoch: 6, Steps: 66 | Train Loss: 0.2898209 Vali Loss: 0.1171585
Validation loss decreased (0.127396 --> 0.117159).  Saving model ...
Updating learning rate to 0.0005
Epoch: 7 cost time: 2.7683169841766357
Epoch: 7, Steps: 66 | Train Loss: 0.2549172 Vali Loss: 0.1193350
EarlyStopping counter: 1 out of 4
Updating learning rate to 0.0003705904774487396
Epoch: 8 cost time: 2.7655563354492188
Epoch: 8, Steps: 66 | Train Loss: 0.2579190 Vali Loss: 0.1207685
EarlyStopping counter: 2 out of 4
Updating learning rate to 0.0002500000000000001
Epoch: 9 cost time: 2.770214080810547
Epoch: 9, Steps: 66 | Train Loss: 0.2501852 Vali Loss: 0.1190464
EarlyStopping counter: 3 out of 4
Updating learning rate to 0.00014644660940672628
Epoch: 10 cost time: 2.771022081375122
Epoch: 10, Steps: 66 | Train Loss: 0.2543271 Vali Loss: 0.1175586
EarlyStopping counter: 4 out of 4
Early stopping
>>>>>>>testing : anomaly_detection_SWAT_ISTAD_SWAT_ftM_sl96_bmhgat_relno_message_v3_hglite_bs64_e2_no_message_s90_0<<<<<<<<<<<<<<<<<<<<<<<<<<<<<<<<<
test: (449919, 51)
train: (396000, 51)
test 4686
test: (449919, 51)
train: (396000, 51)
score_train 4125
Percentile Threshold Source: train
Percentile Threshold : 1.6881933629512846
Saved point scores and labels: /data/modeluse/TS/ISTAD-release/analysis/e2_architecture_ablation/runtime/anomaly_detection_SWAT_ISTAD_SWAT_ftM_sl96_bmhgat_relno_message_v3_hglite_bs64_e2_no_message_s90_0/point_scores.npz
pred_raw: (449856,)
gt:      (449856,)
pred_pa: (449856,)
gt_pa:   (449856,)

============================================================
使用百分位数阈值的结果:
============================================================
Raw point F1: 0.2887 (P=0.1735, R=0.8575)
Accuracy : 0.4941, Precision : 0.1834, Recall : 0.9172, F-score : 0.3057 
============================================================


使用自适应 Best F1 搜索（两阶段）
粗搜索步数: 200, 精细搜索步数: 500

============================================================
自适应 Best F1 阈值搜索（两阶段）
============================================================

分数统计信息:
  最小值: 0.047521
  最大值: 71.585304
  均值: 3.418042
  标准差: 3.570441
  中位数: 3.331802
  第1百分位: 0.069270
  第99百分位: 13.136016

自动确定的搜索范围: [0.047521, 26.272031]

============================================================
阶段 1: 粗搜索（步数: 200）
============================================================

============================================================
开始 Best F1 阈值搜索...
============================================================
搜索范围: [0.0475, 26.2720]
搜索步数: 200
使用点调整: False
阈值: 0.1786 | F1: 0.2500 | Precision: 0.1438 | Recall: 0.9573
阈值: 2.8011 | F1: 0.3059 | Precision: 0.1881 | Recall: 0.8194
阈值: 5.4235 | F1: 0.6853 | Precision: 0.6979 | Recall: 0.6733
阈值: 8.0460 | F1: 0.7719 | Precision: 0.9811 | Recall: 0.6362
阈值: 10.6684 | F1: 0.7619 | Precision: 0.9904 | Recall: 0.6190
阈值: 13.2909 | F1: 0.0783 | Precision: 0.9133 | Recall: 0.0409
阈值: 15.9133 | F1: 0.0775 | Precision: 0.9185 | Recall: 0.0404
阈值: 18.5358 | F1: 0.0605 | Precision: 0.9237 | Recall: 0.0313
阈值: 21.1583 | F1: 0.0454 | Precision: 0.9080 | Recall: 0.0233
阈值: 23.7807 | F1: 0.0180 | Precision: 0.8311 | Recall: 0.0091

============================================================
✓ 找到最佳阈值: 10.143957
  最佳 F1: 0.7741
  Precision: 0.9897
  Recall: 0.6356
============================================================


============================================================
阶段 2: 精细搜索（步数: 500）
============================================================
在最佳阈值 10.143957 附近精细搜索
精细搜索范围: [7.521506, 12.766408]

============================================================
开始 Best F1 阈值搜索...
============================================================
搜索范围: [7.5215, 12.7664]
搜索步数: 500
使用点调整: False
阈值: 7.5320 | F1: 0.7689 | Precision: 0.9713 | Recall: 0.6363
阈值: 8.0565 | F1: 0.7719 | Precision: 0.9813 | Recall: 0.6362
阈值: 8.5810 | F1: 0.7728 | Precision: 0.9843 | Recall: 0.6361
阈值: 9.1055 | F1: 0.7734 | Precision: 0.9865 | Recall: 0.6361
阈值: 9.6300 | F1: 0.7739 | Precision: 0.9887 | Recall: 0.6358
阈值: 10.1544 | F1: 0.7741 | Precision: 0.9897 | Recall: 0.6356
阈值: 10.6789 | F1: 0.7617 | Precision: 0.9904 | Recall: 0.6188
阈值: 11.2034 | F1: 0.7515 | Precision: 0.9904 | Recall: 0.6054
阈值: 11.7279 | F1: 0.7380 | Precision: 0.9919 | Recall: 0.5876
阈值: 12.2524 | F1: 0.6546 | Precision: 0.9920 | Recall: 0.4885

============================================================
✓ 找到最佳阈值: 10.206896
  最佳 F1: 0.7742
  Precision: 0.9899
  Recall: 0.6356
============================================================


✓ 精细搜索找到更好的阈值！

============================================================
自适应搜索完成！
============================================================
最终最佳阈值: 10.206896
最佳 F1: 0.7742
Precision: 0.9899
Recall: 0.6356
============================================================

Saved Best F1 results: /data/modeluse/TS/ISTAD-release/analysis/e2_architecture_ablation/runtime/anomaly_detection_SWAT_ISTAD_SWAT_ftM_sl96_bmhgat_relno_message_v3_hglite_bs64_e2_no_message_s90_0/bestf1_threshold_results.json
Saved anomaly score plot: /data/modeluse/TS/ISTAD-release/analysis/e2_architecture_ablation/runtime/anomaly_detection_SWAT_ISTAD_SWAT_ftM_sl96_bmhgat_relno_message_v3_hglite_bs64_e2_no_message_s90_0/anomaly_score_threshold.png
ISTAD explainability is disabled by --istad_enable_explain 0
Saved train time summary: /data/modeluse/TS/ISTAD-release/analysis/e2_architecture_ablation/runtime/anomaly_detection_SWAT_ISTAD_SWAT_ftM_sl96_bmhgat_relno_message_v3_hglite_bs64_e2_no_message_s90_0/train_time_summary.json
=== E2 SWAT seed 98 learned_dynamic ===
Using GPU
Args in experiment:
[1mBasic Config[0m
  Task Name:          anomaly_detection   Is Training:        1                   
  Model ID:           SWAT                Model:              ISTAD               
  Seed:               98                  Itr:                1                   

[1mData Loader[0m
  Data:               SWAT                Root Path:          /data/modeluse/TS/ISTAD/dataset/SWAT
  Features:           M                   Seq Len:            96                  
  Enc In:             51                  C Out:              51                  
  Checkpoints:        /data/modeluse/TS/ISTAD-release/checkpoints/ISTAD_e2_architecture_ablation
  Eval Step:          96                  

[1mAnomaly Detection Task[0m
  Anomaly Ratio:      1.0                 Threshold Source:   train               

[1mISTAD Parameters[0m
  Kernel Size:        15                  Branch Mode:        hgat                
  TCN Type:           kan                 
  Feat GAT Dim:       -1                  GRU Layers:         1                   
  GRU Hidden:         150                 Recon Layers:       1                   
  Recon Hidden:       32                  ISTAD Dropout:      0.3                 
  Recon Type:         pointwise           KANAD Order:        3                   
  Objective:          reconstruct         Target / Lag:       ('', 1)             
  Leaky Alpha:        0.2                 H Init:             normal              
  Hyperedges:         20                  Top-K Nodes:        10                  
  Spatial Type:       lite                HGAT Rank:          8                   
  HGAT Projection:    linear              Relation Mode:      dynamic             
  KAN Grid:           5                   KAN Order:          3                   
  Arch:               legacy              Ablation:           full                
  Explainability:     0                   Explain Batches:    0                   
  Explain Points:     20000               Explain TopK:       10                  
  SmoothGrad:         0                   SG Samples:         20                  
  SG Noise:           0.1                 Quad Mode:          quantile            
  Quad Value:         0.75                Err Agg:            sum                 
  Sal Agg:            sum                 
  V3 Denoise:         1                   Evidence Head:      0                   
  Clean / Denoise:    (1.0, 0.5)          Evidence Weight:    0.2                 
  Frequency Weight:   0.0                 
  Point Evidence:     0.0                 
  Corrupt P/T/C:      (0.8, 0.15, 0.2)    Corrupt Scale:      1.5                 
  Corrupt Modes:      4                   Target-only corrupt:0                   
  Score Mode:         base_mean           Score Agg / K:      ('calibrated', 3)   
  Evidence Map:       prob                Dump Scores:        1                   
  Strict Val:         1                   Hide Test Loss:     1                   
  Entity Aware:       0                   

[1mRun Parameters[0m
  Num Workers:        4                   Batch Size:         64                  
  Train Epochs:       12                  Patience:           4                   
  Learning Rate:      0.001               Lradj:              cosine              
  Des:                e2_learned_dynamic_s98

[1mGPU[0m
  Use GPU:            1                   GPU:                0                   
  Use Multi GPU:      0                   Devices:            0,1,2,3             

Use GPU: cuda:0
🚀 Lazy Loading: ISTAD ...
>>>>>>>start training : anomaly_detection_SWAT_ISTAD_SWAT_ftM_sl96_bmhgat_v3_hglite_bs64_e2_learned_dynamic_s98_0>>>>>>>>>>>>>>>>>>>>>>>>>>
test: (449919, 51)
train: (396000, 51)
train 4168
test: (449919, 51)
train: (396000, 51)
val 1042
Epoch: 1 cost time: 4.920293092727661
Epoch: 1, Steps: 66 | Train Loss: 0.8953629 Vali Loss: 0.2563913
Validation loss decreased (inf --> 0.256391).  Saving model ...
Updating learning rate to 0.0009829629131445341
Epoch: 2 cost time: 3.807406187057495
Epoch: 2, Steps: 66 | Train Loss: 0.5919960 Vali Loss: 0.1813971
Validation loss decreased (0.256391 --> 0.181397).  Saving model ...
Updating learning rate to 0.0009330127018922195
Epoch: 3 cost time: 3.8116962909698486
Epoch: 3, Steps: 66 | Train Loss: 0.4417144 Vali Loss: 0.1430487
Validation loss decreased (0.181397 --> 0.143049).  Saving model ...
Updating learning rate to 0.0008535533905932737
Epoch: 4 cost time: 3.807598114013672
Epoch: 4, Steps: 66 | Train Loss: 0.3185758 Vali Loss: 0.1357085
Validation loss decreased (0.143049 --> 0.135708).  Saving model ...
Updating learning rate to 0.00075
Epoch: 5 cost time: 3.8172028064727783
Epoch: 5, Steps: 66 | Train Loss: 0.2786111 Vali Loss: 0.1244219
Validation loss decreased (0.135708 --> 0.124422).  Saving model ...
Updating learning rate to 0.0006294095225512603
Epoch: 6 cost time: 3.8220162391662598
Epoch: 6, Steps: 66 | Train Loss: 0.2611147 Vali Loss: 0.1235207
Validation loss decreased (0.124422 --> 0.123521).  Saving model ...
Updating learning rate to 0.0005
Epoch: 7 cost time: 3.8020899295806885
Epoch: 7, Steps: 66 | Train Loss: 0.2538136 Vali Loss: 0.1260312
EarlyStopping counter: 1 out of 4
Updating learning rate to 0.0003705904774487396
Epoch: 8 cost time: 3.8217973709106445
Epoch: 8, Steps: 66 | Train Loss: 0.2509785 Vali Loss: 0.1219310
Validation loss decreased (0.123521 --> 0.121931).  Saving model ...
Updating learning rate to 0.0002500000000000001
Epoch: 9 cost time: 3.8296761512756348
Epoch: 9, Steps: 66 | Train Loss: 0.2494003 Vali Loss: 0.1137555
Validation loss decreased (0.121931 --> 0.113756).  Saving model ...
Updating learning rate to 0.00014644660940672628
Epoch: 10 cost time: 3.788203239440918
Epoch: 10, Steps: 66 | Train Loss: 0.2461115 Vali Loss: 0.1151392
EarlyStopping counter: 1 out of 4
Updating learning rate to 6.698729810778065e-05
Epoch: 11 cost time: 3.815218925476074
Epoch: 11, Steps: 66 | Train Loss: 0.2390073 Vali Loss: 0.1197709
EarlyStopping counter: 2 out of 4
Updating learning rate to 1.70370868554659e-05
Epoch: 12 cost time: 3.8192710876464844
Epoch: 12, Steps: 66 | Train Loss: 0.2376623 Vali Loss: 0.1118527
Validation loss decreased (0.113756 --> 0.111853).  Saving model ...
Updating learning rate to 0.0
>>>>>>>testing : anomaly_detection_SWAT_ISTAD_SWAT_ftM_sl96_bmhgat_v3_hglite_bs64_e2_learned_dynamic_s98_0<<<<<<<<<<<<<<<<<<<<<<<<<<<<<<<<<
test: (449919, 51)
train: (396000, 51)
test 4686
test: (449919, 51)
train: (396000, 51)
score_train 4125
Percentile Threshold Source: train
Percentile Threshold : 1.3460338282585242
Saved point scores and labels: /data/modeluse/TS/ISTAD-release/analysis/e2_architecture_ablation/runtime/anomaly_detection_SWAT_ISTAD_SWAT_ftM_sl96_bmhgat_v3_hglite_bs64_e2_learned_dynamic_s98_0/point_scores.npz
pred_raw: (449856,)
gt:      (449856,)
pred_pa: (449856,)
gt_pa:   (449856,)

============================================================
使用百分位数阈值的结果:
============================================================
Raw point F1: 0.2841 (P=0.1693, R=0.8803)
Accuracy : 0.4657, Precision : 0.1752, Recall : 0.9172, F-score : 0.2942 
============================================================


使用自适应 Best F1 搜索（两阶段）
粗搜索步数: 200, 精细搜索步数: 500

============================================================
自适应 Best F1 阈值搜索（两阶段）
============================================================

分数统计信息:
  最小值: 0.073428
  最大值: 71.439522
  均值: 3.625334
  标准差: 3.676588
  中位数: 3.567517
  第1百分位: 0.094172
  第99百分位: 13.399786

自动确定的搜索范围: [0.073428, 26.799572]

============================================================
阶段 1: 粗搜索（步数: 200）
============================================================

============================================================
开始 Best F1 阈值搜索...
============================================================
搜索范围: [0.0734, 26.7996]
搜索步数: 200
使用点调整: False
阈值: 0.2071 | F1: 0.2531 | Precision: 0.1458 | Recall: 0.9566
阈值: 2.8797 | F1: 0.3028 | Precision: 0.1857 | Recall: 0.8190
阈值: 5.5523 | F1: 0.6188 | Precision: 0.5672 | Recall: 0.6806
阈值: 8.2249 | F1: 0.7705 | Precision: 0.9765 | Recall: 0.6363
阈值: 10.8975 | F1: 0.7574 | Precision: 0.9900 | Recall: 0.6133
阈值: 13.5701 | F1: 0.0892 | Precision: 0.9069 | Recall: 0.0469
阈值: 16.2427 | F1: 0.0806 | Precision: 0.9042 | Recall: 0.0422
阈值: 18.9154 | F1: 0.0596 | Precision: 0.9181 | Recall: 0.0308
阈值: 21.5880 | F1: 0.0386 | Precision: 0.8997 | Recall: 0.0197
阈值: 24.2606 | F1: 0.0171 | Precision: 0.8138 | Recall: 0.0086

============================================================
✓ 找到最佳阈值: 10.095732
  最佳 F1: 0.7742
  Precision: 0.9894
  Recall: 0.6358
============================================================


============================================================
阶段 2: 精细搜索（步数: 500）
============================================================
在最佳阈值 10.095732 附近精细搜索
精细搜索范围: [7.423117, 12.768346]

============================================================
开始 Best F1 阈值搜索...
============================================================
搜索范围: [7.4231, 12.7683]
搜索步数: 500
使用点调整: False
阈值: 7.4338 | F1: 0.7629 | Precision: 0.9519 | Recall: 0.6365
阈值: 7.9683 | F1: 0.7684 | Precision: 0.9695 | Recall: 0.6363
阈值: 8.5029 | F1: 0.7722 | Precision: 0.9821 | Recall: 0.6363
阈值: 9.0374 | F1: 0.7734 | Precision: 0.9862 | Recall: 0.6361
阈值: 9.5719 | F1: 0.7739 | Precision: 0.9885 | Recall: 0.6359
阈值: 10.1064 | F1: 0.7742 | Precision: 0.9894 | Recall: 0.6358
阈值: 10.6409 | F1: 0.7636 | Precision: 0.9900 | Recall: 0.6214
阈值: 11.1755 | F1: 0.7535 | Precision: 0.9900 | Recall: 0.6082
阈值: 11.7100 | F1: 0.7453 | Precision: 0.9898 | Recall: 0.5976
阈值: 12.2445 | F1: 0.7265 | Precision: 0.9901 | Recall: 0.5737

============================================================
✓ 找到最佳阈值: 10.149184
  最佳 F1: 0.7742
  Precision: 0.9895
  Recall: 0.6358
============================================================


✓ 精细搜索找到更好的阈值！

============================================================
自适应搜索完成！
============================================================
最终最佳阈值: 10.149184
最佳 F1: 0.7742
Precision: 0.9895
Recall: 0.6358
============================================================

Saved Best F1 results: /data/modeluse/TS/ISTAD-release/analysis/e2_architecture_ablation/runtime/anomaly_detection_SWAT_ISTAD_SWAT_ftM_sl96_bmhgat_v3_hglite_bs64_e2_learned_dynamic_s98_0/bestf1_threshold_results.json
Saved anomaly score plot: /data/modeluse/TS/ISTAD-release/analysis/e2_architecture_ablation/runtime/anomaly_detection_SWAT_ISTAD_SWAT_ftM_sl96_bmhgat_v3_hglite_bs64_e2_learned_dynamic_s98_0/anomaly_score_threshold.png
ISTAD explainability is disabled by --istad_enable_explain 0
Saved train time summary: /data/modeluse/TS/ISTAD-release/analysis/e2_architecture_ablation/runtime/anomaly_detection_SWAT_ISTAD_SWAT_ftM_sl96_bmhgat_v3_hglite_bs64_e2_learned_dynamic_s98_0/train_time_summary.json
=== E2 SWAT seed 98 learned_static ===
Using GPU
Args in experiment:
[1mBasic Config[0m
  Task Name:          anomaly_detection   Is Training:        1                   
  Model ID:           SWAT                Model:              ISTAD               
  Seed:               98                  Itr:                1                   

[1mData Loader[0m
  Data:               SWAT                Root Path:          /data/modeluse/TS/ISTAD/dataset/SWAT
  Features:           M                   Seq Len:            96                  
  Enc In:             51                  C Out:              51                  
  Checkpoints:        /data/modeluse/TS/ISTAD-release/checkpoints/ISTAD_e2_architecture_ablation
  Eval Step:          96                  

[1mAnomaly Detection Task[0m
  Anomaly Ratio:      1.0                 Threshold Source:   train               

[1mISTAD Parameters[0m
  Kernel Size:        15                  Branch Mode:        hgat                
  TCN Type:           kan                 
  Feat GAT Dim:       -1                  GRU Layers:         1                   
  GRU Hidden:         150                 Recon Layers:       1                   
  Recon Hidden:       32                  ISTAD Dropout:      0.3                 
  Recon Type:         pointwise           KANAD Order:        3                   
  Objective:          reconstruct         Target / Lag:       ('', 1)             
  Leaky Alpha:        0.2                 H Init:             normal              
  Hyperedges:         20                  Top-K Nodes:        10                  
  Spatial Type:       lite                HGAT Rank:          8                   
  HGAT Projection:    linear              Relation Mode:      static              
  KAN Grid:           5                   KAN Order:          3                   
  Arch:               legacy              Ablation:           full                
  Explainability:     0                   Explain Batches:    0                   
  Explain Points:     20000               Explain TopK:       10                  
  SmoothGrad:         0                   SG Samples:         20                  
  SG Noise:           0.1                 Quad Mode:          quantile            
  Quad Value:         0.75                Err Agg:            sum                 
  Sal Agg:            sum                 
  V3 Denoise:         1                   Evidence Head:      0                   
  Clean / Denoise:    (1.0, 0.5)          Evidence Weight:    0.2                 
  Frequency Weight:   0.0                 
  Point Evidence:     0.0                 
  Corrupt P/T/C:      (0.8, 0.15, 0.2)    Corrupt Scale:      1.5                 
  Corrupt Modes:      4                   Target-only corrupt:0                   
  Score Mode:         base_mean           Score Agg / K:      ('calibrated', 3)   
  Evidence Map:       prob                Dump Scores:        1                   
  Strict Val:         1                   Hide Test Loss:     1                   
  Entity Aware:       0                   

[1mRun Parameters[0m
  Num Workers:        4                   Batch Size:         64                  
  Train Epochs:       12                  Patience:           4                   
  Learning Rate:      0.001               Lradj:              cosine              
  Des:                e2_learned_static_s98

[1mGPU[0m
  Use GPU:            1                   GPU:                0                   
  Use Multi GPU:      0                   Devices:            0,1,2,3             

Use GPU: cuda:0
🚀 Lazy Loading: ISTAD ...
>>>>>>>start training : anomaly_detection_SWAT_ISTAD_SWAT_ftM_sl96_bmhgat_relstatic_v3_hglite_bs64_e2_learned_static_s98_0>>>>>>>>>>>>>>>>>>>>>>>>>>
test: (449919, 51)
train: (396000, 51)
train 4168
test: (449919, 51)
train: (396000, 51)
val 1042
Epoch: 1 cost time: 4.61937141418457
Epoch: 1, Steps: 66 | Train Loss: 0.8937799 Vali Loss: 0.2543164
Validation loss decreased (inf --> 0.254316).  Saving model ...
Updating learning rate to 0.0009829629131445341
Epoch: 2 cost time: 3.454409599304199
Epoch: 2, Steps: 66 | Train Loss: 0.5877327 Vali Loss: 0.1787270
Validation loss decreased (0.254316 --> 0.178727).  Saving model ...
Updating learning rate to 0.0009330127018922195
Epoch: 3 cost time: 3.4817259311676025
Epoch: 3, Steps: 66 | Train Loss: 0.4383968 Vali Loss: 0.1445495
Validation loss decreased (0.178727 --> 0.144549).  Saving model ...
Updating learning rate to 0.0008535533905932737
Epoch: 4 cost time: 3.464266538619995
Epoch: 4, Steps: 66 | Train Loss: 0.3174514 Vali Loss: 0.1331337
Validation loss decreased (0.144549 --> 0.133134).  Saving model ...
Updating learning rate to 0.00075
Epoch: 5 cost time: 3.482449531555176
Epoch: 5, Steps: 66 | Train Loss: 0.2754161 Vali Loss: 0.1242783
Validation loss decreased (0.133134 --> 0.124278).  Saving model ...
Updating learning rate to 0.0006294095225512603
Epoch: 6 cost time: 3.4653756618499756
Epoch: 6, Steps: 66 | Train Loss: 0.2588127 Vali Loss: 0.1233349
Validation loss decreased (0.124278 --> 0.123335).  Saving model ...
Updating learning rate to 0.0005
Epoch: 7 cost time: 3.4392549991607666
Epoch: 7, Steps: 66 | Train Loss: 0.2516979 Vali Loss: 0.1251025
EarlyStopping counter: 1 out of 4
Updating learning rate to 0.0003705904774487396
Epoch: 8 cost time: 3.4643173217773438
Epoch: 8, Steps: 66 | Train Loss: 0.2484042 Vali Loss: 0.1211587
Validation loss decreased (0.123335 --> 0.121159).  Saving model ...
Updating learning rate to 0.0002500000000000001
Epoch: 9 cost time: 3.4943015575408936
Epoch: 9, Steps: 66 | Train Loss: 0.2471946 Vali Loss: 0.1125825
Validation loss decreased (0.121159 --> 0.112583).  Saving model ...
Updating learning rate to 0.00014644660940672628
Epoch: 10 cost time: 3.3739819526672363
Epoch: 10, Steps: 66 | Train Loss: 0.2441058 Vali Loss: 0.1148589
EarlyStopping counter: 1 out of 4
Updating learning rate to 6.698729810778065e-05
Epoch: 11 cost time: 3.4695322513580322
Epoch: 11, Steps: 66 | Train Loss: 0.2371371 Vali Loss: 0.1196293
EarlyStopping counter: 2 out of 4
Updating learning rate to 1.70370868554659e-05
Epoch: 12 cost time: 3.4774365425109863
Epoch: 12, Steps: 66 | Train Loss: 0.2357698 Vali Loss: 0.1115479
Validation loss decreased (0.112583 --> 0.111548).  Saving model ...
Updating learning rate to 0.0
>>>>>>>testing : anomaly_detection_SWAT_ISTAD_SWAT_ftM_sl96_bmhgat_relstatic_v3_hglite_bs64_e2_learned_static_s98_0<<<<<<<<<<<<<<<<<<<<<<<<<<<<<<<<<
test: (449919, 51)
train: (396000, 51)
test 4686
test: (449919, 51)
train: (396000, 51)
score_train 4125
Percentile Threshold Source: train
Percentile Threshold : 1.3434808719158284
Saved point scores and labels: /data/modeluse/TS/ISTAD-release/analysis/e2_architecture_ablation/runtime/anomaly_detection_SWAT_ISTAD_SWAT_ftM_sl96_bmhgat_relstatic_v3_hglite_bs64_e2_learned_static_s98_0/point_scores.npz
pred_raw: (449856,)
gt:      (449856,)
pred_pa: (449856,)
gt_pa:   (449856,)

============================================================
使用百分位数阈值的结果:
============================================================
Raw point F1: 0.2828 (P=0.1685, R=0.8779)
Accuracy : 0.4640, Precision : 0.1748, Recall : 0.9172, F-score : 0.2936 
============================================================


使用自适应 Best F1 搜索（两阶段）
粗搜索步数: 200, 精细搜索步数: 500

============================================================
自适应 Best F1 阈值搜索（两阶段）
============================================================

分数统计信息:
  最小值: 0.075248
  最大值: 71.311844
  均值: 3.635852
  标准差: 3.692393
  中位数: 3.574301
  第1百分位: 0.096893
  第99百分位: 13.430223

自动确定的搜索范围: [0.075248, 26.860447]

============================================================
阶段 1: 粗搜索（步数: 200）
============================================================

============================================================
开始 Best F1 阈值搜索...
============================================================
搜索范围: [0.0752, 26.8604]
搜索步数: 200
使用点调整: False
阈值: 0.2092 | F1: 0.2525 | Precision: 0.1455 | Recall: 0.9567
阈值: 2.8877 | F1: 0.3024 | Precision: 0.1855 | Recall: 0.8183
阈值: 5.5662 | F1: 0.6176 | Precision: 0.5674 | Recall: 0.6776
阈值: 8.2447 | F1: 0.7723 | Precision: 0.9823 | Recall: 0.6363
阈值: 10.9233 | F1: 0.7569 | Precision: 0.9904 | Recall: 0.6125
阈值: 13.6018 | F1: 0.0778 | Precision: 0.9128 | Recall: 0.0406
阈值: 16.2803 | F1: 0.0595 | Precision: 0.9215 | Recall: 0.0307
阈值: 18.9588 | F1: 0.0583 | Precision: 0.9226 | Recall: 0.0301
阈值: 21.6373 | F1: 0.0449 | Precision: 0.9122 | Recall: 0.0230
阈值: 24.3159 | F1: 0.0266 | Precision: 0.8691 | Recall: 0.0135

============================================================
✓ 找到最佳阈值: 9.985772
  最佳 F1: 0.7743
  Precision: 0.9899
  Recall: 0.6358
============================================================


============================================================
阶段 2: 精细搜索（步数: 500）
============================================================
在最佳阈值 9.985772 附近精细搜索
精细搜索范围: [7.307252, 12.664292]

============================================================
开始 Best F1 阈值搜索...
============================================================
搜索范围: [7.3073, 12.6643]
搜索步数: 500
使用点调整: False
阈值: 7.3180 | F1: 0.7638 | Precision: 0.9541 | Recall: 0.6368
阈值: 7.8537 | F1: 0.7692 | Precision: 0.9723 | Recall: 0.6364
阈值: 8.3894 | F1: 0.7727 | Precision: 0.9839 | Recall: 0.6362
阈值: 8.9251 | F1: 0.7736 | Precision: 0.9873 | Recall: 0.6360
阈值: 9.4608 | F1: 0.7741 | Precision: 0.9892 | Recall: 0.6359
阈值: 9.9965 | F1: 0.7743 | Precision: 0.9899 | Recall: 0.6358
阈值: 10.5322 | F1: 0.7692 | Precision: 0.9904 | Recall: 0.6288
阈值: 11.0679 | F1: 0.7549 | Precision: 0.9904 | Recall: 0.6099
阈值: 11.6036 | F1: 0.7469 | Precision: 0.9904 | Recall: 0.5996
阈值: 12.1393 | F1: 0.7338 | Precision: 0.9917 | Recall: 0.5823

============================================================
✓ 找到最佳阈值: 10.007200
  最佳 F1: 0.7743
  Precision: 0.9899
  Recall: 0.6358
============================================================


✓ 精细搜索找到更好的阈值！

============================================================
自适应搜索完成！
============================================================
最终最佳阈值: 10.007200
最佳 F1: 0.7743
Precision: 0.9899
Recall: 0.6358
============================================================

Saved Best F1 results: /data/modeluse/TS/ISTAD-release/analysis/e2_architecture_ablation/runtime/anomaly_detection_SWAT_ISTAD_SWAT_ftM_sl96_bmhgat_relstatic_v3_hglite_bs64_e2_learned_static_s98_0/bestf1_threshold_results.json
Saved anomaly score plot: /data/modeluse/TS/ISTAD-release/analysis/e2_architecture_ablation/runtime/anomaly_detection_SWAT_ISTAD_SWAT_ftM_sl96_bmhgat_relstatic_v3_hglite_bs64_e2_learned_static_s98_0/anomaly_score_threshold.png
ISTAD explainability is disabled by --istad_enable_explain 0
Saved train time summary: /data/modeluse/TS/ISTAD-release/analysis/e2_architecture_ablation/runtime/anomaly_detection_SWAT_ISTAD_SWAT_ftM_sl96_bmhgat_relstatic_v3_hglite_bs64_e2_learned_static_s98_0/train_time_summary.json
=== E2 SWAT seed 98 fixed_random ===
Using GPU
Args in experiment:
[1mBasic Config[0m
  Task Name:          anomaly_detection   Is Training:        1                   
  Model ID:           SWAT                Model:              ISTAD               
  Seed:               98                  Itr:                1                   

[1mData Loader[0m
  Data:               SWAT                Root Path:          /data/modeluse/TS/ISTAD/dataset/SWAT
  Features:           M                   Seq Len:            96                  
  Enc In:             51                  C Out:              51                  
  Checkpoints:        /data/modeluse/TS/ISTAD-release/checkpoints/ISTAD_e2_architecture_ablation
  Eval Step:          96                  

[1mAnomaly Detection Task[0m
  Anomaly Ratio:      1.0                 Threshold Source:   train               

[1mISTAD Parameters[0m
  Kernel Size:        15                  Branch Mode:        hgat                
  TCN Type:           kan                 
  Feat GAT Dim:       -1                  GRU Layers:         1                   
  GRU Hidden:         150                 Recon Layers:       1                   
  Recon Hidden:       32                  ISTAD Dropout:      0.3                 
  Recon Type:         pointwise           KANAD Order:        3                   
  Objective:          reconstruct         Target / Lag:       ('', 1)             
  Leaky Alpha:        0.2                 H Init:             normal              
  Hyperedges:         20                  Top-K Nodes:        10                  
  Spatial Type:       lite                HGAT Rank:          8                   
  HGAT Projection:    linear              Relation Mode:      fixed_random        
  KAN Grid:           5                   KAN Order:          3                   
  Arch:               legacy              Ablation:           full                
  Explainability:     0                   Explain Batches:    0                   
  Explain Points:     20000               Explain TopK:       10                  
  SmoothGrad:         0                   SG Samples:         20                  
  SG Noise:           0.1                 Quad Mode:          quantile            
  Quad Value:         0.75                Err Agg:            sum                 
  Sal Agg:            sum                 
  V3 Denoise:         1                   Evidence Head:      0                   
  Clean / Denoise:    (1.0, 0.5)          Evidence Weight:    0.2                 
  Frequency Weight:   0.0                 
  Point Evidence:     0.0                 
  Corrupt P/T/C:      (0.8, 0.15, 0.2)    Corrupt Scale:      1.5                 
  Corrupt Modes:      4                   Target-only corrupt:0                   
  Score Mode:         base_mean           Score Agg / K:      ('calibrated', 3)   
  Evidence Map:       prob                Dump Scores:        1                   
  Strict Val:         1                   Hide Test Loss:     1                   
  Entity Aware:       0                   

[1mRun Parameters[0m
  Num Workers:        4                   Batch Size:         64                  
  Train Epochs:       12                  Patience:           4                   
  Learning Rate:      0.001               Lradj:              cosine              
  Des:                e2_fixed_random_s98 

[1mGPU[0m
  Use GPU:            1                   GPU:                0                   
  Use Multi GPU:      0                   Devices:            0,1,2,3             

Use GPU: cuda:0
🚀 Lazy Loading: ISTAD ...
>>>>>>>start training : anomaly_detection_SWAT_ISTAD_SWAT_ftM_sl96_bmhgat_relfixed_random_v3_hglite_bs64_e2_fixed_random_s98_0>>>>>>>>>>>>>>>>>>>>>>>>>>
test: (449919, 51)
train: (396000, 51)
train 4168
test: (449919, 51)
train: (396000, 51)
val 1042
Epoch: 1 cost time: 4.354413032531738
Epoch: 1, Steps: 66 | Train Loss: 0.8948308 Vali Loss: 0.2538504
Validation loss decreased (inf --> 0.253850).  Saving model ...
Updating learning rate to 0.0009829629131445341
Epoch: 2 cost time: 3.2269961833953857
Epoch: 2, Steps: 66 | Train Loss: 0.5788187 Vali Loss: 0.1794019
Validation loss decreased (0.253850 --> 0.179402).  Saving model ...
Updating learning rate to 0.0009330127018922195
Epoch: 3 cost time: 3.2858974933624268
Epoch: 3, Steps: 66 | Train Loss: 0.4275567 Vali Loss: 0.1454465
Validation loss decreased (0.179402 --> 0.145446).  Saving model ...
Updating learning rate to 0.0008535533905932737
Epoch: 4 cost time: 3.2836854457855225
Epoch: 4, Steps: 66 | Train Loss: 0.3117344 Vali Loss: 0.1385188
Validation loss decreased (0.145446 --> 0.138519).  Saving model ...
Updating learning rate to 0.00075
Epoch: 5 cost time: 3.300886392593384
Epoch: 5, Steps: 66 | Train Loss: 0.2756468 Vali Loss: 0.1260981
Validation loss decreased (0.138519 --> 0.126098).  Saving model ...
Updating learning rate to 0.0006294095225512603
Epoch: 6 cost time: 3.2759971618652344
Epoch: 6, Steps: 66 | Train Loss: 0.2589539 Vali Loss: 0.1277166
EarlyStopping counter: 1 out of 4
Updating learning rate to 0.0005
Epoch: 7 cost time: 3.2394814491271973
Epoch: 7, Steps: 66 | Train Loss: 0.2529087 Vali Loss: 0.1275492
EarlyStopping counter: 2 out of 4
Updating learning rate to 0.0003705904774487396
Epoch: 8 cost time: 3.265843152999878
Epoch: 8, Steps: 66 | Train Loss: 0.2502572 Vali Loss: 0.1230271
Validation loss decreased (0.126098 --> 0.123027).  Saving model ...
Updating learning rate to 0.0002500000000000001
Epoch: 9 cost time: 3.2753243446350098
Epoch: 9, Steps: 66 | Train Loss: 0.2479630 Vali Loss: 0.1149050
Validation loss decreased (0.123027 --> 0.114905).  Saving model ...
Updating learning rate to 0.00014644660940672628
Epoch: 10 cost time: 3.246530532836914
Epoch: 10, Steps: 66 | Train Loss: 0.2454471 Vali Loss: 0.1166866
EarlyStopping counter: 1 out of 4
Updating learning rate to 6.698729810778065e-05
Epoch: 11 cost time: 3.247507095336914
Epoch: 11, Steps: 66 | Train Loss: 0.2385913 Vali Loss: 0.1212436
EarlyStopping counter: 2 out of 4
Updating learning rate to 1.70370868554659e-05
Epoch: 12 cost time: 3.2623889446258545
Epoch: 12, Steps: 66 | Train Loss: 0.2368287 Vali Loss: 0.1135243
Validation loss decreased (0.114905 --> 0.113524).  Saving model ...
Updating learning rate to 0.0
>>>>>>>testing : anomaly_detection_SWAT_ISTAD_SWAT_ftM_sl96_bmhgat_relfixed_random_v3_hglite_bs64_e2_fixed_random_s98_0<<<<<<<<<<<<<<<<<<<<<<<<<<<<<<<<<
test: (449919, 51)
train: (396000, 51)
test 4686
test: (449919, 51)
train: (396000, 51)
score_train 4125
Percentile Threshold Source: train
Percentile Threshold : 1.3663533914089319
Saved point scores and labels: /data/modeluse/TS/ISTAD-release/analysis/e2_architecture_ablation/runtime/anomaly_detection_SWAT_ISTAD_SWAT_ftM_sl96_bmhgat_relfixed_random_v3_hglite_bs64_e2_fixed_random_s98_0/point_scores.npz
pred_raw: (449856,)
gt:      (449856,)
pred_pa: (449856,)
gt_pa:   (449856,)

============================================================
使用百分位数阈值的结果:
============================================================
Raw point F1: 0.2858 (P=0.1704, R=0.8873)
Accuracy : 0.4653, Precision : 0.1751, Recall : 0.9172, F-score : 0.2940 
============================================================


使用自适应 Best F1 搜索（两阶段）
粗搜索步数: 200, 精细搜索步数: 500

============================================================
自适应 Best F1 阈值搜索（两阶段）
============================================================

分数统计信息:
  最小值: 0.076905
  最大值: 72.482239
  均值: 3.688487
  标准差: 3.686151
  中位数: 3.696188
  第1百分位: 0.100110
  第99百分位: 13.350045

自动确定的搜索范围: [0.076905, 26.700089]

============================================================
阶段 1: 粗搜索（步数: 200）
============================================================

============================================================
开始 Best F1 阈值搜索...
============================================================
搜索范围: [0.0769, 26.7001]
搜索步数: 200
使用点调整: False
阈值: 0.2100 | F1: 0.2530 | Precision: 0.1458 | Recall: 0.9556
阈值: 2.8723 | F1: 0.2994 | Precision: 0.1832 | Recall: 0.8185
阈值: 5.5347 | F1: 0.5596 | Precision: 0.4761 | Recall: 0.6787
阈值: 8.1970 | F1: 0.7689 | Precision: 0.9712 | Recall: 0.6364
阈值: 10.8593 | F1: 0.7570 | Precision: 0.9901 | Recall: 0.6127
阈值: 13.5216 | F1: 0.0881 | Precision: 0.9078 | Recall: 0.0463
阈值: 16.1839 | F1: 0.0720 | Precision: 0.9090 | Recall: 0.0375
阈值: 18.8462 | F1: 0.0585 | Precision: 0.9212 | Recall: 0.0302
阈值: 21.5086 | F1: 0.0426 | Precision: 0.9099 | Recall: 0.0218
阈值: 24.1709 | F1: 0.0289 | Precision: 0.8794 | Recall: 0.0147

============================================================
✓ 找到最佳阈值: 9.927483
  最佳 F1: 0.7743
  Precision: 0.9896
  Recall: 0.6360
============================================================


============================================================
阶段 2: 精细搜索（步数: 500）
============================================================
在最佳阈值 9.927483 附近精细搜索
精细搜索范围: [7.265165, 12.589802]

============================================================
开始 Best F1 阈值搜索...
============================================================
搜索范围: [7.2652, 12.5898]
搜索步数: 500
使用点调整: False
阈值: 7.2758 | F1: 0.7592 | Precision: 0.9392 | Recall: 0.6371
阈值: 7.8083 | F1: 0.7650 | Precision: 0.9586 | Recall: 0.6365
阈值: 8.3407 | F1: 0.7702 | Precision: 0.9754 | Recall: 0.6364
阈值: 8.8732 | F1: 0.7730 | Precision: 0.9847 | Recall: 0.6362
阈值: 9.4057 | F1: 0.7741 | Precision: 0.9885 | Recall: 0.6361
阈值: 9.9381 | F1: 0.7744 | Precision: 0.9897 | Recall: 0.6360
阈值: 10.4706 | F1: 0.7692 | Precision: 0.9897 | Recall: 0.6290
阈值: 11.0031 | F1: 0.7550 | Precision: 0.9901 | Recall: 0.6101
阈值: 11.5355 | F1: 0.7472 | Precision: 0.9900 | Recall: 0.6000
阈值: 12.0680 | F1: 0.7375 | Precision: 0.9904 | Recall: 0.5875

============================================================
✓ 找到最佳阈值: 9.938132
  最佳 F1: 0.7744
  Precision: 0.9897
  Recall: 0.6360
============================================================


✓ 精细搜索找到更好的阈值！

============================================================
自适应搜索完成！
============================================================
最终最佳阈值: 9.938132
最佳 F1: 0.7744
Precision: 0.9897
Recall: 0.6360
============================================================

Saved Best F1 results: /data/modeluse/TS/ISTAD-release/analysis/e2_architecture_ablation/runtime/anomaly_detection_SWAT_ISTAD_SWAT_ftM_sl96_bmhgat_relfixed_random_v3_hglite_bs64_e2_fixed_random_s98_0/bestf1_threshold_results.json
Saved anomaly score plot: /data/modeluse/TS/ISTAD-release/analysis/e2_architecture_ablation/runtime/anomaly_detection_SWAT_ISTAD_SWAT_ftM_sl96_bmhgat_relfixed_random_v3_hglite_bs64_e2_fixed_random_s98_0/anomaly_score_threshold.png
ISTAD explainability is disabled by --istad_enable_explain 0
Saved train time summary: /data/modeluse/TS/ISTAD-release/analysis/e2_architecture_ablation/runtime/anomaly_detection_SWAT_ISTAD_SWAT_ftM_sl96_bmhgat_relfixed_random_v3_hglite_bs64_e2_fixed_random_s98_0/train_time_summary.json
=== E2 SWAT seed 98 no_message ===
Using GPU
Args in experiment:
[1mBasic Config[0m
  Task Name:          anomaly_detection   Is Training:        1                   
  Model ID:           SWAT                Model:              ISTAD               
  Seed:               98                  Itr:                1                   

[1mData Loader[0m
  Data:               SWAT                Root Path:          /data/modeluse/TS/ISTAD/dataset/SWAT
  Features:           M                   Seq Len:            96                  
  Enc In:             51                  C Out:              51                  
  Checkpoints:        /data/modeluse/TS/ISTAD-release/checkpoints/ISTAD_e2_architecture_ablation
  Eval Step:          96                  

[1mAnomaly Detection Task[0m
  Anomaly Ratio:      1.0                 Threshold Source:   train               

[1mISTAD Parameters[0m
  Kernel Size:        15                  Branch Mode:        hgat                
  TCN Type:           kan                 
  Feat GAT Dim:       -1                  GRU Layers:         1                   
  GRU Hidden:         150                 Recon Layers:       1                   
  Recon Hidden:       32                  ISTAD Dropout:      0.3                 
  Recon Type:         pointwise           KANAD Order:        3                   
  Objective:          reconstruct         Target / Lag:       ('', 1)             
  Leaky Alpha:        0.2                 H Init:             normal              
  Hyperedges:         20                  Top-K Nodes:        10                  
  Spatial Type:       lite                HGAT Rank:          8                   
  HGAT Projection:    linear              Relation Mode:      no_message          
  KAN Grid:           5                   KAN Order:          3                   
  Arch:               legacy              Ablation:           full                
  Explainability:     0                   Explain Batches:    0                   
  Explain Points:     20000               Explain TopK:       10                  
  SmoothGrad:         0                   SG Samples:         20                  
  SG Noise:           0.1                 Quad Mode:          quantile            
  Quad Value:         0.75                Err Agg:            sum                 
  Sal Agg:            sum                 
  V3 Denoise:         1                   Evidence Head:      0                   
  Clean / Denoise:    (1.0, 0.5)          Evidence Weight:    0.2                 
  Frequency Weight:   0.0                 
  Point Evidence:     0.0                 
  Corrupt P/T/C:      (0.8, 0.15, 0.2)    Corrupt Scale:      1.5                 
  Corrupt Modes:      4                   Target-only corrupt:0                   
  Score Mode:         base_mean           Score Agg / K:      ('calibrated', 3)   
  Evidence Map:       prob                Dump Scores:        1                   
  Strict Val:         1                   Hide Test Loss:     1                   
  Entity Aware:       0                   

[1mRun Parameters[0m
  Num Workers:        4                   Batch Size:         64                  
  Train Epochs:       12                  Patience:           4                   
  Learning Rate:      0.001               Lradj:              cosine              
  Des:                e2_no_message_s98   

[1mGPU[0m
  Use GPU:            1                   GPU:                0                   
  Use Multi GPU:      0                   Devices:            0,1,2,3             

Use GPU: cuda:0
🚀 Lazy Loading: ISTAD ...
>>>>>>>start training : anomaly_detection_SWAT_ISTAD_SWAT_ftM_sl96_bmhgat_relno_message_v3_hglite_bs64_e2_no_message_s98_0>>>>>>>>>>>>>>>>>>>>>>>>>>
test: (449919, 51)
train: (396000, 51)
train 4168
test: (449919, 51)
train: (396000, 51)
val 1042
Epoch: 1 cost time: 3.846111536026001
Epoch: 1, Steps: 66 | Train Loss: 0.9113015 Vali Loss: 0.2596203
Validation loss decreased (inf --> 0.259620).  Saving model ...
Updating learning rate to 0.0009829629131445341
Epoch: 2 cost time: 2.7969870567321777
Epoch: 2, Steps: 66 | Train Loss: 0.6057657 Vali Loss: 0.1859158
Validation loss decreased (0.259620 --> 0.185916).  Saving model ...
Updating learning rate to 0.0009330127018922195
Epoch: 3 cost time: 2.8065264225006104
Epoch: 3, Steps: 66 | Train Loss: 0.4390716 Vali Loss: 0.1458178
Validation loss decreased (0.185916 --> 0.145818).  Saving model ...
Updating learning rate to 0.0008535533905932737
Epoch: 4 cost time: 2.7773990631103516
Epoch: 4, Steps: 66 | Train Loss: 0.3271670 Vali Loss: 0.1439057
Validation loss decreased (0.145818 --> 0.143906).  Saving model ...
Updating learning rate to 0.00075
Epoch: 5 cost time: 2.840806245803833
Epoch: 5, Steps: 66 | Train Loss: 0.2783625 Vali Loss: 0.1267346
Validation loss decreased (0.143906 --> 0.126735).  Saving model ...
Updating learning rate to 0.0006294095225512603
Epoch: 6 cost time: 2.8275504112243652
Epoch: 6, Steps: 66 | Train Loss: 0.2685747 Vali Loss: 0.1286203
EarlyStopping counter: 1 out of 4
Updating learning rate to 0.0005
Epoch: 7 cost time: 2.855271339416504
Epoch: 7, Steps: 66 | Train Loss: 0.2564208 Vali Loss: 0.1280165
EarlyStopping counter: 2 out of 4
Updating learning rate to 0.0003705904774487396
Epoch: 8 cost time: 2.8751275539398193
Epoch: 8, Steps: 66 | Train Loss: 0.2526535 Vali Loss: 0.1244033
Validation loss decreased (0.126735 --> 0.124403).  Saving model ...
Updating learning rate to 0.0002500000000000001
Epoch: 9 cost time: 2.8134939670562744
Epoch: 9, Steps: 66 | Train Loss: 0.2483292 Vali Loss: 0.1181752
Validation loss decreased (0.124403 --> 0.118175).  Saving model ...
Updating learning rate to 0.00014644660940672628
Epoch: 10 cost time: 2.780327081680298
Epoch: 10, Steps: 66 | Train Loss: 0.2456515 Vali Loss: 0.1175087
Validation loss decreased (0.118175 --> 0.117509).  Saving model ...
Updating learning rate to 6.698729810778065e-05
Epoch: 11 cost time: 2.7681984901428223
Epoch: 11, Steps: 66 | Train Loss: 0.2457263 Vali Loss: 0.1216644
EarlyStopping counter: 1 out of 4
Updating learning rate to 1.70370868554659e-05
Epoch: 12 cost time: 2.8262665271759033
Epoch: 12, Steps: 66 | Train Loss: 0.2373043 Vali Loss: 0.1147481
Validation loss decreased (0.117509 --> 0.114748).  Saving model ...
Updating learning rate to 0.0
>>>>>>>testing : anomaly_detection_SWAT_ISTAD_SWAT_ftM_sl96_bmhgat_relno_message_v3_hglite_bs64_e2_no_message_s98_0<<<<<<<<<<<<<<<<<<<<<<<<<<<<<<<<<
test: (449919, 51)
train: (396000, 51)
test 4686
test: (449919, 51)
train: (396000, 51)
score_train 4125
Percentile Threshold Source: train
Percentile Threshold : 1.3850336754322097
Saved point scores and labels: /data/modeluse/TS/ISTAD-release/analysis/e2_architecture_ablation/runtime/anomaly_detection_SWAT_ISTAD_SWAT_ftM_sl96_bmhgat_relno_message_v3_hglite_bs64_e2_no_message_s98_0/point_scores.npz
pred_raw: (449856,)
gt:      (449856,)
pred_pa: (449856,)
gt_pa:   (449856,)

============================================================
使用百分位数阈值的结果:
============================================================
Raw point F1: 0.2805 (P=0.1669, R=0.8800)
Accuracy : 0.4565, Precision : 0.1727, Recall : 0.9172, F-score : 0.2907 
============================================================


使用自适应 Best F1 搜索（两阶段）
粗搜索步数: 200, 精细搜索步数: 500

============================================================
自适应 Best F1 阈值搜索（两阶段）
============================================================

分数统计信息:
  最小值: 0.075671
  最大值: 72.918152
  均值: 3.850461
  标准差: 3.794568
  中位数: 3.933952
  第1百分位: 0.104966
  第99百分位: 13.503183

自动确定的搜索范围: [0.075671, 27.006366]

============================================================
阶段 1: 粗搜索（步数: 200）
============================================================

============================================================
开始 Best F1 阈值搜索...
============================================================
搜索范围: [0.0757, 27.0064]
搜索步数: 200
使用点调整: False
阈值: 0.2103 | F1: 0.2523 | Precision: 0.1453 | Recall: 0.9561
阈值: 2.9034 | F1: 0.2916 | Precision: 0.1773 | Recall: 0.8208
阈值: 5.5965 | F1: 0.4982 | Precision: 0.3903 | Recall: 0.6887
阈值: 8.2895 | F1: 0.7712 | Precision: 0.9783 | Recall: 0.6364
阈值: 10.9826 | F1: 0.7617 | Precision: 0.9897 | Recall: 0.6191
阈值: 13.6757 | F1: 0.0896 | Precision: 0.9076 | Recall: 0.0471
阈值: 16.3687 | F1: 0.0836 | Precision: 0.9085 | Recall: 0.0438
阈值: 19.0618 | F1: 0.0727 | Precision: 0.9126 | Recall: 0.0379
阈值: 21.7549 | F1: 0.0453 | Precision: 0.9033 | Recall: 0.0233
阈值: 24.4480 | F1: 0.0287 | Precision: 0.8719 | Recall: 0.0146

============================================================
✓ 找到最佳阈值: 10.040028
  最佳 F1: 0.7744
  Precision: 0.9894
  Recall: 0.6361
============================================================


============================================================
阶段 2: 精细搜索（步数: 500）
============================================================
在最佳阈值 10.040028 附近精细搜索
精细搜索范围: [7.346959, 12.733098]

============================================================
开始 Best F1 阈值搜索...
============================================================
搜索范围: [7.3470, 12.7331]
搜索步数: 500
使用点调整: False
阈值: 7.3577 | F1: 0.7630 | Precision: 0.9517 | Recall: 0.6367
阈值: 7.8963 | F1: 0.7681 | Precision: 0.9681 | Recall: 0.6365
阈值: 8.4350 | F1: 0.7719 | Precision: 0.9806 | Recall: 0.6364
阈值: 8.9736 | F1: 0.7734 | Precision: 0.9859 | Recall: 0.6362
阈值: 9.5122 | F1: 0.7741 | Precision: 0.9885 | Recall: 0.6362
阈值: 10.0508 | F1: 0.7744 | Precision: 0.9894 | Recall: 0.6361
阈值: 10.5894 | F1: 0.7742 | Precision: 0.9895 | Recall: 0.6359
阈值: 11.1280 | F1: 0.7568 | Precision: 0.9899 | Recall: 0.6125
阈值: 11.6666 | F1: 0.7491 | Precision: 0.9898 | Recall: 0.6026
阈值: 12.2053 | F1: 0.7395 | Precision: 0.9896 | Recall: 0.5903

============================================================
✓ 找到最佳阈值: 9.986167
  最佳 F1: 0.7744
  Precision: 0.9894
  Recall: 0.6361
============================================================


✓ 粗搜索的结果已经是最优的。

============================================================
自适应搜索完成！
============================================================
最终最佳阈值: 10.040028
最佳 F1: 0.7744
Precision: 0.9894
Recall: 0.6361
============================================================

Saved Best F1 results: /data/modeluse/TS/ISTAD-release/analysis/e2_architecture_ablation/runtime/anomaly_detection_SWAT_ISTAD_SWAT_ftM_sl96_bmhgat_relno_message_v3_hglite_bs64_e2_no_message_s98_0/bestf1_threshold_results.json
Saved anomaly score plot: /data/modeluse/TS/ISTAD-release/analysis/e2_architecture_ablation/runtime/anomaly_detection_SWAT_ISTAD_SWAT_ftM_sl96_bmhgat_relno_message_v3_hglite_bs64_e2_no_message_s98_0/anomaly_score_threshold.png
ISTAD explainability is disabled by --istad_enable_explain 0
Saved train time summary: /data/modeluse/TS/ISTAD-release/analysis/e2_architecture_ablation/runtime/anomaly_detection_SWAT_ISTAD_SWAT_ftM_sl96_bmhgat_relno_message_v3_hglite_bs64_e2_no_message_s98_0/train_time_summary.json
/data/modeluse/TS/ISTAD-release/analysis/e2_architecture_ablation/final_full
E2 full result package: /data/modeluse/TS/ISTAD-release/analysis/ISTAD_E2_full_results_20260912.tar.gz
