time_idx,label,q,g,s,evidence_var_16,evidence_var_17,evidence_var_3,evidence_var_14,evidence_var_13,evidence_var_15,evidence_var_4,evidence_var_5,evidence_var_7,evidence_var_9
7773,0,1.103617e-01,8.113475e-02,1.103615e-01,2.067480e-02,7.295053e-02,2.976990e-01,1.281026e-01,9.732708e-02,9.016310e-03,2.921346e-01,2.759597e-01,2.202398e-01,1.012264e+00
7774,0,6.494965e-01,6.331064e-01,6.494963e-01,3.620623e-02,6.034230e-02,1.262427e-01,5.221660e-02,1.117697e-01,1.437496e-01,1.426361e-01,9.034621e-02,1.666673e-01,9.864718e-01
7775,0,4.819362e-01,2.518440e-01,4.819345e-01,1.110784e-02,3.111068e-02,2.062635e-01,3.240580e-02,6.367374e-02,1.321497e-01,2.103876e-01,1.454393e-01,3.894148e-01,3.393416e-01
7776,0,2.241348e-01,2.615461e-01,2.241350e-01,3.206217e-02,5.278311e-02,1.842390e-01,8.575709e-02,9.272665e-02,1.396258e-01,1.802806e-01,1.234972e-01,7.371893e-01,8.438629e-01
7777,0,4.436950e-01,1.589220e-01,4.436930e-01,7.418807e-02,1.166593e-01,2.237158e-01,1.321752e-01,1.430802e-01,1.259097e-01,2.382784e-01,1.528210e-01,8.920180e-02,5.057241e-01
7778,0,6.286879e-01,2.175887e-01,6.286850e-01,1.450706e-02,5.402821e-02,2.100707e-01,5.022631e-02,8.530273e-02,3.494813e-03,2.354779e-01,1.933118e-01,8.327378e-02,5.601969e-01
7779,0,2.352837e-01,1.596170e-01,2.352832e-01,9.157172e-02,1.511273e-01,3.416381e-01,2.714489e-01,1.524702e-01,9.441012e-02,3.227407e-01,2.637278e-01,2.257968e-01,1.013514e+00
7780,0,3.679220e-01,6.158156e-01,3.679237e-01,1.467082e-03,4.378562e-02,1.799775e-01,6.159339e-03,7.036692e-02,1.709269e-01,1.850393e-01,1.367546e-01,5.175516e-01,6.375713e-01
7781,0,3.491560e-01,4.620142e-01,3.491568e-01,2.975332e-02,3.187101e-02,2.063255e-01,9.203614e-02,8.900625e-02,1.042775e-01,1.986461e-01,1.479022e-01,1.082927e-02,2.460970e-01
7782,0,9.570922e-02,2.572624e-01,9.571037e-02,4.072957e-02,8.321826e-02,4.144441e-01,2.469139e-01,1.334589e-01,1.405797e-01,3.768049e-01,3.706528e-01,7.150476e-01,7.494809e-01
7783,0,5.366596e-01,1.373617e-01,5.366567e-01,7.418549e-02,7.762691e-02,1.820795e-01,1.199511e-01,1.378277e-01,1.287782e-01,1.866013e-01,9.508417e-02,2.178970e-01,8.247170e-01
7784,0,6.657092e-01,1.547943e-01,6.657056e-01,5.584470e-02,8.867863e-02,2.261628e-01,1.435098e-01,1.069760e-01,5.668919e-02,2.309920e-01,1.618143e-01,6.751756e-03,5.202904e-01
7785,0,1.338794e-01,1.623404e-01,1.338796e-01,7.101454e-02,1.729098e-01,4.720766e-01,3.324113e-01,1.662307e-01,5.837266e-02,4.393974e-01,4.446165e-01,2.306502e-01,8.395110e-01
7786,0,6.949574e-01,1.228227e-01,6.949534e-01,2.840897e-02,6.108081e-02,2.543767e-01,9.997504e-02,6.256651e-02,1.504281e-01,2.318559e-01,1.578981e-01,3.683204e-01,1.280816e+00
7787,0,4.092979e-01,7.117163e-01,4.093000e-01,2.185488e-02,5.366545e-02,1.777840e-01,2.804548e-02,1.017108e-01,1.709582e-01,1.865884e-01,1.358889e-01,3.842663e-01,8.055143e-01
7788,0,4.440638e-01,2.660709e-01,4.440626e-01,1.823220e-02,1.055708e-02,1.391830e-01,1.626816e-02,5.788069e-02,1.168014e-01,1.416172e-01,6.125245e-02,2.001803e-01,5.216497e-01
7789,0,6.372411e-01,6.531631e-01,6.372412e-01,9.299669e-02,1.206709e-01,2.734558e-01,2.079844e-01,1.848822e-01,1.004365e-01,2.798288e-01,2.389138e-01,6.230165e-02,5.136348e-01
7790,0,3.366879e-01,2.447943e-01,3.366873e-01,5.250619e-02,1.078156e-01,1.999122e-01,1.289505e-01,8.184069e-02,9.582578e-02,1.901832e-01,9.256908e-02,1.641766e-01,5.082655e-01
7791,0,5.823617e-01,1.232340e-01,5.823584e-01,4.693992e-03,6.547274e-02,2.351775e-01,4.276325e-02,1.077689e-01,1.099339e-02,2.826871e-01,2.602086e-01,1.970341e-01,6.285120e-02
7792,0,5.636809e-01,3.422270e-01,5.636793e-01,2.239785e-02,3.109482e-02,1.003484e-01,2.150527e-02,5.818303e-02,1.972507e-01,1.018674e-01,1.227930e-02,1.720623e-01,1.785999e-01
7793,0,3.471277e-01,3.145674e-01,3.471274e-01,3.488905e-02,3.579820e-02,1.726725e-01,7.585725e-02,1.240947e-01,9.076965e-02,1.955926e-01,1.446089e-01,1.879501e-01,1.490927e-01
7794,0,4.684397e-02,6.680851e-02,4.684411e-02,5.781210e-02,1.283422e-01,2.703352e-01,1.736200e-01,1.291449e-01,1.027861e-01,2.713395e-01,2.284742e-01,2.397917e-01,3.708684e-01
7795,0,4.424326e-01,2.220284e-01,4.424311e-01,3.034442e-02,3.962305e-02,1.469974e-01,2.855697e-02,8.115794e-02,1.115351e-01,1.640143e-01,7.455685e-02,2.097751e-01,8.506667e-01
7796,0,4.922199e-01,6.455319e-01,4.922209e-01,3.390338e-02,9.039743e-02,2.266958e-01,8.099631e-02,1.049522e-01,2.099549e-02,2.354969e-01,2.004696e-01,1.057209e-01,1.273172e+00
7797,0,8.982482e-01,4.949078e-01,8.982454e-01,6.699700e-02,1.088588e-01,2.783828e-01,2.081669e-01,1.278324e-01,1.501023e-01,2.755881e-01,2.074443e-01,2.411148e-01,2.937494e+00
7798,0,7.894539e-01,7.679007e-01,7.894537e-01,3.111344e-03,5.239235e-02,1.776400e-01,2.843283e-04,7.047058e-02,1.420622e-01,1.646146e-01,1.498208e-01,1.925354e-01,2.285651e+00
7799,0,4.333830e-01,3.377021e-01,4.333823e-01,7.145108e-02,4.473608e-02,2.795549e-01,1.720345e-01,1.107542e-01,1.144671e-01,2.671003e-01,1.573039e-01,5.841664e-02,4.805049e-01
7800,0,3.054255e-01,2.000284e-01,3.054248e-01,6.062175e-02,1.273166e-01,2.930843e-01,2.072717e-01,1.419080e-01,8.213303e-02,2.907804e-01,2.604513e-01,2.338116e-01,1.220586e+00
7801,0,1.355532e-01,1.320000e-01,1.355532e-01,6.154035e-03,3.623291e-02,1.814077e-01,9.789057e-03,7.184202e-02,1.214823e-01,1.872087e-01,1.329119e-01,1.700726e-02,3.363934e-02
7802,0,3.397872e-02,2.521986e-02,3.397866e-02,4.876715e-02,8.253799e-02,1.772910e-01,8.899892e-02,1.358926e-01,6.033201e-02,2.148827e-01,1.643595e-01,9.225266e-02,6.164530e-01
7803,0,2.573262e-01,5.597163e-02,2.573248e-01,5.050426e-02,9.944133e-02,3.863713e-01,2.193243e-01,9.522229e-02,1.617819e-01,3.365722e-01,2.796337e-01,7.333925e-02,5.658406e-01
7804,0,1.095248e-01,2.007660e-01,1.095255e-01,3.516679e-02,4.117484e-02,1.626285e-01,7.584194e-02,1.072735e-01,1.515844e-01,1.625044e-01,1.094515e-01,1.488021e-01,1.009953e+00
7805,0,2.682057e-01,3.839858e-01,2.682065e-01,5.000702e-02,7.176237e-02,1.934424e-01,8.490404e-02,1.190649e-01,4.140488e-02,2.250715e-01,1.498662e-01,1.669236e-01,1.675802e-01
7806,0,2.603617e-01,5.767376e-02,2.603603e-01,2.240470e-02,1.273873e-01,3.064295e-01,1.365334e-01,9.276942e-02,6.468793e-02,3.091706e-01,2.866365e-01,2.166205e-01,8.914884e-02
7807,0,3.381773e-01,2.836879e-01,3.381769e-01,3.828011e-02,2.358757e-02,1.002945e-01,5.844528e-03,8.657947e-02,1.390753e-01,1.156271e-01,1.505506e-02,2.007154e-01,7.933634e-01
7808,0,1.647730e-01,1.085674e-01,1.647727e-01,5.216008e-02,1.041307e-01,2.009811e-01,1.267919e-01,1.187065e-01,5.348655e-02,2.276744e-01,1.657669e-01,1.525668e-01,1.227150e-01
7809,0,6.454539e-01,4.291206e-01,6.454524e-01,3.124839e-02,4.937397e-02,1.840901e-01,4.345600e-02,8.481347e-02,1.890880e-01,1.783943e-01,1.031190e-01,6.811121e-01,9.748899e-01
7810,0,3.927163e-01,3.852482e-01,3.927163e-01,2.630705e-02,6.519603e-02,3.410358e-01,1.941225e-01,9.484428e-02,1.338101e-01,2.877570e-01,2.861435e-01,6.033900e-01,6.788609e-01
7811,0,3.547447e-01,1.866241e-01,3.547435e-01,5.018646e-02,1.122243e-01,3.303797e-01,1.738275e-01,1.432037e-01,5.170408e-02,3.531080e-01,3.050049e-01,1.654233e-01,1.836627e-02
7812,0,6.724113e-02,3.052482e-02,6.724087e-02,6.727196e-02,3.930951e-02,8.685205e-02,5.074771e-02,1.142814e-01,1.154821e-01,9.708723e-02,5.441999e-03,2.370245e-02,9.029337e-01
7813,0,1.034397e-01,3.892199e-02,1.034393e-01,9.507062e-03,7.234082e-02,1.984908e-01,4.344488e-02,8.435619e-02,1.292112e-01,2.146484e-01,1.746730e-01,1.571514e-01,4.413990e-03
7814,0,3.609929e-03,6.255319e-03,3.609948e-03,5.306214e-02,8.605480e-02,2.426505e-01,1.401163e-01,1.294662e-01,3.662689e-02,2.517044e-01,2.060628e-01,3.720404e-01,4.121202e-01
7815,0,2.547447e-01,4.787376e-01,2.547463e-01,4.291633e-02,8.245896e-02,3.054513e-01,1.645788e-01,1.130047e-01,1.685950e-01,2.937277e-01,2.390018e-01,1.227120e-02,4.606202e-01
7816,0,2.679362e-01,3.513475e-02,2.679345e-01,3.563338e-02,7.756903e-02,2.051286e-01,6.986429e-02,7.828582e-02,1.362420e-01,2.028975e-01,1.262740e-01,5.795058e-01,4.757598e-01
7817,0,1.148582e-01,2.780426e-01,1.148593e-01,4.600276e-02,6.941856e-02,2.992093e-01,1.881868e-01,1.194964e-01,7.024129e-02,2.672299e-01,2.495734e-01,7.289933e-02,4.624876e-01
7818,0,2.255532e-01,3.236170e-01,2.255539e-01,6.649443e-02,1.185967e-01,3.684881e-01,2.700970e-01,1.390925e-01,1.058271e-01,3.350734e-01,3.025997e-01,8.463464e-02,1.228005e+00
7819,0,8.247518e-02,1.093617e-02,8.247467e-02,4.138178e-02,6.537537e-02,2.376660e-01,9.007067e-02,8.253493e-02,1.279413e-01,2.322605e-01,1.432660e-01,4.586092e-01,6.938260e-01
7820,0,6.890071e-02,1.366099e-01,6.890119e-02,4.530947e-02,8.776715e-02,1.722820e-01,7.097050e-02,1.337062e-01,6.547536e-02,2.078095e-01,1.539109e-01,2.663153e-01,8.692360e-01
7821,0,6.614539e-01,1.493759e-01,6.614503e-01,1.716885e-02,4.813305e-02,2.363076e-01,7.682934e-02,7.765483e-02,1.023079e-01,2.386213e-01,1.901652e-01,1.761929e-02,6.560750e-02
7822,0,6.089007e-01,6.379291e-01,6.089009e-01,4.002113e-02,6.008310e-02,1.532156e-01,4.690430e-02,8.889913e-02,1.895479e-01,1.533900e-01,6.913915e-02,4.042493e-02,1.324604e+00
7823,0,8.113688e-01,6.456738e-01,8.113676e-01,4.556546e-02,6.883992e-02,2.050851e-01,1.550194e-01,1.612943e-01,6.629893e-02,2.266827e-01,2.123557e-01,4.959424e-03,5.736844e-01
7824,0,6.656667e-01,6.885106e-02,6.656624e-01,2.137677e-02,6.561427e-02,1.468000e-01,3.999346e-02,3.807073e-02,1.062055e-01,1.520861e-01,5.011764e-02,1.587689e-01,7.652718e-01
7825,0,3.165035e-01,1.951206e-01,3.165027e-01,7.380634e-02,6.885041e-02,1.390217e-01,1.227069e-01,1.504267e-01,1.198415e-01,1.692444e-01,8.425901e-02,5.162501e-01,7.488006e-01
7826,0,1.388582e-01,1.002837e-01,1.388579e-01,5.774366e-05,1.207029e-01,3.382996e-01,1.163101e-01,7.871313e-02,8.170866e-03,3.371353e-01,3.492460e-01,2.595772e-01,6.714668e-01
7827,0,4.266596e-01,6.439007e-01,4.266611e-01,5.156855e-02,4.781839e-02,1.949022e-01,8.906559e-02,9.341179e-02,2.078407e-01,1.870513e-01,8.077429e-02,2.989160e-01,6.823659e-01
7828,0,3.553830e-01,5.508369e-01,3.553844e-01,3.294396e-02,5.323734e-02,1.492443e-01,3.827019e-02,1.172295e-01,1.416800e-01,1.708522e-01,1.165740e-01,3.382196e-02,1.137781e+00
7829,0,5.505887e-01,3.238440e-01,5.505870e-01,1.990170e-02,6.851619e-02,2.215139e-01,7.286645e-02,1.016268e-01,2.253896e-02,2.631007e-01,2.211774e-01,2.176392e-01,4.694283e-01
7830,0,3.418652e-01,1.596170e-01,3.418640e-01,7.390798e-02,5.842196e-02,1.074793e-01,8.648190e-02,1.023987e-01,1.789995e-01,9.926864e-02,1.214333e-02,6.794150e-02,7.037487e-01
7831,0,5.657376e-01,5.159007e-01,5.657372e-01,1.439376e-03,8.668273e-02,3.218447e-01,9.076209e-02,1.023062e-01,3.767232e-02,3.324268e-01,3.361677e-01,2.400808e-01,8.857767e-01
7832,0,1.876525e-01,2.959858e-01,1.876533e-01,6.099219e-02,1.037881e-01,1.619344e-01,9.931674e-02,1.069899e-01,9.176555e-02,1.929743e-01,9.166563e-02,1.083502e-01,6.639754e-01
7833,0,3.960496e-01,1.656028e-01,3.960480e-01,1.906503e-02,3.098275e-02,1.717028e-01,5.036312e-02,8.945931e-02,1.777878e-01,1.654389e-01,1.197046e-01,2.910887e-01,6.608688e-01
7834,0,1.341206e-01,3.562128e-01,1.341221e-01,3.641961e-02,8.489274e-02,3.232030e-01,1.562011e-01,1.017183e-01,1.013690e-01,3.078833e-01,2.695303e-01,3.750338e-01,8.267318e-01
7835,0,3.695106e-01,4.054468e-01,3.695109e-01,3.676731e-02,5.623317e-02,1.146371e-01,4.964250e-03,1.048576e-01,7.799483e-02,1.446126e-01,6.796736e-02,2.159678e-01,7.953133e-01
7836,0,5.744468e-01,5.458156e-02,5.744431e-01,3.591233e-02,5.500452e-02,1.837627e-01,1.051697e-01,1.221528e-01,9.312742e-02,1.963491e-01,1.614041e-01,1.703747e-01,1.414984e+00
7837,0,3.660638e-01,1.516879e-01,3.660623e-01,6.215947e-02,5.904695e-02,1.305615e-01,7.315352e-02,1.192879e-01,1.235744e-01,1.617261e-01,5.468698e-02,2.390750e-01,4.863386e-01
7838,0,1.811135e-01,6.995745e-02,1.811127e-01,1.805495e-02,1.099710e-01,2.274946e-01,3.293611e-02,8.643945e-02,1.610577e-02,2.571901e-01,2.142806e-01,4.876430e-01,3.105947e-01
7839,0,5.705461e-01,1.920000e-01,5.705434e-01,1.639574e-02,1.700487e-02,1.295295e-01,1.940777e-02,5.957822e-02,1.787040e-01,1.189419e-01,5.058515e-02,3.648383e-02,7.775569e-01
7840,0,1.257092e-01,5.382979e-02,1.257087e-01,5.064784e-02,6.768163e-02,2.777723e-01,1.678721e-01,1.333785e-01,1.355137e-01,2.735022e-01,2.256703e-01,3.451103e-01,2.164254e-01
7841,0,2.483050e-01,2.367801e-01,2.483049e-01,2.418030e-02,6.496851e-02,1.377140e-01,1.154233e-02,9.068378e-02,3.269332e-02,1.817562e-01,1.110421e-01,4.920581e-01,5.076490e-01
7842,0,9.277305e-02,3.719149e-02,9.277266e-02,1.830549e-02,7.299489e-02,1.807513e-01,6.184979e-02,7.539442e-02,1.211186e-01,1.851634e-01,1.392158e-01,4.154130e-01,9.688689e-01
7843,0,1.879645e-01,4.402270e-01,1.879663e-01,5.600501e-02,1.191918e-01,3.050488e-01,1.659611e-01,1.416963e-01,7.471801e-02,3.112864e-01,2.702571e-01,3.667062e-01,8.212976e-01
7844,0,2.127589e-01,3.863972e-01,2.127601e-01,5.991727e-02,6.011170e-02,1.756745e-01,1.118486e-01,9.344701e-02,1.057451e-01,1.638931e-01,7.327170e-02,1.983299e-01,5.271036e-01
7845,0,5.964043e-01,4.778156e-01,5.964034e-01,4.889864e-02,1.071787e-01,3.088910e-01,1.806898e-01,9.692920e-02,1.858205e-01,2.717856e-01,2.184671e-01,7.064561e-01,7.416632e-01
7846,0,1.791986e-01,4.644681e-01,1.792006e-01,7.372638e-03,3.629072e-02,2.308807e-01,2.754513e-02,1.095373e-01,9.128805e-02,2.726026e-01,2.273217e-01,9.553927e-02,4.958862e-01
7847,0,1.820071e-01,9.364539e-02,1.820065e-01,6.276573e-02,7.669692e-02,1.387345e-01,1.160767e-01,1.472556e-01,6.350025e-02,1.598060e-01,1.115322e-01,3.401658e-01,6.324237e-01
7848,0,1.092695e-01,9.974468e-02,1.092694e-01,1.004198e-02,3.923708e-02,1.827260e-01,1.792696e-02,4.220652e-02,1.092556e-01,1.827007e-01,1.038797e-01,2.443398e-01,1.009179e+00
7849,0,4.076950e-01,2.727660e-01,4.076941e-01,5.626656e-02,8.675146e-02,2.216591e-01,1.114247e-01,1.188000e-01,1.075748e-01,2.364275e-01,1.565452e-01,7.258728e-02,1.156758e+00
7850,0,1.229149e-01,7.858156e-02,1.229146e-01,2.795758e-02,9.610996e-02,2.468575e-01,9.918682e-02,1.167517e-01,2.029790e-02,2.600921e-01,2.441798e-01,1.678845e-01,3.952246e-01
7851,0,6.974965e-01,4.389787e-01,6.974946e-01,4.667205e-02,4.443457e-02,1.741923e-01,1.034964e-01,1.111955e-01,1.960116e-01,1.805068e-01,1.000151e-01,1.977261e-01,9.767426e-02
7852,0,3.496241e-01,1.929929e-01,3.496230e-01,4.107962e-02,3.854035e-02,9.284174e-02,1.000725e-02,7.117511e-02,1.638976e-01,9.119209e-02,1.092055e-02,4.135576e-02,1.423240e+00
7853,0,3.136383e-01,1.468085e-02,3.136362e-01,1.732259e-02,1.248145e-01,3.541394e-01,1.414081e-01,1.216561e-01,1.194822e-02,3.649486e-01,3.796956e-01,2.891955e-01,2.941200e-01
7854,0,2.855248e-01,4.951773e-02,2.855231e-01,4.367856e-02,6.868711e-02,1.468235e-01,4.558668e-02,9.226529e-02,1.517308e-01,1.608675e-01,6.624251e-02,3.007740e-01,1.166804e+00
7855,0,5.308440e-01,3.188936e-01,5.308425e-01,3.981821e-02,5.283591e-02,9.351217e-02,2.895234e-02,9.978850e-02,6.437260e-02,1.350664e-01,5.434759e-02,7.882836e-02,1.072869e+00
7856,0,2.186312e-01,9.748936e-02,2.186303e-01,1.187559e-02,7.239157e-02,2.104957e-01,2.775030e-02,8.235728e-02,3.003358e-02,2.247083e-01,1.882950e-01,3.767932e-01,1.860721e-01
7857,0,4.853262e-01,3.184823e-01,4.853251e-01,4.750679e-02,9.392580e-02,3.032684e-01,1.756765e-01,1.292450e-01,1.879185e-01,2.989561e-01,2.485452e-01,3.386385e-01,8.794152e-01
7858,0,1.233333e-02,3.415603e-02,1.233349e-02,4.979251e-02,1.054200e-02,1.922929e-01,1.177281e-01,9.528615e-02,1.533998e-01,1.615349e-01,8.755647e-02,2.781012e-01,2.692202e-01
7859,0,1.715248e-01,7.065248e-02,1.715241e-01,5.196268e-02,1.057964e-01,2.499495e-01,1.317659e-01,1.319879e-01,7.420712e-02,2.667643e-01,2.168936e-01,2.293876e-01,1.788614e-01
7860,0,2.264184e-01,1.739433e-01,2.264181e-01,4.425299e-02,7.679814e-02,2.329171e-01,1.356748e-01,1.046466e-01,7.899208e-02,2.287705e-01,1.745619e-01,1.295295e-02,1.089342e+00
7861,0,5.016950e-01,5.012624e-01,5.016950e-01,3.120871e-02,9.353092e-02,3.099983e-01,1.163269e-01,9.030786e-02,9.464275e-02,3.082973e-01,2.551853e-01,2.483864e-01,1.648882e+00
7862,0,3.746809e-02,1.000142e-01,3.746853e-02,5.214597e-02,8.420090e-02,1.506956e-01,1.007680e-01,1.373563e-01,1.229432e-01,1.679727e-01,1.167130e-01,9.114686e-02,8.104243e-01
7863,0,3.146596e-01,7.509220e-02,3.146579e-01,2.684687e-02,2.439656e-02,1.568667e-01,1.342087e-02,7.741120e-02,1.256482e-01,1.723472e-01,8.207378e-02,1.084048e-01,6.818923e-01
7864,0,5.894965e-01,1.991348e-01,5.894937e-01,2.547006e-02,6.044685e-02,1.560553e-01,4.348265e-02,8.262772e-02,1.334210e-01,1.721338e-01,1.041298e-01,3.589882e-01,1.083396e+00
7865,0,8.521489e-01,5.019574e-01,8.521465e-01,4.932445e-02,1.002408e-01,2.448750e-01,1.690506e-01,1.491968e-01,4.819137e-02,2.550188e-01,2.466386e-01,4.815219e-02,2.493548e-01
7866,0,6.900000e-02,1.120567e-02,6.899959e-02,1.554759e-02,5.739574e-02,2.012745e-01,6.621113e-03,6.162412e-02,1.289210e-02,2.190046e-01,1.466446e-01,1.341736e-01,4.702528e-01
7867,0,2.563050e-01,3.360567e-01,2.563055e-01,6.019503e-02,6.420536e-02,1.862794e-01,1.214564e-01,1.247036e-01,1.921504e-01,1.864718e-01,1.088740e-01,1.889859e-01,1.056944e+00
7868,0,4.454113e-01,7.344681e-01,4.454134e-01,2.716509e-02,1.155509e-01,3.624221e-01,1.710655e-01,7.572649e-02,1.252476e-01,3.190249e-01,2.902220e-01,7.266845e-02,1.412701e+00
7869,0,2.937660e-01,1.601986e-01,2.937650e-01,6.397882e-02,4.762542e-02,2.220217e-01,1.650094e-01,1.510704e-01,1.149626e-01,2.361873e-01,1.731176e-01,2.100213e-01,1.013420e-01
7870,0,1.963050e-01,2.180000e-01,1.963051e-01,5.610966e-03,5.209318e-02,2.217992e-01,2.478857e-02,6.362768e-02,1.266550e-01,2.195664e-01,1.671754e-01,2.261880e-01,1.176607e+00
7871,0,5.947589e-01,6.618156e-01,5.947593e-01,6.255457e-02,9.473624e-02,1.960142e-01,1.442077e-01,1.440318e-01,5.983989e-02,2.064960e-01,1.626839e-01,3.501422e-01,1.030142e+00
7872,0,7.507447e-01,8.662411e-02,7.507400e-01,5.913866e-02,1.059130e-01,1.745763e-01,7.609589e-02,1.032935e-01,7.864326e-02,2.098272e-01,1.004226e-01,3.681105e-02,1.147226e-01
7873,0,7.868582e-01,4.431773e-01,7.868557e-01,1.221324e-02,4.031107e-02,2.148198e-01,1.571927e-03,5.865992e-02,9.780179e-02,2.270926e-01,1.981620e-01,2.826367e-01,2.277217e+00
7874,0,6.732695e-01,5.278156e-01,6.732685e-01,8.163095e-02,1.307356e-01,4.333909e-01,3.445967e-01,1.657731e-01,1.825486e-01,3.574649e-01,3.588802e-01,7.026603e-01,1.954367e+00
7875,0,6.258085e-01,5.177447e-01,6.258077e-01,7.772641e-02,5.768582e-02,1.612673e-01,1.118305e-01,1.240430e-01,1.381608e-01,1.868833e-01,5.182567e-02,4.549944e-01,1.274477e+00
7876,0,4.855248e-01,3.400426e-01,4.855238e-01,3.052562e-03,4.570179e-02,2.488824e-01,7.922766e-02,8.817889e-02,8.618892e-02,2.331761e-01,2.490017e-01,2.866537e-01,1.342064e+00
7877,0,5.788582e-01,3.844823e-01,5.788568e-01,5.168526e-02,1.148541e-01,3.745195e-01,2.059518e-01,9.803108e-02,6.740948e-02,3.531110e-01,2.951634e-01,3.924794e-02,7.338652e-01
7878,0,8.528582e-01,6.490780e-01,8.528567e-01,7.259677e-02,7.626146e-02,1.055904e-01,7.810088e-02,1.140139e-01,9.176885e-02,1.232256e-01,1.323295e-02,3.799197e-02,2.581475e+00
7879,0,5.960071e-01,6.201277e-01,5.960073e-01,1.360735e-04,9.895000e-02,3.240391e-01,8.714159e-02,8.541256e-02,1.324617e-01,3.073234e-01,3.146287e-01,3.989914e-01,1.200232e+00
7880,0,1.586312e-01,1.613759e-01,1.586312e-01,6.352379e-02,3.244359e-02,1.380465e-01,1.025576e-01,1.392846e-01,1.769533e-01,1.654255e-01,6.495223e-02,1.293934e-01,6.177947e-01
7881,0,3.577660e-01,3.005390e-01,3.577656e-01,9.895137e-03,3.619783e-02,1.145794e-01,4.019290e-02,6.501495e-02,2.521829e-02,1.514292e-01,7.809025e-02,1.922002e-01,6.237074e-01
7882,0,3.546170e-01,2.174752e-01,3.546160e-01,5.240372e-02,1.336435e-01,3.067119e-01,1.839431e-01,1.156847e-01,1.194739e-01,2.916077e-01,2.513254e-01,2.315124e-01,1.363856e-01
7883,0,2.575957e-01,3.818440e-01,2.575966e-01,2.874097e-02,5.472865e-02,2.105363e-01,7.827729e-02,1.217177e-01,6.988953e-02,2.400832e-01,1.983326e-01,2.718747e-01,1.028891e+00
7884,0,2.614681e-01,5.583830e-01,2.614702e-01,6.277255e-02,2.590246e-02,5.160582e-02,2.838494e-02,1.034045e-01,1.022355e-01,7.181424e-02,3.882855e-02,1.929434e-01,5.335443e-01
7885,0,6.907021e-01,4.705674e-01,6.907006e-01,1.944779e-02,7.626711e-02,2.057520e-01,6.163652e-02,8.334998e-02,1.798735e-01,2.114054e-01,1.541764e-01,4.499745e-01,4.705029e-01
7886,0,1.335816e-01,1.797730e-01,1.335819e-01,1.750177e-02,1.394857e-01,4.678913e-01,2.210934e-01,8.761626e-02,9.483658e-02,4.219375e-01,4.324472e-01,1.927904e-01,5.680299e-01
7887,0,4.134681e-01,1.924113e-01,4.134665e-01,6.793987e-02,1.349510e-02,4.777893e-02,3.740152e-02,1.216944e-01,9.663621e-02,7.616923e-02,3.957026e-02,1.442119e-02,4.335295e-01
7888,0,7.000000e-03,2.919149e-02,7.000157e-03,2.394806e-02,9.531144e-02,2.479332e-01,9.725839e-02,1.157203e-01,3.402852e-02,2.718540e-01,2.503483e-01,1.947526e-01,6.117321e-01
7889,0,3.536383e-01,9.814184e-02,3.536365e-01,5.457087e-02,7.288717e-02,2.237601e-01,1.319074e-01,1.043136e-01,1.278041e-01,2.159162e-01,1.421714e-01,1.727946e-01,1.428837e+00
7890,0,2.957801e-01,2.672766e-01,2.957799e-01,4.556163e-02,8.737538e-02,2.370272e-01,1.120991e-01,1.094421e-01,1.236656e-01,2.253928e-01,1.712056e-01,2.152268e-01,4.176247e-01
7891,0,6.404468e-01,1.163546e-01,6.404431e-01,2.497598e-02,6.307494e-02,2.563606e-01,1.063854e-01,1.158347e-01,1.182804e-01,2.739952e-01,2.336794e-01,1.238357e-01,9.472995e-02
7892,0,2.247518e-02,3.826950e-02,2.247529e-02,1.845690e-02,1.190220e-02,5.231730e-02,5.958256e-02,7.456652e-02,1.620170e-01,7.825997e-02,7.329601e-03,2.559015e-01,5.814766e-01
7893,0,7.486879e-01,2.093050e-01,7.486841e-01,4.245728e-02,8.950081e-02,1.946744e-01,9.204113e-02,9.499165e-02,4.870567e-02,2.150821e-01,1.468730e-01,1.798854e-01,3.837200e-02
7894,0,2.685319e-01,2.834043e-02,2.685302e-01,5.462360e-02,9.113115e-02,1.788800e-01,1.112639e-01,1.354504e-01,4.152197e-02,2.052824e-01,1.518514e-01,1.937980e-01,4.451964e-01
7895,0,1.901418e-02,1.014184e-01,1.901477e-02,2.867089e-02,6.868760e-02,2.855514e-01,1.006975e-01,1.010805e-01,1.088258e-01,2.779123e-01,2.362428e-01,5.134866e-02,6.349202e-01
7896,0,3.393404e-01,1.242837e-01,3.393389e-01,4.594017e-02,7.889573e-02,1.789091e-01,1.076065e-01,1.104616e-01,9.791652e-02,1.997922e-01,1.274943e-01,1.980054e-01,5.649552e-01
7897,0,6.365745e-01,1.843121e-01,6.365713e-01,3.660432e-02,9.540593e-02,3.149816e-01,1.406664e-01,8.436967e-02,1.778642e-01,2.753223e-01,2.339255e-01,2.460796e-01,3.627523e-01
7898,0,1.937518e-01,9.492199e-02,1.937511e-01,3.719900e-02,4.474906e-02,1.922754e-01,9.600916e-02,8.429968e-02,1.621268e-01,1.805229e-01,1.043132e-01,5.239132e-01,1.135451e-01
7899,0,4.079929e-01,6.499291e-02,4.079905e-01,4.059888e-02,8.348981e-02,2.654989e-01,1.250699e-01,1.399199e-01,3.525326e-02,2.936635e-01,2.545898e-01,1.456916e-01,4.883925e-01
7900,0,3.652837e-01,2.208511e-01,3.652827e-01,4.612738e-02,7.535929e-02,1.911950e-01,8.946739e-02,9.772026e-02,8.482819e-02,1.886679e-01,1.262193e-01,9.725506e-02,4.660521e-01
7901,0,2.559220e-01,7.251064e-02,2.559207e-01,6.476954e-02,7.308709e-02,1.996470e-01,1.340320e-01,1.161778e-01,1.526895e-01,1.942598e-01,1.099526e-01,2.199830e-01,2.459580e-01
7902,0,3.759504e-01,3.807376e-01,3.759504e-01,2.052124e-02,1.090610e-01,3.670018e-01,1.808378e-01,1.111694e-01,2.686385e-02,3.598496e-01,3.649209e-01,2.467009e-01,1.463179e+00
7903,0,5.293830e-01,4.178440e-01,5.293822e-01,4.537668e-02,7.481286e-02,2.154478e-01,1.037540e-01,1.138206e-01,1.843884e-01,2.037712e-01,1.462495e-01,2.760284e-01,1.517215e+00
7904,0,2.820213e-01,5.627376e-01,2.820233e-01,3.027492e-02,1.788692e-02,1.434220e-01,3.460108e-02,6.282747e-02,1.455855e-01,1.455730e-01,4.650494e-02,1.741699e-02,6.839798e-01
7905,0,2.873121e-01,2.969220e-01,2.873121e-01,8.169722e-02,1.342701e-01,4.502630e-01,3.007767e-01,1.697933e-01,5.457596e-02,4.216819e-01,4.133049e-01,3.338046e-01,1.022510e+00
7906,0,3.949645e-02,9.198582e-02,3.949683e-02,3.616787e-02,8.077149e-02,1.983376e-01,1.059041e-01,1.143472e-01,9.254423e-02,2.054624e-01,1.482062e-01,2.907851e-01,3.549331e-01
7907,0,1.231277e-01,2.775887e-01,1.231288e-01,2.608048e-02,5.158292e-02,1.976851e-01,5.246505e-02,8.190206e-02,1.334939e-01,2.091399e-01,1.316918e-01,2.373106e-01,7.853625e-01
7908,0,1.986170e-01,3.256170e-01,1.986179e-01,3.511254e-02,8.270943e-02,2.204041e-01,1.093464e-01,1.111202e-01,2.825893e-02,2.423861e-01,2.006867e-01,8.402915e-02,1.180755e+00
7909,0,5.722908e-01,1.353333e-01,5.722877e-01,4.525914e-02,7.802438e-02,1.733035e-01,6.819047e-02,1.009884e-01,1.853988e-01,1.665968e-01,1.019432e-01,2.553505e-03,7.657430e-01
7910,0,6.847518e-02,7.370213e-02,6.847521e-02,3.151353e-02,5.238975e-02,2.822436e-01,1.256252e-01,7.613083e-02,1.517777e-01,2.584444e-01,1.878103e-01,1.426338e-01,4.600418e-01
7911,0,1.358794e-01,8.304965e-02,1.358791e-01,6.719110e-02,1.204261e-01,3.198266e-01,2.333696e-01,1.488312e-01,8.844157e-02,3.008811e-01,2.740206e-01,6.848815e-01,1.770341e-01
7912,0,1.242908e-01,1.525106e-01,1.242910e-01,2.911975e-02,7.397623e-02,1.780227e-01,8.145788e-03,9.878984e-02,6.555614e-02,2.230889e-01,1.408146e-01,2.653010e-01,1.174922e-01
7913,0,1.127163e-01,3.841135e-02,1.127158e-01,3.394335e-02,4.958416e-02,1.717064e-01,8.758632e-02,1.237353e-01,1.158387e-01,1.963028e-01,1.493070e-01,7.131060e-01,1.508550e-01
7914,0,6.293688e-01,2.578582e-01,6.293662e-01,4.455837e-02,7.209853e-02,1.261491e-01,3.170307e-02,7.328929e-02,6.131905e-02,1.312589e-01,4.893166e-02,1.264659e-01,1.862506e+00
7915,0,6.422624e-01,5.464965e-01,6.422617e-01,3.568584e-03,7.108000e-02,2.751410e-01,8.731282e-02,9.838635e-02,1.218235e-01,2.702756e-01,2.700871e-01,2.900273e-01,1.889308e+00
7916,0,2.243262e-02,7.131915e-02,2.243297e-02,6.686738e-02,4.662506e-02,2.001619e-01,1.392853e-01,8.164081e-02,1.992776e-01,1.725251e-01,5.059159e-02,3.603658e-01,5.732660e-01
7917,0,4.690709e-01,2.515035e-01,4.690694e-01,2.873220e-02,1.119558e-01,3.009243e-01,1.180395e-01,1.383557e-01,1.428754e-02,3.281187e-01,3.195349e-01,6.145363e-01,6.296152e-01
7918,0,1.848298e-01,1.918298e-01,1.848298e-01,6.224258e-02,4.977069e-02,8.430070e-02,4.660887e-02,1.215285e-01,1.052450e-01,1.279649e-01,1.156775e-02,1.922741e-01,9.208380e-01
7919,0,2.474823e-01,1.095603e-01,2.474813e-01,1.922462e-03,2.505125e-02,6.878128e-02,2.603651e-02,7.304005e-02,1.017369e-01,1.105681e-01,4.453336e-02,6.427071e-01,7.414377e-01
7920,0,3.802766e-01,1.504965e-01,3.802750e-01,4.507122e-02,1.093158e-01,2.729741e-01,1.040872e-01,8.988468e-02,3.824510e-02,2.583465e-01,2.220260e-01,1.386211e-01,1.000894e+00
7921,0,4.932553e-01,4.870780e-01,4.932553e-01,1.240196e-02,4.493975e-02,2.397434e-01,7.147472e-02,9.838055e-02,1.815970e-01,2.379899e-01,2.070970e-01,1.918896e-01,8.065761e-01
7922,0,2.363475e-01,2.369362e-01,2.363475e-01,6.870816e-02,5.655281e-02,2.393093e-01,1.852750e-01,1.225760e-01,1.610459e-01,2.128497e-01,1.387304e-01,7.845570e-03,9.680788e-02
7923,0,6.111844e-01,2.819149e-01,6.111821e-01,7.207281e-02,1.337503e-01,3.478788e-01,2.460102e-01,1.283539e-01,7.803751e-02,3.204047e-01,2.693379e-01,2.041063e-01,3.096634e-01
7924,0,1.680922e-01,1.383404e-01,1.680920e-01,1.689771e-02,1.005767e-01,2.724592e-01,5.947731e-02,8.475424e-02,5.763571e-02,2.874713e-01,2.424266e-01,2.990397e-01,1.358218e-01
7925,0,1.933404e-01,1.473901e-01,1.933401e-01,5.345934e-02,5.898038e-02,1.774446e-01,1.151686e-01,1.454627e-01,1.396413e-01,1.964842e-01,1.399799e-01,1.673397e-01,6.432701e-01
7926,0,5.609149e-01,7.260993e-02,5.609114e-01,1.979428e-02,8.722717e-02,2.544220e-01,7.316326e-02,7.409234e-02,2.054665e-02,2.692452e-01,2.206337e-01,2.675827e-01,2.536838e-01
7927,0,3.078511e-01,3.711348e-01,3.078515e-01,3.916102e-02,1.687939e-02,9.046714e-02,2.130664e-02,1.042158e-01,2.294283e-01,1.042478e-01,1.099920e-02,2.487534e-01,1.078254e+00
7928,0,8.099787e-01,3.268085e-01,8.099753e-01,6.112572e-03,5.742682e-02,2.303135e-01,4.429311e-02,8.364727e-02,5.518760e-02,2.331276e-01,2.176670e-01,3.572678e-01,1.019711e+00
7929,0,4.507163e-01,1.138156e-01,4.507139e-01,1.027401e-01,1.095748e-01,2.546764e-01,2.685537e-01,1.405275e-01,1.242653e-01,2.298087e-01,1.357494e-01,2.854244e-02,3.064365e-01
7930,0,3.696383e-01,3.898014e-01,3.696384e-01,3.046047e-02,1.402287e-01,4.882825e-01,2.466042e-01,1.326872e-01,1.168294e-02,4.639634e-01,4.868332e-01,5.474465e-01,7.473828e-01
7931,0,5.675887e-02,2.004681e-01,5.675988e-02,7.220629e-02,7.051526e-02,1.471667e-01,1.004003e-01,1.137274e-01,2.297482e-01,1.384310e-01,2.341157e-02,2.952283e-01,8.475206e-01
7932,0,8.654539e-01,6.208652e-01,8.654522e-01,1.935473e-02,3.916448e-02,1.304534e-01,6.044138e-03,8.815357e-02,3.639123e-02,1.797269e-01,1.057744e-01,5.925007e-01,7.474774e-02
7933,0,1.244468e-01,4.953191e-02,1.244463e-01,1.697009e-02,5.535703e-02,2.840836e-01,1.379582e-01,7.919269e-02,2.175187e-01,2.426064e-01,2.178040e-01,3.914807e-01,1.945866e-01
7934,0,4.815674e-01,1.814468e-01,4.815652e-01,7.440342e-02,7.338500e-02,1.643887e-01,9.834408e-02,1.356648e-01,1.259674e-01,1.785343e-01,8.299584e-02,5.424892e-02,7.080355e-01
7935,0,8.092837e-01,5.796170e-01,8.092821e-01,1.213482e-02,8.403150e-02,2.014435e-01,3.286084e-02,8.684425e-02,1.246901e-02,2.315780e-01,1.962296e-01,5.720368e-01,9.514410e-01
7936,0,3.835248e-01,8.950355e-02,3.835227e-01,3.047007e-02,9.657534e-02,3.066757e-01,1.664494e-01,1.112756e-01,2.773999e-02,3.138648e-01,2.957905e-01,4.358136e-01,3.349743e-01
7937,0,7.961064e-01,5.681135e-01,7.961048e-01,4.147978e-02,4.138979e-02,1.271257e-01,1.682835e-03,9.330145e-02,1.466759e-01,1.379425e-01,4.120714e-02,3.159149e-01,1.664075e-02
7938,0,8.820213e-01,4.158440e-01,8.820180e-01,6.099683e-03,1.105735e-01,3.594906e-01,1.356583e-01,7.057929e-02,2.955388e-02,3.509095e-01,3.399952e-01,3.270386e-01,3.617511e-01
7939,0,2.661489e-01,1.339149e-01,2.661480e-01,2.214577e-02,6.111538e-02,3.476703e-01,1.429021e-01,1.106323e-01,1.406411e-01,3.330120e-01,3.086254e-01,3.280519e-01,2.982103e-01
7940,0,1.618511e-01,3.264681e-01,1.618522e-01,2.676372e-02,7.300579e-02,2.310869e-01,8.085064e-02,8.001909e-02,1.107905e-01,2.171857e-01,1.692945e-01,4.273871e-01,2.563497e-01
7941,0,3.033546e-01,5.250922e-01,3.033562e-01,5.370461e-02,7.006885e-02,2.214767e-01,1.181457e-01,1.181179e-01,8.062075e-02,2.347951e-01,1.547636e-01,2.185743e-01,9.374609e-01
7942,0,9.340638e-01,8.235745e-01,9.340630e-01,2.423553e-02,1.195114e-01,2.756737e-01,1.227891e-01,1.159880e-01,4.688874e-02,2.885294e-01,2.830901e-01,1.709629e-01,9.808532e-02
7943,0,8.095745e-02,7.568794e-02,8.095741e-02,7.368927e-03,2.339467e-02,1.562645e-01,5.892658e-02,5.708049e-02,7.288902e-02,1.757361e-01,9.516660e-02,5.257051e-03,7.166922e-01
7944,0,9.144043e-01,7.170638e-01,9.144029e-01,3.000173e-02,5.770776e-02,1.208451e-01,2.676573e-02,9.214591e-02,7.804953e-02,1.594946e-01,8.428369e-02,4.285749e-03,6.939709e-01
7945,0,9.803475e-01,9.118156e-01,9.803470e-01,2.566451e-02,3.623985e-03,1.597292e-01,8.734886e-02,2.851034e-02,1.263942e-01,1.766211e-01,1.167586e-01,4.776519e-01,4.032610e-01
7946,0,6.208440e-01,4.714326e-01,6.208429e-01,2.603243e-02,1.313415e-01,4.932396e-01,1.525297e-01,8.079844e-02,4.482087e-02,4.827028e-01,5.459688e-01,4.852653e-01,1.118924e-01
7947,0,9.852411e-01,9.800142e-01,9.852411e-01,1.168674e-01,1.082940e-01,1.620721e-01,2.028435e-01,1.559174e-01,1.598944e-01,1.619262e-01,3.142477e-02,3.298402e-02,9.487658e-01
7948,0,3.098511e-01,3.353050e-01,3.098512e-01,8.351314e-02,1.120647e-02,2.859531e-01,1.548647e-01,2.272103e-02,4.635770e-02,3.127096e-01,3.009884e-01,8.752680e-02,5.075403e-01
7949,0,9.425887e-01,5.001560e-01,9.425855e-01,7.867449e-02,1.022219e-01,2.553551e-01,2.220747e-01,1.626383e-01,1.161245e-01,2.528488e-01,2.042195e-01,2.487730e-02,1.045402e+00
7950,0,8.207730e-01,6.469362e-01,8.207718e-01,2.974224e-02,8.598364e-02,2.603482e-01,3.660855e-02,2.537495e-02,1.805629e-02,2.756355e-01,2.498906e-01,5.846062e-02,2.411513e+00
7951,0,9.149291e-01,7.755745e-01,9.149281e-01,3.383423e-02,8.506991e-02,2.271337e-01,9.384045e-02,1.050047e-01,1.976909e-01,2.094074e-01,1.731636e-01,4.958269e-02,3.123665e+00
7952,0,3.043901e-01,3.936879e-01,3.043907e-01,4.485313e-02,4.168177e-03,1.091038e-01,2.357547e-02,8.231149e-02,7.551168e-02,1.420836e-01,1.432496e-02,2.795156e-01,8.247442e-01
7953,0,5.223404e-02,1.645390e-03,5.223368e-02,3.633256e-02,5.915530e-02,1.726626e-01,5.916494e-02,1.106367e-01,6.088825e-02,1.999137e-01,1.388792e-01,2.178555e-01,4.127773e-02
7954,0,5.850142e-01,6.428936e-01,5.850146e-01,4.392229e-02,8.827501e-02,2.244860e-01,1.203779e-01,1.064253e-01,9.015895e-02,2.264627e-01,1.720493e-01,1.070707e-01,2.843034e-01
7955,0,8.424823e-02,5.619858e-02,8.424803e-02,5.852608e-02,1.223343e-01,2.757234e-01,1.496798e-01,1.175104e-01,1.369607e-01,2.694686e-01,2.058228e-01,1.255674e-01,6.969856e-01
7956,0,6.903050e-01,1.451064e-01,6.903011e-01,3.867912e-03,2.844292e-02,1.163561e-01,2.846208e-02,8.456702e-02,9.999368e-02,1.569533e-01,1.156650e-01,5.181198e-02,4.274689e-02
7957,0,1.507021e-01,2.941702e-01,1.507031e-01,4.528534e-02,8.196294e-03,1.040741e-01,4.036908e-02,1.070607e-01,1.277651e-01,1.149452e-01,3.401813e-02,3.021073e-01,1.019259e+00
7958,0,9.947021e-01,9.793191e-01,9.947020e-01,4.225072e-02,1.092738e-01,2.777090e-01,1.286291e-01,9.151093e-02,8.469654e-02,2.755976e-01,2.149585e-01,1.985313e-01,7.815118e-02
7959,0,9.872837e-01,9.880284e-01,9.872837e-01,2.820789e-02,3.109665e-01,8.938405e-01,6.279931e-01,2.958664e-01,9.794866e-02,9.120000e-01,1.136960e+00,5.276272e-01,5.117897e-02
7960,0,9.963050e-01,9.942837e-01,9.963050e-01,6.795031e-02,1.265273e-01,3.300009e-01,2.840645e-01,7.446488e-02,2.329559e-01,3.803886e-01,6.847957e-01,4.017222e-02,1.743377e+01
7961,0,9.911277e-01,9.833191e-01,9.911276e-01,6.508346e-03,2.386120e-01,4.980929e-01,2.553058e-01,2.261576e-01,2.615233e-01,4.078901e-01,6.526223e-01,5.743960e-01,9.983284e+00
7962,0,9.956950e-01,9.952199e-01,9.956950e-01,9.935841e-02,8.149980e-02,2.931552e-02,1.491506e-02,4.157715e-02,9.821435e-02,1.038638e-01,2.269535e-01,7.763998e-02,4.452787e+00
7963,0,9.949574e-01,9.948511e-01,9.949574e-01,2.208398e-01,3.274440e-01,5.977102e-01,9.112331e-01,4.340900e-01,2.228489e-01,5.761344e-01,6.510889e-01,1.477193e-01,3.046983e+00
7964,0,9.973688e-01,9.950922e-01,9.973688e-01,1.557425e-01,1.551466e-01,2.996986e-01,5.350113e-01,3.272935e-01,2.903238e-01,2.711054e-01,2.968065e-01,7.813350e-01,2.009088e+01
7965,0,9.967021e-01,9.964539e-01,9.967021e-01,4.551983e-02,2.646433e-01,5.626505e-01,4.266911e-01,2.502235e-01,2.013897e-01,3.935181e-01,6.633226e-01,4.127185e-01,5.841552e+00
7966,0,9.917234e-01,9.696454e-01,9.917232e-01,9.765617e-02,1.810977e-01,4.849364e-01,4.217597e-01,8.906015e-02,3.495014e-01,5.291424e-01,9.498815e-01,1.148089e+00,3.210570e+00
7967,0,9.932270e-01,9.939149e-01,9.932270e-01,5.397510e-02,4.901540e-01,1.599535e+00,1.225959e+00,3.724628e-01,3.453620e-02,1.436795e+00,1.871061e+00,8.739755e-01,1.494217e+00
7968,0,7.557801e-01,4.340284e-01,7.557779e-01,6.568279e-02,1.079785e-01,5.939239e-01,4.494302e-01,1.986213e-01,1.626583e-01,5.469621e-01,5.630827e-01,2.291457e-02,1.276928e-01
7969,0,7.550993e-01,9.444965e-01,7.551006e-01,9.352265e-02,1.893471e-01,6.851445e-01,5.265314e-01,1.650175e-01,8.562775e-02,5.675262e-01,5.930138e-01,2.212913e-01,1.803559e+00
7970,0,1.650000e-01,1.563688e-01,1.649999e-01,1.228690e-01,2.450852e-01,9.263190e-01,7.371213e-01,1.823367e-01,2.430380e-01,7.127565e-01,7.632479e-01,5.361157e-01,1.121670e+00
7971,0,5.607589e-01,6.084255e-01,5.607592e-01,1.272866e-01,1.674627e-01,7.906214e-01,6.774682e-01,1.687253e-01,1.310932e-01,6.128764e-01,6.179651e-01,1.004333e+00,4.456534e-01
7972,0,1.298369e-01,3.365532e-01,1.298383e-01,1.232768e-01,1.687768e-01,7.358173e-01,6.109163e-01,2.232712e-01,1.618258e-01,6.106735e-01,6.186427e-01,8.239196e-01,9.412821e-01
7973,1,9.862482e-01,9.930922e-01,9.862483e-01,5.795793e+00,7.530821e+00,9.978299e-01,4.601178e+00,4.755491e+00,4.579600e+00,7.277421e-01,7.811131e-01,2.608200e+00,8.912123e-02
7974,1,9.930851e-01,9.970638e-01,9.930851e-01,9.652604e+00,1.166208e+01,3.203577e-01,9.434779e+00,7.111409e+00,7.936735e+00,2.329096e-01,2.361007e-01,2.141307e+00,1.275458e+00
7975,1,9.720071e-01,9.751915e-01,9.720071e-01,3.265583e+00,3.474389e+00,2.858720e+00,5.628663e-01,1.458745e+00,1.776216e+00,2.220349e+00,2.505934e+00,4.785158e+00,3.693345e+00
7976,1,9.829574e-01,9.742553e-01,9.829574e-01,1.882418e-01,1.787171e-01,1.177195e+00,1.159463e+00,1.096408e-01,1.213608e-01,7.396652e-01,8.471403e-01,6.392459e+00,8.049648e-01
7977,1,9.761064e-01,9.540142e-01,9.761062e-01,1.027185e-01,3.074423e-01,1.478551e+00,1.253530e+00,8.165066e-02,4.184916e-03,9.967647e-01,1.271145e+00,5.203719e+00,8.664950e-01
7978,1,9.157518e-01,7.108085e-01,9.157503e-01,2.012399e-01,2.744781e-01,1.361724e+00,1.351031e+00,1.386810e-01,2.124001e-01,8.818444e-01,1.012414e+00,3.132468e+00,4.183397e-01
7979,1,9.029291e-01,8.690922e-01,9.029288e-01,1.451664e-01,2.611578e-01,1.388828e+00,1.212413e+00,1.661747e-01,1.486919e-01,9.762910e-01,1.158302e+00,2.985229e+00,1.812227e-01
7980,1,9.228014e-01,9.090213e-01,9.228013e-01,1.872146e-01,3.017345e-01,1.412013e+00,1.285243e+00,1.750393e-01,1.585154e-01,9.812215e-01,1.131027e+00,3.222102e+00,1.060926e+00
7981,1,9.169149e-01,7.300851e-01,9.169136e-01,1.982823e-01,2.796858e-01,1.407777e+00,1.331681e+00,1.731931e-01,1.761907e-01,9.615754e-01,1.102023e+00,3.145403e+00,1.713042e-01
7982,1,9.943475e-01,9.840851e-01,9.943474e-01,1.498853e-01,2.724438e-01,1.384643e+00,1.215880e+00,1.431909e-01,1.693124e-01,9.600017e-01,1.140961e+00,2.236069e+00,8.431484e-01
7983,1,9.926170e-01,9.830355e-01,9.926170e-01,1.369887e-01,9.609491e-02,5.535337e-01,4.288416e-01,7.149509e-02,2.888836e-01,2.236156e-01,7.728778e-02,7.470906e-01,6.199049e-02
7984,1,9.627305e-01,9.810071e-01,9.627306e-01,1.253618e-01,6.631725e-02,5.533269e-01,4.488903e-01,6.982718e-02,2.001101e-01,3.468978e-01,2.746597e-01,1.336335e-02,3.859589e-02
7985,1,8.560071e-01,8.392199e-01,8.560070e-01,1.405778e-01,5.807499e-02,4.753807e-01,5.456158e-01,2.014881e-01,1.680057e-01,3.400187e-01,3.279365e-01,1.125249e+00,2.165745e-02
7986,1,1.335390e-01,2.364681e-01,1.335397e-01,1.419579e-01,1.683161e-01,9.378697e-01,8.588921e-01,1.511033e-01,2.710836e-01,6.491592e-01,7.128791e-01,1.061786e+00,4.392641e-01
7987,1,6.201206e-01,6.504965e-01,6.201208e-01,1.301699e-01,1.884478e-01,8.421475e-01,7.382690e-01,1.506340e-01,8.174071e-02,6.232512e-01,6.803052e-01,1.091282e+00,1.061738e+00
7988,1,9.927872e-01,9.914326e-01,9.927872e-01,1.654832e-01,1.977876e-01,8.899323e-01,8.585288e-01,1.863365e-01,2.181141e-01,6.186084e-01,6.839918e-01,1.256968e+00,1.138636e+01
7989,1,9.950000e-01,9.795461e-01,9.949999e-01,8.703299e-02,2.008914e-01,1.216629e+00,8.984794e-01,6.007348e-02,5.723157e-02,9.991469e-01,1.026744e+00,8.248379e-01,1.459913e+01
7990,1,9.724894e-01,9.417589e-01,9.724891e-01,1.917428e-01,5.485523e-02,6.683689e-01,6.990778e-01,7.985334e-02,1.680789e-01,4.571561e-01,2.857335e-01,1.010206e+00,4.032501e+00
7991,1,1.592695e-01,2.299291e-01,1.592700e-01,2.070773e-01,1.954107e-01,8.964120e-01,9.332091e-01,1.989777e-01,2.246539e-01,6.135630e-01,6.363295e-01,2.389743e-02,8.556610e-01
7992,1,5.841489e-01,6.834894e-01,5.841496e-01,9.515519e-02,1.919171e-01,8.403882e-01,6.600597e-01,1.402286e-01,1.324858e-01,6.468836e-01,7.208625e-01,5.521771e-01,1.779977e+00
7993,1,7.746809e-02,2.389362e-01,7.746923e-02,1.678368e-01,1.487258e-01,7.490806e-01,7.368229e-01,1.571057e-01,2.190518e-01,5.251369e-01,5.151485e-01,1.261537e-01,2.470338e-01
7994,1,1.439645e-01,4.460000e-01,1.439667e-01,8.995104e-02,1.497494e-01,7.065680e-01,5.503713e-01,1.471096e-01,7.807366e-02,5.598541e-01,6.148523e-01,3.423751e-02,6.855323e-01
7995,1,9.148582e-01,8.881844e-01,9.148580e-01,1.190326e-01,1.412495e-01,7.627337e-01,6.508501e-01,1.494693e-01,1.884150e-01,5.582662e-01,6.022401e-01,2.693338e-01,4.741544e-01
7996,1,3.242766e-01,1.872199e-01,3.242756e-01,1.538657e-01,1.655474e-01,5.972110e-01,6.041294e-01,1.828379e-01,2.009282e-01,4.510969e-01,4.331424e-01,6.767259e-02,3.915752e-01
7997,1,4.702766e-01,6.306099e-01,4.702777e-01,1.277735e-01,1.421987e-01,7.477235e-01,6.534816e-01,1.607469e-01,1.443956e-01,5.547486e-01,5.912413e-01,6.271255e-01,3.894334e-01
7998,1,1.238652e-01,2.056879e-01,1.238658e-01,9.376204e-02,1.713110e-01,9.286721e-01,7.587019e-01,1.397343e-01,1.055965e-01,7.035424e-01,8.143365e-01,1.115263e-01,1.070107e-01
7999,1,4.067872e-01,1.467092e-01,4.067854e-01,1.600518e-01,1.746617e-01,6.630959e-01,6.228053e-01,1.703465e-01,1.694296e-01,4.866192e-01,4.762105e-01,5.165120e-01,7.495580e-01
8000,1,4.259645e-01,2.964113e-01,4.259636e-01,1.114485e-01,1.750720e-01,7.394605e-01,6.044566e-01,1.633734e-01,1.735616e-01,5.756008e-01,6.217010e-01,3.337140e-01,5.819139e-01
8001,1,2.813688e-01,2.658582e-01,2.813687e-01,9.706373e-02,9.228857e-02,5.268854e-01,4.733312e-01,1.354100e-01,1.656142e-01,3.883396e-01,3.947074e-01,1.925442e-01,7.084359e-01
8002,1,3.741631e-01,4.726099e-01,3.741638e-01,1.179331e-01,1.698144e-01,8.808740e-01,7.243326e-01,1.662510e-01,1.224932e-01,6.811053e-01,7.630642e-01,3.472462e-01,1.174624e-02
8003,1,9.060071e-01,8.112340e-01,9.060064e-01,3.336193e-02,1.575153e-01,6.048516e-01,5.595162e-01,7.468862e-02,4.759794e-02,4.536576e-01,4.925340e-01,6.148661e-01,1.276929e-01
8004,1,4.601348e-01,5.139007e-01,4.601351e-01,3.182741e-01,2.060079e-01,8.891274e-01,7.716251e-01,2.687492e-01,3.377839e-01,6.170817e-01,6.181189e-01,2.029054e-02,4.719872e-01
8005,1,2.493972e-01,1.120142e-01,2.493962e-01,4.259742e-02,1.448571e-01,7.102437e-01,6.724348e-01,9.509398e-02,1.005866e-01,5.378878e-01,5.949418e-01,5.618498e-01,7.634183e-01
8006,1,5.092979e-01,3.518865e-01,5.092968e-01,8.648995e-02,1.046605e-01,5.799176e-01,4.486111e-01,1.436401e-01,1.052597e-01,4.531907e-01,4.789301e-01,1.292604e-01,8.676423e-01
8007,1,1.348014e-01,2.322979e-01,1.348021e-01,1.560599e-01,2.182101e-01,1.063965e+00,9.294742e-01,1.966442e-01,1.706738e-01,8.047064e-01,9.022144e-01,5.716470e-01,5.907092e-02
8008,1,3.049574e-01,1.741560e-01,3.049565e-01,1.045172e-01,1.147384e-01,4.843561e-01,4.367878e-01,1.270140e-01,1.582835e-01,3.610473e-01,3.473697e-01,1.260940e-01,1.025052e+00
8009,1,4.181064e-01,3.861844e-01,4.181062e-01,1.089419e-01,1.715030e-01,8.510322e-01,6.836978e-01,1.640914e-01,1.276056e-01,6.504667e-01,7.398780e-01,1.322306e+00,2.444473e-01
8010,1,1.486596e-01,2.187234e-01,1.486601e-01,1.510364e-01,1.839985e-01,6.826771e-01,6.608799e-01,1.945970e-01,1.997229e-01,5.371986e-01,5.268349e-01,5.967294e-01,6.920522e-01
8011,1,1.140496e-01,3.737163e-01,1.140515e-01,1.358273e-01,1.516741e-01,7.485531e-01,6.160981e-01,1.767691e-01,1.592247e-01,5.824812e-01,6.261464e-01,2.890975e-01,9.657658e-01
8012,1,1.856028e-02,1.263121e-01,1.856105e-02,9.593499e-02,1.308169e-01,6.520185e-01,5.818122e-01,1.384380e-01,1.057831e-01,4.740422e-01,5.358017e-01,4.944723e-01,7.133013e-01
8013,1,3.604752e-01,4.044539e-01,3.604755e-01,8.265542e-02,1.132990e-01,5.165838e-01,4.357980e-01,8.428374e-02,1.431417e-01,3.795089e-01,3.789568e-01,3.642301e-01,4.993507e-01
8014,1,1.528014e-01,1.383404e-01,1.528013e-01,1.566171e-01,1.919861e-01,9.000905e-01,8.086576e-01,1.959751e-01,1.844737e-01,6.687949e-01,7.295039e-01,6.393961e-01,6.530098e-01
8015,1,2.957518e-01,3.689078e-01,2.957523e-01,1.345389e-01,1.417745e-01,7.177303e-01,6.348970e-01,1.614058e-01,1.641241e-01,5.408824e-01,5.562287e-01,3.851601e-02,1.336615e-01
8016,1,3.935248e-01,1.741277e-01,3.935233e-01,9.629865e-02,1.564536e-01,7.893335e-01,6.432413e-01,1.227353e-01,1.234678e-01,5.920334e-01,6.588221e-01,4.104977e-01,9.173801e-02
8017,1,3.762057e-01,2.129787e-01,3.762045e-01,1.461150e-01,1.636913e-01,6.809249e-01,6.584653e-01,1.534365e-01,1.821990e-01,4.842030e-01,5.126254e-01,4.106621e-01,8.378067e-01
8018,1,1.696809e-01,1.287801e-01,1.696806e-01,1.113100e-01,1.713286e-01,7.772699e-01,6.479015e-01,1.827670e-01,1.195068e-01,6.099343e-01,6.915938e-01,3.992438e-01,1.637874e-01
8019,1,2.090284e-01,2.100567e-01,2.090284e-01,1.404573e-01,1.555912e-01,7.148418e-01,6.644576e-01,1.424319e-01,1.921376e-01,5.180653e-01,5.276409e-01,1.199641e+00,2.654041e-01
8020,1,1.810638e-02,1.507660e-01,1.810732e-02,1.247548e-01,1.493667e-01,7.054943e-01,6.018276e-01,1.819114e-01,1.527399e-01,5.528331e-01,5.824887e-01,2.198599e-01,7.105080e-01
8021,1,4.067589e-01,4.238582e-01,4.067590e-01,1.315413e-01,1.739004e-01,7.989806e-01,6.934992e-01,1.515832e-01,1.548090e-01,6.012915e-01,6.500912e-01,1.061600e+00,1.509560e+00
8022,1,3.889716e-01,1.311773e-01,3.889698e-01,1.002252e-01,1.264697e-01,5.529900e-01,4.754011e-01,1.558792e-01,1.564449e-01,4.290589e-01,4.574460e-01,1.484060e+00,6.273176e-01
8023,1,6.523050e-01,3.941418e-01,6.523031e-01,1.452616e-01,1.395585e-01,7.087773e-01,6.372337e-01,1.955459e-01,1.670839e-01,5.574512e-01,5.601266e-01,1.909636e+00,3.996823e-02
8024,1,4.431418e-01,4.355745e-01,4.431418e-01,1.507087e-01,2.045283e-01,9.308438e-01,7.823794e-01,1.955576e-01,2.166273e-01,7.202462e-01,7.621964e-01,1.638920e-01,8.338575e-03
8025,1,1.605035e-01,2.617872e-01,1.605043e-01,1.682831e-01,2.133689e-01,1.113447e+00,1.035450e+00,1.833349e-01,1.829153e-01,7.931207e-01,9.025246e-01,4.011771e-01,2.305332e-02
8026,1,1.501418e-02,2.680851e-02,1.501427e-02,1.080449e-01,1.373940e-01,6.478179e-01,5.797371e-01,1.324514e-01,1.198819e-01,4.750632e-01,5.358705e-01,6.875513e-01,8.258371e-03
8027,1,3.936525e-01,5.600709e-01,3.936537e-01,9.929295e-02,1.286275e-01,6.001087e-01,5.284583e-01,1.012178e-01,1.046874e-01,4.281432e-01,4.675551e-01,6.658950e-01,1.059603e-01
8028,1,1.751135e-01,6.337589e-02,1.751127e-01,1.149537e-01,1.841696e-01,8.740411e-01,7.817280e-01,1.499515e-01,1.438294e-01,6.443222e-01,7.507781e-01,1.709521e-01,4.662247e-01
8029,1,2.045035e-01,2.937730e-01,2.045042e-01,1.050937e-01,1.058896e-01,5.476869e-01,4.942885e-01,1.078303e-01,1.260083e-01,3.923282e-01,3.895646e-01,6.640934e-02,1.011169e-02
8030,1,5.937092e-01,2.435461e-01,5.937067e-01,1.281761e-01,1.452573e-01,6.787162e-01,5.880596e-01,1.455964e-01,1.257897e-01,5.013849e-01,5.502553e-01,1.719275e-01,7.729381e-01
8031,1,7.159645e-01,3.682979e-01,7.159621e-01,7.500545e-02,1.508426e-01,6.861585e-01,5.447244e-01,1.326624e-01,8.889559e-02,5.326771e-01,6.310896e-01,1.060584e+00,4.754286e-01
8032,1,1.897801e-01,1.988511e-01,1.897802e-01,1.277336e-01,1.193780e-01,6.138266e-01,6.374935e-01,1.002409e-01,1.490909e-01,4.000178e-01,4.235652e-01,7.471620e-01,9.409420e-01
8033,1,4.166454e-01,4.321135e-01,4.166455e-01,8.045180e-02,1.263518e-01,5.541797e-01,4.540597e-01,9.895855e-02,9.684194e-02,3.983358e-01,4.534178e-01,1.539392e-01,8.436021e-01
8034,1,3.264752e-01,2.288794e-01,3.264745e-01,1.085210e-01,1.541860e-01,6.883245e-01,5.854029e-01,1.463423e-01,9.522183e-02,5.434283e-01,5.925123e-01,5.625306e-01,9.833409e-02
8035,1,1.556950e-01,2.212482e-01,1.556955e-01,1.269714e-01,1.555124e-01,6.790918e-01,6.201493e-01,1.336181e-01,2.042797e-01,4.915735e-01,5.108898e-01,5.475764e-02,6.755746e-01
8036,1,2.110142e-01,2.885248e-01,2.110147e-01,1.306943e-01,1.267853e-01,7.089246e-01,6.786074e-01,1.374920e-01,1.486479e-01,5.021283e-01,5.322838e-01,5.001551e-01,1.203158e+00
8037,1,3.802624e-01,1.216738e-01,3.802606e-01,1.266203e-01,1.644761e-01,7.884321e-01,6.791567e-01,1.760091e-01,1.353988e-01,5.945672e-01,6.870136e-01,1.986391e-01,7.049261e-02
8038,1,3.670213e-02,1.184681e-01,3.670271e-02,1.014012e-01,1.482361e-01,6.464146e-01,5.563487e-01,1.132142e-01,1.118171e-01,4.761059e-01,5.249996e-01,2.922838e-01,3.432620e-01
8039,1,6.958936e-01,6.234326e-01,6.958931e-01,1.347459e-01,1.496712e-01,6.894855e-01,6.572818e-01,1.423199e-01,1.634283e-01,4.984843e-01,5.237849e-01,8.272801e-02,4.567043e-01
8040,1,2.995035e-02,6.951773e-02,2.995064e-02,1.067377e-01,1.366518e-01,7.014585e-01,6.352014e-01,1.313362e-01,1.137797e-01,5.209157e-01,5.905934e-01,1.953770e-01,7.190956e-02
8041,1,4.655816e-01,1.776454e-01,4.655795e-01,8.294912e-02,1.098196e-01,5.538845e-01,4.625140e-01,8.500982e-02,1.256234e-01,3.913348e-01,4.217356e-01,5.267501e-01,3.773085e-01
8042,1,1.023475e-01,3.068652e-01,1.023490e-01,1.680317e-01,2.042447e-01,9.931767e-01,9.192208e-01,2.185461e-01,1.922652e-01,7.403449e-01,8.422618e-01,9.133665e-01,3.080170e-01
8043,1,7.233333e-02,1.180426e-01,7.233366e-02,1.336089e-01,1.793891e-01,7.479537e-01,6.788267e-01,1.488737e-01,1.397810e-01,5.658661e-01,6.056302e-01,7.220206e-02,2.533629e-01
8044,1,3.712766e-02,1.673191e-01,3.712858e-02,9.300984e-02,9.343132e-02,5.656050e-01,4.955111e-01,9.900852e-02,1.172257e-01,3.976569e-01,4.372546e-01,3.172074e-01,8.080115e-01
8045,1,3.557801e-01,1.606241e-01,3.557788e-01,1.039357e-01,1.410630e-01,6.746018e-01,5.943540e-01,1.483362e-01,1.220075e-01,5.093004e-01,5.876434e-01,1.235490e+00,8.550531e-01
8046,1,3.278085e-01,3.761418e-01,3.278089e-01,1.784805e-01,1.880309e-01,8.887007e-01,8.451024e-01,1.786785e-01,2.295087e-01,6.456763e-01,6.583404e-01,1.114751e+00,5.373064e-01
8047,1,2.459220e-01,1.951348e-01,2.459216e-01,1.379185e-01,2.001994e-01,8.315296e-01,7.505756e-01,1.806919e-01,1.251491e-01,6.356680e-01,7.194897e-01,8.445317e-01,3.792720e-01
8048,1,2.975674e-01,3.037305e-01,2.975674e-01,1.055835e-01,1.236163e-01,6.775272e-01,5.669647e-01,1.206655e-01,1.576365e-01,5.039901e-01,5.443645e-01,7.745855e-01,9.019002e-01
8049,1,1.260284e-02,7.319149e-02,1.260327e-02,1.485962e-01,1.477835e-01,6.532285e-01,6.676842e-01,1.720214e-01,1.777179e-01,4.670219e-01,5.110314e-01,5.355289e-03,6.011770e-01
8050,1,2.673404e-01,1.936170e-01,2.673399e-01,6.984146e-02,9.745005e-02,4.688799e-01,3.899713e-01,8.510875e-02,6.664177e-02,3.574371e-01,3.951345e-01,8.362351e-01,5.245869e-01
8051,1,9.492837e-01,9.584255e-01,9.492838e-01,9.342865e-02,1.461434e-01,7.175363e-01,6.358307e-01,1.165576e-01,7.400322e-02,5.123145e-01,6.235685e-01,5.986322e-01,9.488745e-02
8052,1,2.283333e-01,1.457021e-01,2.283327e-01,1.072543e-01,7.683939e-02,7.194054e-01,6.682445e-01,1.735798e-01,1.343293e-01,5.386266e-01,6.350060e-01,1.232235e+00,8.699149e-01
8053,1,9.070213e-02,1.134468e-01,9.070229e-02,1.330188e-01,1.424079e-01,7.000436e-01,6.460820e-01,1.682685e-01,1.340535e-01,5.333238e-01,5.719837e-01,6.571641e-01,1.573032e-02
8054,1,1.468440e-01,1.573759e-01,1.468440e-01,1.432998e-01,1.659268e-01,7.646123e-01,7.242233e-01,1.548736e-01,1.618466e-01,5.505685e-01,6.155225e-01,3.103243e-01,1.469377e-01
8055,1,2.097518e-01,9.205674e-02,2.097509e-01,1.145920e-01,1.694802e-01,8.680803e-01,7.612251e-01,1.214689e-01,1.226468e-01,6.319842e-01,7.196442e-01,4.563427e-01,5.454565e-02
8056,1,2.002199e-01,2.090638e-01,2.002199e-01,1.427310e-01,1.534489e-01,7.020182e-01,7.012859e-01,1.663239e-01,1.643492e-01,5.053970e-01,5.688758e-01,3.574755e-01,3.010507e-02
8057,1,1.276809e-01,1.604113e-01,1.276811e-01,1.413992e-01,1.725061e-01,8.634765e-01,8.033889e-01,1.567665e-01,1.608272e-01,6.210210e-01,7.076665e-01,2.651861e-01,2.153389e-01
8058,1,2.131206e-02,4.967376e-02,2.131226e-02,1.268017e-01,1.466342e-01,7.312444e-01,6.871191e-01,1.219586e-01,1.406053e-01,5.124383e-01,5.798873e-01,2.339204e-01,7.557025e-02
8059,1,7.603546e-02,6.740426e-02,7.603540e-02,1.053252e-01,1.443670e-01,7.136855e-01,6.350409e-01,1.217622e-01,1.094932e-01,5.216114e-01,6.019716e-01,2.538785e-01,2.905562e-01
8060,1,5.785319e-01,4.145532e-01,5.785308e-01,1.194634e-01,1.155812e-01,5.993708e-01,5.941601e-01,1.131052e-01,1.348070e-01,4.118791e-01,4.496853e-01,2.975486e-01,5.214449e-01
8061,1,1.265745e-01,1.230638e-01,1.265744e-01,1.519795e-01,2.013694e-01,1.046700e+00,9.514920e-01,1.553339e-01,1.457330e-01,7.569445e-01,8.722732e-01,4.463471e-01,1.500974e-01
8062,1,4.936241e-01,3.760993e-01,4.936233e-01,1.308628e-01,1.323556e-01,6.648798e-01,6.631946e-01,1.283637e-01,1.678484e-01,4.556711e-01,5.109240e-01,3.170426e-01,1.015357e-01
8063,1,1.236241e-01,2.894184e-01,1.236253e-01,1.543499e-01,2.161388e-01,1.040752e+00,9.561809e-01,1.664686e-01,1.341480e-01,7.541316e-01,8.835271e-01,3.094734e-01,4.170713e-01
8064,1,1.650567e-01,2.486525e-01,1.650573e-01,1.427459e-01,1.632840e-01,7.540647e-01,7.354670e-01,1.197159e-01,1.547206e-01,5.128604e-01,5.793654e-01,3.417462e-01,1.121871e+00
8065,1,1.575674e-01,1.969645e-01,1.575677e-01,1.006703e-01,1.258731e-01,6.153089e-01,5.821182e-01,1.356272e-01,1.002957e-01,4.445374e-01,5.409752e-01,2.574523e-01,2.338235e-01
8066,1,1.592695e-01,1.890922e-01,1.592697e-01,1.211688e-01,1.176369e-01,6.843065e-01,6.633370e-01,9.904985e-02,1.639590e-01,4.621372e-01,5.140669e-01,3.832990e-01,8.340756e-01
8067,1,1.738227e-01,1.213617e-01,1.738223e-01,1.331569e-01,1.705320e-01,8.454169e-01,7.656530e-01,1.312710e-01,8.249748e-02,6.140739e-01,7.076527e-01,2.469311e-01,2.533465e-01
8068,1,2.348156e-01,1.035603e-01,2.348147e-01,1.054073e-01,9.771084e-02,4.891924e-01,4.937347e-01,1.027114e-01,1.252412e-01,3.317872e-01,3.826589e-01,2.963920e-01,1.459084e-01
8069,1,9.004965e-02,1.037021e-01,9.004974e-02,1.110294e-01,1.304985e-01,6.754610e-01,6.470104e-01,1.028192e-01,1.278640e-01,4.747065e-01,5.478148e-01,2.685659e-01,9.630626e-01
8070,1,3.665461e-01,1.299291e-01,3.665444e-01,1.048574e-01,1.257931e-01,6.134487e-01,5.781938e-01,1.056240e-01,1.102443e-01,4.225025e-01,5.050090e-01,1.181762e-01,9.647908e-01
8071,1,4.138652e-01,3.498298e-01,4.138648e-01,1.461989e-01,1.595216e-01,7.769110e-01,7.713057e-01,1.352401e-01,1.307873e-01,5.454504e-01,6.226693e-01,3.911518e-01,4.036942e-02
8072,1,8.454610e-02,4.504965e-02,8.454582e-02,9.278996e-02,1.202865e-01,5.899644e-01,5.487244e-01,8.689934e-02,8.551892e-02,4.144255e-01,4.870904e-01,1.320416e-01,8.255197e-01
8073,1,2.639645e-01,2.370213e-01,2.639643e-01,9.051151e-02,8.585265e-02,5.060003e-01,4.777392e-01,7.789441e-02,1.126354e-01,3.311125e-01,3.981727e-01,3.437290e-01,1.387453e-01
8074,1,3.574255e-01,1.738298e-01,3.574242e-01,1.102738e-01,1.480041e-01,7.310011e-01,6.537123e-01,1.179703e-01,7.502078e-02,5.341081e-01,6.388559e-01,3.160168e-01,3.207306e-02
8075,1,4.877305e-02,1.875177e-02,4.877284e-02,1.031309e-01,9.920182e-02,4.768894e-01,5.250329e-01,9.408024e-02,1.402368e-01,3.147148e-01,3.689412e-01,2.029060e-01,1.077052e-01
8076,1,4.191277e-01,2.537730e-01,4.191265e-01,7.383168e-02,1.063209e-01,5.314893e-01,5.228914e-01,6.885953e-02,6.180293e-02,3.669634e-01,4.331637e-01,3.145535e-01,8.476261e-01
8077,1,1.434965e-01,1.957447e-01,1.434968e-01,2.236243e-01,1.666716e-01,8.311807e-01,8.376645e-01,1.924507e-01,2.116098e-01,5.660778e-01,6.363464e-01,3.197805e-01,2.176814e-01
8078,1,3.850142e-01,3.730780e-01,3.850141e-01,2.760234e-02,1.039608e-01,4.825069e-01,4.094929e-01,4.243005e-02,1.513871e-02,3.572255e-01,4.607304e-01,1.370183e-01,8.355117e-01
8079,1,7.873830e-01,1.215603e-01,7.873783e-01,8.414081e-02,1.101993e-01,5.527067e-01,5.275324e-01,8.794078e-02,1.182468e-01,3.840632e-01,4.794239e-01,1.732066e-01,1.588349e-01
8080,1,3.718794e-01,1.683404e-01,3.718780e-01,1.026355e-01,5.163533e-02,2.726179e-01,3.425950e-01,5.045073e-02,9.181228e-02,1.385406e-01,1.270064e-01,2.328288e-01,3.650127e-01
8081,1,1.653546e-01,8.906383e-02,1.653541e-01,8.727710e-02,1.657615e-01,8.527496e-01,7.193936e-01,1.138523e-01,6.680497e-02,6.381709e-01,7.884891e-01,2.475099e-01,4.416350e-01
8082,1,2.162908e-01,1.064823e-01,2.162900e-01,1.128559e-01,7.453760e-02,3.529132e-01,4.475010e-01,7.752916e-02,1.452379e-01,1.939213e-01,2.213717e-01,1.764341e-01,6.097387e-01
8083,1,7.604965e-02,1.521418e-01,7.605019e-02,1.113965e-01,1.229099e-01,6.554446e-01,6.288483e-01,9.737737e-02,1.042398e-01,4.557029e-01,5.365647e-01,2.182786e-01,3.040185e-01
8084,1,3.048156e-01,1.768227e-01,3.048147e-01,8.432932e-02,1.124911e-01,5.720805e-01,5.375673e-01,6.871209e-02,5.726502e-02,3.887595e-01,4.800744e-01,2.988149e-01,4.886493e-01
8085,1,3.450000e-01,2.656028e-01,3.449994e-01,1.356643e-01,1.538231e-01,7.606314e-01,7.518115e-01,1.310849e-01,1.454039e-01,5.211200e-01,6.279385e-01,3.362752e-01,5.425626e-02
8086,1,9.403546e-02,4.909220e-02,9.403514e-02,9.898649e-02,1.405355e-01,5.541949e-01,5.192608e-01,6.686880e-02,7.417334e-02,3.819432e-01,4.502898e-01,1.808621e-01,5.186596e-03
8087,1,9.236170e-02,1.378582e-01,9.236202e-02,6.114867e-02,2.042325e-02,2.228919e-01,2.662824e-01,6.148727e-02,5.498757e-02,1.339963e-01,1.834577e-01,9.714952e-02,7.752808e-01
8088,1,2.069291e-01,8.310638e-02,2.069282e-01,7.190503e-02,7.867497e-02,4.652368e-01,4.365995e-01,5.584570e-02,6.710335e-02,3.222712e-01,3.938385e-01,3.156091e-01,2.505543e-03
8089,1,3.053262e-01,2.891773e-01,3.053261e-01,9.680765e-02,1.147691e-01,5.788317e-01,5.849318e-01,7.592097e-02,9.431087e-02,3.848766e-01,4.625586e-01,2.279516e-01,5.021711e-01
8090,1,2.976596e-02,1.909220e-02,2.976588e-02,1.289156e-01,9.421543e-02,4.132141e-01,4.608975e-01,1.081935e-01,1.231963e-01,2.588008e-01,3.133132e-01,5.583343e-02,2.719985e-01
8091,1,2.360922e-01,3.265248e-01,2.360928e-01,5.337471e-02,8.808607e-02,4.862706e-01,4.616159e-01,4.028003e-02,2.305614e-02,3.381395e-01,4.287636e-01,2.127630e-01,3.885236e-01
8092,1,9.921986e-03,2.015603e-02,9.922058e-03,1.344783e-01,1.110997e-01,5.602733e-01,6.183716e-01,1.059360e-01,1.692413e-01,3.472800e-01,4.152607e-01,4.720875e-01,2.634046e-01
8093,1,6.453191e-02,3.934752e-02,6.453174e-02,8.646950e-02,1.074300e-01,5.628571e-01,5.337365e-01,7.371926e-02,6.285816e-02,3.943851e-01,4.814692e-01,1.883899e-01,9.711301e-03
8094,1,6.858511e-01,3.169929e-01,6.858484e-01,2.908973e-02,1.055181e-01,4.766125e-01,4.767925e-01,3.063475e-02,1.550334e-02,3.331596e-01,4.358278e-01,5.342071e-02,7.422098e-01
8095,1,7.223333e-01,2.424823e-01,7.223299e-01,2.011813e-01,7.421196e-02,4.905683e-01,4.868085e-01,1.342506e-01,1.932145e-01,2.977006e-01,3.317790e-01,2.313999e-01,3.474607e-01
8096,1,8.848156e-01,6.048369e-01,8.848136e-01,5.260091e-02,1.239838e-01,6.384338e-01,6.069200e-01,3.184223e-02,5.511241e-02,4.537146e-01,6.087817e-01,2.353045e-01,9.045826e-01
8097,1,2.496383e-01,1.234752e-01,2.496374e-01,2.858722e-01,1.065730e-01,5.376273e-01,5.721871e-01,2.239869e-01,2.764321e-01,3.206351e-01,3.648368e-01,3.904740e-01,1.146003e-01
8098,1,7.921277e-02,2.314894e-02,7.921237e-02,2.541167e-02,1.098833e-01,5.767297e-01,6.003993e-01,1.360172e-02,1.865670e-02,3.847240e-01,4.913415e-01,2.309888e-01,3.312769e-01
8099,1,1.925532e-02,3.153191e-02,1.925541e-02,9.810004e-02,1.229314e-01,6.496844e-01,6.317703e-01,7.650216e-02,7.415515e-02,4.438965e-01,5.517569e-01,2.763438e-01,1.514070e-01
8100,1,4.155319e-02,6.855319e-02,4.155338e-02,1.093677e-01,1.094602e-01,5.210462e-01,5.556965e-01,8.642373e-02,8.186564e-02,3.379910e-01,4.236900e-01,3.156421e-01,4.908196e-01
8101,1,3.895106e-01,1.685957e-01,3.895091e-01,1.012243e-01,7.995991e-02,4.620343e-01,5.084190e-01,5.615134e-02,1.011449e-01,2.855576e-01,3.471217e-01,1.810877e-01,5.676818e-01
8102,1,4.812057e-02,1.591489e-02,4.812034e-02,7.554276e-02,1.128385e-01,6.014559e-01,5.363825e-01,5.845366e-02,1.677272e-02,4.215148e-01,5.389189e-01,2.580807e-01,1.331018e-01
8103,1,2.808440e-01,9.622695e-02,2.808427e-01,8.671441e-02,7.570138e-02,3.551136e-01,4.091201e-01,4.435006e-02,8.362440e-02,2.054104e-01,2.641102e-01,1.934360e-01,5.370563e-01
8104,1,1.114184e-02,5.791489e-02,1.114218e-02,9.898323e-02,1.160298e-01,6.032226e-01,6.149701e-01,9.274428e-02,7.036797e-02,4.072615e-01,5.335815e-01,2.372151e-01,5.436824e-01
8105,1,3.009220e-02,1.289362e-02,3.009208e-02,9.750705e-02,7.643899e-02,4.169535e-01,4.661564e-01,5.445854e-02,9.130857e-02,2.431692e-01,3.162635e-01,2.173836e-01,7.788033e-01
8106,1,5.964539e-03,1.317730e-02,5.964590e-03,6.442369e-02,7.140436e-02,4.211990e-01,4.067237e-01,3.329514e-02,3.037245e-02,2.810810e-01,3.626213e-01,2.748564e-01,3.647292e-01
8107,1,4.793617e-02,1.377305e-02,4.793593e-02,7.657220e-02,6.651608e-02,3.151508e-01,3.639462e-01,4.771258e-02,6.355166e-02,1.861679e-01,2.486797e-01,1.840430e-01,3.377725e-01
8108,1,1.983333e-01,1.571489e-01,1.983330e-01,8.090557e-02,8.268431e-02,3.975703e-01,4.410266e-01,6.080779e-02,5.290680e-02,2.533365e-01,3.478554e-01,6.688754e-02,3.617866e-02
8109,1,4.797872e-02,1.873759e-02,4.797852e-02,9.606329e-02,7.505946e-02,4.725411e-01,5.060638e-01,4.466262e-02,7.991337e-02,2.819149e-01,3.606517e-01,1.489556e-01,4.344298e-02
8110,1,1.788298e-01,5.336170e-02,1.788289e-01,6.763157e-02,7.922988e-02,4.197835e-01,4.128460e-01,3.627768e-02,4.275844e-02,2.661752e-01,3.588200e-01,1.167722e-01,5.681907e-01
8111,1,2.792199e-02,3.126241e-02,2.792201e-02,9.532203e-02,9.176134e-02,4.975808e-01,5.445463e-01,5.874139e-02,7.065617e-02,3.065966e-01,4.105468e-01,4.056177e-01,1.257495e-01
8112,1,3.507092e-02,1.876596e-02,3.507081e-02,9.202136e-02,9.171002e-02,4.345594e-01,4.801682e-01,6.563925e-02,7.360886e-02,2.772266e-01,3.607346e-01,1.471640e-01,3.361917e-01
8113,1,1.084610e-01,2.654610e-01,1.084621e-01,6.562111e-02,7.320230e-02,4.227054e-01,4.178525e-01,3.015035e-02,3.269846e-02,2.637448e-01,3.682203e-01,3.025316e-01,9.260558e-01
8114,1,4.104752e-01,2.480142e-01,4.104740e-01,1.027193e-01,8.011326e-02,3.858077e-01,4.533245e-01,3.890364e-02,5.901060e-02,2.246965e-01,2.685832e-01,3.816866e-01,9.458837e-01
8115,1,1.397872e-02,8.678014e-02,1.397924e-02,8.700272e-02,1.082847e-01,5.517882e-01,5.811008e-01,9.535806e-02,8.109189e-02,3.695627e-01,5.211208e-01,1.308739e-01,2.969674e-01
8116,1,2.597943e-01,7.272340e-02,2.597930e-01,7.403104e-02,4.773921e-02,3.405019e-01,3.850677e-01,1.048804e-02,5.570804e-02,1.808876e-01,2.420948e-01,1.630638e-01,6.742281e-01
8117,1,6.745745e-01,2.857730e-01,6.745717e-01,9.943340e-02,9.174160e-02,5.290421e-01,5.740474e-01,5.724418e-02,5.821428e-02,3.329434e-01,4.313749e-01,1.945913e-01,3.309557e-01
8118,1,5.053688e-01,1.376879e-01,5.053662e-01,6.837788e-02,1.035459e-01,5.599837e-01,5.121584e-01,3.578125e-02,1.700822e-02,3.707792e-01,5.122856e-01,1.777115e-01,4.189322e-01
8119,1,5.833333e-02,9.356028e-02,5.833358e-02,1.241784e-01,7.796165e-02,4.291822e-01,5.720953e-01,6.512872e-02,1.191045e-01,2.332918e-01,3.012263e-01,2.760709e-01,2.704202e-01
8120,1,1.589007e-01,5.834043e-02,1.589000e-01,6.605082e-02,6.961982e-02,4.046901e-01,3.935947e-01,2.138848e-02,2.486929e-02,2.451701e-01,3.455531e-01,2.561311e-01,2.956453e-01
8121,1,5.848936e-02,1.180142e-02,5.848903e-02,9.058902e-02,6.183733e-02,3.370363e-01,4.440997e-01,4.750615e-02,8.010132e-02,1.849097e-01,2.611081e-01,2.538836e-01,8.772378e-01
8122,1,4.158369e-01,2.693617e-01,4.158358e-01,4.069431e-02,4.837250e-02,2.706913e-01,2.770951e-01,9.488636e-03,2.062552e-03,1.525672e-01,2.547756e-01,1.241544e-01,7.812456e-01
8123,1,4.351560e-01,1.732482e-01,4.351542e-01,1.149061e-01,9.147415e-02,5.027273e-01,5.900621e-01,5.844256e-02,7.457239e-02,3.043199e-01,3.946769e-01,2.815398e-01,1.058033e+00
8124,1,3.275674e-01,4.927660e-02,3.275654e-01,6.551908e-02,5.714754e-02,3.008271e-01,3.428095e-01,1.154237e-02,6.268231e-02,1.430353e-01,2.236218e-01,1.075177e-02,6.962035e-02
8125,1,1.897234e-01,6.507801e-02,1.897225e-01,5.586979e-02,7.001692e-02,4.376316e-01,4.444840e-01,2.844970e-02,1.103655e-02,2.885916e-01,4.282875e-01,3.271121e-01,6.326013e-01
8126,1,1.818936e-01,6.028369e-02,1.818928e-01,7.848267e-02,3.059321e-02,2.060843e-01,3.445520e-01,1.274353e-02,8.550248e-02,6.899237e-02,1.089674e-01,2.428412e-01,6.587464e-01
8127,1,4.769007e-01,2.114752e-01,4.768988e-01,1.018626e-01,9.036112e-02,4.633530e-01,4.812253e-01,6.157915e-02,3.382482e-02,2.888132e-01,4.135822e-01,1.409420e-01,1.466483e-03
8128,1,1.957660e-01,4.195745e-02,1.957649e-01,5.118417e-02,7.850392e-02,3.776903e-01,4.165464e-01,2.172102e-02,1.378682e-02,2.370894e-01,3.612481e-01,1.822768e-01,1.110143e-01
8129,1,5.202128e-02,1.045390e-02,5.202098e-02,8.671037e-02,4.734232e-02,3.443794e-01,4.300457e-01,1.604702e-02,9.095794e-02,1.616932e-01,2.347323e-01,2.270673e-01,2.494223e-03
8130,1,2.719078e-01,4.903546e-02,2.719062e-01,5.456206e-02,6.064717e-02,2.634739e-01,3.010557e-01,6.870614e-04,5.525497e-04,1.406849e-01,2.232117e-01,1.851475e-01,2.443556e-02
8131,1,6.782199e-01,3.643830e-01,6.782176e-01,5.648844e-03,2.975952e-02,2.255039e-01,3.089327e-01,1.708390e-02,2.639115e-02,1.240521e-01,2.441712e-01,5.601271e-02,8.087930e-01
8132,1,7.262766e-01,1.200567e-01,7.262723e-01,1.907537e-01,6.221312e-02,3.760168e-01,4.239611e-01,1.018074e-01,1.104809e-01,2.024053e-01,2.693047e-01,2.887735e-01,1.037803e+00
8133,1,8.928014e-01,6.813617e-01,8.927999e-01,7.921026e-02,3.897704e-02,2.139987e-01,3.079643e-01,9.260612e-02,6.686732e-02,9.702968e-02,2.239914e-01,4.418122e-03,9.157334e-01
8134,1,8.246099e-02,3.578723e-02,8.246066e-02,2.367475e-01,1.425581e-02,2.049788e-01,2.606079e-01,1.169326e-01,1.623330e-01,6.156784e-02,7.413756e-02,3.998184e-01,2.805332e-01
8135,1,2.321277e-02,3.475177e-03,2.321263e-02,4.911780e-02,3.397592e-02,1.871910e-01,2.446698e-01,6.337043e-02,7.757418e-02,1.035438e-01,2.226594e-01,3.465840e-02,3.664213e-01
8136,1,2.386454e-01,6.553191e-03,2.386437e-01,4.181126e-02,2.912243e-02,1.901357e-01,2.498632e-01,7.596413e-03,2.940707e-04,7.947059e-02,1.703316e-01,1.558245e-01,3.583133e-01
8137,1,7.517021e-02,7.985816e-03,7.516974e-02,6.187474e-02,2.468915e-02,1.618183e-01,2.491103e-01,1.018811e-02,2.509498e-02,4.111398e-02,1.051163e-01,6.967970e-02,1.628304e-01
8138,1,1.776950e-01,1.459291e-01,1.776948e-01,4.166470e-02,5.180305e-02,2.944483e-01,3.334773e-01,9.244382e-03,1.373940e-02,1.725094e-01,2.971391e-01,1.557745e-01,1.111426e+00
8139,1,7.438085e-01,3.450922e-01,7.438057e-01,1.427271e-02,5.913823e-02,3.124417e-01,3.925406e-01,3.304172e-02,5.497835e-02,1.770057e-01,2.749314e-01,1.348509e-01,3.483498e-01
8140,1,3.275887e-02,1.063688e-01,3.275939e-02,2.046444e-01,4.434900e-02,3.161163e-01,4.154746e-01,1.110953e-01,2.061121e-01,1.251381e-01,1.941218e-01,3.521381e-01,1.507386e-01
8141,1,3.996454e-02,6.344681e-02,3.996471e-02,2.201515e-02,4.158018e-02,2.387162e-01,2.691973e-01,5.430296e-02,7.848346e-02,1.370393e-01,2.596797e-01,1.387079e-01,3.245297e-01
8142,1,7.044610e-01,3.056738e-01,7.044582e-01,5.832303e-02,2.375972e-02,1.613842e-01,2.924851e-01,6.391385e-03,2.377209e-02,4.119757e-02,1.208866e-01,5.364806e-02,2.097928e-01
8143,1,1.214894e-02,2.858156e-02,1.214905e-02,1.094916e-01,1.058470e-01,6.054921e-01,6.644668e-01,3.719515e-02,4.542208e-02,3.616786e-01,4.982045e-01,4.527160e-01,4.766729e-01
8144,1,3.837589e-02,1.512057e-02,3.837572e-02,6.518336e-02,3.894204e-02,2.498786e-01,3.138015e-01,2.950464e-03,2.584931e-02,1.186321e-01,2.075927e-01,2.089234e-01,8.105370e-01
8145,1,6.704468e-01,1.138440e-01,6.704429e-01,5.126356e-02,3.677682e-02,2.204461e-01,3.057948e-01,2.308917e-03,7.976087e-03,9.201142e-02,2.042830e-01,2.551379e-02,1.191604e+00
8146,1,7.449149e-01,4.831631e-01,7.449130e-01,1.471710e-02,1.724157e-02,2.576707e-01,2.593542e-01,5.000458e-02,4.744778e-02,1.376210e-01,2.399385e-01,1.425740e-01,2.198833e-01
8147,1,2.700496e-01,2.156879e-01,2.700493e-01,1.600138e-01,1.244104e-01,5.625134e-01,7.366297e-01,7.928390e-02,1.402936e-01,2.986430e-01,4.130029e-01,4.234852e-01,1.298521e+00
8148,1,1.382482e-01,2.429362e-01,1.382490e-01,3.288888e-02,3.055909e-02,1.949470e-01,2.616470e-01,2.609020e-03,5.179238e-03,8.734512e-02,2.210048e-01,1.825841e-01,8.000243e-01
8149,1,2.138936e-01,5.702128e-02,2.138925e-01,5.404135e-02,1.209407e-02,8.496410e-02,1.994836e-01,3.871082e-02,1.046430e-02,2.779161e-02,1.493728e-02,4.238095e-02,4.960444e-01
8150,1,1.888014e-01,8.524823e-02,1.888007e-01,6.185714e-02,4.663026e-02,2.839090e-01,3.752723e-01,2.526339e-03,1.648262e-02,1.271267e-01,2.462946e-01,1.239034e-01,7.550528e-01
8151,1,4.817730e-02,1.136170e-02,4.817704e-02,6.191098e-02,4.925389e-02,2.730976e-01,3.511913e-01,2.818058e-03,1.906708e-02,1.441904e-01,2.553077e-01,1.866837e-01,6.648322e-01
8152,1,1.243617e-01,3.556028e-02,1.243611e-01,4.577048e-02,1.225371e-02,1.638901e-01,2.559682e-01,2.459287e-02,3.359976e-02,2.746024e-02,1.248700e-01,1.078811e-03,6.303132e-01
8153,1,1.148440e-01,1.120284e-01,1.148440e-01,4.028693e-02,2.984098e-02,2.034967e-01,2.585837e-01,3.243174e-02,5.470978e-02,9.076055e-02,1.942753e-01,9.609133e-02,4.023933e-01
8154,1,7.053191e-02,7.517730e-02,7.053195e-02,6.775893e-02,5.068649e-02,2.239268e-01,3.491895e-01,3.765695e-03,5.456976e-02,7.720014e-02,1.849283e-01,3.031125e-01,3.252469e-01
8155,1,4.985319e-01,1.536454e-01,4.985295e-01,3.767677e-02,2.212959e-02,1.415208e-02,1.469302e-01,3.286027e-02,2.279701e-02,7.229523e-02,3.699756e-03,1.248477e-01,1.211289e-01
8156,1,2.070993e-01,2.914894e-02,2.070980e-01,3.830390e-02,6.340019e-02,3.978053e-01,4.419767e-01,1.386405e-02,1.605452e-02,2.236309e-01,3.674332e-01,3.728003e-01,5.540851e-01
8157,1,3.819220e-01,8.171631e-02,3.819199e-01,1.292414e-01,6.988171e-02,3.977929e-01,5.119301e-01,6.335791e-02,8.558423e-02,2.056986e-01,3.378575e-01,2.165670e-01,1.473360e+00
8158,1,1.038227e-01,5.741844e-02,1.038224e-01,2.156134e-02,8.416103e-03,1.521555e-01,2.376087e-01,6.195387e-02,5.238238e-02,4.276758e-02,1.303257e-01,7.226275e-02,4.740593e-01
8159,1,1.251418e-01,1.594752e-01,1.251421e-01,5.617645e-02,2.716233e-02,1.555922e-01,2.723970e-01,1.257944e-02,3.655329e-03,2.225923e-02,1.282178e-01,2.502047e-02,1.582315e-01
8160,1,5.209007e-01,2.305532e-01,5.208987e-01,3.915307e-02,1.714636e-02,1.836334e-01,2.667739e-01,4.594118e-02,1.169655e-02,5.012622e-02,1.567065e-01,1.967860e-01,1.138111e+00
8161,1,3.280071e-01,7.024113e-02,3.280053e-01,3.734956e-02,4.327217e-02,2.170167e-01,2.892653e-01,5.468449e-03,2.997696e-02,1.019002e-01,2.574775e-01,1.722568e-01,1.389423e+00
8162,1,3.669858e-01,1.493617e-01,3.669843e-01,5.733582e-02,2.623865e-02,1.516571e-05,1.806653e-01,5.445840e-02,8.281953e-03,1.029111e-01,7.117686e-02,4.683376e-02,5.807980e-01
8163,1,9.275887e-02,6.526241e-02,9.275867e-02,5.931053e-02,3.504077e-02,2.834545e-01,3.698166e-01,1.977738e-02,1.450581e-02,1.194300e-01,2.425179e-01,2.808726e-01,3.662552e-01
8164,1,3.648156e-01,1.283262e-01,3.648139e-01,5.668689e-02,1.453985e-02,1.317631e-01,2.633593e-01,1.713856e-02,3.457826e-03,7.491780e-03,1.078813e-01,2.406816e-03,1.446537e+00
8165,1,5.488652e-02,3.075177e-02,5.488635e-02,4.654933e-02,4.669981e-02,2.679365e-01,3.652855e-01,1.705601e-02,5.910249e-04,1.091402e-01,2.651075e-01,2.858484e-01,8.671634e-01
8166,1,1.874468e-02,3.724823e-02,1.874481e-02,4.158813e-02,2.018017e-03,7.633733e-02,1.847940e-01,4.059718e-02,3.052610e-02,1.750354e-02,6.087264e-02,1.523372e-01,1.097402e-01
8167,1,5.850142e-01,3.074468e-01,5.850122e-01,2.255506e-02,4.838522e-03,3.115370e-02,1.309026e-01,6.593517e-02,4.243073e-02,6.061323e-02,3.379541e-02,2.659803e-02,6.928390e-01
8168,1,1.184397e-03,2.652482e-03,1.184408e-03,7.842663e-02,2.305161e-02,2.992311e-01,4.386546e-01,5.128222e-03,1.503463e-02,1.174386e-01,2.337960e-01,3.191971e-01,5.645902e-02
8169,1,4.199504e-01,1.286241e-01,4.199483e-01,3.675042e-02,3.579611e-03,8.654328e-02,1.990590e-01,3.938121e-02,4.218132e-03,2.448413e-02,8.049908e-02,1.144979e-01,4.996443e-01
8170,1,2.236241e-01,5.658156e-02,2.236229e-01,4.024171e-02,2.278442e-02,1.369124e-01,2.751098e-01,1.971229e-02,1.369751e-02,2.437694e-02,1.591332e-01,5.726595e-02,6.214787e-01
8171,1,7.497163e-02,3.001418e-02,7.497131e-02,5.078178e-02,1.868286e-02,1.744438e-01,2.814417e-01,3.287552e-02,3.408337e-02,3.313524e-02,1.541817e-01,1.736827e-01,9.254389e-01
8172,1,2.093404e-01,1.591489e-02,2.093391e-01,3.804057e-02,1.431936e-03,1.298013e-01,2.386528e-01,5.934264e-02,1.849048e-02,5.372470e-03,9.808009e-02,1.378633e-01,1.958013e-01
8173,1,1.851773e-02,4.441135e-02,1.851791e-02,5.585301e-02,3.244693e-02,2.216824e-01,3.249479e-01,1.977417e-02,3.306539e-02,7.797852e-02,2.122450e-01,2.419868e-01,1.388265e-01
8174,1,5.996241e-01,3.692908e-01,5.996225e-01,6.943458e-03,2.602755e-02,6.921697e-02,4.701872e-02,9.405892e-02,3.558733e-02,1.427952e-01,6.359849e-02,1.034980e-01,4.095439e-01
8175,1,1.060638e-01,1.913050e-01,1.060644e-01,8.079995e-02,3.362645e-02,2.636780e-01,4.250735e-01,1.096334e-02,7.590590e-03,9.053118e-02,2.352458e-01,2.629187e-01,5.178695e-01
8176,1,4.442908e-01,2.200000e-01,4.442892e-01,3.526378e-02,9.151744e-03,3.297750e-02,1.880478e-01,5.633101e-02,2.167108e-02,6.548085e-02,2.801749e-02,1.369939e-01,1.712600e-01
8177,1,3.019149e-02,2.548936e-02,3.019146e-02,4.330500e-02,2.376696e-02,2.575086e-01,3.255757e-01,4.726019e-02,3.779141e-02,9.436476e-02,2.293534e-01,1.939356e-01,1.748046e-01
8178,1,5.233333e-02,1.333333e-02,5.233306e-02,5.538662e-02,5.430838e-03,3.199922e-02,2.179934e-01,3.810074e-02,4.625468e-03,8.331680e-02,1.356864e-02,1.045026e-01,2.129437e-01
8179,1,6.270993e-01,3.603404e-01,6.270974e-01,8.744078e-03,2.602210e-03,5.581946e-02,1.564791e-01,6.181623e-02,6.680010e-02,3.493129e-02,9.895818e-02,5.740926e-02,9.945195e-01
8180,1,3.678723e-02,5.320567e-02,3.678735e-02,7.563796e-02,3.106940e-02,2.728200e-01,4.142238e-01,2.121250e-02,4.654253e-02,7.516543e-02,2.128044e-01,3.464025e-01,8.070192e-01
8181,1,5.046099e-02,9.900709e-02,5.046134e-02,3.129314e-02,3.721266e-03,5.064978e-02,1.839337e-01,6.294290e-02,6.419128e-02,4.242681e-02,5.872669e-02,8.693611e-02,4.742066e-01
8182,1,6.131206e-02,3.174468e-02,6.131185e-02,3.526914e-02,2.286156e-02,2.592525e-02,1.310977e-01,5.582108e-02,5.198140e-02,1.174346e-01,1.764628e-02,7.351208e-02,8.852668e-01
8183,1,4.021206e-01,2.266809e-01,4.021193e-01,2.681083e-02,2.983592e-02,4.429152e-02,1.253413e-01,7.341943e-02,4.919777e-02,1.294962e-01,4.086762e-02,5.628048e-03,1.297596e+00
8184,1,7.922695e-02,1.591064e-01,7.922752e-02,3.397788e-02,1.715717e-02,1.811143e-01,2.828112e-01,5.508820e-02,1.541964e-02,2.408536e-02,1.806015e-01,9.827325e-02,1.284042e-01
8185,1,7.098652e-01,2.875887e-01,7.098623e-01,2.068679e-02,2.171260e-04,5.375180e-02,2.143440e-01,9.025836e-02,9.720340e-02,4.288478e-02,9.095726e-02,1.128963e-01,2.612778e-01
8186,1,3.593617e-02,1.195603e-01,3.593676e-02,1.455535e-01,1.815749e-02,1.032675e-01,1.946901e-01,7.369757e-03,6.129803e-02,4.501015e-02,4.320909e-02,2.435294e-01,2.430630e-01
8187,1,3.646099e-02,5.567376e-02,3.646113e-02,2.214179e-02,1.191198e-02,4.260174e-02,1.401637e-01,9.565095e-02,1.164555e-01,1.187746e-01,7.966193e-03,5.690944e-02,2.690631e-01
8188,1,2.915603e-02,6.548936e-02,2.915629e-02,1.204020e-03,1.384358e-02,1.355983e-02,8.413749e-02,9.783351e-02,5.252518e-02,1.020393e-01,1.625447e-02,9.264673e-02,6.017370e-01
8189,1,3.305035e-01,3.322979e-01,3.305036e-01,1.274288e-02,7.436331e-02,2.369781e-01,1.942526e-02,1.009956e-01,6.786025e-02,2.787333e-01,2.062880e-01,1.484330e-02,5.373067e-01
8190,1,1.333121e-01,6.527660e-02,1.333116e-01,8.632083e-02,2.664998e-03,1.201205e-01,2.392536e-01,9.114763e-03,5.609859e-03,1.294374e-02,1.303681e-01,1.993833e-01,3.241986e-01
8191,1,4.585106e-02,2.868085e-02,4.585094e-02,5.465976e-03,1.788571e-02,1.080734e-02,1.670543e-01,9.243537e-02,7.804133e-02,9.840815e-02,1.685854e-02,1.230247e-01,2.599301e-01
8192,1,4.625177e-01,1.647518e-01,4.625156e-01,1.416705e-02,2.887870e-02,2.428411e-02,1.115907e-01,8.836825e-02,5.442617e-02,1.200802e-01,1.367091e-02,6.400481e-02,5.632696e-01
8193,1,1.640496e-01,8.792908e-02,1.640491e-01,4.782762e-02,4.440755e-04,2.953800e-02,2.172113e-01,3.818527e-02,4.928010e-02,6.892061e-02,6.159396e-02,1.018421e-01,5.510351e-02
8194,1,4.518440e-02,3.502128e-02,4.518433e-02,2.280418e-02,3.225041e-02,1.397641e-02,1.445600e-01,8.962735e-02,2.821974e-02,1.309647e-01,2.384108e-02,7.122040e-02,3.869658e-01
8195,1,7.482057e-01,5.201418e-01,7.482041e-01,9.423804e-03,4.296032e-02,6.768507e-02,8.334036e-02,9.965114e-02,7.626001e-02,1.567816e-01,5.533697e-02,3.461201e-02,2.051989e-01
8196,1,4.709929e-02,8.792908e-02,4.709958e-02,8.421642e-02,3.684364e-02,3.050420e-01,4.594483e-01,3.383567e-02,1.869048e-02,9.040966e-02,2.377637e-01,2.504123e-01,3.833023e-01
8197,1,1.033972e-01,7.517730e-02,1.033970e-01,1.895262e-02,9.066089e-03,7.170367e-03,1.483281e-01,6.918434e-02,1.114885e-01,8.782972e-02,5.150687e-02,9.161433e-02,2.498104e-01
8198,1,2.005603e-01,1.371064e-01,2.005598e-01,1.738414e-02,5.399989e-02,8.573492e-02,8.952674e-02,7.798538e-02,3.820119e-02,1.760004e-01,5.636495e-02,1.410808e-01,7.521833e-02
8199,1,2.681206e-01,1.516879e-01,2.681197e-01,7.392474e-03,3.011404e-02,8.219629e-03,1.326474e-01,9.654211e-02,7.214621e-02,1.005850e-01,2.478653e-02,8.509053e-02,4.849356e-01
8200,1,3.534043e-02,1.605674e-02,3.534029e-02,6.331350e-02,5.902546e-03,5.740526e-02,2.714494e-01,4.887823e-02,6.467664e-04,7.869369e-02,4.101784e-02,1.730231e-01,8.011000e-01
8201,1,3.034113e-01,1.169362e-01,3.034100e-01,1.131861e-02,3.993370e-02,9.018980e-02,3.961788e-02,1.110223e-01,1.049672e-01,1.702156e-01,3.724298e-02,4.496700e-02,7.966756e-01
8202,1,7.765957e-03,1.173050e-02,7.765986e-03,2.875083e-02,1.001634e-02,4.458823e-02,2.168269e-01,7.794359e-02,7.063486e-02,6.912361e-02,5.858228e-02,6.106161e-02,1.547137e-01
8203,1,1.836241e-01,6.795745e-02,1.836233e-01,3.128894e-02,4.075460e-02,1.171707e-01,5.064943e-02,7.301559e-02,5.123916e-02,1.976773e-01,7.577390e-02,8.389635e-02,4.256601e-01
8204,1,5.967163e-01,4.393901e-01,5.967152e-01,8.931514e-03,7.391689e-02,2.355986e-01,2.987761e-02,1.327093e-01,6.154451e-02,3.015834e-01,2.152284e-01,6.409542e-02,3.887712e-01
8205,1,2.034752e-02,9.049645e-03,2.034744e-02,6.362335e-02,4.098499e-02,2.041504e-01,3.736599e-01,3.680723e-02,5.659398e-02,4.851555e-02,2.102295e-01,2.775353e-01,3.393836e-01
8206,1,1.625319e-01,1.647943e-01,1.625319e-01,8.384432e-03,8.395600e-02,2.148054e-01,4.857317e-02,1.276549e-01,7.990432e-02,2.770376e-01,1.820608e-01,9.930995e-02,2.390327e-01
8207,1,8.453191e-02,8.243972e-02,8.453190e-02,1.645708e-02,3.278509e-02,9.236552e-02,8.516837e-02,8.741373e-02,7.576344e-02,1.766573e-01,4.923498e-02,2.066756e-02,8.184178e-02
8208,1,6.572411e-01,1.571064e-01,6.572376e-01,9.815944e-03,5.183423e-02,1.344749e-01,6.308083e-02,1.037303e-01,6.532901e-02,2.179631e-01,1.040925e-01,1.244908e-01,2.117798e-01
8209,1,4.829149e-01,2.890213e-01,4.829135e-01,1.054342e-02,4.261624e-02,4.038775e-02,5.476309e-02,1.215164e-01,1.041973e-01,1.363790e-01,1.763896e-03,2.585711e-02,4.366585e-01
8210,1,1.925532e-02,1.737589e-02,1.925531e-02,6.068746e-02,1.596219e-03,3.457973e-02,2.903527e-01,3.873343e-02,2.070630e-02,9.770555e-02,5.195331e-02,1.032825e-01,5.296552e-01
8211,1,8.542553e-02,1.020851e-01,8.542565e-02,5.626803e-03,6.474505e-02,1.560868e-01,1.577911e-02,1.264343e-01,8.720052e-02,2.356025e-01,1.351514e-01,1.661117e-01,4.998431e-02
8212,1,4.368014e-01,2.525248e-01,4.368001e-01,1.752272e-02,4.271900e-02,1.536923e-01,6.103691e-02,8.613414e-02,7.653241e-02,2.269426e-01,1.110986e-01,1.788276e-02,1.314246e-01
8213,1,1.437518e-01,2.086383e-01,1.437522e-01,1.226415e-03,1.687906e-02,2.961461e-02,1.357376e-01,1.286086e-01,9.120103e-02,9.420177e-02,5.444006e-02,1.043946e-01,3.117052e-01
8214,1,2.501418e-02,2.878014e-02,2.501421e-02,4.371965e-02,4.710607e-02,9.430392e-02,1.606192e-01,7.356238e-02,4.793780e-02,2.020346e-01,8.771536e-02,7.456623e-02,7.531392e-01
8215,1,5.150284e-01,5.127943e-01,5.150284e-01,1.170470e-02,6.365797e-02,1.838948e-01,1.162277e-02,1.211804e-01,7.012298e-02,2.572713e-01,1.218799e-01,1.508653e-01,7.336187e-01
8216,1,9.026879e-01,4.307801e-01,9.026846e-01,6.066347e-02,3.422812e-03,8.394859e-02,2.506318e-01,1.446736e-01,1.883041e-01,2.205978e-02,1.543304e-01,1.439240e-02,1.739168e-01
8217,1,4.545603e-01,2.271348e-01,4.545587e-01,2.012404e-01,9.637432e-03,1.072872e-01,2.368268e-01,4.624432e-02,7.224875e-02,6.231405e-02,7.325103e-02,2.959148e-01,2.384076e-01
8218,1,2.091418e-01,9.448227e-02,2.091410e-01,7.345560e-02,8.455311e-02,2.736772e-01,2.599889e-02,1.992641e-01,1.287025e-01,3.410283e-01,2.387008e-01,4.935937e-02,5.198162e-02
8219,1,1.783333e-01,1.775887e-01,1.783333e-01,1.901235e-03,4.770457e-02,1.451450e-01,6.115382e-02,9.521319e-02,8.736653e-02,2.141497e-01,7.074113e-02,4.768384e-02,2.825386e-01
8220,1,1.346454e-01,1.423972e-01,1.346454e-01,2.069960e-02,6.262112e-02,2.002031e-01,2.225684e-02,1.227473e-01,9.331683e-02,2.828186e-01,1.829587e-01,3.556692e-02,4.632568e-01
8221,1,5.353901e-02,4.126241e-02,5.353892e-02,1.468210e-02,4.709493e-02,1.033307e-01,4.575303e-02,1.270095e-01,1.111028e-01,1.899261e-01,3.449825e-02,5.553719e-02,3.670164e-01
8222,1,4.189716e-01,3.822128e-01,4.189714e-01,2.612748e-03,8.009964e-02,2.820031e-01,5.889685e-02,1.216607e-01,7.662104e-02,3.266532e-01,2.145693e-01,4.884463e-02,4.338740e-02
8223,1,1.227305e-01,1.214326e-01,1.227305e-01,2.040768e-02,5.654115e-02,1.477429e-01,7.865749e-02,1.239418e-01,7.563114e-02,2.558234e-01,1.424461e-01,1.436784e-01,3.860559e-02
8224,1,9.224823e-02,5.934752e-02,9.224799e-02,4.963776e-03,2.623252e-02,4.823795e-02,1.122993e-01,9.701717e-02,1.286239e-01,1.349693e-01,3.031127e-02,7.840161e-02,1.953219e-01
8225,1,2.441348e-01,2.544113e-01,2.441348e-01,4.326534e-03,6.040875e-02,2.172058e-01,1.299541e-02,1.396079e-01,8.774580e-02,2.857797e-01,1.667718e-01,4.765815e-02,1.319975e-01
8226,1,1.505887e-01,1.142695e-01,1.505884e-01,9.597148e-03,7.934437e-02,2.242330e-01,2.480199e-02,1.345777e-01,9.130777e-02,3.033761e-01,1.844757e-01,4.616675e-02,1.876861e-01
8227,1,1.005745e-01,7.895035e-02,1.005743e-01,5.605313e-02,6.972655e-02,2.099271e-01,7.583190e-03,9.329131e-02,4.618069e-02,2.966683e-01,1.891450e-01,8.562122e-02,9.892358e-01
8228,1,5.700000e-02,3.721986e-02,5.699986e-02,4.143242e-02,7.542804e-02,2.953321e-01,7.847645e-02,1.487426e-01,1.368493e-01,3.359830e-01,1.930211e-01,3.914863e-02,8.362930e-01
8229,1,5.851702e-01,5.052199e-01,5.851696e-01,1.231369e-02,9.268799e-02,3.196831e-01,1.002624e-01,1.440677e-01,1.357736e-01,3.512302e-01,2.504550e-01,5.642127e-02,6.270007e-01
8230,1,1.843262e-02,1.163121e-02,1.843258e-02,2.343271e-03,4.387829e-02,2.729641e-02,1.276906e-01,1.246857e-01,6.456736e-02,1.593066e-01,6.984354e-03,3.268251e-02,2.357196e-01
8231,1,1.102624e-01,1.825248e-01,1.102629e-01,5.575243e-03,8.201046e-02,3.053515e-01,7.138222e-02,1.328284e-01,1.170214e-01,3.481960e-01,2.306214e-01,1.690330e-02,4.300826e-01
8232,1,6.446099e-02,1.321702e-01,6.446147e-02,7.516966e-03,6.634365e-02,2.716343e-01,4.964820e-02,1.310023e-01,1.190693e-01,3.242423e-01,1.888858e-01,2.641795e-02,4.893031e-01
8233,1,1.322482e-01,2.106099e-01,1.322488e-01,3.868590e-03,1.000747e-01,3.510433e-01,1.047185e-01,1.464594e-01,8.939688e-02,3.948818e-01,3.011052e-01,3.536420e-03,1.432739e-01
8234,1,7.604894e-01,6.411064e-01,7.604885e-01,3.464590e-02,9.857483e-02,3.036071e-01,1.027543e-01,1.686630e-01,1.342351e-01,3.569827e-01,2.331298e-01,9.172841e-03,6.453099e-01
8235,1,2.565603e-01,1.378156e-01,2.565594e-01,4.165956e-02,2.671627e-03,1.610128e-01,3.101119e-01,9.081985e-02,6.611301e-02,1.154236e-02,1.690994e-01,2.308176e-01,2.904468e-01
8236,1,3.288652e-02,8.964539e-02,3.288693e-02,6.808258e-03,5.814338e-02,2.737855e-01,3.277505e-02,1.263263e-01,1.228249e-01,3.210213e-01,1.748916e-01,5.517418e-02,4.922324e-01
8237,1,5.013972e-01,4.867660e-01,5.013971e-01,2.142214e-02,1.213157e-01,4.515027e-01,2.054572e-01,1.621562e-01,1.243513e-01,4.739641e-01,3.821343e-01,1.225986e-01,3.537202e-02
8238,1,4.105674e-02,8.435461e-02,4.105704e-02,1.143053e-02,6.049931e-02,1.517050e-01,8.149135e-02,1.287146e-01,7.985994e-02,2.550714e-01,1.160618e-01,1.746843e-01,3.054123e-02
8239,1,2.335532e-01,2.715035e-01,2.335535e-01,1.312294e-02,7.284519e-02,2.425931e-01,3.007975e-02,1.385085e-01,1.210159e-01,3.017990e-01,1.595471e-01,7.064528e-02,4.448128e-01
8240,1,2.389716e-01,2.099858e-01,2.389714e-01,8.009815e-04,6.977335e-02,1.990528e-01,8.809659e-03,1.403855e-01,1.245936e-01,2.767981e-01,1.400587e-01,4.874479e-02,3.774170e-01
8241,1,3.126950e-02,8.573050e-02,3.126989e-02,2.826173e-04,7.669853e-02,2.472966e-01,2.078141e-02,1.606518e-01,7.402297e-02,3.363440e-01,2.277006e-01,1.474830e-01,3.682770e-01
8242,1,5.139787e-01,4.992199e-01,5.139786e-01,1.510156e-02,9.700294e-02,3.422549e-01,8.715826e-02,1.379762e-01,1.433612e-01,3.824157e-01,2.335311e-01,6.991820e-03,4.912987e-01
8243,1,9.561489e-01,7.008511e-01,9.561471e-01,6.982070e-02,5.466692e-02,1.764773e-01,9.300080e-02,1.860406e-01,1.523467e-01,2.671646e-01,1.048053e-01,1.091134e-01,2.798181e-01
8244,1,7.871560e-01,6.922837e-01,7.871554e-01,4.183858e-02,9.248067e-02,1.539339e-01,1.233071e-01,1.108575e-01,1.196830e-01,2.269372e-01,7.389698e-02,1.512792e-01,1.201628e-01
8245,1,8.472979e-01,6.050638e-01,8.472962e-01,8.076994e-02,1.326924e-02,1.134194e-01,3.096859e-01,8.556131e-02,3.058467e-02,7.777583e-02,9.294815e-02,1.789811e-01,6.861323e-02
8246,1,5.958369e-01,5.106099e-01,5.958363e-01,3.709892e-02,4.321264e-02,2.566043e-01,8.043992e-02,1.386182e-01,1.733145e-01,3.108989e-01,1.480301e-01,5.179077e-02,9.231120e-02
8247,1,3.702482e-01,4.263546e-01,3.702486e-01,3.671028e-02,1.312577e-01,4.768513e-01,1.830202e-01,1.942294e-01,1.031080e-01,5.131714e-01,4.163753e-01,4.905300e-02,1.631248e-01
8248,1,2.312553e-01,2.401844e-01,2.312554e-01,4.142340e-02,8.132564e-02,2.483702e-01,1.285663e-02,1.187879e-01,7.391266e-02,3.374531e-01,2.164727e-01,8.437723e-02,2.737301e-01
8249,1,3.451773e-02,8.539007e-02,3.451809e-02,1.363953e-02,3.726488e-02,1.937913e-01,4.298503e-02,1.535490e-01,1.303315e-01,2.754531e-01,1.175713e-01,8.832696e-03,1.768590e-01
8250,1,1.360071e-01,1.366241e-01,1.360071e-01,3.920363e-02,1.348038e-01,4.135656e-01,1.753346e-01,1.718132e-01,1.560076e-01,4.433011e-01,3.093347e-01,9.518756e-02,6.186772e-01
8251,1,4.060638e-01,4.799433e-01,4.060644e-01,1.345133e-02,1.143956e-01,4.422521e-01,1.500528e-01,1.637646e-01,1.200930e-01,4.728618e-01,3.657810e-01,4.751653e-02,1.823422e-02
8252,1,8.214894e-02,1.601418e-01,8.214949e-02,4.282967e-03,6.997151e-02,2.268482e-01,4.793705e-03,1.542259e-01,1.317614e-01,3.084116e-01,1.579019e-01,8.598330e-02,4.894453e-01
8253,1,3.181773e-01,3.671631e-01,3.181777e-01,2.114446e-02,9.464094e-02,3.271653e-01,9.212705e-02,1.614701e-01,1.403848e-01,3.842381e-01,2.400534e-01,8.545736e-02,2.561506e-01
8254,1,2.337092e-01,2.821702e-01,2.337096e-01,3.959625e-03,8.496556e-02,2.268612e-01,2.040836e-02,1.491078e-01,1.009143e-01,3.125293e-01,1.634205e-01,2.756851e-02,6.531334e-02
8255,1,2.028156e-01,8.558865e-02,2.028148e-01,9.726214e-03,6.873788e-02,2.239761e-01,8.633021e-03,1.615026e-01,1.645580e-01,3.092448e-01,1.507699e-01,1.473163e-01,9.290332e-01
8256,1,3.749433e-01,4.345674e-01,3.749437e-01,2.675500e-02,9.041020e-02,3.686533e-01,1.065246e-01,1.508248e-01,1.147187e-01,4.062304e-01,2.443427e-01,1.356651e-01,1.402782e-01
8257,1,1.249574e-01,2.264397e-01,1.249582e-01,1.006666e-02,1.165876e-01,3.437717e-01,9.005995e-02,1.918269e-01,1.244365e-01,4.246770e-01,3.106408e-01,6.619125e-02,5.742958e-01
8258,1,5.848298e-01,2.243972e-01,5.848272e-01,2.178776e-02,8.782786e-02,3.050085e-01,7.900387e-02,1.697839e-01,1.529141e-01,3.614660e-01,2.181208e-01,6.362935e-02,5.602809e-01
8259,1,5.976809e-01,5.628652e-01,5.976806e-01,2.729365e-02,1.038268e-01,3.462917e-01,8.491301e-02,1.636885e-01,1.492610e-01,3.883296e-01,2.288572e-01,1.239885e-02,1.378675e-01
8260,1,1.447589e-01,5.228369e-02,1.447582e-01,1.538280e-02,8.329863e-02,2.333514e-01,3.944032e-02,1.607779e-01,6.830728e-02,3.537813e-01,2.211456e-01,1.283687e-01,1.083230e+00
8261,1,2.957801e-01,4.624965e-01,2.957813e-01,4.476792e-02,1.061322e-01,4.145964e-01,1.939430e-01,1.810053e-01,1.862555e-01,4.389329e-01,2.782311e-01,8.142375e-03,4.875143e-01
8262,1,7.510709e-01,3.952199e-01,7.510684e-01,6.582298e-02,1.119013e-01,4.153257e-01,9.961374e-02,2.197119e-01,1.916601e-01,4.576000e-01,3.318822e-01,4.721073e-02,1.751137e-02
8263,1,1.523333e-01,2.500993e-01,1.523340e-01,1.020400e-01,8.483293e-02,2.061594e-01,4.035995e-03,7.572247e-02,1.090446e-02,3.222221e-01,1.818614e-01,1.339036e-01,3.334904e-01
8264,1,1.308440e-01,6.066667e-02,1.308435e-01,8.099299e-02,9.047995e-02,3.330392e-01,7.377490e-02,2.178488e-01,2.266677e-01,3.834988e-01,2.071673e-01,5.047527e-02,1.056498e+00
8265,1,2.186028e-01,3.547234e-01,2.186038e-01,4.536480e-02,1.259423e-01,4.635581e-01,1.590587e-01,2.036402e-01,1.598416e-01,4.927962e-01,3.772889e-01,5.614444e-02,4.353328e-01
8266,1,2.373121e-01,3.524965e-01,2.373129e-01,1.694505e-02,7.480429e-02,2.683915e-01,9.543380e-02,1.516403e-01,1.402352e-01,3.401741e-01,1.699433e-01,6.586601e-02,9.895979e-01
8267,1,3.154539e-01,1.753901e-01,3.154529e-01,3.717676e-02,1.165117e-01,4.043835e-01,7.397977e-02,1.743631e-01,1.308837e-01,4.622880e-01,3.014270e-01,3.392136e-02,1.369629e+00
8268,1,3.521064e-01,4.663262e-01,3.521072e-01,1.869689e-02,1.456926e-01,5.269416e-01,2.120851e-01,2.026172e-01,1.496576e-01,5.507076e-01,4.658954e-01,1.552085e-01,1.961431e-01
8269,1,1.707305e-01,4.076028e-01,1.707322e-01,3.402747e-02,8.340096e-02,2.702262e-01,5.231794e-02,1.786577e-01,1.834328e-01,3.394942e-01,1.432274e-01,7.469100e-02,8.828228e-01
8270,1,2.074255e-01,3.390071e-01,2.074265e-01,3.916157e-02,1.072909e-01,3.977543e-01,1.568039e-01,1.871064e-01,1.550754e-01,4.431151e-01,2.793909e-01,9.079727e-03,7.393756e-01
8271,1,5.746596e-01,2.805957e-01,5.746575e-01,1.635675e-02,1.601594e-01,5.510123e-01,2.093565e-01,2.068569e-01,1.132689e-01,5.885647e-01,5.012613e-01,6.585640e-02,3.123201e-01
8272,1,2.286170e-01,2.903972e-01,2.286175e-01,1.815416e-02,5.132766e-02,1.534674e-01,5.324575e-02,1.551803e-01,1.893447e-01,2.474409e-01,3.854888e-02,1.471784e-01,8.269551e-01
8273,1,4.288723e-01,4.653333e-01,4.288726e-01,1.731691e-02,1.151516e-01,3.042560e-01,4.189902e-02,1.992596e-01,1.168911e-01,3.934920e-01,2.502095e-01,4.709263e-02,4.443965e-02
8274,1,7.040426e-02,7.965957e-02,7.040432e-02,2.394636e-02,6.349604e-02,2.428312e-01,7.973185e-02,1.415221e-01,1.169704e-01,3.538055e-01,1.881587e-01,1.388245e-01,6.601034e-02
8275,1,2.177092e-01,4.334184e-01,2.177107e-01,6.396515e-02,1.567432e-01,5.665745e-01,3.193809e-01,2.359333e-01,1.983075e-01,5.711167e-01,4.414778e-01,2.015869e-01,7.746539e-01
8276,1,1.742340e-01,2.106667e-01,1.742343e-01,3.126046e-02,1.183839e-01,4.828400e-01,1.885857e-01,1.839291e-01,1.733922e-01,5.136930e-01,3.515651e-01,1.419355e-02,7.837707e-01
8277,1,5.631135e-01,5.898440e-01,5.631137e-01,3.600739e-02,1.231974e-01,4.635848e-01,1.520388e-01,1.998717e-01,1.618545e-01,4.935270e-01,3.562353e-01,1.327133e-02,5.558384e-01
8278,1,2.036667e-01,3.136879e-01,2.036674e-01,1.639773e-02,9.838016e-02,2.921471e-01,5.150266e-02,1.961620e-01,1.250955e-01,3.952569e-01,2.282119e-01,2.684009e-02,3.545499e-01
8279,1,3.225603e-01,4.094326e-01,3.225609e-01,1.850375e-02,1.211782e-01,3.824523e-01,8.932101e-02,1.958379e-01,1.735659e-01,4.512880e-01,3.031346e-01,6.895434e-03,2.618856e-01
8280,1,3.180213e-01,3.962553e-01,3.180218e-01,1.670035e-02,8.163018e-02,2.697576e-01,1.653073e-02,1.648174e-01,1.543603e-01,3.526813e-01,1.516115e-01,1.475386e-01,1.822904e-02
8281,1,2.895532e-01,2.914326e-01,2.895532e-01,2.095053e-02,1.103257e-01,3.452716e-01,7.933850e-02,2.007513e-01,1.450617e-01,4.299322e-01,2.783587e-01,1.088214e-01,1.328458e+00
8282,1,6.006454e-01,6.214468e-01,6.006455e-01,2.412729e-02,1.175275e-01,4.166304e-01,1.078900e-01,1.876811e-01,1.485470e-01,4.836393e-01,2.983889e-01,2.005274e-01,1.633302e+00
8283,1,9.210638e-02,8.039716e-02,9.210630e-02,1.582418e-02,1.052198e-01,2.867640e-01,4.013548e-02,1.788690e-01,1.175069e-01,3.925850e-01,2.676723e-01,1.455209e-01,2.386770e-01
8284,1,3.376809e-01,4.969504e-01,3.376820e-01,4.793438e-02,1.194924e-01,4.878127e-01,2.203365e-01,2.113799e-01,2.096935e-01,5.068521e-01,3.275092e-01,9.289134e-02,9.835346e-01
8285,1,4.600922e-01,5.410638e-01,4.600928e-01,4.540174e-02,1.377135e-01,4.704736e-01,1.710377e-01,2.106773e-01,1.544747e-01,5.249241e-01,3.579269e-01,9.806478e-02,5.687711e-01
8286,1,3.013121e-01,3.612624e-01,3.013125e-01,1.289419e-02,1.053156e-01,3.326433e-01,5.216853e-02,1.974075e-01,1.698632e-01,4.121355e-01,2.533005e-01,1.078306e-01,3.846827e-01
8287,1,9.033404e-01,6.835177e-01,9.033389e-01,1.288714e-01,1.244210e-01,4.762724e-01,1.576575e-01,2.818423e-01,2.526199e-01,5.198585e-01,3.290961e-01,1.603984e-01,1.099657e+00
8288,1,5.571844e-01,6.381702e-01,5.571850e-01,1.709168e-01,1.397740e-01,4.611413e-01,1.385262e-01,8.881963e-02,1.597561e-02,5.536970e-01,4.784920e-01,2.491375e-01,1.734300e+00
8289,1,2.361206e-01,1.805816e-01,2.361202e-01,1.413448e-01,7.090201e-02,2.561829e-01,4.981940e-02,2.565894e-01,2.887453e-01,3.206038e-01,4.423388e-02,1.959526e-02,2.443304e-01
8290,1,6.464610e-01,6.450355e-01,6.464610e-01,2.969130e-02,1.663362e-01,6.150269e-01,2.347227e-01,2.049448e-01,1.777508e-01,6.284618e-01,4.970696e-01,7.365823e-02,8.459527e-01
8291,1,3.947021e-01,2.261560e-01,3.947009e-01,1.952355e-02,1.417192e-01,4.420146e-01,1.302872e-01,2.360191e-01,1.528306e-01,5.262817e-01,3.949159e-01,2.274946e-02,8.536557e-01
8292,1,1.505035e-01,2.714468e-01,1.505044e-01,5.320517e-02,1.014206e-01,4.388712e-01,1.711706e-01,1.947483e-01,2.247384e-01,4.650890e-01,2.431797e-01,1.463344e-02,8.298718e-01
8293,1,7.777092e-01,7.852908e-01,7.777093e-01,5.639269e-02,2.057455e-01,7.645069e-01,3.985733e-01,2.745846e-01,1.753216e-01,7.591394e-01,6.728701e-01,4.791381e-02,2.335190e-01
8294,1,1.235816e-01,1.219149e-01,1.235815e-01,1.869649e-02,6.545704e-02,1.825672e-01,7.172394e-02,1.725413e-01,1.812012e-01,2.928123e-01,5.632096e-02,5.391750e-02,5.344431e-02
8295,1,6.728156e-01,6.783688e-01,6.728156e-01,3.057080e-02,1.681154e-01,5.704115e-01,2.108815e-01,2.402784e-01,1.482201e-01,6.279569e-01,4.987762e-01,1.858673e-01,3.606913e-01
8296,1,1.319220e-01,1.096454e-01,1.319218e-01,1.900464e-02,8.273023e-02,2.052456e-01,3.558051e-02,2.032959e-01,1.963228e-01,3.213157e-01,1.029236e-01,1.446772e-01,1.906258e-01
8297,1,3.498511e-01,5.547660e-01,3.498525e-01,4.110655e-02,1.738679e-01,6.927158e-01,3.117584e-01,2.375867e-01,1.609008e-01,7.019552e-01,5.762161e-01,1.221352e-01,4.808181e-01
8298,1,4.002057e-01,5.905532e-01,4.002070e-01,6.425039e-02,1.257772e-01,4.663858e-01,1.933601e-01,2.207001e-01,2.237704e-01,4.954493e-01,2.924112e-01,1.013925e-01,9.127920e-01
8299,1,7.260922e-01,7.129362e-01,7.260921e-01,2.525079e-02,1.577317e-01,5.535785e-01,1.976611e-01,2.485968e-01,1.902111e-01,6.114630e-01,4.858452e-01,9.585745e-02,1.318761e+00
8300,1,4.470851e-01,2.547376e-01,4.470837e-01,3.027337e-02,8.348721e-02,2.392455e-01,9.156311e-02,2.016710e-01,1.354486e-01,3.753366e-01,1.384645e-01,1.769113e-01,8.427955e-01
8301,1,5.874539e-01,5.966809e-01,5.874540e-01,7.084023e-02,1.266022e-01,3.234189e-01,2.478262e-02,1.573945e-01,9.754817e-02,4.418490e-01,2.975972e-01,1.865991e-01,7.031825e-01
8302,1,1.167447e-01,7.774468e-02,1.167444e-01,7.052334e-02,6.997758e-02,2.150220e-01,6.625954e-02,2.322266e-01,2.225727e-01,3.305277e-01,7.292282e-02,6.747419e-03,1.177691e-01
8303,1,3.063191e-01,5.830071e-01,3.063211e-01,6.534385e-02,1.898659e-01,8.205158e-01,4.393209e-01,2.532698e-01,2.344099e-01,7.815099e-01,6.465444e-01,1.912428e-01,1.166833e-01
8304,1,6.361348e-01,7.104965e-01,6.361353e-01,6.857561e-02,1.754116e-01,6.834943e-01,3.408128e-01,2.638263e-01,2.401832e-01,6.821408e-01,5.232720e-01,1.945327e-01,3.727192e-01
8305,1,3.637943e-01,5.238014e-01,3.637955e-01,3.556095e-02,1.538247e-01,5.125723e-01,1.728333e-01,2.484329e-01,1.504187e-01,5.923497e-01,4.280227e-01,9.194034e-02,1.031944e+00
8306,1,1.826738e-01,3.164539e-01,1.826747e-01,2.511718e-02,1.366906e-01,4.534886e-01,1.259498e-01,2.291549e-01,2.022781e-01,5.161720e-01,3.460618e-01,1.260026e-01,9.248450e-01
8307,1,2.404043e-01,5.022270e-01,2.404061e-01,5.689260e-02,1.577425e-01,6.369770e-01,2.886470e-01,2.417565e-01,1.906965e-01,6.605157e-01,4.814390e-01,2.991362e-02,8.068282e-01
8308,1,4.058369e-01,5.994184e-01,4.058383e-01,6.195471e-02,1.728470e-01,6.184221e-01,2.977284e-01,2.627310e-01,2.553789e-01,6.301074e-01,4.728412e-01,1.015254e-01,3.675126e-01
8309,1,1.922908e-01,4.149220e-01,1.922924e-01,3.585898e-02,1.485939e-01,5.613945e-01,1.826870e-01,2.272446e-01,1.484364e-01,6.146751e-01,4.271861e-01,7.942385e-03,7.530125e-02
8310,1,3.040780e-01,5.550638e-01,3.040798e-01,6.560326e-02,1.609121e-01,6.332101e-01,3.146367e-01,2.765909e-01,2.373461e-01,6.514194e-01,4.933228e-01,8.823480e-02,2.971376e-02
8311,1,2.150426e-01,4.801135e-01,2.150444e-01,5.123114e-02,1.748792e-01,6.342318e-01,2.802063e-01,2.433155e-01,2.297748e-01,6.564795e-01,4.791568e-01,2.614414e-02,5.222193e-01
8312,1,2.245035e-01,4.588652e-01,2.245052e-01,5.596455e-02,1.610959e-01,6.555272e-01,3.002915e-01,2.560206e-01,2.534517e-01,6.596656e-01,4.964178e-01,6.594432e-02,3.271717e-01
8313,1,4.118227e-01,6.387092e-01,4.118243e-01,7.863942e-02,2.067781e-01,7.676302e-01,4.204565e-01,2.834111e-01,1.825938e-01,7.722377e-01,6.205673e-01,9.394740e-02,9.904827e-01
8314,1,2.272270e-01,4.777305e-01,2.272287e-01,6.309135e-02,1.543393e-01,5.941333e-01,2.794327e-01,2.574734e-01,2.464339e-01,6.215837e-01,4.241982e-01,4.489066e-02,1.078265e+00
8315,1,2.373121e-01,3.330780e-01,2.373127e-01,6.600408e-02,1.871432e-01,7.265882e-01,3.657774e-01,2.770168e-01,2.453948e-01,7.170874e-01,5.707429e-01,1.001882e-01,1.694587e-01
8316,1,5.502482e-01,7.256879e-01,5.502495e-01,1.037435e-01,2.148643e-01,8.846033e-01,5.266448e-01,2.962434e-01,2.588547e-01,8.329104e-01,6.808340e-01,2.768882e-01,1.342123e-01
8317,1,7.008723e-01,7.467660e-01,7.008727e-01,3.414615e-02,1.804958e-01,6.694947e-01,2.878253e-01,2.547158e-01,1.935400e-01,6.997083e-01,5.424179e-01,6.774376e-02,4.707004e-01
8318,1,1.984610e-01,3.196738e-01,1.984619e-01,3.964432e-02,1.402610e-01,4.714682e-01,1.353764e-01,2.559001e-01,1.850578e-01,5.643566e-01,3.756811e-01,6.645727e-03,5.534023e-01
8319,1,4.393688e-01,6.968936e-01,4.393706e-01,1.007391e-01,2.144378e-01,8.875090e-01,5.320615e-01,2.955848e-01,2.704740e-01,8.234869e-01,6.691009e-01,9.507767e-02,2.686993e-01
8320,1,4.534681e-01,6.541844e-01,4.534695e-01,6.462016e-02,1.898358e-01,7.727021e-01,3.886500e-01,2.682984e-01,2.337104e-01,7.653209e-01,6.144997e-01,9.714936e-02,9.767208e-01
8321,1,3.852837e-01,5.946241e-01,3.852852e-01,7.015136e-02,1.361354e-01,5.498930e-01,2.392602e-01,2.679044e-01,2.236684e-01,5.923083e-01,3.805357e-01,1.769474e-01,8.385828e-01
8322,1,2.349291e-01,4.537447e-01,2.349306e-01,4.217353e-02,2.039687e-01,6.577757e-01,2.711625e-01,2.646697e-01,2.136114e-01,6.974995e-01,5.381212e-01,1.062648e-01,7.984658e-01
8323,1,6.192695e-01,5.074610e-01,6.192687e-01,7.064922e-02,1.823174e-01,7.241521e-01,3.669266e-01,2.766368e-01,2.271184e-01,7.359205e-01,5.613678e-01,2.085563e-01,3.276818e-01
8324,1,3.384752e-01,6.232624e-01,3.384772e-01,8.197511e-02,1.809391e-01,7.404924e-01,3.871683e-01,2.719452e-01,2.800031e-01,7.149870e-01,5.239860e-01,1.035927e-01,7.662232e-01
8325,1,3.644043e-01,4.414184e-01,3.644048e-01,8.831789e-02,2.103743e-01,8.094229e-01,3.984781e-01,3.127010e-01,2.462688e-01,8.054652e-01,6.670108e-01,1.295920e-01,6.071633e-01
8326,1,4.658369e-01,3.749929e-01,4.658362e-01,3.783247e-02,2.284281e-01,8.743949e-01,5.215335e-01,2.686384e-01,1.692935e-01,8.635807e-01,7.251756e-01,1.728579e-01,5.395136e-01
8327,1,4.480922e-01,5.423972e-01,4.480929e-01,9.424861e-02,1.899191e-01,7.307823e-01,3.548099e-01,3.114233e-01,2.798096e-01,7.345729e-01,5.684313e-01,6.074748e-02,6.388327e-01
8328,1,2.664184e-01,4.355461e-01,2.664196e-01,6.869832e-02,1.438371e-01,6.365240e-01,2.942774e-01,2.548371e-01,2.383180e-01,6.465311e-01,4.296719e-01,2.393516e-02,5.743006e-02
8329,1,4.616667e-01,6.734326e-01,4.616682e-01,1.299024e-01,2.543693e-01,9.356095e-01,5.644056e-01,3.507086e-01,2.995191e-01,8.954253e-01,7.543217e-01,1.390852e-01,3.782508e-01
8330,1,5.400638e-01,6.884255e-01,5.400649e-01,6.389501e-03,1.778575e-01,7.063593e-01,2.926790e-01,2.022008e-01,1.653754e-01,7.260315e-01,5.498244e-01,5.797365e-03,4.896227e-01
8331,1,3.525035e-01,4.631206e-01,3.525043e-01,8.815611e-02,1.855379e-01,6.580617e-01,3.067943e-01,3.210086e-01,2.668046e-01,6.937307e-01,5.243620e-01,2.225657e-02,1.037531e-01
8332,1,2.806454e-01,4.450922e-01,2.806466e-01,7.451976e-02,1.658344e-01,6.555055e-01,3.117112e-01,2.594438e-01,2.545906e-01,6.597901e-01,4.415453e-01,1.261387e-01,2.498323e-01
8333,1,5.252553e-01,7.420142e-01,5.252569e-01,8.937886e-02,2.487351e-01,1.028822e+00,5.964073e-01,3.271934e-01,2.566266e-01,9.760642e-01,8.604878e-01,2.429164e-01,1.074036e-01
8334,1,2.873972e-01,3.605390e-01,2.873977e-01,7.518224e-02,1.789025e-01,7.125442e-01,3.610583e-01,2.957101e-01,2.433076e-01,7.239675e-01,5.403000e-01,1.276032e-02,1.906063e-01
8335,1,3.194113e-01,5.364397e-01,3.194129e-01,1.026724e-01,2.374786e-01,9.220632e-01,5.499857e-01,3.052068e-01,2.837958e-01,8.683930e-01,7.075566e-01,2.524582e-01,6.123418e-01
8336,1,3.420780e-01,6.760142e-01,3.420804e-01,1.028614e-01,2.300721e-01,9.626720e-01,5.742156e-01,3.184807e-01,2.676649e-01,9.108915e-01,7.466958e-01,1.850832e-01,2.868957e-01
8337,1,5.318652e-01,7.245248e-01,5.318666e-01,8.566984e-02,2.252692e-01,8.655129e-01,4.743361e-01,3.075585e-01,2.601819e-01,8.416502e-01,6.895338e-01,1.528566e-01,3.180238e-01
8338,1,2.824184e-01,5.207376e-01,2.824201e-01,5.862717e-02,1.916054e-01,7.087567e-01,3.187601e-01,2.864237e-01,2.295536e-01,7.364443e-01,5.615406e-01,8.144610e-03,1.740519e-01
8339,1,3.306738e-01,6.444823e-01,3.306760e-01,7.503055e-02,2.064128e-01,8.639499e-01,4.598866e-01,2.896359e-01,2.601226e-01,8.336967e-01,6.709443e-01,5.299491e-02,1.594305e-01
8340,1,3.139220e-01,5.877163e-01,3.139239e-01,1.015405e-01,2.001561e-01,7.505500e-01,4.245354e-01,3.053055e-01,3.007763e-01,7.377594e-01,5.402577e-01,1.173158e-01,1.348926e-01
8341,1,5.250851e-01,5.290213e-01,5.250851e-01,7.098006e-02,2.125857e-01,8.464164e-01,4.299648e-01,2.991923e-01,2.146311e-01,8.411984e-01,6.766930e-01,1.121725e-01,5.111960e-01
8342,1,5.848440e-01,6.886950e-01,5.848447e-01,7.892856e-02,2.439621e-01,9.823462e-01,5.526245e-01,3.207414e-01,2.379721e-01,9.518327e-01,8.194207e-01,2.221541e-01,1.224094e-01
8343,1,4.332411e-01,4.960000e-01,4.332416e-01,1.241140e-01,2.078848e-01,7.889696e-01,4.859616e-01,3.325950e-01,3.308052e-01,7.627387e-01,5.594659e-01,2.307992e-01,1.132421e-01
8344,1,4.099929e-01,5.847518e-01,4.099941e-01,5.560350e-02,1.888580e-01,7.455912e-01,3.208388e-01,2.686962e-01,2.410915e-01,7.583521e-01,5.706286e-01,4.946228e-02,1.039611e-01
8345,1,3.157234e-01,5.514610e-01,3.157251e-01,7.449913e-02,2.313257e-01,8.622006e-01,4.551861e-01,3.279168e-01,2.161508e-01,8.705043e-01,7.288972e-01,7.551713e-02,5.023662e-01
8346,1,3.494113e-01,6.541986e-01,3.494135e-01,8.168410e-02,2.011533e-01,8.116715e-01,4.195034e-01,2.908066e-01,3.020093e-01,7.847984e-01,5.977399e-01,9.504929e-02,5.608565e-01
8347,1,3.208014e-01,5.228369e-01,3.208029e-01,7.746227e-02,2.091553e-01,8.260951e-01,4.245821e-01,3.001769e-01,2.259282e-01,8.298217e-01,6.488414e-01,1.065135e-01,1.978729e-01
8348,1,9.695390e-01,8.835461e-01,9.695384e-01,7.244726e-02,2.221462e-01,9.392700e-01,5.000788e-01,3.205115e-01,2.478173e-01,9.096352e-01,7.692566e-01,1.927977e-01,1.417997e+00
8349,1,3.344184e-01,8.112766e-01,3.344218e-01,4.689835e-02,3.222791e-01,1.221168e+00,6.505705e-01,3.480846e-01,1.627107e-01,1.186056e+00,1.159442e+00,1.760800e-01,1.377887e+00
8350,1,3.587305e-01,5.827660e-01,3.587321e-01,1.218198e-01,2.036773e-01,8.693325e-01,5.371235e-01,3.060354e-01,3.182881e-01,8.165586e-01,5.831338e-01,7.197270e-02,3.039523e-01
8351,1,9.518652e-01,9.530355e-01,9.518653e-01,1.094083e-01,2.749317e-01,1.131019e+00,6.929967e-01,3.482848e-01,2.831882e-01,1.044207e+00,9.277036e-01,2.821877e-01,4.702358e-02
8352,1,9.638369e-01,9.363830e-01,9.638367e-01,1.418877e-01,1.655506e-01,6.888665e-01,4.393459e-01,3.054437e-01,3.920960e-01,6.422951e-01,3.632043e-01,9.050193e-02,1.714276e-01
8353,1,8.905319e-01,8.115745e-01,8.905314e-01,1.445140e-01,2.067370e-01,7.851494e-01,5.182729e-01,3.314164e-01,3.622913e-01,7.363834e-01,4.982186e-01,1.446673e-01,8.491627e-02
8354,1,9.644894e-01,8.433050e-01,9.644885e-01,7.922921e-02,1.660565e-01,5.996538e-01,2.735321e-01,2.978648e-01,2.916336e-01,6.411734e-01,4.123057e-01,6.028449e-02,3.831783e-01
8355,1,3.592695e-01,5.768369e-01,3.592710e-01,1.396902e-01,1.839388e-01,6.765767e-01,4.426953e-01,3.356908e-01,3.670954e-01,6.640938e-01,4.058908e-01,2.870685e-02,1.316515e-01
8356,1,7.773121e-01,5.752340e-01,7.773106e-01,5.202412e-02,2.071454e-01,8.561410e-01,3.853868e-01,2.863404e-01,2.123947e-01,8.599463e-01,6.955418e-01,1.089639e-01,2.079342e-01
8357,1,3.779362e-01,6.693617e-01,3.779382e-01,8.720004e-02,1.919289e-01,7.744790e-01,3.725728e-01,2.847650e-01,2.926472e-01,7.592748e-01,5.338042e-01,1.186411e-01,4.110112e-01
8358,1,8.641064e-01,7.414184e-01,8.641055e-01,6.619421e-02,2.375533e-01,9.282757e-01,4.558200e-01,3.256138e-01,2.329089e-01,9.333438e-01,8.029245e-01,1.910370e-01,4.583385e-01
8359,1,7.538652e-01,8.402695e-01,7.538659e-01,5.845746e-02,2.267869e-01,7.946148e-01,3.791071e-01,3.212547e-01,2.029772e-01,8.383283e-01,6.661996e-01,1.221935e-02,2.983722e-01
8360,1,3.380213e-01,4.905957e-01,3.380224e-01,4.879846e-02,2.285578e-01,9.032132e-01,3.945534e-01,3.082933e-01,2.186814e-01,9.145191e-01,7.816493e-01,3.179705e-03,1.090151e+00
8361,1,5.183759e-01,6.346099e-01,5.183767e-01,1.058003e-01,1.848299e-01,7.435967e-01,4.214861e-01,3.062233e-01,3.398640e-01,7.327565e-01,4.830428e-01,1.871148e-01,1.187135e+00
8362,1,9.117943e-01,7.885106e-01,9.117935e-01,2.032726e-01,2.748613e-01,1.054989e+00,6.240336e-01,4.411769e-01,3.590303e-01,9.908541e-01,8.367468e-01,4.880254e-01,1.743184e-03
8363,1,7.024752e-01,8.460567e-01,7.024762e-01,1.122248e-01,2.217155e-01,7.932608e-01,3.628431e-01,1.861974e-01,7.128931e-02,8.592872e-01,7.121104e-01,9.238943e-02,6.009292e-01
8364,1,2.737660e-01,2.413617e-01,2.737657e-01,1.315460e-01,1.585202e-01,6.575178e-01,2.303102e-01,3.587205e-01,3.018164e-01,7.063251e-01,4.813206e-01,9.338888e-02,5.477283e-01
8365,1,8.143333e-01,8.764539e-01,8.143338e-01,1.226785e-01,2.840949e-01,1.077107e+00,6.519811e-01,3.498592e-01,3.080617e-01,1.013585e+00,8.461365e-01,1.545813e-01,1.548767e-01
8366,1,3.306879e-01,3.543262e-01,3.306881e-01,3.250998e-02,1.517623e-01,6.082110e-01,1.560940e-01,2.578843e-01,2.372823e-01,6.682163e-01,4.409878e-01,3.171209e-02,8.892002e-02
8367,1,4.070709e-01,6.664397e-01,4.070728e-01,1.193814e-01,2.407831e-01,9.441950e-01,5.700227e-01,3.596550e-01,3.306715e-01,9.085577e-01,7.156023e-01,1.176008e-01,5.996479e-01
8368,1,9.114823e-01,7.601702e-01,9.114812e-01,1.719325e-01,2.745759e-01,1.145406e+00,6.333137e-01,4.095200e-01,3.453421e-01,1.070772e+00,9.268875e-01,2.507622e-01,3.559580e-01
8369,1,5.287163e-01,7.735177e-01,5.287180e-01,7.430358e-02,2.752087e-01,1.045285e+00,5.941406e-01,2.214925e-01,8.861938e-02,1.038395e+00,9.211695e-01,2.962557e-02,4.643324e-01
8370,1,4.849716e-01,7.330496e-01,4.849734e-01,1.969224e-01,2.043199e-01,8.723764e-01,4.959223e-01,4.121149e-01,4.069406e-01,8.360648e-01,6.076141e-01,2.703025e-01,1.963146e-01
8371,1,3.965603e-01,6.156170e-01,3.965618e-01,9.542871e-02,2.526356e-01,8.975078e-01,4.905727e-01,3.510450e-01,2.720229e-01,9.035471e-01,7.139635e-01,1.119305e-01,8.700221e-01
8372,1,4.110426e-01,6.717589e-01,4.110444e-01,9.387254e-02,2.187099e-01,9.646413e-01,5.233745e-01,3.373832e-01,3.212653e-01,9.173094e-01,7.426925e-01,2.006336e-01,2.177646e-01
8373,1,4.231277e-01,5.563121e-01,4.231286e-01,1.176235e-01,2.591733e-01,1.001670e+00,5.883742e-01,3.497003e-01,3.214226e-01,9.566607e-01,7.544909e-01,1.725787e-01,7.276900e-04
8374,1,5.937092e-01,7.104255e-01,5.937100e-01,1.127255e-01,2.704991e-01,1.143265e+00,6.668096e-01,3.399936e-01,2.931738e-01,1.058525e+00,8.893363e-01,2.288079e-01,4.414227e-01
8375,1,4.425319e-01,7.079574e-01,4.425338e-01,1.222253e-01,2.949686e-01,1.184746e+00,7.446125e-01,3.932545e-01,3.159369e-01,1.117652e+00,9.795671e-01,1.958350e-01,7.700210e-01
8376,1,4.220496e-01,6.655461e-01,4.220514e-01,9.659668e-02,2.410854e-01,1.019746e+00,5.497118e-01,3.288378e-01,3.107684e-01,9.563329e-01,7.760055e-01,9.574262e-02,8.334262e-02
8377,1,7.027163e-01,8.492766e-01,7.027174e-01,1.409487e-01,2.905143e-01,1.139387e+00,7.289812e-01,3.875902e-01,2.974409e-01,1.068070e+00,9.048726e-01,1.796557e-01,1.562051e-01
8378,1,3.974113e-01,5.131064e-01,3.974122e-01,6.671013e-02,2.305857e-01,8.915808e-01,4.342665e-01,3.323767e-01,2.783827e-01,9.001159e-01,7.247876e-01,1.102086e-01,6.658155e-01
8379,1,4.375957e-01,7.084397e-01,4.375977e-01,1.220839e-01,2.540081e-01,1.009028e+00,5.960226e-01,3.628484e-01,3.290365e-01,9.544693e-01,7.648279e-01,2.149170e-01,8.801591e-01
8380,1,4.739504e-01,7.665674e-01,4.739524e-01,1.180075e-01,2.731088e-01,1.078684e+00,6.514210e-01,3.758237e-01,2.906492e-01,1.041488e+00,8.673411e-01,1.964919e-01,5.923598e-02
8381,1,4.029858e-01,7.080709e-01,4.029880e-01,9.307793e-02,2.550265e-01,1.007017e+00,5.098650e-01,3.581341e-01,2.897235e-01,9.878468e-01,8.264996e-01,6.181473e-02,6.506673e-01
8382,1,4.304184e-01,5.683404e-01,4.304194e-01,7.995251e-02,2.112778e-01,8.553363e-01,4.337366e-01,3.033244e-01,2.646044e-01,8.498358e-01,6.223445e-01,1.150067e-01,3.914003e-01
8383,1,4.789716e-01,6.879858e-01,4.789731e-01,1.338911e-01,2.799374e-01,1.158444e+00,7.428596e-01,3.881566e-01,3.756079e-01,1.068977e+00,9.064306e-01,2.815984e-01,4.424633e-01
8384,1,4.847730e-01,6.683262e-01,4.847744e-01,1.238738e-01,2.840107e-01,1.168904e+00,6.984618e-01,3.723180e-01,2.965043e-01,1.093542e+00,9.163143e-01,2.000281e-01,1.899980e-01
8385,1,4.800355e-01,7.804823e-01,4.800376e-01,1.394814e-01,2.631075e-01,1.098767e+00,7.016790e-01,3.720953e-01,3.842334e-01,1.010329e+00,8.209578e-01,2.184560e-01,6.923642e-01
8386,1,4.388014e-01,6.642553e-01,4.388030e-01,9.542559e-02,2.818488e-01,1.082398e+00,6.001756e-01,3.712765e-01,2.508414e-01,1.050397e+00,8.989229e-01,1.750437e-01,9.543921e-01
8387,1,5.238936e-01,7.949929e-01,5.238955e-01,1.152779e-01,2.745197e-01,1.141764e+00,6.635748e-01,3.731373e-01,3.367696e-01,1.067673e+00,9.128901e-01,2.195582e-01,1.078113e+00
8388,1,5.029716e-01,7.672057e-01,5.029735e-01,1.176912e-01,2.384723e-01,9.614259e-01,5.543768e-01,3.677335e-01,2.987227e-01,9.471469e-01,7.349024e-01,9.347080e-02,3.168544e-01
8389,1,4.163191e-01,5.585390e-01,4.163202e-01,8.646873e-02,2.415912e-01,9.207678e-01,4.288254e-01,3.259949e-01,2.814328e-01,9.149784e-01,7.094565e-01,1.054994e-01,6.037611e-01
8390,1,8.739362e-01,7.722270e-01,8.739354e-01,1.879101e-01,2.588990e-01,1.083402e+00,6.497694e-01,4.176405e-01,3.878188e-01,1.014491e+00,8.012630e-01,2.928196e-01,1.340710e-01
8391,1,7.027589e-01,8.488227e-01,7.027599e-01,3.583419e-02,2.769121e-01,1.045077e+00,6.202267e-01,2.635379e-01,1.836679e-01,1.026494e+00,8.807352e-01,3.806398e-02,9.593450e-01
8392,1,3.798369e-01,5.654752e-01,3.798382e-01,1.788021e-01,2.431260e-01,9.115741e-01,4.873512e-01,4.280374e-01,3.855100e-01,8.996624e-01,6.904615e-01,1.728620e-01,6.977861e-01
8393,1,4.655106e-01,6.989787e-01,4.655123e-01,1.175653e-01,2.574638e-01,1.046661e+00,5.849429e-01,3.600936e-01,2.997094e-01,1.004594e+00,7.929385e-01,1.414249e-01,1.016270e-01
8394,1,4.698369e-01,7.574752e-01,4.698389e-01,1.110439e-01,2.445397e-01,9.956778e-01,5.613633e-01,3.588746e-01,3.571154e-01,9.525450e-01,7.487016e-01,5.293824e-02,5.385117e-01
8395,1,4.560780e-01,6.271631e-01,4.560792e-01,8.564632e-02,2.783378e-01,1.069423e+00,5.529874e-01,3.634597e-01,2.425768e-01,1.054310e+00,9.009156e-01,2.615698e-01,9.715461e-02
8396,1,6.589149e-01,7.328369e-01,6.589154e-01,1.886380e-01,2.624001e-01,1.109533e+00,6.745792e-01,4.277104e-01,4.315743e-01,1.031735e+00,8.156146e-01,2.701345e-01,3.911469e-01
8397,1,5.819929e-01,6.715745e-01,5.819935e-01,9.338777e-03,2.784540e-01,1.107288e+00,6.190793e-01,2.909862e-01,1.839657e-01,1.087292e+00,9.395417e-01,1.254250e-02,1.723783e-01
8398,1,4.989007e-01,6.381418e-01,4.989017e-01,1.806275e-01,2.350285e-01,9.118760e-01,5.203151e-01,4.091092e-01,4.131401e-01,8.791166e-01,6.375649e-01,1.705742e-01,1.252055e-01
8399,1,4.539504e-01,5.764539e-01,4.539512e-01,7.061318e-02,2.414056e-01,9.618237e-01,4.477283e-01,3.412903e-01,2.789232e-01,9.691010e-01,7.761593e-01,7.320281e-02,4.279898e-01
8400,1,4.957660e-01,7.906241e-01,4.957680e-01,1.165799e-01,2.841367e-01,1.138730e+00,6.565797e-01,3.872228e-01,3.114017e-01,1.082808e+00,9.120528e-01,2.093119e-01,1.030132e+00
8401,1,4.914397e-01,7.822695e-01,4.914418e-01,1.279961e-01,2.527168e-01,9.898539e-01,5.779045e-01,3.803847e-01,3.202388e-01,9.692795e-01,7.395493e-01,1.729160e-01,4.653744e-01
8402,1,4.920638e-01,6.807092e-01,4.920652e-01,1.025714e-01,2.823258e-01,1.101072e+00,6.007705e-01,3.713721e-01,3.235314e-01,1.057517e+00,8.789450e-01,1.628694e-01,3.377042e-01
8403,1,4.976241e-01,7.027660e-01,4.976256e-01,1.230880e-01,2.444114e-01,9.650658e-01,5.476401e-01,3.757917e-01,3.674796e-01,9.329960e-01,7.037486e-01,2.166436e-01,7.054416e-01
8404,1,5.021348e-01,6.985390e-01,5.021361e-01,1.090646e-01,2.862059e-01,1.149876e+00,6.495870e-01,3.832174e-01,2.922320e-01,1.111886e+00,9.274005e-01,2.159638e-01,4.322545e-01
8405,1,5.161348e-01,7.538156e-01,5.161364e-01,1.158105e-01,2.983110e-01,1.206953e+00,6.966936e-01,3.949091e-01,3.281959e-01,1.139480e+00,9.791063e-01,2.841851e-01,8.692988e-01
8406,1,5.254823e-01,6.511489e-01,5.254832e-01,1.462714e-01,2.782682e-01,1.130263e+00,7.141919e-01,4.088713e-01,3.546723e-01,1.072410e+00,8.572544e-01,2.793712e-01,9.067450e-01
8407,1,5.756667e-01,8.233617e-01,5.756684e-01,1.438536e-01,2.906305e-01,1.245822e+00,7.696950e-01,4.071904e-01,3.748996e-01,1.141225e+00,9.706260e-01,1.808771e-01,1.818542e-02
8408,1,5.143191e-01,7.823121e-01,5.143210e-01,1.114456e-01,2.824251e-01,1.151488e+00,6.379298e-01,3.631279e-01,3.396670e-01,1.091021e+00,8.915176e-01,8.902616e-02,1.629604e-01
8409,1,5.139787e-01,6.583262e-01,5.139797e-01,1.149683e-01,2.947327e-01,1.125506e+00,6.406009e-01,4.033379e-01,2.976821e-01,1.092069e+00,9.201602e-01,1.712811e-02,7.951572e-01
8410,1,7.494965e-01,8.900000e-01,7.494975e-01,1.577620e-01,3.185055e-01,1.335244e+00,8.656191e-01,4.122007e-01,3.581199e-01,1.221394e+00,1.039583e+00,4.044400e-01,1.449070e-01
8411,1,7.686879e-01,8.691064e-01,7.686887e-01,1.224659e-01,2.747517e-01,1.013853e+00,5.551766e-01,4.038714e-01,3.176843e-01,1.004708e+00,7.972883e-01,1.449105e-01,6.930456e-01
8412,1,4.689574e-01,4.340709e-01,4.689572e-01,5.487175e-02,1.877483e-01,7.653098e-01,2.928733e-01,3.344256e-01,3.010541e-01,8.167120e-01,5.899117e-01,3.821632e-02,2.184574e-01
8413,1,5.368298e-01,7.082270e-01,5.368310e-01,1.306657e-01,2.805282e-01,1.125071e+00,6.570010e-01,3.801570e-01,3.580541e-01,1.063263e+00,8.372963e-01,1.200784e-01,6.297841e-01
8414,1,5.621064e-01,7.715745e-01,5.621079e-01,1.476016e-01,3.184529e-01,1.277128e+00,8.027312e-01,4.240684e-01,3.733406e-01,1.192605e+00,1.013601e+00,3.390232e-01,1.069445e+00
8415,1,6.842482e-01,8.614043e-01,6.842495e-01,1.121905e-01,3.110327e-01,1.268064e+00,7.165455e-01,3.984721e-01,3.286461e-01,1.191031e+00,1.034965e+00,2.512118e-01,5.823822e-02
8416,1,5.254397e-01,6.580709e-01,5.254407e-01,1.334898e-01,2.471524e-01,9.321509e-01,5.227875e-01,3.932108e-01,3.553986e-01,9.235453e-01,6.707277e-01,7.319482e-02,4.872134e-01
8417,1,5.449858e-01,6.897447e-01,5.449868e-01,1.133540e-01,2.952687e-01,1.222422e+00,6.974266e-01,3.867831e-01,3.213343e-01,1.163559e+00,9.820054e-01,2.624914e-01,3.645011e-02
8418,1,8.213830e-01,9.115887e-01,8.213836e-01,1.502581e-01,3.218418e-01,1.310302e+00,8.102169e-01,4.336040e-01,3.661488e-01,1.214526e+00,1.033808e+00,1.388845e-01,2.730992e-01
8419,1,5.109291e-01,7.303688e-01,5.109306e-01,8.887045e-02,2.348637e-01,9.091723e-01,4.196330e-01,3.593017e-01,3.008097e-01,9.256475e-01,6.988620e-01,1.167787e-01,1.064997e+00
8420,1,5.341064e-01,8.379716e-01,5.341085e-01,1.146969e-01,2.642211e-01,1.027890e+00,5.536488e-01,3.933846e-01,3.457108e-01,1.023505e+00,7.931862e-01,5.326724e-02,3.440200e-01
8421,1,5.064326e-01,6.746667e-01,5.064338e-01,1.188626e-01,2.498311e-01,9.835358e-01,4.670545e-01,3.766973e-01,3.359894e-01,9.711828e-01,7.439476e-01,2.196997e-01,2.358316e-01
8422,1,5.974255e-01,8.008652e-01,5.974270e-01,7.322321e-02,2.989939e-01,1.157373e+00,6.809225e-01,3.828586e-01,3.028773e-01,1.125019e+00,9.379481e-01,1.347440e-01,8.674587e-01
8423,1,5.356809e-01,6.756170e-01,5.356818e-01,1.378027e-01,2.738667e-01,1.116216e+00,6.021022e-01,4.047596e-01,3.844255e-01,1.062635e+00,8.487454e-01,1.086654e-01,2.793848e-01
8424,1,5.955248e-01,8.334610e-01,5.955265e-01,1.621794e-01,3.189742e-01,1.285694e+00,8.218688e-01,4.426151e-01,3.753630e-01,1.202457e+00,1.008028e+00,4.408410e-01,3.845391e-01
8425,1,5.609716e-01,7.002270e-01,5.609726e-01,1.151182e-01,2.886614e-01,1.191753e+00,6.503600e-01,3.969284e-01,3.247321e-01,1.144591e+00,9.341476e-01,5.511149e-02,1.758661e-01
8426,1,6.600355e-01,8.610355e-01,6.600369e-01,1.446787e-01,3.165451e-01,1.220509e+00,7.425268e-01,4.358640e-01,3.553119e-01,1.159864e+00,9.724209e-01,8.053600e-02,3.711016e-01
8427,1,5.574965e-01,6.825816e-01,5.574973e-01,1.074285e-01,2.662793e-01,1.026738e+00,5.356775e-01,3.863231e-01,3.412574e-01,1.011412e+00,7.863926e-01,4.262700e-01,1.563430e+00
8428,1,5.927163e-01,8.435177e-01,5.927181e-01,1.492074e-01,2.960458e-01,1.235288e+00,7.431826e-01,4.302140e-01,3.682108e-01,1.183037e+00,9.548177e-01,2.581156e-01,4.388618e-01
8429,1,5.641489e-01,7.924965e-01,5.641506e-01,1.016580e-01,2.793860e-01,1.099645e+00,5.583092e-01,3.891017e-01,3.427869e-01,1.069343e+00,8.615368e-01,6.303627e-02,3.979413e-01
8430,1,5.784468e-01,6.723262e-01,5.784475e-01,1.135109e-01,2.684929e-01,1.099408e+00,6.146312e-01,4.093755e-01,3.545231e-01,1.068334e+00,8.628091e-01,1.439718e-01,2.896020e-01
8431,1,6.218369e-01,8.745532e-01,6.218387e-01,1.399994e-01,3.473026e-01,1.384013e+00,8.379660e-01,4.320153e-01,3.666213e-01,1.290227e+00,1.116247e+00,3.331246e-01,3.109689e-01
8432,1,6.054539e-01,8.374184e-01,6.054555e-01,1.627041e-01,2.901431e-01,1.214484e+00,7.473995e-01,4.268306e-01,4.244584e-01,1.129059e+00,8.839382e-01,2.102350e-01,1.404519e-01
8433,1,5.921348e-01,7.911064e-01,5.921362e-01,1.250728e-01,3.342923e-01,1.286533e+00,7.420321e-01,4.368983e-01,3.038355e-01,1.239976e+00,1.070167e+00,1.060276e-01,6.760412e-01
8434,1,6.354397e-01,7.972908e-01,6.354409e-01,1.479922e-01,2.825844e-01,1.177870e+00,7.174517e-01,4.155894e-01,4.048430e-01,1.111415e+00,8.743112e-01,3.110101e-01,7.536423e-01
8435,1,6.298085e-01,8.441986e-01,6.298100e-01,1.351008e-01,3.088769e-01,1.334508e+00,7.467143e-01,4.050090e-01,3.510280e-01,1.244781e+00,1.026880e+00,3.559453e-01,1.308021e+00
8436,1,6.108865e-01,8.230355e-01,6.108880e-01,1.455299e-01,3.360257e-01,1.264762e+00,7.844770e-01,4.676779e-01,3.757383e-01,1.203670e+00,1.028768e+00,1.937662e-01,6.800814e-01
8437,1,7.574539e-01,9.012340e-01,7.574549e-01,1.569975e-01,3.346973e-01,1.411400e+00,8.810133e-01,4.427505e-01,4.164074e-01,1.306080e+00,1.111997e+00,3.858527e-01,8.402617e-01
8438,1,5.790567e-01,6.997872e-01,5.790576e-01,1.039256e-01,2.799530e-01,1.096144e+00,5.450263e-01,4.067361e-01,3.112608e-01,1.083228e+00,8.701150e-01,1.789824e-02,1.070479e-01
8439,1,6.357660e-01,8.487092e-01,6.357675e-01,1.557670e-01,3.099565e-01,1.308883e+00,8.103548e-01,4.331260e-01,4.100074e-01,1.212096e+00,9.936735e-01,9.130001e-02,6.086010e-01
8440,1,7.088723e-01,8.853333e-01,7.088736e-01,1.279742e-01,3.144327e-01,1.270718e+00,7.164544e-01,4.130190e-01,3.202766e-01,1.214842e+00,1.011139e+00,2.742061e-01,2.363755e-01
8441,1,6.302340e-01,7.597872e-01,6.302350e-01,1.678823e-01,3.173979e-01,1.240909e+00,8.045743e-01,4.702488e-01,4.433416e-01,1.167880e+00,9.493691e-01,2.346670e-01,1.370992e-01
8442,1,6.582766e-01,8.596596e-01,6.582780e-01,1.409675e-01,3.326337e-01,1.417498e+00,8.343755e-01,4.278317e-01,3.771774e-01,1.309510e+00,1.120263e+00,2.841787e-01,4.432590e-01
8443,1,6.217376e-01,8.440284e-01,6.217392e-01,1.414274e-01,3.360076e-01,1.320805e+00,7.855337e-01,4.535415e-01,3.548302e-01,1.257424e+00,1.076931e+00,2.343422e-01,1.365189e-01
8444,1,6.184610e-01,8.397589e-01,6.184626e-01,1.492964e-01,2.955087e-01,1.146433e+00,6.600955e-01,4.223007e-01,3.958997e-01,1.096755e+00,8.377484e-01,4.545139e-02,2.200711e-01
8445,1,6.112270e-01,7.779574e-01,6.112281e-01,1.150407e-01,2.989158e-01,1.198026e+00,6.520762e-01,4.207152e-01,3.455970e-01,1.165872e+00,9.591777e-01,4.371767e-01,1.849687e-01
8446,1,6.232411e-01,8.518582e-01,6.232428e-01,1.372170e-01,3.235120e-01,1.285059e+00,7.380609e-01,4.504996e-01,3.911649e-01,1.230990e+00,1.022834e+00,1.184234e-01,3.380947e-01
8447,1,6.430993e-01,8.594894e-01,6.431008e-01,1.435829e-01,3.000545e-01,1.154965e+00,6.557954e-01,4.276961e-01,3.531443e-01,1.121757e+00,8.794373e-01,1.855926e-01,1.453858e-01
8448,1,6.163901e-01,7.713759e-01,6.163912e-01,1.207816e-01,2.802543e-01,1.090933e+00,5.872733e-01,4.282560e-01,3.898548e-01,1.077742e+00,8.392329e-01,3.505512e-02,1.928273e-01
8449,1,6.326028e-01,7.120142e-01,6.326034e-01,1.290953e-01,3.070563e-01,1.224008e+00,6.963366e-01,4.311202e-01,3.573316e-01,1.177415e+00,9.588315e-01,3.009583e-01,8.322015e-01
8450,1,6.975957e-01,8.807234e-01,6.975970e-01,1.750228e-01,3.416098e-01,1.508111e+00,9.598879e-01,4.719354e-01,4.232811e-01,1.382297e+00,1.179588e+00,3.765146e-01,8.183501e-01
8451,1,6.620780e-01,7.823972e-01,6.620789e-01,1.546552e-01,3.273480e-01,1.321590e+00,7.805547e-01,4.363747e-01,4.292456e-01,1.219432e+00,9.926786e-01,1.002525e-01,8.891930e-03
8452,1,8.055957e-01,9.249504e-01,8.055966e-01,1.618508e-01,3.886104e-01,1.566219e+00,9.759207e-01,4.847685e-01,3.569508e-01,1.453657e+00,1.298113e+00,3.651305e-01,6.649564e-01
8453,1,6.241915e-01,7.253050e-01,6.241922e-01,1.113317e-01,2.904573e-01,1.135772e+00,5.855888e-01,4.189662e-01,3.719506e-01,1.117422e+00,8.879725e-01,1.086803e-01,6.397749e-01
8454,1,7.770851e-01,9.104255e-01,7.770861e-01,1.766597e-01,3.351675e-01,1.333982e+00,8.371963e-01,4.767119e-01,3.988251e-01,1.260369e+00,1.030487e+00,2.837215e-01,3.859753e-01
8455,1,6.254255e-01,7.271489e-01,6.254263e-01,1.127475e-01,2.650186e-01,1.052224e+00,5.339073e-01,4.190946e-01,3.677158e-01,1.053950e+00,7.960964e-01,1.280220e-01,7.188268e-01
8456,1,6.531702e-01,7.916879e-01,6.531712e-01,1.398658e-01,3.425046e-01,1.375430e+00,7.900875e-01,4.455672e-01,3.649623e-01,1.309823e+00,1.098412e+00,2.835943e-01,6.543756e-01
8457,1,6.737092e-01,8.356738e-01,6.737104e-01,1.619264e-01,3.299291e-01,1.366538e+00,8.277788e-01,4.514300e-01,4.275442e-01,1.272878e+00,1.036102e+00,2.406557e-01,5.182676e-01
8458,1,6.766879e-01,8.640993e-01,6.766893e-01,1.609071e-01,3.637383e-01,1.428310e+00,8.783765e-01,4.862175e-01,3.985508e-01,1.338316e+00,1.147917e+00,1.150904e-01,5.496550e-01
8459,1,6.645035e-01,7.696028e-01,6.645043e-01,1.415873e-01,3.215906e-01,1.312960e+00,7.644634e-01,4.489180e-01,3.953952e-01,1.240150e+00,1.021998e+00,3.193042e-01,6.011417e-01
8460,1,7.022340e-01,9.027092e-01,7.022355e-01,1.807568e-01,3.588091e-01,1.454563e+00,9.240596e-01,4.900269e-01,4.471739e-01,1.342960e+00,1.133208e+00,2.255060e-01,1.318223e-01
8461,1,6.579645e-01,7.620709e-01,6.579653e-01,1.268934e-01,3.193187e-01,1.296558e+00,7.161923e-01,4.408526e-01,3.712870e-01,1.249245e+00,1.029966e+00,2.355210e-01,2.015994e-01
8462,1,8.314397e-01,9.332624e-01,8.314404e-01,1.739826e-01,3.750996e-01,1.513927e+00,9.441150e-01,4.940677e-01,4.066082e-01,1.402594e+00,1.202547e+00,3.092865e-01,2.996731e-01
8463,1,6.498085e-01,7.641986e-01,6.498093e-01,1.283000e-01,2.905307e-01,1.121815e+00,5.898335e-01,4.375024e-01,3.807185e-01,1.111481e+00,8.593858e-01,1.147971e-01,7.776030e-01
8464,1,6.700355e-01,8.805106e-01,6.700370e-01,1.339560e-01,3.239344e-01,1.344197e+00,7.564003e-01,4.373999e-01,3.842241e-01,1.282527e+00,1.050487e+00,1.980475e-01,6.477271e-01
8465,1,7.687589e-01,9.159007e-01,7.687599e-01,1.716667e-01,3.449685e-01,1.397580e+00,8.460487e-01,4.858635e-01,4.274910e-01,1.301970e+00,1.084564e+00,2.965025e-01,3.579290e-01
8466,1,6.628298e-01,7.550922e-01,6.628304e-01,1.264800e-01,3.102624e-01,1.210172e+00,6.561741e-01,4.475619e-01,3.808194e-01,1.192846e+00,9.474326e-01,1.587231e-01,1.231937e+00
8467,1,6.859929e-01,9.033191e-01,6.859944e-01,1.638055e-01,3.254367e-01,1.358051e+00,8.082812e-01,4.585458e-01,4.128203e-01,1.278044e+00,1.022586e+00,1.382075e-01,1.219354e+00
8468,1,6.824043e-01,8.025816e-01,6.824051e-01,1.308361e-01,3.692378e-01,1.427654e+00,8.174358e-01,4.798527e-01,3.750065e-01,1.359726e+00,1.190687e+00,3.233268e-01,8.424413e-03
8469,1,7.181773e-01,8.670780e-01,7.181784e-01,1.987641e-01,3.551315e-01,1.426747e+00,9.301086e-01,5.012777e-01,4.674110e-01,1.316716e+00,1.059895e+00,3.358957e-01,3.405468e-01
8470,1,7.000922e-01,8.717730e-01,7.000934e-01,1.402798e-01,3.547001e-01,1.505029e+00,8.701655e-01,4.698816e-01,4.047682e-01,1.408518e+00,1.218832e+00,2.010358e-01,2.122737e-01
8471,1,6.935248e-01,8.636879e-01,6.935260e-01,1.667881e-01,3.440434e-01,1.369535e+00,8.209918e-01,4.742633e-01,3.952859e-01,1.296234e+00,1.055706e+00,3.020564e-01,9.498988e-02
8472,1,7.266596e-01,8.857589e-01,7.266607e-01,1.694872e-01,3.672078e-01,1.521445e+00,9.321095e-01,4.861611e-01,4.367728e-01,1.404180e+00,1.187952e+00,2.524641e-01,1.380219e-01
8473,1,7.020780e-01,9.076028e-01,7.020795e-01,1.600965e-01,3.537475e-01,1.461180e+00,8.956646e-01,5.097023e-01,4.220376e-01,1.379270e+00,1.186324e+00,2.229685e-01,7.412711e-03
8474,1,7.510142e-01,8.715177e-01,7.510150e-01,1.946173e-01,3.894938e-01,1.566473e+00,1.009604e+00,4.915393e-01,4.571290e-01,1.424046e+00,1.192944e+00,3.747593e-01,1.495302e+00
8475,1,7.249574e-01,8.816170e-01,7.249586e-01,1.728750e-01,3.312597e-01,1.473833e+00,8.906799e-01,4.629013e-01,4.456633e-01,1.359531e+00,1.096443e+00,3.555864e-01,1.497964e+00
8476,1,7.347447e-01,9.167943e-01,7.347460e-01,1.807021e-01,4.110066e-01,1.579907e+00,9.985546e-01,5.369737e-01,4.324924e-01,1.464510e+00,1.298558e+00,1.677707e-01,1.243690e-01
8477,1,6.898369e-01,8.460000e-01,6.898380e-01,1.333367e-01,3.336167e-01,1.370056e+00,7.496645e-01,4.523377e-01,3.784281e-01,1.315661e+00,1.087705e+00,2.629340e-01,3.563035e-02
8478,1,7.073972e-01,8.415603e-01,7.073981e-01,1.727672e-01,3.516521e-01,1.353755e+00,8.422966e-01,5.042961e-01,4.343494e-01,1.287900e+00,1.042047e+00,1.471711e-01,3.824882e-02
8479,1,7.013121e-01,8.785957e-01,7.013133e-01,1.888261e-01,3.517790e-01,1.467511e+00,8.568895e-01,5.022016e-01,4.406005e-01,1.371051e+00,1.143145e+00,3.878028e-01,3.927815e-01
8480,1,7.652837e-01,8.809220e-01,7.652845e-01,1.181090e-01,3.781619e-01,1.585881e+00,9.982160e-01,4.577971e-01,4.303014e-01,1.458569e+00,1.261361e+00,2.227455e-01,4.238178e-01
8481,1,7.538369e-01,8.564113e-01,7.538376e-01,2.203142e-01,3.992549e-01,1.645745e+00,1.052389e+00,5.360382e-01,4.338153e-01,1.505483e+00,1.289092e+00,4.438374e-01,1.143254e-01
8482,1,7.559787e-01,9.079433e-01,7.559798e-01,1.828872e-01,3.677802e-01,1.612455e+00,1.021523e+00,5.113548e-01,4.516428e-01,1.475122e+00,1.268766e+00,3.587320e-01,9.560851e-02
8483,1,7.698794e-01,8.969504e-01,7.698803e-01,1.956536e-01,4.328015e-01,1.748194e+00,1.136773e+00,5.364202e-01,4.635135e-01,1.592658e+00,1.412047e+00,3.911081e-01,2.778524e-01
8484,1,7.427021e-01,8.894468e-01,7.427032e-01,1.921845e-01,3.610971e-01,1.484802e+00,9.187180e-01,4.928960e-01,4.381115e-01,1.370884e+00,1.119149e+00,2.229191e-01,8.216015e-01
8485,1,7.176809e-01,8.789645e-01,7.176820e-01,1.550104e-01,3.707288e-01,1.495856e+00,8.806514e-01,4.926712e-01,4.286357e-01,1.402780e+00,1.199154e+00,3.347408e-01,7.667495e-01
8486,1,7.177801e-01,8.817447e-01,7.177813e-01,1.708374e-01,3.556629e-01,1.428853e+00,8.730992e-01,5.015613e-01,4.197421e-01,1.356830e+00,1.106660e+00,7.230080e-02,7.071170e-01
8487,1,7.499645e-01,9.112199e-01,7.499657e-01,1.711925e-01,3.842138e-01,1.592187e+00,9.691843e-01,5.020615e-01,4.637987e-01,1.459676e+00,1.266091e+00,3.699248e-01,8.901133e-01
8488,1,7.147872e-01,8.234043e-01,7.147880e-01,1.687628e-01,3.263776e-01,1.351164e+00,7.902418e-01,4.760649e-01,4.231207e-01,1.288163e+00,1.005505e+00,2.272503e-01,9.825175e-01
8489,1,7.435674e-01,8.758298e-01,7.435683e-01,1.671676e-01,4.043077e-01,1.606303e+00,9.859300e-01,5.255887e-01,4.253346e-01,1.495763e+00,1.317843e+00,3.324163e-01,1.049930e+00
8490,1,7.212270e-01,9.102411e-01,7.212283e-01,2.453025e-01,3.708851e-01,1.541512e+00,9.499508e-01,5.491623e-01,4.974226e-01,1.428215e+00,1.165993e+00,3.945717e-01,5.711304e-01
8491,1,7.655248e-01,8.855745e-01,7.655257e-01,3.811647e-02,3.782761e-01,1.480672e+00,8.689019e-01,4.133583e-01,3.307964e-01,1.411905e+00,1.226265e+00,8.258355e-02,1.321973e-01
8492,1,6.890426e-01,7.894184e-01,6.890433e-01,2.857010e-01,3.664773e-01,1.522207e+00,9.219514e-01,5.908205e-01,5.383439e-01,1.408119e+00,1.154810e+00,3.720760e-01,9.478818e-01
8493,1,8.038085e-01,9.310213e-01,8.038094e-01,8.478121e-02,3.751799e-01,1.583723e+00,1.010021e+00,4.218378e-01,3.760391e-01,1.461868e+00,1.231130e+00,2.659965e-01,8.272917e-01
8494,1,7.061631e-01,8.172908e-01,7.061639e-01,2.249331e-01,3.631895e-01,1.468737e+00,8.793219e-01,5.737929e-01,5.039750e-01,1.383498e+00,1.162443e+00,2.415546e-01,1.362973e-01
8495,1,7.617801e-01,9.040993e-01,7.617812e-01,1.670239e-01,3.941989e-01,1.650834e+00,9.963977e-01,5.086570e-01,4.039738e-01,1.532615e+00,1.331680e+00,3.149263e-01,4.723283e-01
8496,1,7.398652e-01,8.380709e-01,7.398659e-01,1.883295e-01,3.731316e-01,1.454789e+00,8.961406e-01,4.998857e-01,4.787400e-01,1.360573e+00,1.088158e+00,3.631829e-01,8.130566e-02
8497,1,7.648440e-01,9.240284e-01,7.648451e-01,2.044156e-01,4.040557e-01,1.617341e+00,1.053150e+00,5.559521e-01,4.700938e-01,1.496604e+00,1.275571e+00,3.904711e-01,9.461626e-01
8498,1,7.277943e-01,8.423121e-01,7.277951e-01,1.470557e-01,3.371886e-01,1.409966e+00,7.749545e-01,4.666495e-01,4.192473e-01,1.347264e+00,1.078137e+00,1.345580e-01,4.444636e-01
8499,1,7.803050e-01,8.840426e-01,7.803057e-01,1.756676e-01,4.091054e-01,1.727065e+00,1.075263e+00,5.314781e-01,4.643582e-01,1.579568e+00,1.397508e+00,2.918842e-01,2.803386e-01
8500,1,8.084894e-01,9.066950e-01,8.084901e-01,2.156096e-01,4.285787e-01,1.789750e+00,1.175791e+00,5.432559e-01,4.603645e-01,1.614786e+00,1.399675e+00,3.530874e-01,1.625010e-01
8501,1,7.830000e-01,8.972340e-01,7.830008e-01,2.071013e-01,4.228214e-01,1.719153e+00,1.130925e+00,5.607535e-01,4.870829e-01,1.573579e+00,1.376524e+00,4.750873e-01,6.324996e-02
8502,1,7.840496e-01,9.022411e-01,7.840505e-01,1.890048e-01,3.946227e-01,1.674208e+00,1.036052e+00,5.211400e-01,4.365537e-01,1.536070e+00,1.309046e+00,2.806969e-01,1.026573e-01
8503,1,7.990426e-01,9.030922e-01,7.990433e-01,2.116066e-01,4.026476e-01,1.704883e+00,1.107776e+00,5.289418e-01,5.121682e-01,1.533720e+00,1.301839e+00,4.302452e-01,1.293695e-01
8504,1,7.765177e-01,9.229787e-01,7.765188e-01,1.936883e-01,4.254110e-01,1.721124e+00,1.087850e+00,5.549295e-01,4.615188e-01,1.589709e+00,1.393235e+00,3.247898e-01,8.830010e-01
8505,1,7.486596e-01,8.859149e-01,7.486605e-01,1.875534e-01,3.919920e-01,1.499470e+00,9.385486e-01,5.468892e-01,4.506732e-01,1.415195e+00,1.190057e+00,2.582437e-01,9.815275e-01
8506,1,7.434255e-01,9.166809e-01,7.434268e-01,1.617867e-01,3.581179e-01,1.502426e+00,8.624707e-01,4.847390e-01,4.276732e-01,1.420188e+00,1.155513e+00,2.561061e-01,8.436364e-01
8507,1,7.884326e-01,9.302837e-01,7.884336e-01,1.769038e-01,3.765198e-01,1.505896e+00,8.948321e-01,5.265246e-01,4.880329e-01,1.412290e+00,1.186006e+00,2.576101e-01,1.862055e-01
8508,1,7.322199e-01,8.043972e-01,7.322204e-01,1.343440e-01,3.309964e-01,1.306099e+00,6.809034e-01,4.743546e-01,3.929763e-01,1.284626e+00,1.005609e+00,1.914861e-01,2.776109e-01
8509,1,7.609291e-01,8.973191e-01,7.609300e-01,2.265485e-01,3.929392e-01,1.615799e+00,1.027278e+00,5.726511e-01,5.035784e-01,1.496810e+00,1.256738e+00,3.941157e-01,1.122440e+00
8510,1,7.989574e-01,8.736596e-01,7.989580e-01,1.195548e-01,3.968049e-01,1.707396e+00,1.025293e+00,4.694471e-01,3.996160e-01,1.586112e+00,1.369541e+00,2.486667e-01,1.015478e+00
8511,1,7.757234e-01,8.860426e-01,7.757242e-01,2.445965e-01,3.927026e-01,1.550162e+00,1.019086e+00,5.729685e-01,5.545705e-01,1.411476e+00,1.149162e+00,3.264175e-01,4.302107e-01
8512,1,7.804326e-01,9.013191e-01,7.804335e-01,1.650973e-01,4.053964e-01,1.743860e+00,1.036023e+00,5.396386e-01,4.165685e-01,1.625233e+00,1.441164e+00,2.413717e-01,1.193367e+00
8513,1,8.325319e-01,9.580993e-01,8.325328e-01,2.198883e-01,4.063248e-01,1.580900e+00,1.005337e+00,5.361462e-01,4.859612e-01,1.465051e+00,1.184819e+00,2.624871e-01,9.469857e-01
8514,1,7.457376e-01,8.309220e-01,7.457382e-01,1.337525e-01,3.697838e-01,1.411472e+00,7.692368e-01,5.134630e-01,4.066842e-01,1.380473e+00,1.159276e+00,3.243866e-01,2.369477e-01
8515,1,7.774113e-01,9.348227e-01,7.774125e-01,1.923784e-01,3.672308e-01,1.563839e+00,9.429850e-01,5.163698e-01,5.071382e-01,1.444600e+00,1.167913e+00,3.118773e-01,2.696741e-01
8516,1,7.648582e-01,9.098865e-01,7.648592e-01,1.610669e-01,4.342355e-01,1.703724e+00,9.993540e-01,5.559983e-01,3.992946e-01,1.618118e+00,1.439104e+00,3.282203e-01,5.283559e-01
8517,1,7.666170e-01,9.038865e-01,7.666180e-01,1.937371e-01,3.471047e-01,1.401790e+00,8.487849e-01,5.136034e-01,5.044464e-01,1.319762e+00,1.004059e+00,8.594305e-02,6.856323e-01
8518,1,7.822199e-01,9.246809e-01,7.822209e-01,1.839245e-01,4.197889e-01,1.672678e+00,1.034181e+00,5.530254e-01,4.738138e-01,1.558241e+00,1.351541e+00,3.132265e-01,6.307288e-01
8519,1,7.619504e-01,9.225957e-01,7.619515e-01,1.593289e-01,3.618712e-01,1.505402e+00,8.396062e-01,5.075631e-01,4.346739e-01,1.436424e+00,1.165488e+00,3.045827e-01,1.039585e+00
8520,1,8.015816e-01,8.897305e-01,8.015822e-01,2.104660e-01,4.008744e-01,1.691071e+00,1.070976e+00,5.507015e-01,4.836970e-01,1.558155e+00,1.299091e+00,3.952958e-01,2.739685e-01
8521,1,8.065603e-01,9.473759e-01,8.065613e-01,2.049002e-01,4.365399e-01,1.780345e+00,1.136773e+00,5.727126e-01,5.034169e-01,1.634740e+00,1.422993e+00,3.728369e-01,2.289704e-01
8522,1,7.768014e-01,8.943972e-01,7.768023e-01,2.137293e-01,4.038453e-01,1.645155e+00,9.856129e-01,5.676799e-01,4.941145e-01,1.531986e+00,1.285810e+00,2.421664e-01,3.069789e-01
8523,1,8.021489e-01,8.735035e-01,8.021494e-01,1.252829e-01,3.914938e-01,1.620548e+00,1.000893e+00,5.072876e-01,4.199636e-01,1.520744e+00,1.298935e+00,2.177674e-01,2.333853e+00
8524,1,8.224468e-01,9.422128e-01,8.224477e-01,2.708583e-01,4.381240e-01,1.861951e+00,1.222265e+00,5.846131e-01,5.365604e-01,1.684926e+00,1.411527e+00,4.964929e-01,1.836439e+00
8525,1,7.734539e-01,8.748652e-01,7.734546e-01,1.593431e-01,4.076644e-01,1.572080e+00,8.966931e-01,5.459299e-01,4.629209e-01,1.486559e+00,1.273815e+00,1.493144e-01,3.444030e-01
8526,1,7.950567e-01,8.980142e-01,7.950575e-01,2.022068e-01,4.036283e-01,1.648807e+00,1.028879e+00,5.569754e-01,4.864876e-01,1.533972e+00,1.279949e+00,3.978403e-01,6.925408e-03
8527,1,8.000496e-01,9.180426e-01,8.000505e-01,1.906981e-01,4.274383e-01,1.735902e+00,1.071856e+00,5.628066e-01,4.748407e-01,1.615376e+00,1.387839e+00,3.270017e-01,1.104384e+00
8528,1,7.964468e-01,9.042553e-01,7.964476e-01,1.921900e-01,3.877695e-01,1.660007e+00,9.806040e-01,5.270538e-01,4.842402e-01,1.541901e+00,1.268914e+00,3.613569e-01,9.590019e-01
8529,1,8.696809e-01,9.565674e-01,8.696815e-01,2.718069e-01,4.345344e-01,1.708856e+00,1.084358e+00,6.342440e-01,5.509714e-01,1.575268e+00,1.333740e+00,3.779755e-01,5.760757e-01
8530,1,7.990284e-01,9.242411e-01,7.990293e-01,4.347496e-03,3.505168e-01,1.354157e+00,6.757610e-01,4.151105e-01,3.172663e-01,1.367777e+00,1.130150e+00,2.872221e-02,5.531396e-01
8531,1,7.954113e-01,8.792199e-01,7.954119e-01,2.716107e-01,4.019767e-01,1.658208e+00,1.045178e+00,6.006942e-01,5.644811e-01,1.521096e+00,1.223723e+00,3.960251e-01,3.189978e-01
8532,1,8.242766e-01,8.970922e-01,8.242771e-01,2.055463e-01,4.457580e-01,1.849444e+00,1.173524e+00,5.818301e-01,5.097359e-01,1.694516e+00,1.481483e+00,3.164294e-01,2.740601e-02
8533,1,8.346454e-01,9.180284e-01,8.346460e-01,2.269789e-01,4.498882e-01,1.872175e+00,1.222812e+00,5.952166e-01,5.184916e-01,1.703068e+00,1.477254e+00,3.850478e-01,2.768871e-01
8534,1,8.253688e-01,9.384113e-01,8.253696e-01,2.186408e-01,4.219148e-01,1.763311e+00,1.103573e+00,5.591871e-01,5.171742e-01,1.609576e+00,1.343609e+00,3.095124e-01,5.884245e-01
8535,1,7.952553e-01,9.291773e-01,7.952563e-01,1.836974e-01,4.208399e-01,1.689232e+00,1.012079e+00,5.638526e-01,4.499967e-01,1.595794e+00,1.354425e+00,3.324943e-01,4.741406e-01
8536,1,8.164184e-01,8.956454e-01,8.164190e-01,2.004303e-01,4.344929e-01,1.782110e+00,1.105126e+00,5.813768e-01,4.996570e-01,1.647419e+00,1.423875e+00,4.295073e-01,2.013039e-01
8537,1,8.255248e-01,9.242128e-01,8.255255e-01,2.146343e-01,4.085903e-01,1.770240e+00,1.120952e+00,5.746314e-01,5.229382e-01,1.622368e+00,1.362814e+00,2.851110e-01,1.995377e-01
8538,1,8.408582e-01,9.326383e-01,8.408588e-01,2.223868e-01,4.657300e-01,1.928506e+00,1.237258e+00,5.869878e-01,5.406210e-01,1.743878e+00,1.523567e+00,3.925086e-01,4.662133e-01
8539,1,8.209574e-01,9.192340e-01,8.209581e-01,2.090035e-01,4.214188e-01,1.767370e+00,1.115035e+00,5.852232e-01,4.841982e-01,1.638121e+00,1.392621e+00,3.831829e-01,5.074453e-01
8540,1,8.183759e-01,9.044255e-01,8.183765e-01,2.228398e-01,4.372034e-01,1.712708e+00,1.086601e+00,5.783381e-01,5.395302e-01,1.578398e+00,1.311001e+00,3.646990e-01,1.044216e-01
8541,1,8.239504e-01,9.256879e-01,8.239511e-01,2.019801e-01,4.414330e-01,1.828667e+00,1.115145e+00,5.806149e-01,4.841824e-01,1.692290e+00,1.461690e+00,3.626370e-01,4.010736e-01
8542,1,8.165461e-01,9.211631e-01,8.165468e-01,2.096259e-01,4.268460e-01,1.720973e+00,1.073709e+00,5.784490e-01,4.918126e-01,1.601723e+00,1.336803e+00,3.382902e-01,1.129578e+00
8543,1,8.078369e-01,9.107092e-01,8.078376e-01,1.744030e-01,4.189027e-01,1.771019e+00,1.025163e+00,5.481269e-01,4.784797e-01,1.659316e+00,1.413419e+00,3.243268e-01,6.075535e-01
8544,1,8.189716e-01,9.439291e-01,8.189725e-01,2.208547e-01,4.254524e-01,1.684251e+00,1.076402e+00,5.965645e-01,5.184612e-01,1.562541e+00,1.299850e+00,2.887507e-01,1.161793e+00
8545,1,8.298227e-01,9.166099e-01,8.298233e-01,1.982195e-01,4.330411e-01,1.824959e+00,1.114096e+00,5.751899e-01,5.518880e-01,1.669718e+00,1.436781e+00,4.230926e-01,6.133372e-01
8546,1,8.339929e-01,9.125957e-01,8.339935e-01,2.375593e-01,4.530364e-01,1.809454e+00,1.189812e+00,6.171666e-01,4.971104e-01,1.675513e+00,1.411453e+00,4.561433e-01,4.391609e-01
8547,1,8.365461e-01,9.079433e-01,8.365466e-01,1.908933e-01,4.589380e-01,1.923326e+00,1.160465e+00,5.800340e-01,4.933015e-01,1.768960e+00,1.560979e+00,3.313679e-01,6.611840e-02
8548,1,8.404184e-01,9.509645e-01,8.404192e-01,2.365995e-01,4.524166e-01,1.847544e+00,1.200336e+00,6.108542e-01,5.313306e-01,1.692083e+00,1.442066e+00,2.257590e-01,1.154508e-01
8549,1,8.067730e-01,8.463830e-01,8.067733e-01,1.844325e-01,3.767964e-01,1.547640e+00,8.905486e-01,5.371730e-01,5.213747e-01,1.457269e+00,1.150879e+00,2.705353e-01,1.605738e-01
8550,1,8.449149e-01,9.365248e-01,8.449155e-01,2.175361e-01,4.845617e-01,1.979549e+00,1.260071e+00,6.207835e-01,4.937723e-01,1.822300e+00,1.614394e+00,4.537897e-01,7.692764e-02
8551,1,8.311702e-01,9.186950e-01,8.311708e-01,2.291633e-01,4.491494e-01,1.826638e+00,1.157612e+00,6.145311e-01,5.242631e-01,1.690792e+00,1.445205e+00,2.776082e-01,7.837215e-01
8552,1,8.355390e-01,9.150213e-01,8.355396e-01,1.823533e-01,4.168291e-01,1.779979e+00,1.063318e+00,5.417725e-01,5.032319e-01,1.644380e+00,1.370610e+00,3.695054e-01,2.690930e-02
8553,1,8.364326e-01,9.400567e-01,8.364334e-01,2.289844e-01,4.359428e-01,1.824260e+00,1.145482e+00,6.205917e-01,5.207634e-01,1.684118e+00,1.433778e+00,3.321444e-01,1.115651e+00
8554,1,8.236667e-01,8.975319e-01,8.236672e-01,2.105842e-01,4.565110e-01,1.737065e+00,1.079687e+00,5.942977e-01,5.268920e-01,1.619165e+00,1.361867e+00,3.985818e-01,6.659300e-02
8555,1,8.414965e-01,9.409929e-01,8.414972e-01,2.173256e-01,4.493085e-01,1.875920e+00,1.166396e+00,5.983706e-01,5.382789e-01,1.725765e+00,1.470182e+00,3.932307e-01,8.052684e-02
8556,1,8.248014e-01,9.148936e-01,8.248021e-01,2.105183e-01,4.246188e-01,1.719576e+00,1.056191e+00,5.932866e-01,5.262735e-01,1.606015e+00,1.330043e+00,2.375495e-01,7.542558e-01
8557,1,8.349433e-01,9.439291e-01,8.349440e-01,1.938182e-01,4.400487e-01,1.835119e+00,1.094521e+00,5.714786e-01,4.852687e-01,1.707516e+00,1.449134e+00,3.491602e-01,4.143194e-01
8558,1,8.574823e-01,9.391064e-01,8.574828e-01,3.049274e-01,4.954165e-01,2.074829e+00,1.362315e+00,6.889797e-01,5.940110e-01,1.865319e+00,1.640688e+00,5.045882e-01,5.197162e-02
8559,1,8.644894e-01,9.250922e-01,8.644898e-01,1.043637e-01,4.773431e-01,1.932980e+00,1.220340e+00,5.314758e-01,4.337543e-01,1.796407e+00,1.588663e+00,2.755998e-01,5.347789e-02
8560,1,8.119787e-01,9.368085e-01,8.119796e-01,2.830115e-01,4.007125e-01,1.618983e+00,1.001101e+00,6.363572e-01,6.194259e-01,1.506043e+00,1.178956e+00,3.573546e-01,3.073575e-01
8561,1,8.184894e-01,9.187660e-01,8.184901e-01,1.709716e-01,4.128455e-01,1.666367e+00,9.352017e-01,5.579053e-01,4.754739e-01,1.592863e+00,1.312777e+00,2.609605e-01,6.905685e-01
8562,1,8.546312e-01,9.402837e-01,8.546318e-01,2.166591e-01,4.869549e-01,2.017170e+00,1.266174e+00,6.277219e-01,5.537911e-01,1.843772e+00,1.636835e+00,3.272199e-01,7.750206e-01
8563,1,8.455816e-01,9.335603e-01,8.455822e-01,2.454374e-01,4.216887e-01,1.741862e+00,1.112057e+00,5.985409e-01,5.464545e-01,1.604509e+00,1.279867e+00,3.342724e-01,3.911610e-01
8564,1,8.427872e-01,9.635887e-01,8.427881e-01,1.929565e-01,4.924474e-01,1.960425e+00,1.182427e+00,6.194086e-01,4.643510e-01,1.834110e+00,1.634113e+00,4.267838e-01,2.658770e-02
8565,1,8.521064e-01,9.221277e-01,8.521069e-01,2.453011e-01,4.212173e-01,1.814326e+00,1.181841e+00,6.222829e-01,6.002062e-01,1.655864e+00,1.361288e+00,3.969553e-01,4.495142e-01
8566,1,8.587730e-01,9.387234e-01,8.587736e-01,2.199747e-01,5.067762e-01,2.059561e+00,1.282607e+00,6.223007e-01,5.190701e-01,1.891749e+00,1.663704e+00,3.173399e-01,4.701147e-01
8567,1,8.532837e-01,9.586667e-01,8.532844e-01,2.244146e-01,4.571122e-01,1.878800e+00,1.167099e+00,6.118555e-01,5.345462e-01,1.725404e+00,1.466756e+00,4.987132e-01,1.178677e+00
8568,1,8.480638e-01,9.539574e-01,8.480646e-01,2.495122e-01,4.594016e-01,1.859565e+00,1.217175e+00,6.389561e-01,5.681569e-01,1.724541e+00,1.430242e+00,3.517531e-01,5.215905e-01
8569,1,8.289007e-01,8.883121e-01,8.289011e-01,1.770855e-01,3.911289e-01,1.623773e+00,8.990887e-01,5.542713e-01,5.402663e-01,1.532451e+00,1.231068e+00,1.369080e-01,4.865722e-01
8570,1,8.757092e-01,9.526241e-01,8.757098e-01,2.386110e-01,5.265914e-01,2.205080e+00,1.418448e+00,6.525129e-01,5.109778e-01,2.003860e+00,1.799826e+00,4.765560e-01,5.162571e-01
8571,1,8.567589e-01,9.395035e-01,8.567595e-01,2.239471e-01,4.825837e-01,1.955502e+00,1.232295e+00,6.342762e-01,5.414638e-01,1.801795e+00,1.565970e+00,3.485602e-01,4.726917e-01
8572,1,8.719929e-01,9.381560e-01,8.719934e-01,2.584598e-01,4.776046e-01,2.015876e+00,1.314735e+00,6.341373e-01,5.565851e-01,1.825625e+00,1.549009e+00,4.988185e-01,1.393546e-01
8573,1,8.656241e-01,9.322837e-01,8.656246e-01,2.383435e-01,4.966476e-01,2.045960e+00,1.323501e+00,6.515425e-01,5.661536e-01,1.869254e+00,1.631717e+00,4.578624e-01,2.140550e-01
8574,1,8.656383e-01,9.326241e-01,8.656388e-01,2.341559e-01,4.704335e-01,1.992673e+00,1.261349e+00,6.224440e-01,5.666940e-01,1.815274e+00,1.551098e+00,4.317494e-01,4.547637e-01
8575,1,8.657234e-01,9.254894e-01,8.657238e-01,2.449296e-01,4.852278e-01,1.995319e+00,1.296973e+00,6.465767e-01,5.867124e-01,1.816656e+00,1.562565e+00,4.166305e-01,8.082163e-02
8576,1,8.739504e-01,9.497447e-01,8.739509e-01,2.404613e-01,5.144764e-01,2.140672e+00,1.372529e+00,6.533368e-01,5.405240e-01,1.948021e+00,1.727756e+00,4.694577e-01,2.257984e-02
8577,1,8.629149e-01,9.230496e-01,8.629153e-01,2.386851e-01,4.610586e-01,1.920169e+00,1.200921e+00,6.180668e-01,5.487553e-01,1.759672e+00,1.476593e+00,4.306806e-01,2.664675e-01
8578,1,8.691560e-01,9.454894e-01,8.691566e-01,2.497563e-01,4.971267e-01,2.055136e+00,1.346626e+00,6.592078e-01,5.940182e-01,1.871651e+00,1.619778e+00,3.776300e-01,8.257155e-01
8579,1,8.618652e-01,9.269504e-01,8.618657e-01,2.114222e-01,4.924586e-01,2.007311e+00,1.231432e+00,6.313625e-01,5.243132e-01,1.850889e+00,1.627451e+00,3.866898e-01,1.604167e+00
8580,1,8.689291e-01,9.588652e-01,8.689297e-01,2.812751e-01,4.486369e-01,1.917634e+00,1.288965e+00,6.519062e-01,6.065765e-01,1.746634e+00,1.422821e+00,4.238773e-01,9.169456e-01
8581,1,8.355957e-01,9.131915e-01,8.355963e-01,2.426767e-01,4.647163e-01,1.894185e+00,1.089780e+00,6.541690e-01,5.609396e-01,1.766832e+00,1.519980e+00,4.441533e-01,2.845826e-01
8582,1,8.706454e-01,9.291773e-01,8.706458e-01,2.060845e-01,4.935391e-01,1.983943e+00,1.260833e+00,6.133827e-01,5.380493e-01,1.824679e+00,1.557508e+00,3.450796e-01,8.166493e-01
8583,1,8.902624e-01,9.621135e-01,8.902629e-01,1.466889e-01,4.985677e-01,2.060001e+00,1.351498e+00,5.712000e-01,4.748200e-01,1.889485e+00,1.644729e+00,2.328260e-01,3.293606e-01
8584,1,8.393830e-01,9.613475e-01,8.393838e-01,2.871737e-01,4.708939e-01,1.956930e+00,1.165661e+00,6.878528e-01,6.126380e-01,1.808579e+00,1.552083e+00,5.373916e-01,8.766688e-01
8585,1,9.568723e-01,9.744681e-01,9.568725e-01,2.681423e-01,4.870694e-01,2.001279e+00,1.328748e+00,6.643618e-01,6.286737e-01,1.809006e+00,1.526629e+00,4.158580e-01,3.507703e+00
8586,1,9.809007e-01,9.860567e-01,9.809007e-01,1.981813e-01,4.460040e-01,2.140517e+00,1.294627e+00,6.557685e-01,3.911600e-01,2.015198e+00,1.806231e+00,5.012871e-01,7.756243e-01
8587,1,8.777518e-01,9.293901e-01,8.777521e-01,2.337157e-01,3.638416e-01,1.961327e+00,1.253355e+00,6.676463e-01,5.930812e-01,1.771171e+00,1.523815e+00,4.107745e-01,6.580554e-01
8588,1,8.636241e-01,9.270496e-01,8.636246e-01,2.308367e-01,5.050490e-01,1.945829e+00,1.218380e+00,6.310076e-01,5.610603e-01,1.796038e+00,1.515192e+00,3.017100e-01,4.742936e-02
8589,1,8.897660e-01,9.562128e-01,8.897664e-01,2.694995e-01,5.378303e-01,2.217194e+00,1.449543e+00,6.521173e-01,6.179632e-01,1.983598e+00,1.725624e+00,5.646944e-01,5.561802e-01
8590,1,8.707589e-01,9.279291e-01,8.707593e-01,2.329974e-01,4.819730e-01,2.055210e+00,1.301156e+00,6.750041e-01,5.395797e-01,1.896004e+00,1.668908e+00,3.976724e-01,6.520440e-01
8591,1,8.842482e-01,9.652057e-01,8.842488e-01,2.636286e-01,5.043349e-01,2.142867e+00,1.413838e+00,6.690598e-01,5.999841e-01,1.935859e+00,1.672666e+00,5.144039e-01,1.095436e-01
8592,1,8.837376e-01,9.644539e-01,8.837382e-01,2.587272e-01,5.437804e-01,2.148166e+00,1.381470e+00,6.505703e-01,5.815929e-01,1.945871e+00,1.678009e+00,3.297948e-01,2.345802e-01
8593,1,8.766028e-01,9.557447e-01,8.766034e-01,2.442317e-01,4.946193e-01,2.087921e+00,1.324083e+00,6.660462e-01,5.703345e-01,1.907370e+00,1.667437e+00,5.616029e-01,9.392681e-02
8594,1,8.621348e-01,9.586667e-01,8.621354e-01,2.442277e-01,4.760942e-01,1.904402e+00,1.197105e+00,6.502280e-01,5.953788e-01,1.767041e+00,1.464476e+00,3.992696e-01,3.154833e-01
8595,1,8.500922e-01,9.476170e-01,8.500929e-01,1.888307e-01,4.491840e-01,1.810321e+00,1.036320e+00,6.195026e-01,4.983564e-01,1.727502e+00,1.453944e+00,2.486093e-01,1.203225e-01
8596,1,8.831135e-01,9.584539e-01,8.831140e-01,2.680010e-01,5.075740e-01,2.085624e+00,1.374579e+00,6.713942e-01,6.192399e-01,1.890763e+00,1.612737e+00,4.389548e-01,8.708087e-02
8597,1,8.630000e-01,9.315887e-01,8.630005e-01,2.270659e-01,4.398885e-01,1.916695e+00,1.191808e+00,6.587749e-01,5.901132e-01,1.779904e+00,1.505191e+00,3.339151e-01,8.911837e-01
8598,1,8.776241e-01,9.695035e-01,8.776248e-01,2.393954e-01,5.368403e-01,2.116435e+00,1.299794e+00,6.378878e-01,5.308346e-01,1.949538e+00,1.673869e+00,3.888578e-01,8.980230e-01
8599,1,8.717943e-01,9.276738e-01,8.717947e-01,2.232041e-01,4.637874e-01,1.958316e+00,1.198883e+00,6.454180e-01,5.766212e-01,1.802673e+00,1.534743e+00,4.520411e-01,1.098221e+00
8600,1,8.846312e-01,9.305816e-01,8.846315e-01,2.670843e-01,5.352305e-01,2.186869e+00,1.440493e+00,6.874363e-01,5.855776e-01,2.001026e+00,1.733921e+00,5.076283e-01,2.875003e-01
8601,1,8.906028e-01,9.708369e-01,8.906034e-01,2.644822e-01,4.898241e-01,2.126965e+00,1.361287e+00,6.639394e-01,6.073342e-01,1.914764e+00,1.633979e+00,4.417472e-01,1.462032e+00
8602,1,8.724752e-01,9.587234e-01,8.724758e-01,2.181571e-01,5.464054e-01,2.120435e+00,1.288567e+00,6.669348e-01,5.707030e-01,1.962286e+00,1.739974e+00,2.685059e-01,6.589929e-03
8603,1,8.626596e-01,9.273759e-01,8.626600e-01,2.751881e-01,4.440457e-01,1.838675e+00,1.148490e+00,6.741865e-01,5.736360e-01,1.712427e+00,1.385190e+00,3.273475e-01,1.194659e+00
8604,1,8.856950e-01,9.578156e-01,8.856955e-01,1.870096e-01,4.872922e-01,2.032146e+00,1.296963e+00,6.171567e-01,5.406314e-01,1.880729e+00,1.599482e+00,3.450923e-01,2.481072e-01
8605,1,8.693546e-01,9.517021e-01,8.693552e-01,2.491884e-01,5.094667e-01,2.055412e+00,1.238259e+00,6.708214e-01,5.879582e-01,1.899095e+00,1.629206e+00,4.697699e-01,6.136694e-01
8606,1,8.962624e-01,9.577589e-01,8.962628e-01,2.788822e-01,5.078518e-01,2.218410e+00,1.482268e+00,7.139681e-01,6.588344e-01,1.992066e+00,1.741084e+00,5.726170e-01,2.231159e-01
8607,1,8.877092e-01,9.398723e-01,8.877096e-01,2.475775e-01,5.518780e-01,2.202457e+00,1.376163e+00,6.632382e-01,5.544588e-01,2.018121e+00,1.753768e+00,3.747562e-01,4.935286e-01
8608,1,8.917801e-01,9.680993e-01,8.917807e-01,2.702318e-01,5.199454e-01,2.166625e+00,1.407118e+00,6.854764e-01,6.181688e-01,1.963672e+00,1.686532e+00,4.658225e-01,3.590512e-01
8609,1,8.641915e-01,9.067234e-01,8.641918e-01,2.073820e-01,4.579282e-01,1.906447e+00,1.138290e+00,6.654941e-01,5.331072e-01,1.804866e+00,1.539407e+00,4.390239e-01,2.785125e-02
8610,1,9.040496e-01,9.552482e-01,9.040500e-01,2.960087e-01,5.700005e-01,2.328564e+00,1.563843e+00,7.019495e-01,6.567389e-01,2.076842e+00,1.801766e+00,4.776904e-01,3.871579e-01
8611,1,8.964610e-01,9.514468e-01,8.964614e-01,2.770419e-01,5.079426e-01,2.190145e+00,1.443437e+00,6.968054e-01,6.050979e-01,1.978869e+00,1.704646e+00,2.947119e-01,4.163993e-01
8612,1,8.937518e-01,9.530355e-01,8.937522e-01,2.386240e-01,5.483515e-01,2.251069e+00,1.414038e+00,6.657598e-01,5.836602e-01,2.043564e+00,1.805413e+00,6.128412e-01,2.350020e-01
8613,1,8.993121e-01,9.531348e-01,8.993124e-01,2.942074e-01,5.513322e-01,2.278378e+00,1.534856e+00,7.288757e-01,6.538846e-01,2.053432e+00,1.782765e+00,5.871884e-01,2.429932e-01
8614,1,8.990142e-01,9.725816e-01,8.990147e-01,2.656127e-01,5.153724e-01,2.221736e+00,1.453495e+00,6.898540e-01,6.084469e-01,2.001505e+00,1.736035e+00,5.072264e-01,2.406891e-02
8615,1,9.026454e-01,9.515177e-01,9.026457e-01,2.726331e-01,5.621390e-01,2.346755e+00,1.519777e+00,6.928463e-01,6.211568e-01,2.107948e+00,1.857088e+00,4.178352e-01,1.315094e-01
8616,1,8.935106e-01,9.605532e-01,8.935111e-01,3.645927e-01,5.270382e-01,2.302631e+00,1.516904e+00,7.787267e-01,6.832333e-01,2.059621e+00,1.795913e+00,6.734340e-01,3.553983e-01
8617,1,9.013262e-01,9.478723e-01,9.013266e-01,6.894171e-02,5.166459e-01,2.076407e+00,1.317970e+00,5.516842e-01,4.391996e-01,1.943583e+00,1.711352e+00,2.019440e-01,2.329488e+00
8618,1,8.945745e-01,9.701135e-01,8.945750e-01,3.919603e-01,5.392404e-01,2.311078e+00,1.567453e+00,7.799650e-01,7.251211e-01,2.064648e+00,1.747639e+00,5.379234e-01,1.618998e+00
8619,1,9.016809e-01,9.469078e-01,9.016812e-01,2.455708e-01,5.253407e-01,2.261136e+00,1.425435e+00,6.932820e-01,5.773594e-01,2.036267e+00,1.816501e+00,4.321306e-01,4.657464e-01
8620,1,9.055390e-01,9.576454e-01,9.055394e-01,2.983390e-01,5.649843e-01,2.347500e+00,1.572963e+00,7.047287e-01,6.477230e-01,2.102107e+00,1.824012e+00,6.420844e-01,4.504787e-01
8621,1,8.988014e-01,9.530355e-01,8.988018e-01,2.697697e-01,5.779543e-01,2.287389e+00,1.474826e+00,7.039206e-01,6.054297e-01,2.075142e+00,1.819561e+00,5.133615e-01,1.320099e-01
8622,1,8.938652e-01,9.574043e-01,8.938657e-01,2.616378e-01,5.287894e-01,2.219243e+00,1.420873e+00,7.023272e-01,6.141979e-01,2.024081e+00,1.758149e+00,4.238421e-01,6.959884e-01
8623,1,8.980922e-01,9.657305e-01,8.980927e-01,2.720093e-01,5.306176e-01,2.198308e+00,1.423702e+00,6.932984e-01,6.319545e-01,1.987109e+00,1.714914e+00,4.040847e-01,5.941705e-01
8624,1,8.776525e-01,9.699716e-01,8.776531e-01,2.229450e-01,5.056979e-01,2.068166e+00,1.250405e+00,6.653807e-01,5.615083e-01,1.931832e+00,1.646301e+00,3.944689e-01,2.867037e-02
8625,1,9.053404e-01,9.579007e-01,9.053408e-01,3.005425e-01,5.315533e-01,2.265065e+00,1.533922e+00,7.270549e-01,6.704416e-01,2.027751e+00,1.750113e+00,4.235196e-01,2.756859e-01
8626,1,8.995816e-01,9.507801e-01,8.995819e-01,2.551469e-01,5.556941e-01,2.291944e+00,1.454638e+00,6.870781e-01,5.803540e-01,2.086091e+00,1.828845e+00,5.245811e-01,8.681868e-01
8627,1,9.041348e-01,9.529929e-01,9.041351e-01,2.851918e-01,5.411344e-01,2.268013e+00,1.488484e+00,7.131230e-01,6.636413e-01,2.033779e+00,1.760757e+00,5.847259e-01,1.234887e+00
8628,1,9.032979e-01,9.560000e-01,9.032982e-01,2.792141e-01,5.605552e-01,2.390960e+00,1.571226e+00,7.465305e-01,5.618992e-01,2.185918e+00,1.952269e+00,4.194737e-01,4.206010e-01
8629,1,8.771560e-01,9.568511e-01,8.771566e-01,2.501368e-01,4.924796e-01,1.906858e+00,1.174844e+00,6.615262e-01,6.440178e-01,1.766549e+00,1.433174e+00,3.731786e-01,4.980172e-01
8630,1,8.885177e-01,9.666241e-01,8.885183e-01,2.363602e-01,5.072626e-01,2.148299e+00,1.311605e+00,6.932323e-01,5.731151e-01,1.989896e+00,1.727524e+00,4.007175e-01,1.094191e+00
8631,1,8.748865e-01,9.374468e-01,8.748870e-01,2.124813e-01,4.994247e-01,1.943723e+00,1.138834e+00,6.620664e-01,5.804353e-01,1.833181e+00,1.539893e+00,3.353083e-01,1.327552e+00
8632,1,8.895816e-01,9.474184e-01,8.895820e-01,2.724414e-01,4.894507e-01,2.059121e+00,1.309700e+00,6.912220e-01,6.216745e-01,1.901754e+00,1.563174e+00,4.836298e-01,9.178592e-02
8633,1,8.993688e-01,9.751064e-01,8.993693e-01,2.643551e-01,5.726448e-01,2.277300e+00,1.458981e+00,7.155440e-01,5.981351e-01,2.086101e+00,1.827660e+00,3.544549e-01,3.404012e-01
8634,1,9.084043e-01,9.542553e-01,9.084046e-01,2.718194e-01,5.366617e-01,2.338811e+00,1.521569e+00,7.023769e-01,6.773034e-01,2.092861e+00,1.825455e+00,5.332575e-01,2.999559e-01
8635,1,9.082340e-01,9.568652e-01,9.082344e-01,2.909060e-01,5.511595e-01,2.330135e+00,1.524901e+00,7.333994e-01,6.114726e-01,2.107474e+00,1.832144e+00,4.168549e-01,2.202646e-01
8636,1,9.178652e-01,9.684397e-01,9.178656e-01,2.861852e-01,5.874810e-01,2.499404e+00,1.655974e+00,7.263741e-01,6.366629e-01,2.227944e+00,1.993765e+00,6.652965e-01,9.583211e-01
8637,1,8.984043e-01,9.507801e-01,8.984046e-01,2.835482e-01,5.215209e-01,2.184977e+00,1.421029e+00,7.175761e-01,6.556396e-01,1.997113e+00,1.680245e+00,4.758035e-01,1.201634e+00
8638,1,9.037376e-01,9.483830e-01,9.037379e-01,2.687708e-01,6.002774e-01,2.352294e+00,1.525784e+00,7.403119e-01,6.196046e-01,2.143397e+00,1.912654e+00,4.162266e-01,9.339980e-01
8639,1,9.140355e-01,9.719007e-01,9.140359e-01,2.963539e-01,5.305860e-01,2.367089e+00,1.555930e+00,7.134106e-01,6.476447e-01,2.118552e+00,1.822897e+00,5.354546e-01,2.529693e-01
8640,1,9.999362e-01,1.000000e+00,9.999362e-01,5.255865e+01,5.074676e+01,2.236947e+01,4.695459e+01,4.615523e+01,4.442662e+01,2.193712e+01,2.123696e+01,2.012522e+01,2.044151e-01
8641,1,9.998511e-01,9.999716e-01,9.998511e-01,2.239803e+00,2.698570e+00,4.789044e+01,1.470060e+01,1.286988e+01,1.666885e+01,4.307238e+01,4.128811e+01,3.917520e+01,2.980719e-01
8642,1,9.949149e-01,9.938156e-01,9.949149e-01,1.415201e+01,1.221279e+01,5.774866e+00,1.701134e+00,6.370285e+00,1.841600e+00,2.556594e+00,4.270413e+00,1.401494e+00,1.467335e+00
8643,1,9.507872e-01,8.786525e-01,9.507867e-01,7.095047e-01,5.428543e-02,1.885716e-01,8.679582e-02,3.583213e-01,4.942132e-01,1.654213e-01,2.388542e-01,3.751687e+00,2.681068e-01
8644,1,8.476667e-01,8.893759e-01,8.476670e-01,2.982976e-03,7.873781e-02,1.526655e-01,5.055906e-02,8.795539e-03,2.971017e-03,1.145340e-01,9.662061e-02,8.372091e-01,9.235288e-01
8645,0,1.079787e-01,1.621277e-01,1.079791e-01,2.808407e-02,1.815438e-02,1.251235e-03,6.074369e-02,9.028143e-02,1.887990e-02,5.146449e-02,4.207628e-02,4.425905e-01,7.293240e-01
8646,0,3.047872e-01,1.218865e-01,3.047859e-01,4.107715e-02,1.109355e-01,1.881700e-01,4.581572e-02,1.184143e-01,9.913579e-02,2.232372e-01,1.596933e-01,5.877412e-02,1.188802e-01
8647,0,2.943759e-01,7.011348e-02,2.943743e-01,4.636698e-03,2.357129e-02,1.029326e-01,6.166716e-02,6.253621e-02,8.196816e-02,1.414591e-01,8.275274e-02,2.371736e-01,6.734092e-01
8648,0,4.102199e-01,5.644397e-01,4.102210e-01,4.629455e-02,3.922790e-02,1.712097e-02,1.528726e-02,9.575248e-02,9.521451e-02,6.299173e-02,4.356918e-02,8.174035e-02,3.161599e-01
8649,0,2.126170e-01,2.454468e-01,2.126173e-01,2.793058e-02,9.093387e-02,1.891109e-01,5.438549e-02,1.336266e-01,1.956911e-02,2.409828e-01,2.144807e-01,4.856552e-01,2.719996e-01
8650,0,2.065319e-01,1.318298e-01,2.065314e-01,8.998411e-03,1.242908e-04,4.083471e-02,8.240425e-02,4.359636e-02,1.418694e-01,5.680934e-02,3.468696e-02,1.478635e-01,4.121580e-01
8651,0,3.655674e-01,3.309504e-01,3.655671e-01,2.711121e-02,8.141400e-02,1.688343e-01,2.357590e-02,9.522675e-02,8.087507e-02,1.953325e-01,1.387311e-01,2.118642e-01,3.957901e-01
8652,0,9.075674e-01,8.931489e-01,9.075673e-01,4.701784e-02,8.689961e-02,1.653794e-01,7.009157e-02,1.302829e-01,3.363924e-02,2.144746e-01,1.491487e-01,1.087712e-01,6.751001e-02
8653,0,3.267376e-02,1.135745e-01,3.267433e-02,1.549186e-02,1.456924e-02,8.752680e-02,1.132344e-02,7.350684e-02,1.170597e-01,1.123237e-01,3.441036e-02,1.072875e-01,7.055723e-01
8654,0,2.054823e-01,1.185816e-01,2.054817e-01,2.799736e-02,8.420952e-02,2.173653e-01,5.452378e-02,7.854211e-02,1.016335e-01,2.302912e-01,1.618931e-01,2.413613e-01,3.224416e-01
8655,0,2.015816e-01,1.681277e-01,2.015813e-01,4.305054e-02,5.898293e-02,2.170884e-01,1.177794e-01,1.226266e-01,1.139358e-01,2.113093e-01,1.719805e-01,2.398310e-01,5.328935e-01
8656,0,2.123617e-01,1.494468e-01,2.123613e-01,5.347536e-02,6.104687e-02,1.024603e-01,2.692892e-02,1.195364e-01,8.196417e-02,1.363871e-01,5.001288e-02,1.976089e-01,3.207087e-01
8657,0,7.529787e-02,6.893617e-02,7.529783e-02,1.123778e-02,7.849571e-02,2.305721e-01,3.811167e-02,7.839901e-02,5.223556e-02,2.506263e-01,2.083835e-01,1.939697e-01,1.661990e-02
8658,0,7.618936e-01,5.402411e-01,7.618920e-01,4.198980e-02,4.710518e-02,9.553605e-02,3.202737e-02,1.035067e-01,1.472295e-01,1.230112e-01,3.456795e-02,2.929671e-01,2.616061e-01
8659,0,1.900000e-02,5.659574e-03,1.899991e-02,2.455257e-02,8.046277e-02,3.036421e-01,1.462614e-01,9.187209e-02,8.726264e-02,2.915230e-01,2.618357e-01,1.446131e-02,1.328710e-01
8660,0,2.258794e-01,5.475177e-02,2.258782e-01,4.327713e-02,6.049749e-02,1.021290e-01,1.032436e-02,9.573852e-02,9.547528e-02,1.303566e-01,3.952546e-02,3.280134e-02,3.249069e-01
8661,0,2.200780e-01,1.976170e-01,2.200779e-01,2.938924e-02,7.622439e-02,1.789571e-01,4.632580e-02,1.197474e-01,4.476528e-02,2.173591e-01,1.750542e-01,1.858499e-01,4.327842e-02
8662,0,2.185603e-01,1.937589e-01,2.185601e-01,2.002157e-02,4.780840e-02,7.378657e-02,7.354908e-02,6.526187e-02,9.878896e-02,1.149359e-01,1.660812e-02,5.474900e-02,2.719474e-01
8663,0,2.066312e-01,5.384397e-02,2.066301e-01,2.459444e-02,5.317364e-02,1.297270e-01,6.673574e-03,1.115646e-01,6.229953e-02,1.784620e-01,1.244738e-01,6.038204e-02,3.964280e-01
8664,0,2.225603e-01,2.620851e-01,2.225606e-01,4.280819e-02,4.526839e-02,1.122558e-01,3.740535e-02,1.147019e-01,1.191951e-01,1.328284e-01,6.506652e-02,9.688207e-02,9.801584e-01
8665,0,2.299078e-01,5.903546e-02,2.299066e-01,2.314948e-02,8.067482e-02,1.952931e-01,3.226996e-02,7.796164e-02,7.938338e-02,2.223774e-01,1.522489e-01,2.836332e-01,6.406632e-01
8666,0,2.853262e-01,2.529929e-01,2.853260e-01,2.884408e-02,2.717846e-02,7.966875e-02,4.049597e-03,1.013832e-01,9.752594e-02,1.026271e-01,4.745360e-02,2.099002e-01,2.166801e-01
8667,0,9.742340e-01,9.696028e-01,9.742340e-01,4.159994e-02,1.088627e-01,2.600008e-01,1.371873e-01,9.247737e-02,1.009780e-01,2.563404e-01,1.959688e-01,2.248325e-01,2.472174e-01
8668,0,4.812128e-01,2.806950e-01,4.812113e-01,4.983825e-02,7.673584e-02,2.718844e-01,1.767132e-01,1.003145e-01,1.054887e-01,2.570846e-01,1.848956e-01,1.601938e-01,9.421552e-01
8669,0,2.212695e-01,2.385248e-01,2.212696e-01,4.543643e-03,7.952038e-02,2.703911e-01,6.013079e-02,8.679019e-02,7.858500e-02,2.722573e-01,2.615901e-01,1.982474e-02,5.076249e-01
8670,0,2.157518e-01,1.785532e-01,2.157515e-01,6.223479e-02,4.999371e-02,1.794459e-01,1.152238e-01,1.248433e-01,1.367584e-01,1.818583e-01,9.952550e-02,3.585706e-01,4.473783e-02
8671,0,2.174539e-01,3.154043e-01,2.174546e-01,3.744102e-02,7.424450e-02,1.426448e-01,1.375064e-02,9.958263e-02,1.146966e-01,1.739352e-01,8.935466e-02,3.301009e-01,8.043986e-01
8672,0,2.194113e-01,3.554752e-01,2.194123e-01,2.325950e-02,3.163526e-02,8.012137e-02,3.553205e-02,1.052608e-01,1.126580e-01,1.225810e-01,5.745821e-02,4.951235e-01,8.660066e-01
8673,0,4.598794e-01,6.614894e-01,4.598809e-01,1.769846e-02,1.011571e-01,2.208755e-01,6.294314e-02,1.031096e-01,1.009951e-02,2.491439e-01,2.349391e-01,3.006119e-01,1.587647e+00
8674,0,2.118794e-01,6.021277e-02,2.118784e-01,4.627225e-02,1.346492e-02,4.288878e-02,2.468498e-02,9.935224e-02,1.515223e-01,8.931716e-02,3.493882e-02,4.583027e-01,4.720205e-01
8675,0,3.404610e-01,4.088227e-01,3.404615e-01,3.102028e-02,8.485056e-02,1.615504e-01,4.519684e-02,9.182373e-02,4.213577e-02,1.752836e-01,1.300369e-01,1.740658e-01,6.087364e-01
8676,0,9.768014e-01,9.849787e-01,9.768015e-01,3.975833e-02,1.008966e-01,3.229445e-01,1.640157e-01,8.308646e-02,1.330997e-01,3.008446e-01,2.386972e-01,2.014343e-01,5.806824e-02
8677,0,3.833404e-01,3.132624e-01,3.833399e-01,1.117486e-02,2.132451e-02,2.679946e-01,8.785909e-02,7.914025e-02,1.250375e-01,2.657790e-01,2.498188e-01,5.582951e-02,1.172520e+00
8678,0,6.986454e-01,4.366950e-01,6.986435e-01,7.692304e-02,1.038832e-01,1.541815e-01,1.183483e-01,1.324763e-01,1.214325e-01,1.595152e-01,7.818250e-02,8.254478e-02,6.286049e-01
8679,0,2.205603e-01,7.845390e-02,2.205593e-01,4.738272e-02,5.282960e-02,1.473088e-01,5.742600e-02,1.194775e-01,2.013586e-02,1.841885e-01,1.120073e-01,2.493118e-01,2.447296e-01
8680,0,2.285461e-01,3.563404e-01,2.285470e-01,3.031530e-02,9.003793e-02,2.078921e-01,5.400193e-02,9.591587e-02,1.638077e-01,2.189903e-01,1.564422e-01,3.190857e-01,8.334897e-01
8681,0,2.257234e-01,1.477589e-01,2.257229e-01,4.482165e-02,3.090470e-02,1.123167e-01,3.955756e-02,1.035705e-01,4.074218e-02,1.366794e-01,5.889675e-02,1.066221e-01,1.799560e-01
8682,0,6.634823e-01,1.932766e-01,6.634789e-01,8.876392e-03,6.991947e-02,2.077697e-01,2.635949e-02,8.936326e-02,9.108040e-02,2.339582e-01,1.972317e-01,2.703407e-01,9.748036e-02
8683,0,2.298794e-01,2.496312e-01,2.298796e-01,4.147513e-02,4.680699e-02,1.479381e-01,3.024933e-02,9.006434e-02,1.958115e-01,1.497853e-01,5.529241e-02,3.521390e-01,6.053941e-01
8684,0,5.985319e-01,4.885248e-01,5.985311e-01,6.948401e-02,1.218536e-01,3.066680e-01,2.158517e-01,1.218031e-01,7.005923e-02,2.875795e-01,2.332502e-01,6.189377e-02,9.909025e-01
8685,0,2.488723e-01,4.218440e-02,2.488709e-01,3.792541e-02,9.721257e-02,2.751444e-01,1.315801e-01,1.426135e-01,2.872458e-02,2.897573e-01,2.802382e-01,1.844077e-01,4.480629e-01
8686,0,5.268298e-01,4.000709e-01,5.268289e-01,4.633985e-02,5.486614e-02,1.732665e-01,6.701816e-02,8.580424e-02,1.368728e-01,1.707180e-01,8.161339e-02,4.500138e-01,8.518256e-02
8687,0,9.367589e-01,8.808652e-01,9.367585e-01,3.177123e-02,3.540942e-02,1.572883e-01,3.702725e-02,1.347488e-01,1.110916e-01,1.939371e-01,1.416591e-01,1.079868e-01,6.867166e-02
8688,0,9.823191e-01,9.815319e-01,9.823191e-01,1.114683e-02,5.949117e-02,1.681672e-01,3.086308e-02,5.579807e-02,1.096621e-01,1.832522e-01,1.109517e-01,6.861027e-03,2.617095e-01
8689,0,2.254113e-01,1.165674e-01,2.254106e-01,9.163464e-04,4.207069e-02,1.690627e-01,3.562587e-02,6.528004e-02,1.276988e-01,1.900896e-01,1.341844e-01,4.101337e-02,1.428706e-01
8690,0,4.302199e-01,2.345390e-01,4.302185e-01,3.754055e-02,3.471888e-02,7.279094e-02,1.425738e-02,1.022004e-01,6.294764e-02,1.094107e-01,3.067746e-02,3.236028e-01,2.702929e-01
8691,0,2.651844e-01,3.310213e-01,2.651849e-01,5.700003e-02,1.479303e-01,3.085357e-01,1.833038e-01,1.212764e-01,5.471118e-02,3.051245e-01,2.651492e-01,1.276518e-01,2.183829e-01
8692,0,7.827730e-01,2.904681e-01,7.827696e-01,4.567667e-02,5.181585e-02,1.325518e-01,3.742789e-02,1.161092e-01,7.965333e-02,1.602130e-01,8.575404e-02,1.293639e-01,1.428315e-01
8693,0,2.353121e-01,1.538865e-01,2.353115e-01,7.458551e-03,6.875950e-02,2.212157e-01,2.674056e-02,6.010452e-02,1.836041e-01,2.164105e-01,1.626861e-01,3.413473e-02,2.360467e-01
8694,0,3.126170e-01,1.238723e-01,3.126157e-01,4.723944e-02,5.739747e-02,1.809568e-01,1.014137e-01,1.427636e-01,6.397794e-02,2.057103e-01,1.680668e-01,1.902061e-01,6.128067e-01
8695,0,2.425745e-01,3.692908e-01,2.425754e-01,4.151904e-02,6.237572e-02,2.188583e-01,7.675503e-02,7.208791e-02,1.441974e-01,1.992483e-01,1.093508e-01,3.989708e-01,5.158623e-01
8696,0,4.035248e-01,2.566950e-01,4.035238e-01,5.233044e-02,6.943501e-02,1.246451e-01,5.793703e-02,1.523847e-01,6.409009e-02,1.756170e-01,1.208019e-01,3.210607e-01,3.892333e-02
8697,0,2.487305e-01,1.040142e-01,2.487295e-01,2.621527e-02,9.679118e-02,2.640944e-01,7.506777e-02,7.117696e-02,3.068733e-02,2.599311e-01,2.075377e-01,9.127179e-02,2.370352e-01
8698,0,7.604468e-01,8.493333e-01,7.604474e-01,4.762982e-02,7.523892e-02,2.243459e-01,1.064795e-01,1.251712e-01,9.154042e-02,2.334204e-01,1.806202e-01,7.352918e-02,5.363010e-01
8699,0,9.613688e-01,9.762837e-01,9.613689e-01,3.462743e-02,3.680029e-02,2.056353e-01,9.046779e-02,1.002980e-01,2.017240e-01,1.964014e-01,1.320474e-01,4.830923e-01,3.264304e-01
8700,0,9.808723e-01,9.834894e-01,9.808724e-01,3.486907e-02,1.267278e-01,2.630790e-01,1.244989e-01,8.250401e-02,9.504965e-02,2.783127e-01,2.038880e-01,3.767199e-01,2.894884e-01
8701,0,6.929787e-02,1.096454e-02,6.929746e-02,1.589658e-02,2.751067e-02,5.740877e-02,5.585547e-02,4.944647e-02,9.508419e-02,8.690250e-02,3.198102e-02,1.072523e-01,4.712557e-02
8702,0,3.545887e-01,3.188369e-01,3.545884e-01,5.083315e-02,8.315235e-02,1.366326e-01,4.464382e-02,1.061040e-01,7.268231e-02,1.645322e-01,8.025836e-02,5.189744e-02,3.487506e-01
8703,0,3.193121e-01,5.286099e-01,3.193135e-01,3.814362e-02,5.180554e-02,1.452258e-01,3.848624e-02,1.130962e-01,4.346207e-02,1.788036e-01,1.153364e-01,1.590496e-01,6.036628e-01
8704,0,4.330426e-01,4.024397e-01,4.330423e-01,3.522363e-02,1.289927e-01,2.656252e-01,8.875010e-02,1.030838e-01,5.246067e-02,2.813330e-01,2.355020e-01,1.532620e-01,8.050538e-01
8705,0,2.462908e-01,2.590213e-01,2.462909e-01,3.314089e-02,3.666402e-02,1.239256e-01,3.700010e-02,9.682777e-02,2.016935e-01,1.255764e-01,6.162401e-02,1.042360e-01,5.205619e-01
8706,0,3.005177e-01,8.289362e-02,3.005162e-01,3.064769e-02,7.362081e-02,2.802765e-01,1.055811e-01,9.167217e-02,8.941442e-02,2.753529e-01,2.227098e-01,1.813089e-01,1.314535e-01
8707,0,2.574539e-01,4.216312e-01,2.574551e-01,6.082185e-02,8.530848e-02,2.802352e-01,1.735472e-01,1.246642e-01,1.866948e-01,2.564647e-01,1.937112e-01,2.172765e-01,5.717945e-01
8708,0,6.104894e-01,8.997730e-01,6.104914e-01,3.952959e-02,7.094330e-02,1.770268e-01,6.621848e-02,1.389645e-01,1.789315e-02,2.173288e-01,1.794459e-01,2.681058e-01,1.301973e+00
8709,0,2.591844e-01,4.192057e-01,2.591855e-01,5.250368e-02,2.429854e-02,4.659417e-02,1.248428e-02,1.109559e-01,6.659116e-02,9.945609e-02,1.471591e-02,2.240396e-02,7.111916e-01
8710,0,2.693404e-01,1.314043e-01,2.693394e-01,2.675605e-02,1.115175e-01,2.788400e-01,9.422347e-02,8.903349e-02,1.115972e-01,2.710980e-01,2.349094e-01,3.461022e-01,1.314437e-01
8711,0,4.612979e-01,6.186809e-01,4.612990e-01,4.475490e-02,5.731618e-02,1.905255e-01,9.317977e-02,1.079463e-01,8.987572e-02,1.938261e-01,1.321611e-01,2.900512e-01,2.217910e-01
8712,0,3.430284e-01,5.625390e-01,3.430299e-01,2.578576e-02,3.759726e-02,1.640198e-01,3.555969e-02,1.133360e-01,1.665323e-01,1.844960e-01,1.313604e-01,3.732064e-01,6.300576e-01
8713,0,9.676525e-01,9.465532e-01,9.676523e-01,1.854615e-02,1.053745e-01,2.721328e-01,1.020667e-01,9.544780e-02,8.320413e-02,2.743654e-01,2.583557e-01,1.687269e-01,5.797084e-01
8714,0,9.870851e-01,9.895319e-01,9.870851e-01,4.256120e-02,3.685996e-02,1.191241e-01,6.130888e-02,8.059033e-02,9.686922e-02,1.369938e-01,3.048472e-02,2.915028e-01,4.205018e-02
8715,0,5.639362e-01,3.887376e-01,5.639349e-01,2.220654e-02,8.376193e-02,1.914391e-01,1.002824e-01,7.116966e-02,4.492264e-02,2.050404e-01,1.475351e-01,1.028774e-01,5.298201e-01
8716,0,2.512837e-01,1.226241e-01,2.512828e-01,3.956200e-02,3.919596e-02,1.162481e-01,1.173149e-02,9.888791e-02,1.182299e-01,1.440727e-01,5.271884e-02,1.752276e-01,6.315109e-01
8717,0,3.980780e-01,3.214468e-01,3.980775e-01,1.666845e-02,7.808564e-02,2.469962e-01,7.970472e-02,1.083407e-01,7.837622e-02,2.575669e-01,2.447735e-01,6.426667e-03,7.389982e-01
8718,0,2.555957e-01,3.341986e-01,2.555963e-01,4.469643e-02,5.231657e-02,1.844548e-01,6.009108e-02,7.522896e-02,1.758689e-01,1.746996e-01,7.131734e-02,1.017618e-02,9.673820e-01
8719,0,2.526028e-01,2.430213e-01,2.526028e-01,3.394399e-02,6.408792e-02,1.992407e-01,8.959504e-02,1.296521e-01,1.255600e-01,2.089780e-01,1.818489e-01,8.689146e-02,5.440534e-01
8720,0,7.245603e-01,4.660567e-01,7.245585e-01,5.167160e-02,1.001283e-01,2.360812e-01,1.072454e-01,9.726201e-02,5.393875e-02,2.439797e-01,1.678474e-01,1.929631e-03,4.440530e-02
8721,0,2.600213e-01,2.041844e-01,2.600209e-01,4.542091e-02,6.964316e-02,2.318603e-01,1.096576e-01,1.313419e-01,2.606247e-02,2.455432e-01,2.042345e-01,3.579874e-01,3.319497e-01
8722,0,2.685461e-01,2.267092e-01,2.685458e-01,5.072398e-02,9.843637e-02,2.488349e-01,1.286105e-01,1.278137e-01,1.421749e-01,2.627981e-01,2.031279e-01,2.671834e-01,3.570322e-01
8723,0,8.302624e-01,5.700567e-01,8.302606e-01,2.703635e-02,6.270148e-02,1.394656e-01,1.208723e-02,7.954288e-02,7.684413e-02,1.536716e-01,8.912252e-02,1.263522e-01,4.793220e-01
8724,0,9.866454e-01,9.886809e-01,9.866454e-01,1.668243e-02,3.563710e-02,1.749540e-01,2.136796e-03,8.865830e-02,1.714668e-01,1.849637e-01,1.248098e-01,1.329784e-01,2.496181e-01
8725,0,9.566312e-01,8.592199e-01,9.566305e-01,1.445225e-02,2.106282e-02,1.421137e-01,8.390396e-02,6.576689e-02,1.341070e-01,1.526044e-01,7.751157e-02,7.752527e-02,2.455688e-01
8726,0,3.418652e-01,7.953191e-02,3.418634e-01,4.688991e-02,8.958594e-02,1.711897e-01,7.129421e-02,1.069737e-01,3.342776e-02,1.993790e-01,1.288608e-01,2.728587e-01,2.166111e-01
8727,0,2.673262e-01,5.550355e-02,2.673247e-01,4.199554e-02,8.372573e-02,2.010665e-01,8.637277e-02,1.057575e-01,6.531557e-02,2.138929e-01,1.573446e-01,4.529921e-02,2.346592e-01
8728,0,2.569291e-01,2.587092e-01,2.569291e-01,2.371418e-02,4.962104e-02,1.690011e-01,2.266823e-02,9.815668e-02,1.057648e-01,1.896466e-01,1.338168e-01,2.750239e-02,6.020248e-01
8729,0,2.669716e-01,1.205248e-01,2.669706e-01,6.290802e-02,9.316557e-02,2.132744e-01,1.318083e-01,1.227336e-01,9.096216e-02,2.230284e-01,1.471879e-01,1.430573e-01,1.928090e-01
8730,0,5.757234e-01,2.765816e-01,5.757213e-01,2.194284e-02,4.948412e-02,2.365696e-01,6.037762e-02,9.103477e-02,1.478794e-01,2.299323e-01,1.822904e-01,1.777602e-01,5.428910e-01
8731,0,2.675532e-01,2.065816e-01,2.675528e-01,2.287114e-02,8.570225e-02,2.301858e-01,8.073072e-02,1.013918e-01,1.199108e-01,2.380885e-01,2.060901e-01,1.215956e-01,2.526323e-01
8732,0,9.622057e-01,8.889362e-01,9.622052e-01,4.893127e-02,4.810459e-02,1.041526e-01,2.028770e-02,1.083811e-01,6.777007e-02,1.378330e-01,4.666143e-02,2.484533e-01,2.460980e-01
8733,0,1.612057e-02,1.272340e-02,1.612054e-02,4.602370e-02,1.178727e-01,2.449167e-01,9.792195e-02,1.307035e-01,2.380127e-02,2.667527e-01,2.366289e-01,2.752976e-03,4.978980e-01
8734,0,9.878369e-01,9.873333e-01,9.878369e-01,3.070432e-02,2.821730e-02,1.247011e-01,4.568490e-02,7.837217e-02,1.577796e-01,1.329739e-01,4.216051e-02,1.779180e-01,2.811910e-01
8735,0,8.260213e-01,8.408652e-01,8.260214e-01,4.231947e-02,8.215912e-02,2.764890e-01,1.967188e-01,8.091104e-02,9.957299e-02,2.546959e-01,1.920126e-01,6.551763e-01,1.462486e+00
8736,0,7.957376e-01,2.018440e-01,7.957334e-01,2.205214e-02,6.545723e-02,1.630441e-01,8.808241e-03,1.271239e-01,1.150333e-01,2.055519e-01,1.636239e-01,3.149161e-01,1.693439e-01
8737,0,2.558511e-01,1.065957e-01,2.558500e-01,1.894689e-02,2.248230e-02,1.144217e-01,2.033260e-03,6.498874e-02,1.730524e-01,1.190376e-01,4.125019e-02,2.130721e-01,4.815858e-01
8738,0,2.614823e-01,7.564539e-02,2.614810e-01,5.722466e-02,1.063076e-01,2.325883e-01,1.124787e-01,1.258710e-01,5.133582e-02,2.554834e-01,1.864290e-01,3.328862e-01,1.581133e-01
8739,0,2.583050e-01,3.013617e-01,2.583053e-01,1.276796e-02,4.983527e-02,1.483569e-01,5.993453e-04,7.574978e-02,7.420597e-02,1.693772e-01,1.181781e-01,1.417155e-01,7.960249e-01
8740,0,9.525887e-01,9.078014e-01,9.525883e-01,3.673478e-02,6.723535e-02,2.388584e-01,1.013633e-01,1.133694e-01,6.916865e-02,2.530150e-01,2.053919e-01,2.338903e-03,1.321882e+00
8741,0,9.499645e-01,5.674894e-01,9.499618e-01,7.433440e-02,1.236861e-01,2.303207e-01,1.342598e-01,1.445059e-01,7.702298e-02,2.281017e-01,1.747766e-01,3.997415e-02,4.043754e-01
8742,0,8.227730e-01,9.484397e-01,8.227739e-01,4.086182e-02,3.228886e-02,1.553480e-01,4.064303e-02,1.025165e-01,1.140689e-01,1.683735e-01,9.042906e-02,2.659313e-02,2.988979e-01
8743,0,9.876667e-01,9.877305e-01,9.876667e-01,1.777192e-02,9.517487e-02,3.399025e-01,1.651635e-01,8.114797e-02,1.934147e-01,3.093755e-01,2.781989e-01,6.140321e-01,6.366997e-01
8744,0,7.942057e-01,7.699007e-01,7.942055e-01,1.715118e-02,7.716444e-04,4.026641e-02,1.557422e-02,7.852990e-02,8.338763e-02,9.677677e-02,7.621716e-03,1.896808e-01,5.655926e-02
8745,0,3.604043e-01,2.449929e-01,3.604034e-01,1.055687e-02,9.607825e-02,2.276589e-01,3.450323e-02,6.871181e-02,1.030209e-01,2.402308e-01,1.967754e-01,3.026487e-01,7.869820e-02
8746,0,6.710851e-01,5.625532e-01,6.710843e-01,5.490943e-02,3.881392e-02,1.534151e-01,9.339973e-02,1.296109e-01,5.139333e-02,1.655798e-01,1.057403e-01,1.942352e-01,2.028119e-01
8747,0,2.735816e-01,4.774326e-01,2.735830e-01,4.814808e-02,1.176605e-01,2.776758e-01,1.352109e-01,1.371763e-01,3.448208e-02,2.994472e-01,2.620964e-01,9.861113e-02,1.033050e+00
8748,0,5.946170e-01,5.555745e-01,5.946167e-01,3.896794e-02,4.915354e-02,5.984373e-02,1.148431e-02,1.007602e-01,1.433415e-01,8.838023e-02,7.868819e-03,5.696804e-01,8.136261e-01
8749,0,9.737801e-01,9.527801e-01,9.737800e-01,2.660887e-02,6.224763e-02,2.855377e-01,9.654554e-02,5.580435e-02,1.419626e-01,2.505161e-01,1.854658e-01,1.322021e-01,4.811490e-01
8750,0,3.023475e-01,2.752057e-01,3.023473e-01,6.228658e-02,7.942198e-02,2.404209e-01,1.388256e-01,1.743926e-01,6.912607e-02,2.655654e-01,2.325886e-01,2.392145e-01,7.990844e-01
8751,0,9.899078e-01,9.895177e-01,9.899078e-01,2.464927e-02,6.677950e-02,2.390664e-01,1.111701e-01,7.881252e-02,1.768733e-01,2.130523e-01,1.486781e-01,1.156130e-01,7.362240e-01
8752,0,9.200071e-01,7.397872e-01,9.200058e-01,5.004974e-02,9.501710e-02,3.078041e-01,2.237276e-01,1.036018e-01,7.315598e-02,3.057154e-01,2.514891e-01,9.305233e-02,1.597284e-01
8753,0,2.674397e-01,1.260000e-01,2.674387e-01,2.247813e-02,7.155743e-02,2.131430e-01,4.864339e-02,1.009018e-01,1.041617e-02,2.377572e-01,1.996563e-01,1.255881e-01,2.442972e-02
8754,0,2.638227e-01,1.069787e-01,2.638216e-01,5.733238e-02,6.265444e-02,1.677279e-01,9.281836e-02,9.913660e-02,1.980860e-01,1.542990e-01,6.450682e-02,6.159817e-02,1.524905e-02
8755,0,2.601915e-01,3.631773e-01,2.601922e-01,3.586964e-02,7.527128e-02,2.241960e-01,8.395298e-02,9.802020e-02,1.087474e-01,2.260929e-01,1.677569e-01,2.084644e-01,7.879462e-01
8756,0,2.714255e-01,4.130922e-01,2.714265e-01,4.525568e-02,8.685778e-02,2.505238e-01,1.321536e-01,1.426965e-01,9.648929e-02,2.623582e-01,2.329147e-01,1.004565e-01,2.766339e-01
8757,0,9.775674e-01,9.663688e-01,9.775673e-01,4.322131e-02,7.279258e-02,2.026678e-01,6.679571e-02,8.647896e-02,1.293947e-01,2.029231e-01,1.156990e-01,3.602960e-02,7.311172e-01
8758,0,6.464610e-01,6.275603e-01,6.464609e-01,5.427220e-02,6.841887e-02,2.342946e-01,1.015629e-01,1.502837e-01,8.396701e-02,2.378952e-01,2.076403e-01,2.485945e-01,2.999630e-01
8759,0,9.844610e-01,9.797872e-01,9.844610e-01,2.961685e-02,7.396363e-02,2.039880e-01,1.044732e-01,6.879254e-02,7.126294e-02,2.049861e-01,1.346186e-01,1.674274e-01,1.005369e+00
8760,0,6.960922e-01,6.601844e-01,6.960919e-01,1.869646e-02,6.758954e-02,2.871924e-01,1.522570e-01,7.471822e-02,1.258163e-01,2.763338e-01,2.275321e-01,1.165569e-01,1.026847e+00
8761,0,3.305319e-01,1.940993e-01,3.305309e-01,4.260623e-02,7.391381e-02,2.109271e-01,1.037966e-01,1.299893e-01,9.275895e-02,2.195113e-01,1.811479e-01,3.428583e-01,8.440191e-01
8762,0,1.612057e-02,2.617021e-02,1.612064e-02,4.699815e-02,8.640032e-02,2.035185e-01,8.272725e-02,9.018624e-02,1.446096e-01,2.177046e-01,1.184656e-01,2.927702e-01,1.770329e-01
8763,0,3.061064e-01,5.599574e-01,3.061082e-01,3.297996e-02,5.642643e-02,2.345208e-01,1.069301e-01,1.069669e-01,9.961542e-02,2.264514e-01,1.901674e-01,2.156429e-01,1.354848e+00
8764,0,2.650000e-01,5.641135e-02,2.649985e-01,4.005533e-02,5.107136e-02,8.889814e-02,5.947204e-03,1.102593e-01,1.033289e-01,1.192379e-01,4.538723e-02,1.544657e-01,7.247228e-01
8765,0,9.380355e-01,8.503262e-01,9.380348e-01,4.183078e-02,8.881389e-02,2.766590e-01,1.332901e-01,1.070695e-01,7.845436e-02,2.798289e-01,2.256478e-01,3.819563e-01,3.500840e-01
8766,0,8.746170e-01,8.078865e-01,8.746165e-01,4.677155e-02,9.495896e-02,2.178454e-01,6.378058e-02,1.222620e-01,9.055473e-02,2.424341e-01,1.783989e-01,3.390088e-01,2.850529e-01
8767,0,9.835106e-01,9.788936e-01,9.835106e-01,3.899846e-02,5.065367e-02,1.772515e-01,7.117152e-02,1.029683e-01,6.585072e-02,1.832456e-01,1.296269e-01,1.644737e-01,1.068257e-01
8768,0,8.167730e-01,4.431206e-01,8.167704e-01,1.761394e-02,7.213515e-02,2.640581e-01,1.367810e-01,6.250314e-02,1.489082e-01,2.501989e-01,1.875310e-01,1.062700e-01,2.483107e-02
8769,0,2.571560e-01,1.030922e-01,2.571549e-01,4.405273e-02,4.651060e-02,1.825680e-01,9.136870e-02,1.322956e-01,1.108560e-01,1.994416e-01,1.473504e-01,1.059805e-01,2.693838e-01
8770,0,2.684610e-01,7.892199e-02,2.684596e-01,3.332602e-02,1.060924e-01,2.398363e-01,8.341582e-02,8.717254e-02,8.836647e-02,2.486204e-01,1.885875e-01,1.634465e-03,7.370955e-01
8771,0,2.639078e-01,5.577305e-02,2.639063e-01,4.268181e-02,4.202710e-02,1.338554e-01,4.417618e-02,1.159522e-01,1.216043e-01,1.460739e-01,8.384943e-02,2.842615e-01,5.328369e-01
8772,0,3.570284e-01,5.694752e-01,3.570299e-01,3.272428e-02,5.771821e-02,1.965681e-01,6.788459e-02,9.599056e-02,5.896793e-02,2.099009e-01,1.523311e-01,2.077636e-03,3.043295e-01
8773,0,9.219149e-02,9.191489e-02,9.219149e-02,4.533129e-02,1.059322e-01,2.259119e-01,9.214348e-02,9.879916e-02,1.199789e-01,2.272626e-01,1.591701e-01,2.467325e-01,7.217866e-01
8774,0,8.668582e-01,7.075461e-01,8.668570e-01,2.796294e-02,6.310412e-02,1.948811e-01,6.347563e-02,1.061093e-01,8.525728e-02,2.286089e-01,1.689405e-01,2.897630e-01,3.766093e-01
8775,0,1.091844e-01,9.560284e-03,1.091837e-01,3.129529e-02,6.490397e-02,1.630939e-01,7.128673e-02,7.479055e-02,1.174177e-01,1.585959e-01,9.171175e-02,4.601053e-02,3.432359e-01
8776,0,2.600638e-01,9.903546e-02,2.600627e-01,3.312472e-02,6.137238e-02,2.302129e-01,8.327334e-02,1.145339e-01,6.600983e-02,2.419522e-01,2.009088e-01,1.186269e-01,1.809832e-01
8777,0,2.619220e-01,2.388511e-01,2.619218e-01,5.050633e-02,6.660888e-02,1.814222e-01,9.141297e-02,1.180280e-01,1.321886e-01,1.920718e-01,1.200905e-01,8.357223e-02,1.854570e-01
8778,0,2.672979e-01,5.053475e-01,2.672996e-01,3.332444e-02,6.686795e-02,2.181098e-01,8.244873e-02,1.092351e-01,8.224359e-02,2.267019e-01,1.848639e-01,6.923468e-03,5.717666e-01
8779,0,2.717943e-01,1.842695e-01,2.717937e-01,3.381299e-02,9.558081e-02,2.661859e-01,9.487291e-02,8.680030e-02,1.127969e-01,2.658021e-01,2.019445e-01,5.971710e-03,3.419659e-01
8780,0,2.729716e-01,2.902837e-01,2.729718e-01,6.524958e-02,7.314805e-02,1.430199e-01,9.466991e-02,1.263715e-01,1.192489e-01,1.517919e-01,7.291418e-02,3.861444e-02,4.310548e-01
8781,0,5.037092e-01,1.430071e-01,5.037067e-01,2.422087e-02,7.182643e-02,2.347765e-01,7.878836e-02,1.120980e-01,7.569272e-02,2.512985e-01,2.216087e-01,4.234305e-03,1.336124e-01
8782,0,7.634255e-01,5.577163e-01,7.634241e-01,2.408966e-02,5.946197e-02,1.839228e-01,2.413946e-02,8.775048e-02,6.538955e-02,2.017863e-01,1.428851e-01,4.709031e-02,6.570063e-01
8783,0,2.289716e-01,6.588936e-01,2.289747e-01,5.183297e-02,4.471331e-02,1.609912e-01,1.095693e-01,9.532080e-02,1.708075e-01,1.571576e-01,6.088118e-02,1.926245e-03,9.024941e-01
8784,0,5.928369e-02,1.432199e-01,5.928428e-02,3.488994e-02,1.335958e-01,3.730774e-01,1.857394e-01,1.102866e-01,8.673898e-02,3.529925e-01,3.391648e-01,3.947511e-02,5.858469e-01
8785,0,2.692411e-01,2.971631e-01,2.692413e-01,6.283629e-02,3.809775e-02,2.173393e-01,1.408244e-01,1.200571e-01,1.464923e-01,1.989578e-01,1.208986e-01,7.371668e-02,6.108130e-01
8786,0,2.741773e-01,4.678440e-01,2.741787e-01,4.204264e-02,9.338175e-02,2.468972e-01,1.216335e-01,1.269224e-01,6.189307e-02,2.682867e-01,2.269897e-01,3.707312e-02,1.065406e+00
8787,0,8.957518e-01,6.978723e-01,8.957504e-01,5.494980e-02,1.119142e-01,3.056755e-01,1.725527e-01,1.231386e-01,1.271567e-01,2.809020e-01,2.404340e-01,2.043842e-01,7.835057e-01
8788,0,9.779220e-01,9.681277e-01,9.779219e-01,2.382836e-02,1.951373e-02,1.375603e-01,3.677714e-02,7.621136e-02,9.827220e-02,1.597580e-01,7.297861e-02,5.058119e-01,1.955012e-01
8789,0,6.587943e-02,5.124823e-02,6.587933e-02,1.708951e-02,1.043942e-01,3.381679e-01,1.814458e-01,8.059573e-02,5.508477e-02,3.159573e-01,3.050337e-01,3.779201e-01,3.231053e-01
8790,0,9.687163e-01,5.409645e-01,9.687133e-01,5.581514e-02,4.217817e-02,1.793643e-01,8.229499e-02,1.149016e-01,1.852812e-01,1.801739e-01,8.559020e-02,1.739619e-01,3.977060e-01
8791,0,8.663050e-01,6.227518e-01,8.663032e-01,5.492654e-02,1.149917e-01,2.438632e-01,1.214923e-01,1.268074e-01,1.249608e-01,2.424741e-01,1.988810e-01,2.360887e-03,7.330901e-02
8792,0,9.797518e-01,9.612482e-01,9.797516e-01,3.950202e-02,5.714722e-02,2.396979e-01,1.062065e-01,1.241405e-01,3.232240e-02,2.521298e-01,2.125810e-01,1.302131e-01,9.132268e-02
8793,0,6.503617e-01,3.690780e-01,6.503597e-01,3.456339e-02,8.396042e-02,2.206272e-01,1.365389e-01,7.995362e-02,1.264550e-01,2.173950e-01,1.445740e-01,2.279941e-01,3.426179e-01
8794,0,2.694539e-01,1.223262e-01,2.694529e-01,4.341320e-02,8.378377e-02,2.697975e-01,1.167693e-01,1.079866e-01,1.091406e-01,2.705109e-01,2.090603e-01,2.074053e-01,2.617987e-01
8795,0,4.214255e-01,6.115461e-01,4.214269e-01,3.974500e-02,7.151115e-02,2.467604e-01,1.294465e-01,1.224105e-01,7.364435e-02,2.436428e-01,2.149501e-01,4.206093e-02,1.083012e-01
8796,0,2.981773e-01,2.639433e-01,2.981771e-01,3.222548e-02,1.022818e-01,2.949810e-01,1.064697e-01,7.595735e-02,1.413436e-01,2.781957e-01,2.169153e-01,5.300457e-02,3.471179e-01
8797,0,2.713262e-01,2.512624e-01,2.713261e-01,4.474865e-02,2.653167e-02,1.339123e-01,7.000862e-02,1.344793e-01,1.380608e-01,1.499503e-01,9.629556e-02,5.068012e-02,3.084946e-01
8798,0,3.059645e-01,2.376738e-01,3.059641e-01,4.431877e-02,7.338073e-02,1.879876e-01,6.916364e-02,1.012980e-01,5.297491e-02,2.041107e-01,1.317977e-01,5.597279e-02,1.101995e-01
8799,0,6.913121e-01,2.475461e-01,6.913089e-01,6.623199e-02,1.343883e-01,3.260333e-01,2.188160e-01,1.399077e-01,7.927168e-02,3.180564e-01,2.768214e-01,3.083048e-01,2.157113e-01
8800,0,8.730496e-03,1.602837e-03,8.730446e-03,2.569356e-02,3.034960e-02,1.464420e-01,3.794205e-02,8.852390e-02,1.454774e-01,1.589090e-01,8.470375e-02,1.809501e-01,2.249019e-01
8801,0,2.702057e-01,1.711915e-01,2.702050e-01,2.886368e-02,7.310032e-02,2.041546e-01,5.565320e-02,8.804599e-02,8.722366e-02,2.104008e-01,1.547517e-01,1.728337e-01,1.649794e-01
8802,0,2.733121e-01,1.673333e-01,2.733113e-01,2.057960e-02,4.435789e-02,1.767098e-01,2.144836e-02,9.847732e-02,1.281247e-01,1.968430e-01,1.410448e-01,3.432504e-02,3.067529e-01
8803,0,2.674681e-01,4.668652e-01,2.674695e-01,2.466154e-02,4.552131e-02,1.074057e-01,1.622012e-02,8.835338e-02,7.225233e-02,1.450925e-01,7.056037e-02,6.143287e-02,4.530753e-01
8804,0,9.646099e-02,1.145816e-01,9.646112e-02,5.716171e-02,1.023644e-01,1.742126e-01,8.717295e-02,1.121606e-01,1.024226e-01,1.858495e-01,1.118204e-01,2.130514e-01,6.102337e-01
8805,0,9.809291e-01,9.673901e-01,9.809290e-01,3.618189e-02,5.751998e-02,2.144389e-01,1.054247e-01,1.076448e-01,5.298904e-02,2.277602e-01,1.763715e-01,3.447803e-01,2.905088e-01
8806,0,5.237518e-01,1.963830e-01,5.237495e-01,7.289782e-03,4.567967e-02,1.435790e-01,2.594581e-02,7.043335e-02,1.259491e-01,1.701659e-01,1.022424e-01,2.735073e-01,1.092226e-01
8807,0,9.821206e-01,9.770780e-01,9.821205e-01,4.175301e-02,6.196852e-02,2.148840e-01,8.649047e-02,1.222041e-01,1.095725e-01,2.290896e-01,1.724628e-01,6.002764e-02,1.065187e-01
8808,0,8.732553e-01,8.792766e-01,8.732554e-01,4.256813e-02,8.296381e-02,1.388418e-01,7.599673e-03,1.069715e-01,9.373502e-02,1.697871e-01,9.753949e-02,2.469726e-01,3.756604e-01
8809,0,9.180638e-01,7.010496e-01,9.180623e-01,1.400905e-03,4.969221e-02,1.553306e-01,3.787876e-02,5.000367e-02,1.138260e-01,1.718520e-01,1.081140e-01,2.389942e-01,1.778315e-01
8810,0,1.918511e-01,8.256738e-02,1.918503e-01,3.170566e-02,2.006734e-02,8.460907e-02,3.137933e-03,9.347467e-02,5.991643e-02,1.139068e-01,3.951349e-02,2.615119e-01,3.420671e-02
8811,0,2.796950e-01,6.080851e-02,2.796935e-01,5.614337e-02,1.314704e-01,3.095978e-01,1.935955e-01,1.302067e-01,7.166689e-02,3.055773e-01,2.709860e-01,1.008965e-01,6.940908e-02
8812,0,2.712695e-01,1.205816e-01,2.712684e-01,4.572163e-02,4.341048e-02,1.876481e-01,7.393639e-02,1.010287e-01,1.504352e-01,1.804654e-01,1.034436e-01,2.093987e-02,3.346616e-01
8813,0,2.907730e-01,1.062270e-01,2.907717e-01,3.005735e-02,1.125034e-01,3.372206e-01,1.444173e-01,1.104072e-01,6.756478e-02,3.324323e-01,3.119426e-01,2.996454e-02,1.344335e-01
8814,0,2.764184e-01,4.472766e-01,2.764197e-01,5.003520e-02,3.365653e-02,1.311088e-01,6.882796e-02,1.171029e-01,1.543696e-01,1.370359e-01,6.334715e-02,2.061188e-02,6.843126e-01
8815,0,2.015816e-01,1.538014e-01,2.015812e-01,3.059344e-02,1.036561e-01,2.598848e-01,8.935459e-02,8.899199e-02,9.780169e-02,2.714066e-01,2.113544e-01,2.632010e-01,2.662768e-01
8816,0,1.489007e-01,2.362553e-01,1.489013e-01,3.194304e-02,8.890629e-02,1.815654e-01,3.695407e-02,9.962831e-02,3.539591e-02,2.144724e-01,1.508836e-01,3.345436e-02,1.044908e-01
8817,0,2.853191e-02,4.839716e-02,2.853206e-02,3.101614e-02,2.485130e-02,6.089515e-02,6.521405e-03,1.050380e-01,8.273266e-02,1.057210e-01,3.082165e-02,4.652465e-02,1.311088e-01
8818,0,2.693688e-01,3.116312e-01,2.693691e-01,3.019516e-02,4.211785e-02,9.790231e-02,3.489603e-03,9.641627e-02,1.221373e-01,1.275206e-01,5.315304e-02,1.542705e-01,9.586557e-02
8819,0,8.606028e-01,7.964397e-01,8.606024e-01,4.314997e-02,4.469742e-02,1.311573e-01,4.358115e-02,1.031524e-01,1.046112e-01,1.466331e-01,7.053446e-02,1.028068e-01,1.088923e+00
8820,0,9.564184e-01,8.553617e-01,9.564177e-01,1.372392e-02,8.202658e-02,2.854435e-01,1.141988e-01,7.171194e-02,1.407387e-01,2.875124e-01,2.340578e-01,1.699190e-01,1.523420e+00
8821,0,3.049433e-01,1.852482e-02,3.049412e-01,1.196743e-02,3.401003e-02,1.220048e-01,1.871435e-02,8.683855e-02,9.795024e-02,1.340193e-01,9.681696e-02,8.077608e-02,6.014807e-02
8822,0,7.468865e-01,5.381135e-01,7.468850e-01,6.140970e-02,9.712089e-02,2.640062e-01,1.597294e-01,1.310266e-01,5.378062e-02,2.699536e-01,2.121400e-01,6.871992e-02,3.891902e-01
8823,0,1.729291e-01,1.058440e-01,1.729286e-01,7.267257e-02,1.256430e-01,2.805676e-01,1.747783e-01,1.144922e-01,6.865864e-02,2.662591e-01,1.891011e-01,1.148386e-02,6.442435e-02
8824,0,5.824184e-01,5.651773e-01,5.824183e-01,4.245972e-03,4.329972e-02,2.030424e-01,1.761299e-02,7.468283e-02,1.252055e-01,2.143159e-01,1.696523e-01,1.881552e-01,1.240757e+00
8825,0,3.762199e-01,1.470213e-01,3.762182e-01,3.487382e-02,7.160400e-02,1.951690e-01,8.237585e-02,1.079496e-01,1.701750e-01,1.963531e-01,1.446476e-01,9.818957e-02,4.204779e-03
8826,0,2.662766e-01,5.049504e-01,2.662783e-01,3.332784e-02,1.984289e-02,9.489062e-02,6.993579e-03,1.046855e-01,1.411566e-01,1.234504e-01,4.538272e-02,1.210492e-01,1.074358e+00
8827,0,4.175816e-01,4.601844e-01,4.175819e-01,3.405716e-02,8.770224e-02,2.602427e-01,1.058312e-01,1.097099e-01,2.512501e-02,2.804641e-01,2.362419e-01,2.002017e-01,8.560975e-01
8828,0,5.450567e-01,6.778723e-01,5.450577e-01,5.180139e-02,8.813048e-02,1.322298e-01,3.546284e-02,1.083027e-01,8.844848e-02,1.541743e-01,7.341582e-02,2.884966e-01,1.171721e+00
8829,0,6.422482e-01,8.975035e-01,6.422500e-01,5.836745e-02,4.693012e-02,1.808585e-01,1.169140e-01,1.274682e-01,4.273494e-02,1.978230e-01,1.279112e-01,1.809279e-01,4.434799e-01
8830,0,9.520355e-01,9.276738e-01,9.520353e-01,1.929947e-02,1.264500e-01,3.165080e-01,1.327537e-01,8.094196e-02,1.580801e-01,3.071172e-01,2.705013e-01,2.170677e-01,3.694637e-01
8831,0,1.951844e-01,4.421277e-02,1.951833e-01,7.335217e-03,1.452301e-03,1.726006e-01,4.329165e-02,6.713401e-02,1.287269e-01,1.699590e-01,1.130800e-01,4.828017e-03,1.359472e-01
8832,0,9.217730e-02,8.736170e-02,9.217727e-02,3.184103e-02,9.484340e-02,2.379977e-01,8.622106e-02,1.024847e-01,1.170324e-01,2.476044e-01,2.002721e-01,1.815506e-01,9.674100e-01
8833,0,4.950426e-01,4.300851e-01,4.950421e-01,4.869007e-02,4.137755e-02,1.209672e-01,6.272080e-02,1.271660e-01,1.062729e-01,1.410527e-01,7.402619e-02,3.232040e-01,8.612442e-01
8834,0,5.438936e-01,3.985106e-01,5.438926e-01,6.708403e-02,8.582865e-02,1.707481e-01,8.500577e-02,1.092048e-01,7.818777e-02,1.933520e-01,8.339766e-02,3.785958e-01,4.233076e-01
8835,0,2.834255e-01,4.756738e-01,2.834269e-01,6.385918e-02,1.156189e-01,3.250136e-01,2.232502e-01,1.291316e-01,6.280619e-02,3.016240e-01,2.664132e-01,1.371773e-01,1.112815e+00
8836,0,3.309858e-01,1.731206e-01,3.309847e-01,1.619274e-02,6.565688e-02,2.322721e-01,5.878810e-02,8.832592e-02,1.578495e-01,2.241162e-01,1.905989e-01,1.815190e-01,5.056529e-01
8837,0,2.799362e-01,1.529078e-01,2.799353e-01,2.182849e-02,4.643849e-02,1.456606e-01,1.218390e-02,8.122284e-02,9.990793e-02,1.777195e-01,9.488448e-02,8.445354e-02,1.666187e-01
8838,0,2.552482e-02,2.171631e-02,2.552480e-02,2.559876e-02,8.341164e-02,2.614548e-01,9.957603e-02,1.172225e-01,8.004509e-02,2.745218e-01,2.519625e-01,2.601191e-01,7.555301e-01
8839,0,9.661348e-01,9.714043e-01,9.661348e-01,4.551934e-02,4.158710e-02,1.993087e-01,1.056023e-01,9.337929e-02,1.238095e-01,1.875510e-01,1.118318e-01,2.542863e-02,3.264116e-02
8840,0,6.959362e-01,8.187660e-01,6.959370e-01,4.551605e-02,1.132620e-01,2.473098e-01,1.617077e-01,1.038302e-01,5.850728e-02,2.549944e-01,1.997313e-01,3.092854e-01,1.031844e-01
8841,0,2.100922e-01,2.695745e-01,2.100926e-01,4.509643e-02,5.835781e-02,1.815412e-01,1.007815e-01,1.189754e-01,5.083393e-02,1.958932e-01,1.440671e-01,3.357000e-01,1.153111e+00
8842,0,5.619078e-01,5.147801e-01,5.619075e-01,3.460799e-02,1.097972e-01,3.902719e-01,1.742672e-01,9.936183e-02,1.871612e-01,3.470233e-01,3.129758e-01,3.773670e-01,8.115572e-01
8843,0,3.279504e-01,7.624539e-01,3.279534e-01,3.335208e-02,8.210265e-03,5.936911e-02,1.925003e-02,1.100830e-01,1.331535e-01,1.021529e-01,1.086161e-02,6.064787e-02,6.149679e-02
8844,0,3.313972e-01,1.543830e-01,3.313959e-01,3.083876e-02,1.107680e-01,2.063326e-01,4.641561e-02,7.637676e-02,9.109090e-02,2.179958e-01,1.519912e-01,2.355727e-01,2.164318e-01
