time_idx,label,q,g,s,evidence_var_9,evidence_var_4,evidence_var_12,evidence_var_17,evidence_var_2,evidence_var_29,evidence_var_3,evidence_var_1,evidence_var_11,evidence_var_31
392721,0,4.547458e-01,8.557472e-01,4.547462e-01,1.165198e+00,3.043132e-02,5.351393e-01,1.144346e-01,9.114056e-01,1.634181e+00,1.221889e+00,2.260350e-02,1.393227e+00,4.453802e-01
392722,0,7.039710e-01,7.337916e-01,7.039710e-01,8.258929e-01,2.237555e-02,2.827523e+00,9.605542e-02,1.514251e+00,3.796219e-01,1.599787e+00,6.966712e-01,5.031140e-02,4.357408e-01
392723,0,4.645530e-01,7.611557e-01,4.645533e-01,8.256211e-01,2.655984e-02,1.584738e+00,8.367994e-02,1.454554e+00,5.906242e-01,1.672166e+00,7.247699e-01,4.041185e-01,2.830706e-01
392724,0,9.000053e-01,9.494972e-01,9.000053e-01,8.247962e-01,2.566022e-02,4.297803e+00,1.064997e-01,7.748661e-01,5.273481e+00,9.934684e-01,6.441278e-02,7.402919e-01,1.214555e+00
392725,0,9.286932e-01,8.181768e-01,9.286931e-01,1.194738e+00,2.915611e-02,6.235125e+00,1.090904e-01,5.072251e-02,8.907659e-02,5.830877e-01,8.200729e-01,7.547413e-02,4.917517e-01
392726,0,5.740888e-01,8.284114e-01,5.740890e-01,1.740795e+00,3.473691e-02,2.078830e+00,1.377364e-01,1.311737e+00,1.564259e+00,1.793191e+00,4.431849e-01,7.038762e-01,1.548835e-01
392727,0,6.656810e-01,8.798671e-01,6.656812e-01,1.415467e+00,2.943104e-02,7.408284e-01,1.541799e-01,4.897210e-01,2.588888e+00,9.424537e-01,3.494763e-01,4.925447e-01,2.966090e-01
392728,0,9.647095e-01,9.447008e-01,9.647095e-01,1.017964e+00,2.449431e-02,3.211901e+00,1.535060e-01,2.304933e-01,1.901260e+00,4.940033e-01,6.279858e-01,8.676042e-02,1.503351e-01
392729,0,9.775824e-01,9.616323e-01,9.775824e-01,1.187702e+00,3.439065e-02,4.154984e+00,1.313426e-01,1.241176e+00,1.309396e+00,4.723873e-01,1.651592e+00,6.237538e-01,1.342844e+00
392730,0,8.493834e-01,9.095242e-01,8.493835e-01,1.388454e+00,2.844551e-02,4.367625e+00,1.409595e-01,8.121758e-01,2.653247e+00,1.526159e+00,1.175278e-01,5.509888e-01,5.027131e-01
392731,0,6.039294e-01,8.588287e-01,6.039296e-01,1.562748e+00,2.805801e-02,6.523164e-01,1.402680e-01,9.448298e-01,1.163766e+00,1.413339e+00,3.160257e-01,2.676193e-01,1.568217e+00
392732,0,7.721228e-01,9.111366e-01,7.721229e-01,1.051711e+00,2.507608e-02,1.878294e+00,1.288537e-01,8.128627e-02,3.460297e+00,5.317613e-01,7.874270e-01,9.256544e-01,2.400103e+00
392733,0,7.428267e-01,8.480478e-01,7.428268e-01,9.471630e-01,1.856872e-02,3.154066e+00,1.391379e-01,4.805981e-01,2.193827e+00,1.132819e+00,3.213977e-01,4.505053e-01,5.855831e-01
392734,0,9.834505e-01,9.594436e-01,9.834504e-01,1.008105e+00,2.226105e-02,7.417929e-01,1.825555e-01,1.068153e+00,6.606108e-01,1.421097e-01,1.509151e+00,9.054200e-01,1.389593e-01
392735,0,9.761839e-01,9.829306e-01,9.761839e-01,8.272168e-01,2.762358e-02,9.438606e+00,1.063324e-01,3.550611e-01,3.727913e+00,8.268894e-01,3.051927e-01,7.568905e-01,1.473218e+00
392736,0,6.583526e-01,9.055605e-01,6.583528e-01,1.979363e+00,3.327576e-02,2.544687e+00,2.113941e-01,5.484706e-01,5.896970e-02,2.801618e-01,1.252145e+00,8.800326e-01,2.089638e+00
392737,0,5.645945e-01,8.323451e-01,5.645948e-01,1.653563e+00,2.798956e-02,1.236899e+00,2.018574e-01,9.781073e-01,2.049328e+00,1.540082e+00,1.737339e-01,2.081005e-01,1.384915e+00
392738,0,6.046738e-01,8.022831e-01,6.046739e-01,1.272885e+00,2.405484e-02,2.225981e+00,1.560320e-01,1.085784e+00,3.941022e-01,1.590170e+00,4.469057e-01,4.777364e-01,5.236857e-01
392739,0,6.442632e-01,8.387803e-01,6.442634e-01,1.123105e+00,2.159347e-02,1.625788e+00,1.399342e-01,9.370705e-01,2.456848e+00,1.323751e+00,1.009296e-01,2.759089e-01,5.915434e-01
392740,0,6.198964e-01,8.318960e-01,6.198966e-01,9.649891e-01,1.775448e-02,2.312383e+00,1.613245e-01,2.485802e-01,1.164154e+00,5.716544e-01,9.687876e-01,5.049182e-01,1.733878e+00
392741,0,7.323371e-01,7.582845e-01,7.323371e-01,9.805201e-01,2.140999e-02,3.068028e+00,1.404699e-01,5.687547e-01,3.908958e-01,1.182537e+00,2.064976e-01,5.325781e-01,9.199877e-02
392742,0,8.925832e-01,9.004211e-01,8.925832e-01,1.058169e+00,2.185524e-02,7.513798e-01,1.769659e-01,4.490699e+00,1.143378e+00,2.883015e+00,5.109096e+00,3.958217e-02,8.882083e-01
392743,0,7.775771e-01,9.268942e-01,7.775772e-01,5.935121e-01,1.692684e-02,1.418158e+00,1.895174e-01,1.393143e+00,3.514544e+00,3.367803e-01,1.087463e+00,9.148328e-01,9.635700e-01
392744,0,7.884345e-01,8.706332e-01,7.884346e-01,5.187835e-01,1.639589e-02,3.626624e+00,1.559392e-01,1.790356e+00,1.461671e+00,2.166253e+00,1.060472e+00,1.612168e+00,4.442749e-01
392745,0,8.938844e-01,8.845345e-01,8.938844e-01,9.195997e-01,1.464882e-02,5.136369e+00,2.134157e-01,6.776707e-01,6.279140e-01,4.049115e-02,1.475772e+00,2.872550e-01,1.292161e+00
392746,0,8.113427e-01,7.773163e-01,8.113427e-01,1.408286e+00,2.255956e-02,3.876710e+00,2.154231e-01,1.212038e+00,2.841240e-01,1.646020e+00,5.499821e-01,1.072519e+00,1.129795e+00
392747,0,8.333864e-01,7.946598e-01,8.333863e-01,1.500064e+00,2.310874e-02,4.165542e+00,1.928255e-01,2.808883e+00,4.431875e-02,1.895438e+00,2.165245e+00,6.840258e-01,2.511522e-02
392748,0,8.529389e-01,7.885250e-01,8.529388e-01,1.614262e+00,2.532084e-02,4.421998e+00,2.196448e-01,6.577587e-01,1.355024e+00,1.105918e+00,1.306988e-01,6.320351e-01,6.951511e-01
392749,0,8.897879e-01,8.692454e-01,8.897879e-01,1.735220e+00,2.752780e-02,5.048720e+00,1.921329e-01,9.043447e-01,2.804467e+00,1.227646e+00,9.416103e-02,1.490246e-01,4.417544e-03
392750,0,8.524686e-01,8.042261e-01,8.524686e-01,1.862877e+00,3.070678e-02,2.781342e+00,2.212759e-01,6.771682e-01,1.534163e-01,1.072126e+00,2.237667e-01,6.688233e-01,1.191712e+00
392751,0,5.306274e-01,7.779970e-01,5.306276e-01,1.640726e+00,2.906102e-02,1.588620e+00,2.091668e-01,7.185565e-01,1.925395e+00,1.121427e+00,2.057418e-02,1.620091e-01,7.120304e-01
392752,0,8.323079e-01,8.440488e-01,8.323079e-01,1.303624e+00,2.650158e-02,4.152020e+00,1.587571e-01,1.518923e+00,1.618615e+00,1.879863e+00,4.680708e-01,6.068881e-01,1.395170e-01
392753,0,9.333873e-01,8.629445e-01,9.333872e-01,1.462906e+00,2.729414e-02,6.428463e+00,1.729381e-01,1.041456e+00,8.996728e-02,1.408924e+00,1.452808e-01,2.578049e-01,1.109357e+00
392754,0,7.683763e-01,9.108979e-01,7.683765e-01,1.948984e+00,3.208025e-02,6.640564e-01,2.352902e-01,4.085985e-01,9.961338e-01,2.494581e-01,1.285266e+00,2.189620e-01,7.555596e-01
392755,0,8.379054e-01,9.267191e-01,8.379055e-01,1.320368e+00,2.483477e-02,4.224102e+00,2.505266e-01,3.831882e-01,2.698949e+00,3.605517e-01,8.067117e-01,6.650395e-01,1.839839e+00
392756,0,7.296178e-01,6.909510e-01,7.296178e-01,1.563247e+00,2.934304e-02,5.750168e-01,2.032739e-01,9.717037e-01,9.759369e-01,1.516550e+00,3.317254e-01,6.027784e-01,9.330492e-01
392757,0,9.556749e-01,9.112798e-01,9.556749e-01,8.640575e-01,1.946553e-02,7.783170e+00,1.508077e-01,2.107415e-02,1.695174e-01,5.332158e-01,5.100874e-01,5.261562e-01,1.438367e+00
392758,0,5.993449e-01,8.143210e-01,5.993451e-01,1.741752e+00,2.812002e-02,2.194835e+00,2.496593e-01,6.203165e-01,2.118282e+00,1.269934e+00,4.760869e-02,5.773014e-01,6.364030e-01
392759,0,4.434499e-01,7.793636e-01,4.434502e-01,1.456854e+00,2.320326e-02,4.826815e-02,2.413238e-01,5.387447e-01,3.234421e-01,1.822111e-01,1.262271e+00,1.356092e-01,1.590739e+00
392760,0,7.570292e-01,9.046818e-01,7.570293e-01,9.626682e-01,2.135475e-02,1.539028e+00,1.632514e-01,1.913227e+00,1.131714e+00,2.297662e+00,9.209689e-01,1.257631e+00,2.018519e+00
392761,0,9.493825e-01,9.475542e-01,9.493825e-01,8.158443e-01,1.655620e-02,5.374413e+00,2.180720e-01,6.214670e+00,1.434411e+00,4.241777e+00,7.285441e+00,5.574141e-01,2.009432e+00
392762,0,9.582032e-01,8.404404e-01,9.582031e-01,1.406285e+00,2.616915e-02,8.010730e+00,2.125286e-01,1.478831e+00,3.130388e-01,2.200584e+00,1.240596e+00,4.825835e-01,8.268835e-01
392763,0,6.211729e-01,8.742239e-01,6.211731e-01,2.133155e+00,3.254587e-02,4.702816e-01,2.618145e-01,2.151990e+00,1.577388e+00,2.319630e+00,1.531637e+00,6.287041e-01,1.169307e+00
392764,0,8.786777e-01,8.882577e-01,8.786777e-01,1.275104e+00,2.006484e-02,4.841696e+00,2.591096e-01,6.682826e-01,6.624017e-02,1.098752e+00,2.939103e-02,7.946327e-01,2.315688e-02
392765,0,9.205567e-01,9.775048e-01,9.205568e-01,1.531458e+00,2.476294e-02,2.487527e+00,2.989901e-01,4.868032e+00,1.153049e+00,3.243900e+00,5.951913e+00,1.095622e+00,8.194473e-01
392766,0,8.071826e-01,9.022209e-01,8.071827e-01,1.403927e+00,2.287963e-02,2.553983e+00,2.593030e-01,1.460686e+00,9.203436e-01,2.145373e+00,6.499047e-01,9.261108e-01,5.336187e-01
392767,0,7.648527e-01,7.356621e-01,7.648527e-01,1.287552e+00,2.098286e-02,3.380720e+00,2.597665e-01,1.313136e+00,3.968326e-01,1.639941e+00,7.354285e-01,6.510502e-02,1.187711e-01
392768,0,6.866762e-01,8.393549e-01,6.866763e-01,1.321468e+00,2.214686e-02,2.714636e+00,2.724190e-01,1.946808e+00,9.250152e-01,2.109988e+00,1.039724e+00,9.311357e-01,3.342578e-01
392769,0,6.667241e-01,7.778043e-01,6.667242e-01,1.261800e+00,2.204722e-02,2.595477e+00,2.554689e-01,3.514015e-01,5.119412e-01,2.195853e-01,1.114526e+00,9.902435e-01,1.131231e+00
392770,0,9.327667e-01,9.178583e-01,9.327667e-01,1.033160e+00,2.137440e-02,3.651463e+00,2.202321e-01,6.400675e+00,2.165044e+00,4.498484e+00,6.050722e+00,8.186007e-02,1.321383e+00
392771,0,6.937006e-01,7.976971e-01,6.937006e-01,1.422958e+00,2.318411e-02,2.752592e-01,2.781484e-01,2.373615e+00,3.013576e-01,2.757430e+00,1.789602e+00,9.845206e-01,4.058041e-03
392772,0,8.617843e-01,8.901972e-01,8.617843e-01,8.126804e-01,1.523358e-02,4.564180e+00,2.388986e-01,1.530145e-01,1.127266e+00,4.861616e-01,4.451254e-01,9.639496e-01,5.558339e-01
392773,0,7.811786e-01,8.040670e-01,7.811786e-01,1.209415e+00,1.679836e-02,3.550746e+00,2.905918e-01,8.807514e-01,5.394649e-02,1.152384e+00,1.352009e-01,8.359079e-01,1.205954e+00
392774,0,7.365184e-01,8.452315e-01,7.365185e-01,1.310801e+00,1.967394e-02,2.763773e+00,2.175721e-01,1.687194e+00,1.552243e+00,1.900236e+00,9.353086e-01,6.492504e-01,7.700711e-01
392775,0,8.250130e-01,8.866772e-01,8.250131e-01,1.258834e+00,2.222485e-02,2.642173e+00,2.157047e-01,1.767683e+00,3.579790e-02,1.849554e+00,9.056162e-01,6.733646e-01,1.777249e+00
392776,0,8.249176e-01,8.763896e-01,8.249176e-01,1.203143e+00,2.227079e-02,3.266918e+00,2.391371e-01,1.737022e+00,1.236039e+00,1.885248e+00,8.710534e-01,4.120833e-01,2.615789e+00
392777,0,9.205019e-01,8.274691e-01,9.205019e-01,1.277501e+00,2.426684e-02,5.949889e+00,1.916367e-01,8.817921e-01,2.907526e-01,1.268439e+00,5.271240e-02,6.808710e-01,4.834299e-01
392778,0,5.885247e-01,8.531271e-01,5.885249e-01,1.727662e+00,2.679419e-02,1.215556e+00,2.398331e-01,1.288300e-03,1.011906e+00,6.213060e-01,3.847917e-01,2.035728e-01,8.690997e-02
392779,0,8.803874e-01,9.253278e-01,8.803874e-01,9.403916e-01,1.884648e-02,4.869014e+00,1.929584e-01,3.149503e-02,1.089510e+00,6.706863e-01,5.345724e-01,5.283778e-01,8.891375e-01
392780,0,8.182203e-01,8.887704e-01,8.182204e-01,1.306499e+00,2.230895e-02,8.724366e-01,2.521111e-01,7.498508e-01,5.039196e-01,1.179513e+00,2.860109e-01,7.330632e-01,1.868480e+00
392781,0,6.963172e-01,8.064413e-01,6.963173e-01,9.947952e-01,2.446383e-02,2.774318e+00,1.549529e-01,1.539955e+00,6.290772e-01,1.852482e+00,8.291864e-01,5.122780e-01,9.738556e-01
392782,0,9.178075e-01,8.394751e-01,9.178074e-01,1.029667e+00,2.149499e-02,5.856030e+00,2.008641e-01,4.806731e-01,2.161878e-02,1.060438e+00,2.083691e-01,9.411118e-01,1.770281e+00
392783,0,8.521839e-01,8.919456e-01,8.521840e-01,1.549933e+00,2.706901e-02,3.285637e+00,2.169689e-01,4.409750e+00,6.317834e-01,2.874888e+00,4.131350e+00,4.181832e-01,6.339961e-01
392784,0,5.780244e-01,8.176005e-01,5.780246e-01,1.544328e+00,2.710276e-02,2.093042e+00,2.271359e-01,5.962451e-01,1.190877e+00,1.335509e+00,1.105326e-01,5.295626e-01,3.830631e-01
392785,0,5.524147e-01,7.957046e-01,5.524149e-01,6.765820e-01,1.760010e-02,2.011567e+00,1.692144e-01,1.435590e+00,5.778442e-01,1.940846e+00,6.113927e-01,5.125311e-01,1.177240e-01
392786,0,9.071463e-01,8.657378e-01,9.071463e-01,7.032717e-01,1.683555e-02,5.480070e+00,1.883485e-01,6.130800e-01,7.500590e-01,1.037769e+00,4.323186e-02,6.131700e-01,1.559747e+00
392787,0,8.566234e-01,8.818136e-01,8.566235e-01,1.277784e+00,2.194465e-02,4.477877e+00,2.482023e-01,1.511069e+00,1.953573e+00,1.909363e+00,6.261683e-01,9.442621e-01,1.035026e+00
392788,0,7.390909e-01,7.344687e-01,7.390909e-01,1.539269e+00,2.478477e-02,3.122150e+00,2.115141e-01,3.873882e-01,7.619536e-01,8.971932e-01,1.797430e-01,4.482411e-01,6.681208e-01
392789,0,8.976256e-01,9.064904e-01,8.976256e-01,1.446613e+00,2.452149e-02,4.899926e+00,1.938792e-01,5.217256e+00,4.552142e-02,3.525919e+00,4.740717e+00,9.705731e-01,3.976768e-01
392790,0,6.511408e-01,8.301175e-01,6.511410e-01,1.731276e+00,2.730529e-02,1.312727e+00,2.487036e-01,2.087649e+00,1.349389e+00,2.499692e+00,1.602571e+00,3.513599e-01,9.632426e-01
392791,0,7.637671e-01,7.829083e-01,7.637671e-01,1.301058e+00,2.163937e-02,3.369147e+00,1.979976e-01,1.173286e+00,3.760715e-01,1.534209e+00,3.968165e-01,5.860460e-01,5.865969e-01
392792,0,9.414919e-01,9.245304e-01,9.414918e-01,1.326687e+00,2.330516e-02,6.873107e+00,2.311266e-01,5.039280e+00,1.637462e+00,3.603760e+00,4.271697e+00,5.354163e-01,9.447011e-01
392793,0,5.444780e-01,8.045797e-01,5.444783e-01,1.980628e+00,2.798036e-02,1.683202e-01,3.126257e-01,1.053966e+00,3.816861e-01,1.578925e+00,6.096927e-01,8.308676e-01,1.688132e+00
392794,0,9.652894e-01,8.856925e-01,9.652893e-01,1.236981e+00,1.947785e-02,8.499824e+00,2.053500e-01,2.202692e-01,1.154001e+00,9.115884e-01,4.691744e-01,6.307365e-01,7.464334e-01
392795,0,6.506422e-01,8.639451e-01,6.506424e-01,2.119261e+00,3.020382e-02,2.496690e+00,2.750381e-01,7.766482e-01,8.902714e-01,1.093497e+00,1.365382e-01,4.561390e-01,1.116350e-01
392796,0,6.720388e-01,7.907244e-01,6.720389e-01,1.743732e+00,2.349669e-02,5.939290e-01,2.790695e-01,1.916627e+00,2.563304e-01,7.813530e-01,2.626318e+00,6.337602e-01,1.168487e+00
392797,0,7.829766e-01,8.445191e-01,7.829767e-01,1.239700e+00,2.252742e-02,1.758305e+00,2.060650e-01,2.111300e+00,8.896789e-01,2.355609e+00,1.483064e+00,6.915902e-01,8.052358e-01
392798,0,9.169217e-01,9.057055e-01,9.169217e-01,7.171722e-01,1.971867e-02,5.826934e+00,2.252201e-01,9.707009e-01,1.501610e+00,1.258460e+00,1.707759e-01,5.332731e-02,3.619061e-01
392799,0,7.451623e-01,8.778517e-01,7.451624e-01,3.175766e+00,2.499175e-02,1.668898e+00,2.600931e-01,5.293519e-01,4.307906e-02,9.968069e-01,6.365523e-02,1.685266e+00,9.597557e-01
392800,0,8.872579e-01,8.998430e-01,8.872579e-01,1.857858e+00,1.878323e-02,2.707797e+00,2.303577e-01,1.183811e+00,2.551936e-01,1.482573e+00,3.955508e-01,2.554779e-01,2.841425e+00
392801,0,8.162242e-01,8.274001e-01,8.162242e-01,7.905270e-01,1.505404e-02,3.934544e+00,2.812066e-01,6.710379e-01,5.822743e-01,6.055735e-02,8.241887e-01,1.817913e-01,1.736869e+00
392802,0,7.918256e-01,8.966324e-01,7.918257e-01,1.167214e+00,2.290708e-02,3.661837e+00,2.363835e-01,8.761707e-01,1.156736e+00,1.339509e+00,2.406433e-02,1.544917e+00,1.292923e+00
392803,0,8.162914e-01,8.460094e-01,8.162914e-01,1.842850e-01,6.509918e-03,3.935456e+00,2.308776e-01,1.636571e+00,2.572493e-01,1.923563e+00,8.611433e-01,3.841732e-01,1.495321e+00
392804,0,7.267766e-01,8.848103e-01,7.267768e-01,6.835103e-01,1.378550e-02,2.430010e-01,2.062125e-01,5.994771e-01,1.167116e+00,1.594843e-01,1.427099e+00,6.033373e-01,1.567386e+00
392805,0,6.700056e-01,8.531448e-01,6.700057e-01,4.687690e-01,1.075847e-02,1.951207e+00,2.403737e-01,1.208893e-01,5.349209e-01,6.177841e-01,4.629607e-01,7.522220e-01,1.666917e+00
392806,0,4.634993e-01,8.808572e-01,4.634996e-01,5.679521e-01,1.391269e-02,1.487650e+00,1.856792e-01,7.146287e-01,1.667902e+00,2.567102e-01,1.439286e+00,8.344980e-01,5.171490e-01
392807,0,5.885706e-01,8.159934e-01,5.885708e-01,5.939385e-01,1.271654e-02,3.609901e-01,2.249146e-01,1.818659e+00,1.670482e-01,2.138508e+00,1.127103e+00,9.004977e-01,8.568917e-01
392808,0,8.629936e-01,9.605945e-01,8.629937e-01,3.688548e-01,7.796049e-03,3.340819e+00,2.010340e-01,8.047939e-01,2.602291e+00,1.323131e+00,9.841944e-02,2.560713e-01,4.130904e+00
392809,0,7.186473e-01,8.739410e-01,7.186474e-01,7.676010e-01,1.121098e-02,1.805325e+00,3.022619e-01,3.755590e-01,6.786975e-02,1.020011e+00,2.246257e-01,7.338063e-01,2.948915e+00
392810,0,5.670044e-01,7.942744e-01,5.670046e-01,7.636315e-01,1.151488e-02,3.093682e-01,2.576711e-01,1.724632e+00,2.297217e-01,2.056321e+00,9.109592e-01,9.992114e-01,1.064126e+00
392811,0,9.428214e-01,8.454720e-01,9.428213e-01,5.209716e-01,1.071119e-02,6.951958e+00,2.073797e-01,2.032461e-01,2.883550e-01,4.981610e-01,8.024357e-01,1.025838e+00,1.843795e+00
392812,0,7.514016e-01,7.931181e-01,7.514016e-01,1.109104e+00,1.762271e-02,3.233832e+00,3.256589e-01,1.603005e+00,1.299857e+00,6.047292e-01,1.912047e+00,4.468482e-01,1.745142e-01
392813,0,5.491226e-01,7.954571e-01,5.491228e-01,1.447453e+00,1.782218e-02,1.999566e+00,3.301781e-01,5.771926e-01,1.485223e+00,1.343480e+00,8.468385e-02,5.895071e-01,6.339101e-01
392814,0,9.664138e-01,9.077987e-01,9.664138e-01,4.566047e-01,9.766475e-03,8.583363e+00,2.409429e-01,4.082296e-01,1.236081e+00,1.008685e+00,2.622163e-01,9.690053e-01,7.810502e-01
392815,0,6.711778e-01,8.795560e-01,6.711779e-01,1.712466e+00,1.897859e-02,1.763788e+00,3.524687e-01,4.855711e-01,1.463145e+00,4.835907e-01,1.232550e+00,1.281837e-01,2.307402e+00
392816,0,9.475668e-01,8.675835e-01,9.475667e-01,8.162407e-01,1.562190e-02,7.193592e+00,2.544716e-01,8.019043e-01,2.660683e-01,1.409022e+00,1.419444e-01,1.029981e+00,7.463082e-01
392817,0,7.826920e-01,8.790910e-01,7.826921e-01,1.634836e+00,2.124276e-02,1.469666e-02,2.981369e-01,6.649702e-01,6.278730e-01,1.221726e+00,1.258234e-02,1.532406e+00,9.982287e-01
392818,0,7.084529e-01,8.887315e-01,7.084531e-01,1.012811e+00,7.896590e-03,1.721846e+00,3.207671e-01,4.448628e-01,2.142092e+00,1.168365e+00,3.178835e-01,1.720185e-01,5.514210e-01
392819,0,9.382210e-01,8.614453e-01,9.382210e-01,8.628891e-01,1.095025e-02,6.678388e+00,3.053820e-01,1.103355e+00,7.596716e-02,1.122176e-01,1.482844e+00,1.382862e+00,6.784800e-01
392820,0,8.000751e-01,9.231727e-01,8.000752e-01,1.646039e+00,1.711737e-02,2.219073e+00,3.793228e-01,3.567523e-01,1.351320e+00,4.048345e-01,6.367638e-01,1.014089e+00,3.751496e+00
392821,0,8.530273e-01,9.234927e-01,8.530274e-01,1.406014e+00,1.790190e-02,1.743675e+00,2.865815e-01,8.371445e-01,4.156173e-01,1.454352e+00,4.893179e-02,5.661749e-01,3.345589e+00
392822,0,9.671599e-01,8.788682e-01,9.671599e-01,1.127657e+00,1.137713e-02,8.646616e+00,3.451231e-01,7.243391e-01,1.391212e+00,1.241925e+00,8.333776e-02,1.129584e+00,3.565057e-01
392823,0,5.752875e-01,8.100603e-01,5.752877e-01,2.082978e+00,2.198412e-02,2.356319e-01,4.156008e-01,1.597313e+00,9.677579e-01,6.434572e-01,1.485898e+00,3.454544e-01,1.441053e+00
392824,0,7.801248e-01,7.920556e-01,7.801248e-01,1.445079e+00,1.747493e-02,3.539911e+00,3.044955e-01,1.288447e+00,1.132524e+00,1.694636e+00,5.357575e-01,5.345590e-01,1.849811e-01
392825,0,7.183255e-01,8.383490e-01,7.183256e-01,1.444017e+00,1.747625e-02,2.946200e+00,3.149070e-01,4.733252e-01,4.891453e-01,1.051943e+00,3.612354e-01,1.475073e+00,9.828069e-01
392826,0,6.737432e-01,8.911713e-01,6.737434e-01,1.401706e+00,1.437478e-02,1.270170e-01,3.327352e-01,1.317776e+00,2.154402e+00,1.810966e+00,3.726094e-01,1.000803e-01,4.638155e-01
392827,0,6.063498e-01,8.003879e-01,6.063500e-01,8.711834e-01,8.707734e-03,2.021233e-01,3.243216e-01,2.693776e-02,9.101731e-01,6.291587e-01,8.014099e-01,6.709070e-02,7.883137e-01
392828,0,7.787369e-01,8.875771e-01,7.787370e-01,4.573124e-01,8.806057e-03,3.526432e+00,3.102907e-01,5.519406e-01,3.278439e+00,1.149750e+00,2.883636e-01,9.458627e-01,5.875532e-01
392829,0,7.855350e-01,9.105372e-01,7.855351e-01,8.553105e-01,1.339853e-02,9.231686e-01,2.731549e-01,6.635648e-01,8.633438e-01,1.227166e+00,1.795463e-01,8.007145e-01,2.519052e+00
392830,0,8.499280e-01,8.995902e-01,8.499280e-01,3.270566e-01,6.986803e-03,4.374913e+00,3.128380e-01,3.430159e-01,1.244001e+00,4.711465e-01,8.651870e-01,1.895224e+00,4.495349e-02
392831,0,7.284987e-01,8.918237e-01,7.284988e-01,9.217103e-01,7.412606e-03,2.920792e+00,3.861399e-01,1.332501e+00,1.351308e+00,3.726805e-01,1.716661e+00,1.359955e+00,1.965781e+00
392832,0,8.201917e-01,8.908920e-01,8.201917e-01,1.064384e+00,1.071843e-02,3.985937e+00,2.976467e-01,1.607330e-01,3.381730e-01,5.442642e-01,2.373338e-01,7.497861e-01,6.431332e-02
392833,0,8.908505e-01,9.302285e-01,8.908505e-01,1.281667e+00,9.692415e-03,5.179336e-02,3.767786e-01,4.542704e+00,1.628276e+00,2.782466e+00,5.071006e+00,1.093996e+00,8.624665e-01
392834,0,9.021552e-01,8.935120e-01,9.021552e-01,8.711224e-01,9.059735e-03,5.329412e+00,2.989717e-01,2.091853e-01,5.281178e-01,8.696279e-01,8.858236e-01,9.388522e-01,7.888466e-01
392835,0,9.472008e-01,9.520695e-01,9.472008e-01,1.360200e+00,1.235070e-02,7.173148e+00,3.559779e-01,6.381652e+00,2.133949e-02,4.291086e+00,6.569510e+00,5.708068e-01,2.357562e+00
392836,0,6.194349e-01,8.826003e-01,6.194352e-01,2.058759e+00,2.295433e-02,3.329880e-01,3.635980e-01,2.309861e+00,1.358762e+00,8.045457e-01,2.244456e+00,8.221807e-01,9.770834e-01
392837,0,8.281053e-01,8.954090e-01,8.281054e-01,1.212892e+00,1.131966e-02,2.679084e+00,3.387107e-01,3.650639e+00,6.398627e-01,2.175066e+00,4.092896e+00,4.798728e-01,7.415566e-01
392838,0,5.988145e-01,8.709267e-01,5.988148e-01,1.368286e+00,1.473276e-02,2.138905e+00,3.152374e-01,5.981387e-02,1.940318e+00,7.188382e-01,2.534423e-01,3.617158e-01,2.200962e-01
392839,0,8.035245e-01,9.136311e-01,8.035246e-01,1.160889e+00,1.125024e-02,7.440716e-01,3.326914e-01,1.485660e+00,1.368468e+00,1.000663e+00,5.375894e-01,1.114815e+00,3.018198e+00
392840,0,6.845369e-01,8.752281e-01,6.845371e-01,7.905375e-01,2.397355e-03,2.701561e+00,4.004444e-01,1.975953e-01,8.922870e-01,7.112425e-01,1.444127e+00,7.533976e-01,1.241687e+00
392841,0,9.371408e-01,9.674983e-01,9.371408e-01,9.183711e-01,4.089170e-03,2.234393e+00,3.977649e-01,5.551137e+00,1.985914e+00,3.833906e+00,6.621743e+00,9.177733e-01,2.543472e+00
392842,0,8.586814e-01,9.313547e-01,8.586815e-01,9.098036e-01,6.982676e-04,4.512251e+00,4.336107e-01,1.011904e+00,9.569035e-01,1.085642e-01,5.873709e-01,1.830902e+00,1.161478e+00
392843,0,8.402215e-01,9.444391e-01,8.402216e-01,8.886946e-01,7.691785e-03,3.346916e+00,4.396487e-01,2.396309e+00,5.623250e-01,2.334260e+00,2.299651e+00,2.091960e-01,4.030132e+00
392844,0,9.245808e-01,9.823047e-01,9.245808e-01,3.282072e+00,1.668409e-02,6.077624e+00,3.188336e-01,7.506444e-01,2.488587e+00,4.844243e-01,1.032693e+00,1.114099e+00,3.120379e+00
392845,0,9.335641e-01,9.791720e-01,9.335641e-01,2.870392e+00,2.238708e-02,1.534856e+00,4.600746e-01,6.435516e+00,2.304805e-01,4.945810e+00,5.259478e+00,1.207109e+00,2.114874e+00
392846,0,8.903714e-01,9.435269e-01,8.903714e-01,1.463468e+00,1.548822e-02,2.501051e+00,3.667648e-01,5.060835e+00,4.004136e-01,4.618177e+00,4.264436e+00,9.386558e-01,2.588168e+00
392847,0,6.912165e-01,8.869689e-01,6.912167e-01,1.271979e+00,1.446865e-02,2.241526e+00,3.199765e-01,1.076991e+00,5.374129e-01,7.181227e-01,1.689778e+00,5.799049e-01,2.607824e+00
392848,0,9.064126e-01,9.257857e-01,9.064126e-01,1.170628e+00,1.191774e-02,3.070641e+00,3.602562e-01,5.456078e+00,2.105924e+00,4.759790e+00,4.469875e+00,1.398355e+00,1.351010e-01
392849,0,8.473254e-01,7.947499e-01,8.473254e-01,1.182582e+00,1.204258e-02,4.341023e+00,3.806885e-01,1.314298e-01,5.997702e-03,5.669168e-02,1.066575e-01,6.420289e-01,1.617686e-01
392850,0,7.753653e-01,9.020317e-01,7.753654e-01,1.448950e+00,1.629862e-02,7.593905e-01,3.526072e-01,3.258389e+00,1.006191e+00,3.081878e+00,2.213810e+00,8.450941e-01,1.107407e+00
392851,0,9.066106e-01,8.215165e-01,9.066105e-01,9.121931e-01,8.818360e-03,5.461948e+00,4.024748e-01,1.408784e+00,4.681787e-01,1.549849e+00,4.970212e-01,9.565908e-01,9.293830e-01
392852,0,7.992459e-01,9.267704e-01,7.992461e-01,1.444277e+00,1.383365e-02,2.798131e+00,4.359459e-01,9.924258e-01,1.026091e+00,1.477962e+00,7.094005e-02,9.672712e-01,3.192940e+00
392853,0,5.908107e-01,8.313656e-01,5.908109e-01,1.393866e+00,2.063546e-02,2.149313e+00,3.431715e-01,2.443652e-01,1.377017e+00,5.158222e-01,1.597185e+00,1.038300e+00,7.833058e-01
392854,0,9.100476e-01,9.096639e-01,9.100476e-01,1.230572e+00,1.963092e-02,5.577440e+00,3.108955e-01,2.141311e+00,2.754925e+00,2.550166e+00,1.580081e+00,1.092223e+00,5.153589e-02
392855,0,8.495107e-01,9.353131e-01,8.495108e-01,1.635685e+00,1.930684e-02,3.865652e+00,3.560852e-01,1.389620e-01,1.998533e+00,7.409775e-01,7.460446e-01,7.430176e-01,2.334247e+00
392856,0,7.776938e-01,8.545786e-01,7.776939e-01,1.615943e+00,1.877787e-02,1.776917e+00,4.087096e-01,5.673653e-01,9.628391e-01,1.299534e+00,2.359862e-01,2.403993e-01,7.405268e-01
392857,0,8.000415e-01,9.494707e-01,8.000417e-01,7.506741e-01,8.177960e-03,3.751157e+00,3.876192e-01,3.256272e-01,8.213546e-01,6.979775e-01,1.397884e+00,1.406500e+00,3.493355e+00
392858,0,8.981595e-01,9.522092e-01,8.981595e-01,1.101396e+00,1.725908e-02,4.270311e-01,3.216452e-01,7.633500e-01,1.965256e+00,1.450039e+00,3.389066e-01,5.927179e-02,4.908937e+00
392859,0,8.590633e-01,9.273308e-01,8.590634e-01,5.873409e-01,4.375929e-03,3.387733e+00,3.769653e-01,4.430759e+00,6.906598e-01,2.663866e+00,4.519131e+00,1.279048e+00,3.822670e-01
392860,0,9.375881e-01,9.646873e-01,9.375881e-01,8.992084e-01,8.819660e-03,6.643199e+00,4.137957e-01,2.781417e+00,5.829377e-01,3.297202e+00,2.546064e+00,1.244970e+00,5.151614e+00
392861,0,6.939056e-01,8.356529e-01,6.939058e-01,1.593003e+00,2.019944e-02,2.256523e+00,3.129407e-01,2.598586e+00,4.671690e-01,2.758749e+00,1.959016e+00,9.192023e-01,4.680092e-02
392862,0,7.346956e-01,8.953967e-01,7.346957e-01,9.452992e-01,1.672461e-02,2.464827e+00,3.179368e-01,3.922557e-01,6.809272e-01,1.051380e+00,5.775180e-01,9.819869e-01,1.999268e+00
392863,0,6.029340e-01,8.637895e-01,6.029343e-01,1.203444e+00,1.262602e-02,2.215540e+00,3.850516e-01,1.492365e+00,3.863268e-01,1.976860e+00,6.645068e-01,1.113952e+00,2.223869e-01
392864,0,8.624862e-01,8.588110e-01,8.624862e-01,1.088126e+00,1.221164e-02,4.577934e+00,3.613027e-01,6.896637e-01,2.125644e+00,1.329999e+00,3.080866e-01,9.735582e-01,6.899407e-01
392865,0,8.775921e-01,8.408471e-01,8.775921e-01,1.431419e+00,1.566346e-02,4.825470e+00,3.728020e-01,1.413210e+00,4.096130e-01,1.932337e+00,7.216196e-01,1.128474e+00,4.011322e-01
392866,0,6.845051e-01,8.579094e-01,6.845052e-01,1.630741e+00,1.796963e-02,2.701377e+00,4.058595e-01,1.104536e+00,1.558515e+00,1.665580e+00,5.934451e-01,1.033788e+00,1.800184e+00
392867,0,8.093749e-01,8.766000e-01,8.093750e-01,1.321100e+00,1.879955e-02,3.855122e+00,3.442106e-01,7.515667e-01,4.172448e-01,1.443477e+00,2.511033e-01,5.343565e-01,2.763907e+00
392868,0,8.862766e-01,8.840324e-01,8.862766e-01,1.589067e+00,1.662247e-02,9.423906e-01,3.775091e-01,3.479114e+00,2.034074e+00,1.663099e+00,4.975564e+00,8.708358e-01,1.718271e+00
392869,0,9.256486e-01,9.003416e-01,9.256486e-01,1.126506e+00,1.516919e-02,6.111866e+00,3.542768e-01,1.486012e+00,6.775921e-01,2.335859e+00,1.035266e+00,7.743940e-01,8.167519e-01
392870,0,9.126024e-01,8.561892e-01,9.126024e-01,8.529384e-01,1.897427e-02,5.670358e+00,4.328516e-01,1.173317e+00,2.603120e-01,1.837814e+00,6.376975e-01,5.577312e-01,6.068976e-01
392871,0,6.239593e-01,8.823705e-01,6.239595e-01,2.083972e+00,2.728730e-02,2.335616e+00,4.113410e-01,1.665236e+00,1.655377e+00,2.192128e+00,1.056152e+00,1.926325e+00,3.091470e-01
392872,0,8.145464e-01,8.971257e-01,8.145464e-01,8.102782e-01,1.003802e-02,2.194354e+00,3.360499e-01,2.382617e+00,1.202763e+00,1.075222e+00,2.937467e+00,8.782622e-01,1.748634e+00
392873,0,6.031639e-01,8.176818e-01,6.031641e-01,9.025888e-01,1.391545e-02,2.216853e+00,3.366303e-01,1.528301e+00,1.499022e+00,2.149868e+00,1.112347e+00,8.005447e-01,9.790227e-01
392874,0,9.379134e-01,8.975712e-01,9.379133e-01,6.414278e-01,1.353319e-02,6.662001e+00,3.253770e-01,2.360742e+00,7.350648e-02,1.145763e+00,2.413077e+00,7.970273e-01,1.664691e+00
392875,0,7.672713e-01,8.818720e-01,7.672714e-01,7.517769e-01,2.213225e-02,3.407820e+00,3.289553e-01,6.153729e-01,2.259920e+00,1.372203e+00,2.082330e-01,8.965259e-01,3.187009e-01
392876,0,8.011253e-01,9.248840e-01,8.011255e-01,7.096551e-01,8.028674e-03,3.212997e+00,2.966906e-01,1.694658e+00,3.478612e-01,5.056668e-01,2.203577e+00,5.186525e-01,3.763300e+00
392877,0,6.651364e-01,8.888535e-01,6.651366e-01,7.804628e-01,1.002022e-02,1.173592e+00,3.754334e-01,2.091610e+00,1.691304e+00,2.585525e+00,1.413800e+00,1.297677e+00,8.956860e-01
392878,0,8.638440e-01,9.466756e-01,8.638441e-01,6.668259e-01,5.100920e-03,3.883805e+00,3.741667e-01,5.140232e-01,1.457795e-01,2.146765e-01,7.263318e-01,4.681925e-01,4.603161e+00
392879,0,7.385746e-01,9.076573e-01,7.385748e-01,1.007604e+00,1.570279e-02,1.300716e+00,3.200353e-01,1.659259e+00,1.512235e+00,2.050766e+00,1.067573e+00,5.735395e-01,2.634041e+00
392880,0,9.153588e-01,8.364750e-01,9.153587e-01,8.359075e-01,1.059808e-02,5.773546e+00,3.476888e-01,1.083747e+00,2.711828e-01,1.668088e+00,2.365494e-01,1.281177e+00,4.971877e-01
392881,0,8.037455e-01,9.157562e-01,8.037456e-01,1.401522e+00,1.349802e-02,2.578297e+00,4.078279e-01,1.691274e+00,8.243246e-02,2.006447e+00,1.012600e+00,1.349648e+00,3.793198e+00
392882,0,8.849948e-01,8.596031e-01,8.849948e-01,1.262142e+00,1.534500e-02,4.951492e+00,3.257471e-01,1.666951e-01,5.614728e-04,8.031616e-01,1.970594e-01,1.031988e+00,1.209577e+00
392883,0,8.791674e-01,8.886997e-01,8.791674e-01,1.552681e+00,1.718614e-02,4.849932e+00,3.555768e-01,2.086470e+00,1.251935e+00,2.509554e+00,1.258825e+00,6.652976e-01,1.349606e+00
392884,0,7.658092e-01,8.592901e-01,7.658093e-01,1.791333e+00,2.434699e-02,7.399871e-01,3.245843e-01,1.270039e+00,7.735108e-01,2.833028e-01,1.846819e+00,1.098272e+00,5.616036e-01
392885,0,7.303533e-01,9.108661e-01,7.303535e-01,1.204900e+00,1.412076e-02,2.232018e+00,3.642219e-01,1.250653e+00,1.207056e+00,2.224113e-01,8.588733e-01,9.578939e-01,3.052170e+00
392886,0,8.845670e-01,8.966643e-01,8.845670e-01,1.131101e+00,1.146906e-02,4.943438e+00,3.789781e-01,2.112945e+00,2.048002e+00,2.650419e+00,1.276513e+00,9.061951e-01,1.973203e+00
392887,0,8.605785e-01,8.717346e-01,8.605785e-01,1.509021e+00,1.931294e-02,4.544046e+00,3.451532e-01,3.822259e-02,1.535218e-02,5.793290e-01,2.852228e-01,1.111334e+00,1.007419e+00
392888,0,8.334270e-01,8.190343e-01,8.334270e-01,1.667061e+00,1.500188e-02,4.165984e+00,4.387677e-01,1.826287e+00,1.092658e+00,2.412355e+00,1.061257e+00,7.986480e-01,3.094810e-02
392889,0,8.017442e-01,9.152506e-01,8.017443e-01,1.721605e+00,1.763211e-02,1.689910e+00,4.071236e-01,5.032008e-01,1.561461e-01,1.249542e-01,8.283748e-01,1.144908e+00,3.676860e+00
392890,0,5.751266e-01,8.140328e-01,5.751268e-01,1.377605e+00,1.836131e-02,1.743439e+00,3.116146e-01,1.452588e+00,9.461268e-01,2.082286e+00,6.429590e-01,8.745015e-01,4.834000e-01
392891,0,8.377569e-01,9.374063e-01,8.377570e-01,1.130819e+00,1.417349e-02,3.475730e+00,3.152042e-01,1.726877e+00,5.941716e-01,2.142097e+00,9.955947e-01,7.565636e-01,4.222107e+00
392892,0,7.595663e-01,8.190467e-01,7.595664e-01,1.231930e+00,1.221906e-02,3.320717e+00,3.862689e-01,6.915999e-01,2.108707e-01,2.675468e-01,1.290400e+00,1.067161e+00,1.912128e+00
392893,0,4.780465e-01,8.135502e-01,4.780468e-01,1.329928e+00,1.480445e-02,6.453667e-01,3.377352e-01,9.800705e-01,8.813791e-01,1.723337e+00,1.475165e-01,7.203716e-01,6.360664e-01
392894,0,7.605405e-01,8.743158e-01,7.605406e-01,7.146775e-01,8.349579e-03,3.331469e+00,3.162932e-01,8.875770e-01,1.173568e+00,1.519903e+00,8.357855e-02,9.147974e-01,4.515260e-01
392895,0,9.244464e-01,8.836770e-01,9.244464e-01,9.348622e-01,1.297394e-02,6.073302e+00,2.925342e-01,7.420331e-01,1.774450e+00,3.656301e-01,1.024475e+00,1.026878e+00,8.065213e-03
392896,0,8.930252e-01,8.590921e-01,8.930251e-01,1.557429e+00,1.689192e-02,5.118465e+00,3.267092e-01,2.128140e+00,8.251938e-01,1.072461e+00,1.927419e+00,9.437033e-01,2.436763e-01
392897,0,5.216971e-01,8.302642e-01,5.216974e-01,1.809922e+00,1.822230e-02,1.889345e+00,3.887332e-01,5.205668e-01,1.558891e+00,4.301281e-01,5.728542e-01,3.772979e-01,1.443694e-01
392898,0,8.179480e-01,8.460465e-01,8.179481e-01,8.694774e-01,1.013477e-02,3.956774e+00,3.016258e-01,1.183244e+00,2.444469e-01,1.811216e+00,4.705485e-01,1.521024e+00,1.802003e+00
392899,0,6.835397e-01,9.219740e-01,6.835400e-01,1.147230e+00,1.289296e-02,1.594067e+00,3.081887e-01,1.673800e+00,2.695743e+00,2.104579e+00,7.200074e-01,1.350063e+00,1.801261e+00
392900,0,9.259085e-01,8.421483e-01,9.259085e-01,9.402436e-01,5.624217e-03,6.121333e+00,3.463072e-01,5.995699e-01,1.686323e+00,1.194657e+00,5.604470e-02,7.407003e-01,3.047938e-01
392901,0,6.034945e-01,8.602148e-01,6.034947e-01,1.102516e+00,1.616903e-02,2.122557e+00,3.484595e-01,1.139608e+00,6.650891e-01,1.403637e-01,1.942199e+00,7.847076e-01,5.136263e-01
392902,0,8.608419e-01,9.472201e-01,8.608420e-01,1.402269e+00,1.724912e-02,4.547601e+00,3.589306e-01,2.180882e+00,1.324888e+00,9.794474e-01,1.481590e+00,2.169763e+00,3.015927e+00
392903,0,8.676099e-01,9.305679e-01,8.676100e-01,1.478277e+00,1.948179e-02,3.238791e+00,3.080004e-01,4.670503e+00,3.487840e-01,2.897554e+00,4.604687e+00,1.029618e+00,2.050122e+00
392904,0,8.083565e-01,8.883461e-01,8.083566e-01,1.323936e+00,1.627410e-02,3.843782e+00,3.692059e-01,2.954961e+00,7.531577e-01,3.301578e+00,2.528202e+00,5.947232e-01,1.550234e+00
392905,0,9.579044e-01,8.410433e-01,9.579043e-01,1.551186e+00,1.953926e-02,7.983542e+00,3.582858e-01,2.441533e+00,9.405731e-01,2.458867e+00,1.719181e+00,4.616071e-01,7.628840e-01
392906,0,7.270896e-01,8.442486e-01,7.270897e-01,2.257523e+00,2.731173e-02,2.773193e+00,3.600035e-01,1.291891e+00,1.298604e-02,1.678826e+00,4.075897e-01,1.083644e+00,2.464938e+00
392907,0,6.748181e-01,8.344153e-01,6.748183e-01,1.874874e+00,2.384749e-02,1.701235e-01,3.204389e-01,2.498178e+00,6.105159e-01,2.642505e+00,1.580158e+00,9.983515e-01,3.793306e-01
392908,0,9.727451e-01,9.739566e-01,9.727451e-01,1.137358e+00,1.670623e-02,6.557181e+00,2.734426e-01,1.540412e-02,1.591961e-01,5.381455e-01,5.586869e-01,4.245180e-02,2.141922e+00
392909,0,9.598527e-01,9.560262e-01,9.598527e-01,1.655852e+00,2.417827e-02,8.144645e+00,4.094306e-01,2.786563e+00,1.320884e+00,1.451975e+00,2.691732e+00,7.098957e-01,4.738881e-01
392910,0,9.958655e-01,9.847268e-01,9.958655e-01,1.464931e+00,3.358232e-02,6.476781e+00,4.449826e-01,9.581545e-01,7.355931e-02,1.628178e-01,9.915392e-01,1.189895e+00,4.619107e+00
392911,0,9.975593e-01,9.941269e-01,9.975592e-01,3.457588e+00,5.506086e-02,1.552677e+01,3.617908e-01,6.314411e-02,2.066291e+00,8.794729e-01,3.003698e-01,1.917537e-01,1.554921e+00
392912,0,9.677310e-01,9.530755e-01,9.677310e-01,4.959974e+00,7.485676e-02,8.791603e-03,4.288670e-01,5.271134e-01,3.120399e+00,1.326695e+00,1.073244e-01,9.900112e-01,1.458952e+00
392913,1,9.531537e-01,8.777120e-01,9.531536e-01,3.438217e+00,5.262782e-02,2.936848e+00,3.939068e-01,1.207650e-01,4.492900e-01,7.957719e-01,3.223158e-01,1.119598e+00,7.039655e-01
392914,1,9.436241e-01,9.914131e-01,9.436241e-01,2.766360e+00,4.264350e-02,3.083484e+00,3.934254e-01,6.994022e+00,4.330571e+00,4.889458e+00,6.439585e+00,6.364955e-01,2.538492e+00
392915,1,7.860053e-01,9.210016e-01,7.860054e-01,1.137359e+00,2.772562e-02,2.932148e+00,2.672050e-01,2.425378e+00,7.835808e-01,2.889875e+00,1.936044e+00,2.032342e+00,7.479601e-01
392916,1,7.188170e-01,8.923045e-01,7.188172e-01,1.249288e+00,1.948033e-02,2.619096e+00,3.357000e-01,2.950485e+00,2.100045e-01,2.901469e+00,2.077993e+00,1.141042e+00,2.770828e+00
392917,1,8.199760e-01,8.781487e-01,8.199760e-01,1.222917e+00,1.622538e-02,3.983148e+00,3.535749e-01,2.905752e+00,1.664250e-01,2.875473e+00,1.848280e+00,1.136835e+00,3.213189e+00
392918,1,9.442924e-01,9.346943e-01,9.442924e-01,1.373746e+00,2.117404e-02,7.029135e+00,2.841762e-01,1.230083e+00,2.058791e+00,1.281148e+00,4.091380e-01,8.548523e-01,2.456921e+00
392919,1,6.570831e-01,8.691994e-01,6.570833e-01,1.922115e+00,2.391446e-02,1.906466e+00,3.831069e-01,1.555120e+00,9.630235e-02,1.953949e+00,5.168284e-01,7.241027e-01,1.905690e+00
392920,1,9.783126e-01,9.412463e-01,9.783126e-01,9.703285e+00,2.511629e-02,9.644635e+00,3.236922e-01,5.265530e-02,1.147701e+00,4.536447e-01,8.803584e-01,2.743909e-01,1.205814e+00
392921,1,9.041071e-01,8.888093e-01,9.041071e-01,5.385087e+00,3.799962e-02,2.268828e+00,4.737176e-01,3.319854e-01,9.814232e-01,5.225833e-01,1.074584e+00,1.892558e+00,2.933538e+00
392922,1,7.751532e-01,9.244792e-01,7.751533e-01,1.138527e+00,2.022178e-02,3.351697e+00,2.465004e-01,5.371295e-01,2.434571e-01,1.274950e+00,4.396176e-03,1.034087e-01,3.044682e+00
392923,1,8.996499e-01,9.150614e-01,8.996499e-01,2.099911e+00,1.972639e-02,5.264598e+00,3.217963e-01,1.904639e+00,2.839365e+00,2.260801e+00,1.036523e+00,6.537362e-01,1.748797e+00
392924,1,8.653840e-01,8.401929e-01,8.653839e-01,1.945902e+00,2.815452e-02,4.629903e+00,3.305942e-01,1.255236e+00,4.483900e-01,1.917851e+00,5.352172e-01,1.061503e+00,1.071806e+00
392925,1,7.724958e-01,8.939540e-01,7.724959e-01,1.789189e+00,2.473299e-02,1.847901e+00,3.379104e-01,1.111649e+00,3.806302e-01,1.450420e+00,6.305378e-01,7.675926e-01,3.463711e+00
392926,1,7.578602e-01,9.339005e-01,7.578603e-01,1.395255e+00,1.791579e-02,2.189021e+00,3.701239e-01,1.741859e-01,7.798291e-01,9.149099e-01,3.191828e-01,1.409518e+00,3.301284e+00
392927,1,8.959778e-01,9.255116e-01,8.959778e-01,1.231529e+00,1.873973e-02,1.135947e+00,2.806707e-01,3.911270e+00,1.564263e+00,2.242714e+00,5.182036e+00,1.209801e-01,1.789334e+00
392928,1,7.336153e-01,9.183763e-01,7.336155e-01,1.021054e+00,1.553163e-02,2.316037e+00,2.998359e-01,2.503495e+00,1.597875e+00,3.059852e+00,1.929898e+00,8.719015e-01,1.172311e+00
392929,1,8.610912e-01,9.124537e-01,8.610913e-01,9.471807e-01,1.148621e-02,4.552311e+00,3.541391e-01,7.126855e-01,8.683303e-01,1.400751e+00,8.013893e-02,1.097153e+00,4.593535e-01
392930,1,9.019342e-01,8.710221e-01,9.019342e-01,1.285988e+00,1.400430e-02,5.323963e+00,3.663507e-01,7.738108e-01,6.844093e-01,2.658053e-01,1.189077e+00,1.030272e+00,1.112539e+00
392931,1,7.920855e-01,9.172748e-01,7.920856e-01,1.654624e+00,2.185626e-02,1.249748e-01,3.291019e-01,1.816095e-01,9.021805e-01,9.864604e-01,2.464695e-01,1.038604e+00,2.088239e+00
392932,1,9.097612e-01,8.540323e-01,9.097612e-01,1.020082e+00,1.009664e-02,5.568492e+00,3.885841e-01,1.395936e+00,2.102121e-01,1.770953e+00,5.994492e-01,1.033206e+00,1.843962e+00
392933,1,5.056683e-01,8.286236e-01,5.056686e-01,1.494258e+00,1.852698e-02,2.303306e-01,3.551930e-01,1.173455e+00,1.637318e-01,1.700213e+00,1.674205e-01,4.182417e-01,1.134209e+00
392934,1,8.036465e-01,8.951651e-01,8.036466e-01,1.025654e+00,1.697407e-02,3.191622e+00,2.649681e-01,1.038150e+00,8.901461e-01,5.547964e-02,1.306012e+00,6.663232e-01,1.764100e+00
392935,1,8.999912e-01,9.316199e-01,8.999912e-01,1.085564e+00,1.632985e-02,5.272977e+00,3.684011e-01,1.666402e+00,1.923675e-01,1.985406e+00,9.919043e-01,1.314547e+00,2.452308e+00
392936,1,6.889711e-01,9.046536e-01,6.889713e-01,1.576902e+00,2.271491e-02,1.695590e+00,3.060711e-01,1.201977e+00,1.498698e+00,1.584229e+00,6.074970e-01,6.236671e-01,1.441712e+00
392937,1,5.052280e-01,8.298169e-01,5.052283e-01,1.176292e+00,1.716494e-02,1.088366e+00,3.103295e-01,5.767574e-01,2.502519e-01,1.339433e+00,1.535743e-01,1.077597e+00,4.683477e-01
392938,1,8.065974e-01,9.277799e-01,8.065975e-01,9.593524e-01,1.277207e-02,3.824651e+00,3.245457e-01,1.712886e+00,1.080118e+00,7.380828e-01,1.504638e+00,8.449518e-01,2.727735e+00
392939,1,7.841312e-01,8.043392e-01,7.841312e-01,1.257346e+00,2.155157e-02,3.582179e+00,2.476512e-01,6.745520e-01,1.578883e-01,1.293058e+00,1.228953e-01,3.980533e-01,1.631490e-01
392940,1,6.231089e-01,7.327980e-01,6.231090e-01,1.323282e+00,2.126489e-02,2.330571e+00,2.619223e-01,2.903118e-02,2.318734e-01,8.243983e-01,4.537399e-01,1.014424e+00,6.446345e-01
392941,1,6.044581e-01,8.502525e-01,6.044583e-01,1.197171e+00,2.033426e-02,1.735595e+00,2.669674e-01,1.273853e+00,8.427651e-01,1.800691e+00,4.804245e-01,6.731331e-01,2.080151e+00
392942,1,8.918088e-01,9.193080e-01,8.918088e-01,1.014601e+00,1.671248e-02,3.958419e+00,2.762153e-01,5.091764e+00,4.086571e-01,3.399059e+00,5.016157e+00,1.002550e+00,1.525127e+00
392943,1,6.843725e-01,8.623257e-01,6.843726e-01,1.285430e+00,1.692395e-02,1.154216e+00,3.365657e-01,2.223092e+00,2.101710e+00,2.700621e+00,1.671184e+00,2.693646e-01,1.539221e+00
392944,1,9.223106e-01,8.244194e-01,9.223105e-01,4.632575e-01,1.116315e-02,6.007752e+00,2.733918e-01,2.251680e+00,3.417429e-01,1.255853e+00,1.592339e+00,8.110181e-01,2.985742e-01
392945,1,7.324838e-01,8.728785e-01,7.324839e-01,1.340004e+00,1.828071e-02,3.069215e+00,3.224145e-01,2.205931e+00,8.521932e-01,2.512186e+00,1.549436e+00,6.590792e-01,1.460565e+00
392946,1,8.155382e-01,9.085342e-01,8.155383e-01,1.295732e+00,1.986761e-02,2.298712e+00,2.735532e-01,3.740876e-02,3.926040e+00,6.805038e-01,6.842522e-01,1.228488e+00,2.474682e+00
392947,1,9.285164e-01,9.104595e-01,9.285164e-01,1.198227e+00,1.683888e-02,6.226391e+00,2.504848e-01,2.010374e+00,6.501911e-01,2.193762e+00,1.092331e+00,6.572082e-01,3.563056e+00
392948,1,5.522467e-01,8.130976e-01,5.522469e-01,1.724051e+00,1.830320e-02,2.011012e+00,3.644881e-01,1.072196e+00,2.793959e-01,1.631954e+00,3.368375e-02,9.892766e-01,9.150037e-02
392949,1,8.359146e-01,9.171794e-01,8.359147e-01,7.240225e-01,1.040297e-02,4.199853e+00,3.091711e-01,5.999745e-01,1.204296e+00,1.096694e+00,1.342412e-01,1.000926e+00,1.035569e+00
392950,1,8.127165e-01,9.228916e-01,8.127166e-01,1.030876e+00,1.568228e-02,3.813403e+00,3.534917e-01,6.101610e-01,1.977287e+00,1.258588e+00,1.720627e-01,7.655812e-01,2.346362e+00
392951,1,6.324829e-01,8.333210e-01,6.324831e-01,1.327799e+00,1.743662e-02,1.376899e+00,2.970086e-01,7.496741e-01,3.252768e-01,1.386828e+00,1.256325e-01,6.777899e-01,1.356413e+00
392952,1,8.356989e-01,8.658969e-01,8.356990e-01,6.021585e-01,1.053115e-02,4.197417e+00,2.815278e-01,6.222080e-01,8.814324e-01,1.354898e+00,4.125993e-02,1.254864e+00,2.738954e-02
392953,1,9.274856e-01,8.592265e-01,9.274856e-01,9.740952e-01,1.145725e-02,6.180256e+00,3.179856e-01,5.605552e-01,3.295438e-02,3.048258e-01,1.125266e+00,1.099545e+00,1.279110e+00
392954,1,6.193678e-01,8.362787e-01,6.193679e-01,1.468747e+00,2.159408e-02,1.483259e+00,3.377265e-01,9.262142e-02,4.946920e-01,6.958274e-01,4.517605e-02,2.082008e-01,2.076084e+00
392955,1,8.251474e-01,9.349064e-01,8.251475e-01,1.337787e+00,2.113037e-02,1.082271e+00,2.297105e-01,9.506508e-01,2.246969e+00,1.639660e+00,5.106731e-02,1.117442e+00,2.859617e+00
392956,1,8.342120e-01,8.366747e-01,8.342120e-01,9.825318e-01,1.142524e-02,4.177302e+00,2.845407e-01,1.619839e+00,6.949779e-01,2.155371e+00,9.115667e-01,1.340228e+00,5.880200e-01
392957,1,8.571415e-01,8.765646e-01,8.571415e-01,1.250692e+00,1.675423e-02,4.486827e+00,2.630985e-01,1.800162e+00,1.378304e+00,6.845456e-01,2.671711e+00,3.989045e-01,2.991103e+00
392958,1,6.792152e-01,8.360259e-01,6.792153e-01,1.512890e+00,2.340554e-02,2.335457e+00,2.744877e-01,1.668980e+00,1.060213e+00,2.329559e+00,9.790305e-01,6.944376e-01,2.669441e+00
392959,1,8.627355e-01,8.349828e-01,8.627355e-01,1.336952e+00,2.212464e-02,4.582522e+00,2.598063e-01,7.494602e-01,6.793857e-01,1.030700e-03,1.098991e+00,9.404187e-01,1.669608e-01
392960,1,6.961404e-01,8.231748e-01,6.961405e-01,1.535594e+00,2.031550e-02,1.750851e+00,3.095365e-01,2.773264e+00,8.484804e-01,1.536881e+00,2.110534e+00,7.593081e-01,1.688371e+00
392961,1,9.534277e-01,9.726253e-01,9.534278e-01,1.269183e+00,1.833891e-02,1.897671e+00,2.398462e-01,7.589057e+00,6.929941e-01,4.994696e+00,7.482314e+00,6.369372e-01,1.503239e+00
392962,1,7.035785e-01,8.943235e-01,7.035786e-01,1.103046e+00,1.642179e-02,1.833662e+00,3.087714e-01,2.351556e+00,1.526653e+00,2.824436e+00,1.827997e+00,5.406666e-01,1.430099e+00
392963,1,9.126732e-01,8.709072e-01,9.126731e-01,6.490024e-01,1.659780e-02,5.673248e+00,2.405238e-01,1.233964e+00,3.498618e-01,3.479087e-01,1.238186e+00,8.120919e-01,1.642871e+00
392964,1,7.444338e-01,8.867426e-01,7.444340e-01,1.590687e+00,1.901562e-02,2.650512e+00,3.480767e-01,2.127878e+00,3.169119e+00,1.234546e+00,1.813658e+00,1.022332e+00,6.813282e-01
392965,1,7.875894e-01,8.934289e-01,7.875895e-01,1.414074e+00,1.834232e-02,2.419292e+00,3.034290e-01,2.512171e+00,1.963447e+00,1.175002e+00,3.618028e+00,2.935807e-01,1.371999e+00
392966,1,8.244879e-01,9.340013e-01,8.244880e-01,1.321338e+00,1.943271e-02,2.931203e+00,2.615114e-01,3.240349e+00,4.041828e+00,3.349412e+00,2.654978e+00,1.391484e+00,1.778396e-01
392967,1,7.248813e-01,8.619438e-01,7.248814e-01,1.284091e+00,1.563674e-02,3.005748e+00,2.302700e-01,4.038070e-01,2.106193e+00,8.381191e-01,6.230882e-01,1.018954e-01,6.878824e-01
392968,1,9.106240e-01,9.898591e-01,9.106241e-01,1.287236e+00,1.650710e-02,3.693566e+00,2.709155e-01,2.505928e+00,5.459906e+00,2.587806e+00,1.598949e+00,1.192168e+00,4.824970e+00
392969,1,8.718850e-01,9.680393e-01,8.718851e-01,1.358422e+00,2.398459e-02,1.234556e+00,2.016964e-01,2.395897e+00,4.280251e+00,2.265087e+00,1.380224e+00,7.810111e-01,4.740022e+00
392970,1,9.283502e-01,8.711565e-01,9.283501e-01,6.643502e-01,2.380696e-02,6.219427e+00,9.289007e-02,2.671975e+00,1.809212e-02,2.612505e+00,1.738215e+00,6.501897e-01,5.295281e-01
392971,1,7.545151e-01,8.609573e-01,7.545152e-01,1.343567e+00,3.136504e-02,3.265632e+00,1.409506e-01,1.906376e+00,1.064742e+00,1.885581e+00,1.069154e+00,4.745937e-01,1.260280e+00
392972,1,7.658587e-01,9.335681e-01,7.658588e-01,1.321218e+00,3.258551e-02,3.281965e+00,1.207606e-01,1.901870e+00,3.078508e+00,2.080267e+00,1.060795e+00,6.542272e-01,3.038324e+00
392973,1,9.700860e-01,9.952708e-01,9.700860e-01,1.362923e+00,2.912210e-02,5.169922e+00,1.554519e-01,6.525687e-01,4.819677e+00,1.083589e-01,9.345369e-01,6.312985e-01,8.525597e+00
392974,1,8.124672e-01,8.264737e-01,8.124672e-01,1.703355e+00,2.116460e-02,3.889581e+00,3.129184e-01,9.415561e-01,1.652310e+00,1.702371e+00,3.834181e-01,4.641003e-01,2.201385e+00
392975,1,6.997719e-01,8.762199e-01,6.997721e-01,1.660307e+00,2.521781e-02,8.883103e-01,2.793531e-01,3.311196e-01,2.796979e+00,4.412847e-01,9.927055e-01,6.691003e-01,6.813645e-01
392976,1,8.922490e-01,8.371114e-01,8.922490e-01,1.223713e+00,1.982960e-02,5.101319e+00,2.803715e-01,4.182679e-01,4.029132e-01,1.202514e+00,1.323439e-01,1.135037e+00,6.852604e-01
392977,1,9.959044e-01,9.982798e-01,9.959044e-01,1.120250e+00,2.291905e-02,1.590499e+01,2.742364e-01,6.826306e+00,1.781992e+00,4.558937e+00,6.688215e+00,1.189240e+00,6.545975e+00
392978,1,9.714881e-01,9.623837e-01,9.714880e-01,3.771178e+00,6.179275e-02,6.478033e+00,3.330465e-01,3.447235e+00,1.087371e+00,1.203200e+00,3.450652e+00,1.001068e+00,7.581865e-01
392979,1,9.736185e-01,9.731027e-01,9.736185e-01,3.660894e+00,6.296521e-02,9.242309e+00,2.984366e-01,4.892267e+00,1.202168e+00,2.489842e+00,3.940763e+00,3.645537e-01,5.217605e-01
392980,1,9.783975e-01,9.417660e-01,9.783974e-01,2.590935e+00,6.362910e-02,9.717333e+00,3.435281e-01,2.622221e+00,5.341245e-01,6.534184e-01,2.781402e+00,1.742907e+00,9.171121e-02
392981,1,9.846863e-01,9.898255e-01,9.846863e-01,6.312979e+00,6.781158e-02,1.114764e+01,4.247655e-01,4.538587e+00,5.760747e-01,4.740486e+00,4.415004e+00,1.373870e+00,2.419570e-01
392982,1,9.767037e-01,9.695792e-01,9.767037e-01,9.489411e-01,2.635210e-02,2.814448e+00,1.369417e-01,4.425253e+00,1.549271e-01,4.080805e+00,3.309133e+00,1.031815e+00,4.312716e+00
392983,1,7.651037e-01,8.739463e-01,7.651038e-01,2.508774e-02,7.665979e-03,1.121482e+00,2.021803e-01,3.383638e+00,4.444423e-01,2.548961e+00,2.476447e+00,8.222079e-01,1.667741e-01
392984,1,8.083424e-01,9.320530e-01,8.083425e-01,2.950739e-02,8.007788e-03,5.104922e-01,2.070527e-01,1.499328e+00,3.843594e+00,1.654499e+00,4.646402e-01,3.136725e-01,2.300912e+00
392985,1,7.504504e-01,8.387326e-01,7.504505e-01,9.498382e-02,1.059358e-02,1.204877e+00,1.313815e-01,3.224241e+00,6.610364e-01,3.183180e+00,2.132849e+00,4.077209e-01,2.415337e+00
392986,1,9.270153e-01,9.436772e-01,9.270153e-01,1.166296e-01,9.972545e-03,6.161758e+00,1.553322e-01,9.896433e-01,2.325073e+00,3.617095e-01,1.310834e+00,4.197459e-01,1.572092e+00
392987,1,6.449421e-01,8.297851e-01,6.449423e-01,9.670747e-01,2.311389e-02,2.274783e+00,2.143293e-01,2.296171e+00,1.087178e+00,2.460666e+00,1.475568e+00,5.759197e-01,3.986796e-01
392988,1,7.867372e-01,9.333736e-01,7.867373e-01,1.073646e-01,1.313281e-02,2.514096e+00,1.704367e-01,3.609539e+00,5.685287e-01,3.383906e+00,2.500185e+00,6.900465e-01,4.092892e-01
392989,1,7.650012e-01,8.456417e-01,7.650013e-01,4.488042e-01,1.551872e-02,3.382416e+00,2.078792e-01,1.474030e+00,4.379860e-02,1.719741e+00,3.799732e-01,1.395367e-01,8.068020e-01
392990,1,9.651338e-01,9.897442e-01,9.651338e-01,7.244461e-01,1.944750e-02,5.082172e+00,1.924189e-01,3.843123e+00,1.629913e+00,2.372290e+00,3.463085e+00,4.799504e-01,8.490437e+00
392991,1,9.141194e-01,9.571400e-01,9.141194e-01,1.180273e+00,2.925717e-02,4.000998e+00,2.673499e-01,9.147586e-01,3.231363e-01,1.536747e+00,7.760779e-01,1.250077e+00,5.726606e+00
392992,1,8.757110e-01,9.568624e-01,8.757110e-01,1.500500e-01,1.284923e-02,3.464176e+00,1.054974e-01,4.075589e-01,3.640699e-01,4.561705e-01,7.966600e-01,6.772238e-01,2.851278e+00
392993,1,9.112906e-01,9.675832e-01,9.112906e-01,5.091738e-01,1.936612e-02,1.270348e+00,1.289861e-01,4.083531e+00,3.387198e-01,2.619658e+00,3.005959e+00,1.307043e+00,5.623267e+00
392994,1,6.745370e-01,9.254232e-01,6.745372e-01,7.323017e-02,1.061478e-02,1.760358e-02,6.167063e-02,1.221416e+00,1.008894e-01,1.914589e+00,7.098957e-01,5.060461e-01,1.796121e+00
392995,1,5.408978e-01,7.519377e-01,5.408980e-01,2.692209e-02,9.311410e-03,1.966395e+00,1.043040e-01,1.792728e+00,6.054882e-01,8.694519e-01,9.480843e-01,1.239312e-01,2.424336e-01
392996,1,8.090195e-01,8.854662e-01,8.090196e-01,5.090979e-03,1.161108e-02,5.510835e-01,9.673525e-02,2.062549e+00,8.426047e-01,2.391490e+00,1.223155e+00,1.106704e+00,1.115461e+00
392997,1,8.331000e-01,8.774115e-01,8.331000e-01,2.565527e-02,1.782492e-02,3.029962e+00,7.362505e-02,1.726847e+00,4.851355e-02,2.068866e+00,1.024885e+00,6.443541e-02,2.455028e+00
392998,1,6.498360e-01,8.028807e-01,6.498362e-01,2.623583e-01,1.699526e-02,5.926018e-01,1.153455e-01,7.917380e-01,4.170381e-01,1.286539e+00,2.983817e-01,5.711839e-01,2.491685e+00
392999,1,9.879660e-01,9.938794e-01,9.879660e-01,2.330921e-01,1.381247e-02,6.346102e+00,5.929961e-02,5.062741e-01,6.538044e-01,1.093401e+00,1.026876e-01,7.951090e-01,1.262347e+01
393000,1,9.712918e-01,9.414354e-01,9.712918e-01,9.490564e-01,2.451708e-02,4.412121e+00,2.832892e-01,2.226582e+00,2.497905e-03,2.420391e+00,1.526293e+00,1.136192e+00,6.098848e+00
393001,1,8.270728e-01,8.658085e-01,8.270728e-01,1.597746e-01,9.450664e-03,4.078698e+00,3.100557e-01,3.860520e-01,1.211793e-01,9.888926e-01,4.515408e-01,1.366373e+00,2.904548e-01
393002,1,6.462522e-01,9.245234e-01,6.462525e-01,4.357671e-01,1.411624e-02,2.468443e+00,3.404901e-01,1.818338e+00,9.503972e-01,2.138770e+00,9.985279e-01,2.233967e+00,1.694348e+00
393003,1,5.274856e-01,8.636163e-01,5.274859e-01,1.935106e-01,6.495320e-03,2.564441e-01,2.548797e-01,1.530917e+00,3.280673e-01,1.854374e+00,7.438632e-01,1.012186e-01,3.862786e-01
393004,1,6.812572e-01,9.272336e-01,6.812575e-01,2.014385e-01,1.107769e-02,2.103866e+00,2.765904e-01,7.833240e-01,1.656724e+00,1.399830e+00,8.103477e-02,9.202115e-01,1.812303e+00
393005,1,7.403373e-01,9.189385e-01,7.403375e-01,6.106677e-02,1.267157e-02,3.132919e+00,3.101123e-01,8.627317e-01,1.183802e+00,1.367260e+00,4.276226e-01,1.357425e+00,2.253124e+00
393006,1,5.883267e-01,8.815131e-01,5.883269e-01,4.051902e-01,1.637367e-02,5.389497e-01,3.134204e-01,1.458422e+00,7.231892e-01,1.920073e+00,9.269404e-01,9.886787e-01,1.871197e+00
393007,1,8.162454e-01,8.659217e-01,8.162455e-01,2.690728e-01,1.367342e-02,8.663168e-01,3.343520e-01,1.402531e+00,2.521108e-01,1.879031e+00,7.134936e-01,7.362347e-01,1.910676e+00
393008,1,5.353392e-01,8.174502e-01,5.353394e-01,1.703508e-01,1.256106e-02,3.283637e-01,3.047431e-01,1.437560e+00,2.711630e-01,1.943785e+00,7.504185e-01,1.392559e+00,1.314603e+00
393009,1,7.323176e-01,9.055552e-01,7.323178e-01,5.393704e-02,1.140869e-02,6.665150e-01,2.618384e-01,4.759931e-01,1.406335e+00,2.134784e-01,7.881064e-01,1.402204e+00,3.431903e-01
393010,1,6.155948e-01,8.221370e-01,6.155950e-01,4.400168e-02,9.141230e-03,2.735875e-01,3.227809e-01,1.810285e+00,9.500552e-01,2.287797e+00,1.073532e+00,1.276687e+00,9.353054e-01
393011,1,7.559065e-01,9.272424e-01,7.559067e-01,1.025240e-01,7.542944e-03,2.383179e+00,2.972959e-01,5.093790e-01,1.321629e+00,1.240886e+00,2.843028e-02,9.510286e-01,1.884615e+00
393012,1,7.958107e-01,8.546935e-01,7.958107e-01,1.517947e-01,1.137912e-02,1.437584e+00,3.305985e-01,3.703859e+00,1.071857e+00,2.276206e+00,2.940396e+00,1.075256e+00,1.014542e+00
393013,1,7.869741e-01,8.531713e-01,7.869742e-01,1.397827e-01,9.116695e-03,3.612013e+00,3.085100e-01,7.155881e-01,1.832819e-01,1.388151e+00,3.961546e-01,3.866128e-01,7.903571e-01
393014,1,8.681845e-01,9.578825e-01,8.681846e-01,3.319549e-01,1.674526e-02,6.312805e-01,2.982837e-01,1.310815e+00,4.680290e+00,1.853328e+00,4.856599e-01,1.132331e+00,1.296449e+00
393015,1,6.604512e-01,8.840377e-01,6.604514e-01,1.799240e-01,9.571667e-03,6.949505e-01,3.416612e-01,7.857111e-02,2.557221e+00,6.973911e-01,8.244252e-01,1.209970e+00,1.380477e+00
393016,1,6.209873e-01,8.620729e-01,6.209875e-01,6.470208e-02,6.811137e-03,2.024115e+00,3.197896e-01,3.911991e-01,1.596212e+00,4.908743e-01,9.481215e-01,7.775869e-01,5.501573e-01
393017,1,5.990444e-01,8.760555e-01,5.990446e-01,1.952554e-01,9.166701e-03,1.022651e+00,3.037993e-01,1.691712e+00,9.290355e-01,2.193304e+00,8.493697e-01,1.328262e+00,6.419140e-01
393018,1,7.918097e-01,9.567493e-01,7.918098e-01,1.318100e-01,7.860403e-03,1.775743e+00,3.281473e-01,1.533158e+00,2.181410e+00,1.943607e+00,8.578486e-01,1.460137e+00,3.661621e+00
393019,1,8.436674e-01,8.940884e-01,8.436674e-01,2.750164e-01,1.101968e-02,5.070587e-01,2.724787e-01,7.814039e-01,2.018925e-01,6.229169e-02,1.645938e+00,1.384877e+00,2.559173e+00
393020,1,5.567569e-01,7.926585e-01,5.567571e-01,3.093423e-02,3.609349e-03,6.937195e-01,3.303645e-01,2.025848e+00,6.780293e-01,8.578848e-01,2.002828e+00,1.156332e+00,4.382639e-03
393021,1,7.791948e-01,9.266608e-01,7.791950e-01,9.194168e-03,4.075867e-03,6.886891e-01,3.257793e-01,2.859353e+00,3.467377e+00,1.271731e+00,3.530820e+00,9.926581e-01,7.993249e-01
393022,1,7.555158e-01,9.260226e-01,7.555159e-01,1.552335e-02,3.466768e-03,2.150330e+00,3.463449e-01,2.895600e+00,3.061159e+00,3.276741e+00,2.077657e+00,9.354991e-01,2.338635e+00
393023,1,5.883514e-01,8.303650e-01,5.883516e-01,7.674502e-02,8.834191e-03,7.280003e-01,3.275971e-01,9.873279e-01,9.640771e-01,1.336821e+00,3.256768e-01,1.126094e+00,6.706102e-01
393024,1,5.922959e-01,8.791476e-01,5.922961e-01,1.799434e-02,6.317000e-03,2.295604e-01,2.702945e-01,6.288425e-01,9.112139e-01,1.216804e+00,2.678834e-01,7.662581e-01,4.601354e-01
393025,1,7.865675e-01,9.309144e-01,7.865676e-01,1.725417e-01,5.529452e-03,3.607342e+00,2.924370e-01,7.894236e-01,2.227693e+00,4.215633e-02,1.340470e+00,1.403907e+00,1.405520e+00
393026,1,6.631828e-01,8.749965e-01,6.631830e-01,3.347985e-01,7.387519e-03,6.687452e-01,3.710814e-01,3.361319e-01,1.227719e+00,4.305728e-01,4.207365e-01,1.355106e+00,2.573364e+00
393027,1,6.108229e-01,8.591911e-01,6.108231e-01,2.239260e-01,7.956763e-03,2.260658e+00,3.103090e-01,1.468674e-01,9.305243e-01,5.710990e-01,7.334881e-01,1.352750e+00,4.406775e-01
393028,1,7.281380e-01,9.126994e-01,7.281382e-01,3.738414e-01,7.076734e-03,7.111822e-01,3.427449e-01,2.063724e+00,3.033862e+00,2.348903e+00,1.065682e+00,1.047047e+00,1.340011e+00
393029,1,8.593091e-01,8.920570e-01,8.593091e-01,1.377886e-02,1.551749e-03,3.042571e+00,3.492022e-01,2.947771e+00,1.791254e-02,1.988362e+00,1.980220e+00,9.397357e-01,1.017750e+00
393030,1,7.455035e-01,8.561414e-01,7.455036e-01,3.945741e-01,9.185325e-03,2.620419e-02,3.773976e-01,1.168300e-01,6.725451e-02,5.911318e-01,1.091327e+00,7.781126e-01,1.112846e+00
393031,1,6.492314e-01,8.896243e-01,6.492316e-01,1.929471e-01,6.981749e-03,4.697464e-01,3.071974e-01,1.771620e+00,2.487974e+00,2.159617e+00,9.542675e-01,8.637269e-01,1.453668e+00
393032,1,7.084900e-01,9.308791e-01,7.084902e-01,8.997456e-02,5.107342e-03,5.033469e-01,3.314065e-01,1.502067e+00,2.862406e+00,1.652787e+00,7.194710e-01,1.519251e+00,2.531938e+00
393033,1,6.953201e-01,8.657219e-01,6.953202e-01,9.254417e-02,1.000291e-04,2.767896e+00,3.629105e-01,1.205392e+00,4.844677e-01,1.650454e+00,5.026310e-01,1.279089e+00,1.002109e+00
393034,1,4.709780e-01,7.749491e-01,4.709782e-01,2.590454e-01,4.962498e-03,1.336756e+00,3.742034e-01,1.551549e-01,1.696428e+00,4.550419e-01,6.948732e-01,1.563600e+00,3.191129e-01
393035,1,7.407599e-01,8.928933e-01,7.407600e-01,1.129672e-01,4.493154e-04,3.472406e-01,3.379725e-01,3.136552e+00,5.512052e-01,2.174745e+00,2.323268e+00,1.317543e+00,3.927713e-01
393036,1,7.462337e-01,9.292491e-01,7.462338e-01,1.879827e-01,1.298014e-03,2.689879e+00,3.794387e-01,2.068338e+00,1.876760e+00,2.420464e+00,1.374188e+00,6.541087e-01,4.057894e-01
393037,1,9.741330e-01,9.932005e-01,9.741330e-01,1.301005e-01,4.304716e-04,1.759140e+00,3.973295e-01,2.319572e+00,6.367833e+00,2.472616e+00,1.159695e+00,1.363335e+00,7.594946e+00
393038,1,7.845714e-01,8.554767e-01,7.845715e-01,2.609732e-01,1.629412e-02,5.675334e-01,2.408192e-01,1.914531e+00,6.373243e-01,2.076582e+00,9.275701e-01,1.670037e+00,3.587117e+00
393039,1,5.340697e-01,8.027304e-01,5.340700e-01,3.117005e-02,1.593898e-02,3.388284e-01,1.569221e-01,3.977658e-01,1.938910e+00,8.591068e-01,2.867537e-01,6.861187e-01,5.197795e-01
393040,1,8.230629e-01,9.281688e-01,8.230630e-01,5.550384e-02,1.633682e-02,1.702848e+00,1.559978e-01,5.559732e-01,3.135398e+00,1.143450e+00,2.937542e-01,6.749156e-01,1.890167e+00
393041,1,4.550870e-01,8.130993e-01,4.550873e-01,1.050841e-01,2.030839e-02,2.668855e-01,1.546323e-01,2.022463e-01,1.528697e+00,5.386957e-01,7.313902e-01,7.993557e-01,8.156420e-01
393042,1,6.128066e-01,8.419962e-01,6.128068e-01,1.204237e-02,1.957020e-02,3.766512e-01,1.300655e-01,5.451637e-02,1.561621e+00,7.568389e-01,7.379781e-01,1.812519e+00,3.397187e-01
393043,1,6.114453e-01,7.197736e-01,6.114454e-01,1.356725e-02,1.487874e-02,1.148479e-01,1.233936e-01,1.853716e+00,9.622184e-01,2.264091e+00,1.045015e+00,2.621197e-01,6.342772e-01
393044,1,5.289124e-01,7.880689e-01,5.289126e-01,1.468710e-01,1.863819e-02,7.397319e-01,9.625885e-02,1.872242e-01,1.918696e+00,6.684113e-01,4.658420e-01,3.850484e-01,7.016258e-01
393045,1,9.362285e-01,9.823154e-01,9.362285e-01,1.151405e-01,2.195269e-02,1.975120e+00,7.232776e-02,1.146072e+00,3.668090e+00,1.619828e+00,2.823925e-01,8.747159e-01,6.571304e+00
393046,1,9.892761e-01,9.967046e-01,9.892761e-01,1.326915e-01,1.427896e-02,9.758553e-01,1.995494e-01,8.711457e+00,4.176952e+00,5.997788e+00,9.798124e+00,7.567308e-01,1.035568e+01
393047,1,6.450182e-01,9.117907e-01,6.450184e-01,2.084842e-01,8.479988e-04,1.008285e+00,4.653654e-01,1.540698e+00,7.284826e-01,2.461125e+00,1.303532e+00,2.229443e+00,8.395715e-01
393048,1,7.192007e-01,8.575134e-01,7.192008e-01,1.506142e-01,1.002461e-02,5.622147e-01,4.782966e-01,1.127761e-01,1.336908e+00,8.292193e-01,7.387948e-01,9.963717e-01,2.281788e+00
393049,1,6.548041e-01,9.004742e-01,6.548044e-01,1.132179e-01,4.482440e-03,1.429193e+00,4.555402e-01,2.292644e+00,1.441620e+00,2.521832e+00,1.419579e+00,1.415867e+00,1.180639e+00
393050,1,9.143934e-01,9.412533e-01,9.143935e-01,2.500528e-02,4.176912e-03,2.166395e+00,4.605509e-01,5.737820e+00,1.589953e-01,4.124992e+00,5.161370e+00,1.982112e+00,1.632465e+00
393051,1,8.361038e-01,9.169761e-01,8.361039e-01,2.790564e-01,3.013324e-03,1.426997e+00,4.745331e-01,3.078028e+00,3.605831e-01,3.147144e+00,2.468410e+00,1.213914e+00,4.202100e+00
393052,1,7.635497e-01,9.101094e-01,7.635498e-01,1.757486e-01,3.191698e-03,7.790066e-01,3.906492e-01,7.937593e-01,1.116699e+00,1.103154e+00,8.231768e-03,2.719423e+00,3.366654e+00
393053,1,7.107160e-01,8.531430e-01,7.107161e-01,2.867094e-01,8.710349e-03,1.385586e+00,4.161969e-01,1.503647e+00,4.620241e-01,1.746649e+00,6.348109e-01,1.382583e-02,5.532396e-01
393054,1,6.018944e-01,9.169690e-01,6.018947e-01,8.336497e-02,4.280889e-03,1.537182e+00,4.287200e-01,1.780687e+00,4.340966e-01,1.849803e+00,8.954785e-01,1.939151e+00,7.282387e-01
393055,1,5.965020e-01,8.694947e-01,5.965022e-01,4.613075e-02,3.297375e-03,6.872933e-01,4.670713e-01,1.892244e+00,5.526182e-01,2.103897e+00,9.491376e-01,1.593603e+00,2.019108e+00
393056,1,6.714836e-01,8.323380e-01,6.714838e-01,1.503662e-01,6.184939e-03,2.777029e-01,4.350905e-01,1.403996e+00,7.458818e-01,4.846311e-01,2.623004e+00,1.992482e+00,4.982492e-01
393057,1,7.915109e-01,9.385502e-01,7.915110e-01,1.250919e-01,5.324334e-03,3.658124e+00,4.596149e-01,1.237046e+00,1.188689e+00,1.736868e+00,5.039544e-01,1.000516e+00,1.348071e+00
393058,1,9.348795e-01,9.727650e-01,9.348795e-01,3.563085e-01,6.777368e-04,1.555661e+00,4.983130e-01,1.379118e+00,1.990975e+00,1.769557e+00,5.686790e-01,2.097840e+00,6.502273e+00
393059,1,9.537000e-01,9.811874e-01,9.537000e-01,1.019595e-01,6.643513e-04,1.995230e+00,3.585830e-01,2.837191e+00,8.959283e-01,1.819866e+00,2.168382e+00,1.257081e+00,6.506915e+00
393060,1,9.847995e-01,9.960628e-01,9.847995e-01,9.916958e-02,1.305611e-02,3.295829e-01,2.206870e-01,2.103766e+00,7.978732e+00,2.489029e+00,1.309843e+00,9.254784e-01,9.584815e+00
393061,1,8.477940e-01,9.146053e-01,8.477940e-01,4.195989e-02,2.415557e-03,1.110720e+00,4.053341e-01,4.788490e-02,3.136855e-01,5.963219e-01,7.481820e-01,2.314952e+00,2.888681e+00
393062,1,6.580644e-01,8.613056e-01,6.580646e-01,2.100329e-01,1.083910e-02,1.532352e+00,4.804914e-01,4.715287e-01,1.510873e+00,9.189843e-01,4.977372e-02,7.412793e-01,1.187935e+00
393063,1,7.029632e-01,9.239099e-01,7.029634e-01,1.558517e-02,7.280020e-03,2.819862e+00,4.785411e-01,7.434795e-01,2.045330e+00,1.409392e-01,1.573967e+00,1.460661e+00,8.722931e-01
393064,1,6.353135e-01,9.346448e-01,6.353138e-01,3.252167e-01,3.484981e-03,2.000847e+00,4.830708e-01,1.481814e+00,1.582423e+00,1.910208e+00,8.679468e-01,2.401801e+00,1.170668e+00
393065,1,9.214372e-01,9.217035e-01,9.214372e-01,5.782689e-01,1.279788e-02,1.695971e+00,5.101410e-01,3.239242e-01,5.376883e-02,3.880945e-01,1.119802e+00,3.821563e+00,1.073205e+00
393066,1,9.246338e-01,9.702527e-01,9.246338e-01,2.091705e-01,9.246721e-03,1.854655e+00,4.919747e-01,3.665228e-01,3.133627e+00,1.021084e+00,2.241969e-01,2.577388e+00,5.666451e-01
393067,1,7.687070e-01,8.886767e-01,7.687071e-01,1.741671e-01,2.612783e-03,1.079801e+00,4.629332e-01,1.198559e+00,4.660195e-01,1.722687e+00,2.774340e-01,3.423601e+00,4.631986e-01
393068,1,9.858992e-01,9.922476e-01,9.858992e-01,1.713964e-01,2.605733e-03,3.567072e-01,4.886928e-01,1.166870e+01,2.879633e-01,8.712005e+00,9.709386e+00,1.584762e+00,1.038044e+00
393069,1,7.200440e-01,9.392308e-01,7.200442e-01,4.637518e-01,5.660160e-03,1.921068e+00,5.241266e-01,2.067028e+00,4.120796e-01,8.278109e-01,1.171076e+00,2.961061e+00,2.103324e+00
393070,1,7.881994e-01,9.414195e-01,7.881995e-01,3.911021e-01,9.708909e-03,1.185152e+00,5.086621e-01,1.500626e+00,1.280698e+00,1.800580e+00,9.518229e-01,3.623980e+00,3.503779e-01
393071,1,9.926601e-01,9.974825e-01,9.926601e-01,2.398727e-01,6.359897e-04,2.648492e+00,4.973937e-01,1.194135e+00,1.484642e+01,1.543622e+00,2.907100e-02,1.517719e+00,1.328257e+01
393072,1,9.298671e-01,9.590865e-01,9.298672e-01,6.378635e-01,6.740461e-03,6.283127e+00,4.292998e-01,1.265717e+00,2.165559e-01,3.413337e-01,1.827412e+00,1.130451e+00,3.205843e-01
393073,1,6.127713e-01,8.387556e-01,6.127715e-01,1.392187e+00,3.935492e-03,1.133475e+00,4.755129e-01,1.988353e+00,5.676194e-01,1.009854e+00,2.271917e+00,8.878069e-01,2.131914e+00
393074,1,9.134776e-01,9.200699e-01,9.134776e-01,7.386661e-01,2.080395e-03,5.702499e+00,4.068700e-01,3.090244e+00,6.441548e-01,3.172667e+00,2.135825e+00,1.715320e+00,1.196920e+00
393075,1,8.014401e-01,9.180138e-01,8.014402e-01,1.314074e+00,5.511636e-03,1.110884e+00,4.387763e-01,1.604753e+00,8.176560e-01,9.269176e-01,1.171780e+00,6.542563e-01,3.766783e+00
393076,1,9.625048e-01,9.088630e-01,9.625047e-01,6.860843e-01,5.493254e-03,8.312266e+00,3.348002e-01,1.708681e+00,1.580679e+00,8.752491e-01,2.481923e+00,1.133871e+00,1.506911e+00
393077,1,8.047975e-01,9.184434e-01,8.047976e-01,1.762056e+00,1.426350e-02,1.753693e+00,4.159793e-01,2.604258e+00,6.926296e-01,1.195647e+00,3.804334e+00,1.270206e+00,1.859436e+00
393078,1,7.588184e-01,9.151215e-01,7.588186e-01,9.074860e-01,4.500457e-03,6.087619e-01,3.748100e-01,3.002471e+00,1.494787e+00,3.312179e+00,2.373542e+00,1.781179e+00,7.861750e-01
393079,1,9.328462e-01,9.180510e-01,9.328462e-01,4.321126e-01,1.919163e-03,6.403335e+00,3.126684e-01,1.951508e+00,9.988077e-01,2.116896e+00,9.257711e-01,3.809464e-01,2.627074e+00
393080,1,9.334509e-01,9.888249e-01,9.334510e-01,1.240490e+00,6.180077e-03,3.916679e+00,4.620288e-01,6.431671e+00,1.903344e+00,4.730282e+00,5.705845e+00,1.968242e+00,3.310974e+00
393081,1,7.498617e-01,9.008578e-01,7.498618e-01,2.517462e-01,9.375373e-05,3.219147e+00,3.465601e-01,2.007801e+00,2.215892e-01,2.328455e+00,1.416068e+00,4.780455e-01,6.946170e-01
393082,1,7.138471e-01,8.633564e-01,7.138473e-01,6.072241e-01,2.681657e-03,2.190220e+00,3.877601e-01,9.590602e-01,3.058321e-02,1.224464e+00,6.232856e-01,1.430982e+00,2.622283e-01
393083,1,8.604689e-01,9.411030e-01,8.604689e-01,7.385427e-01,2.581330e-03,3.155381e+00,3.948640e-01,1.356090e+00,4.462500e-01,6.239388e-01,1.003632e+00,7.288595e-01,3.831659e+00
393084,1,6.616800e-01,9.335345e-01,6.616802e-01,1.008496e+00,1.138568e-02,2.556989e+00,3.036530e-01,2.101210e+00,2.281313e+00,2.317369e+00,1.378309e+00,1.497814e+00,8.912509e-01
393085,1,8.897649e-01,9.473721e-01,8.897650e-01,1.017048e+00,1.043278e-02,2.097197e+00,2.972094e-01,7.720018e-01,2.786387e+00,5.670339e-02,1.212832e+00,1.671019e-01,1.954687e+00
393086,1,9.906056e-01,9.995156e-01,9.906056e-01,2.162489e-01,7.713285e-03,4.586103e+00,3.166141e-01,9.550586e+00,1.373338e+01,7.037409e+00,8.605765e+00,1.406626e+00,1.012202e+01
393087,1,9.871386e-01,9.971147e-01,9.871386e-01,9.930478e-01,2.521964e-02,6.733394e+00,4.922412e-01,1.218484e+01,3.648083e-01,8.743748e+00,9.144756e+00,1.940006e+00,1.181059e+00
393088,1,9.209386e-01,9.831021e-01,9.209387e-01,1.698265e+00,2.599233e-02,3.036233e+00,5.802039e-01,5.964966e+00,3.455246e+00,3.477603e+00,4.016413e+00,6.988007e-01,2.829893e+00
393089,1,9.845343e-01,9.898308e-01,9.845343e-01,1.615564e+00,2.742228e-02,8.343405e+00,5.235509e-01,7.697724e-01,3.765699e+00,2.272565e-01,4.272930e-01,1.813331e+00,9.005741e-01
393090,1,9.878953e-01,9.906741e-01,9.878953e-01,1.418863e+00,2.489607e-02,1.258353e+01,5.827733e-01,1.592241e+00,2.568488e-02,6.246067e-01,7.183189e-01,1.197763e+00,2.196311e-01
393091,1,9.916611e-01,9.109014e-01,9.916611e-01,3.715039e+00,4.100932e-02,4.023263e+00,6.693000e-01,1.202040e-01,2.572536e-01,2.386946e-01,4.576742e-01,7.617772e-01,1.138382e+00
393092,1,7.592162e-01,9.776957e-01,7.592164e-01,1.573384e+00,2.755915e-02,2.542807e+00,5.381466e-01,1.887696e+00,1.594824e+00,1.922075e+00,1.570227e+00,1.254220e+00,3.316513e+00
393093,1,9.931427e-01,9.971589e-01,9.931427e-01,8.466661e-01,2.123796e-02,1.524168e+01,5.760580e-01,3.848800e+00,3.772379e+00,2.790433e+00,3.619619e+00,1.705311e+00,1.539714e+00
393094,1,9.861485e-01,9.919753e-01,9.861485e-01,3.359827e+00,3.688153e-02,1.176487e+01,7.397203e-01,2.481025e+00,7.674023e-01,1.358584e+00,2.070291e+00,1.414765e+00,2.680123e+00
393095,1,9.792178e-01,9.862066e-01,9.792178e-01,4.075384e+00,4.894903e-02,9.823761e+00,7.288227e-01,8.668410e-01,4.036377e-01,1.395953e+00,7.683919e-01,1.488955e+00,1.474517e+00
393096,1,8.864517e-01,9.840621e-01,8.864518e-01,4.231733e+00,5.225208e-02,4.979302e+00,7.316415e-01,2.748087e-01,2.951985e+00,3.292308e-01,2.399910e-01,2.081026e+00,1.561866e-01
393097,1,9.085378e-01,9.458164e-01,9.085378e-01,3.529553e+00,3.885654e-02,5.528028e+00,7.333264e-01,9.260683e-01,1.340487e-01,2.077652e-01,8.151128e-01,1.474543e+00,1.687074e+00
393098,1,9.808639e-01,9.825187e-01,9.808639e-01,3.222377e+00,3.956061e-02,5.867508e+00,6.981000e-01,4.855068e+00,1.208058e+00,3.258239e+00,3.421804e+00,3.013648e+00,9.595681e-01
393099,1,9.183909e-01,9.745082e-01,9.183910e-01,2.993957e+00,2.804028e-02,5.876100e+00,7.076143e-01,8.195666e-01,2.119668e+00,1.292490e+00,1.459219e+00,1.571358e+00,1.509688e+00
393100,1,9.816984e-01,9.961105e-01,9.816984e-01,4.032912e+00,1.261833e-02,1.032435e+01,5.513072e-01,5.903099e+00,7.826065e-01,4.228663e+00,4.991908e+00,1.465159e+00,2.314296e+00
393101,1,9.644054e-01,9.893747e-01,9.644054e-01,3.495430e+00,2.578292e-02,5.540843e+00,7.335252e-01,6.270854e+00,1.540745e+00,5.608948e+00,6.809057e+00,2.357626e+00,2.456186e+00
393102,1,9.973630e-01,9.985167e-01,9.973630e-01,2.039065e+00,1.576897e-02,2.200907e+01,6.680788e-01,9.441757e+00,3.007483e+00,7.700615e+00,7.872158e+00,2.666804e+00,1.208028e+00
393103,1,9.873649e-01,9.988526e-01,9.873649e-01,4.733807e+00,3.427596e-02,8.157612e+00,7.339176e-01,6.009830e+00,1.230565e+01,4.674042e+00,4.963525e+00,2.416960e+00,8.616551e+00
393104,1,9.176713e-01,9.499480e-01,9.176714e-01,4.354319e+00,2.903895e-02,2.548671e+00,5.933167e-01,3.198485e+00,1.474772e+00,2.703628e+00,2.283823e+00,3.745462e-01,7.037096e-01
393105,1,8.015178e-01,9.434880e-01,8.015180e-01,2.442045e+00,2.056109e-02,2.020776e+00,5.283948e-01,2.912945e+00,3.767439e+00,2.745073e+00,2.422198e+00,9.607027e-01,2.367108e+00
393106,1,9.569019e-01,9.104259e-01,9.569019e-01,1.227384e+00,7.764668e-03,7.889351e+00,4.587806e-01,3.063484e+00,1.705643e+00,2.967016e+00,1.986005e+00,1.636581e+00,1.199529e+00
393107,1,8.219172e-01,9.570145e-01,8.219174e-01,2.081409e+00,1.952304e-02,3.579879e+00,4.763495e-01,4.003378e+00,5.070317e-01,4.008161e+00,3.257855e+00,1.412437e+00,7.961873e-01
393108,1,5.991098e-01,7.585303e-01,5.991099e-01,7.607044e-01,2.761864e-03,1.913649e+00,4.524920e-01,6.032231e-01,2.579568e-01,1.349547e-01,7.382730e-01,1.236155e+00,3.880933e-01
393109,1,8.597263e-01,8.991924e-01,8.597263e-01,7.788804e-01,6.220086e-03,4.530413e+00,4.456829e-01,1.047565e+00,4.034282e-01,1.849475e+00,8.153643e-01,1.456507e+00,2.006055e+00
393110,1,8.883735e-01,8.840607e-01,8.883735e-01,1.177833e+00,7.101245e-03,5.018972e+00,5.016960e-01,1.149350e+00,9.096355e-01,2.941647e-01,1.941610e+00,1.023553e+00,3.350495e-01
393111,1,7.472980e-01,9.071004e-01,7.472982e-01,1.578795e+00,1.421003e-02,1.653964e+00,5.212957e-01,2.283471e+00,8.683959e-01,3.195280e+00,1.641609e+00,1.803278e+00,6.895223e-01
393112,1,9.087075e-01,9.759172e-01,9.087075e-01,1.235639e+00,7.758333e-03,2.950869e+00,5.063078e-01,1.905822e+00,9.525699e-01,2.642640e+00,1.215098e+00,1.545821e+00,5.472630e+00
393113,1,9.048974e-01,9.173898e-01,9.048974e-01,1.282271e+00,1.803625e-02,4.113911e+00,3.797653e-01,3.761721e+00,7.701713e-01,4.066452e+00,3.351908e+00,6.664618e-01,1.146488e+00
393114,1,7.858744e-01,9.316305e-01,7.858745e-01,1.404049e+00,1.288862e-02,2.696339e+00,4.567903e-01,2.424392e+00,3.600770e+00,2.898176e+00,1.932952e+00,1.071631e+00,9.281583e-01
393115,1,7.082443e-01,8.771869e-01,7.082444e-01,8.192855e-01,2.720202e-03,2.832473e+00,3.884028e-01,8.214680e-01,1.166718e-01,1.767673e+00,3.297185e-01,3.756382e-01,1.862431e+00
393116,1,6.957603e-01,8.967862e-01,6.957605e-01,1.003749e+00,9.114183e-03,1.134800e+00,4.375535e-01,7.261873e-01,1.100056e+00,1.676313e+00,2.759291e-01,1.294522e+00,1.338812e+00
393117,1,7.584100e-01,8.910334e-01,7.584101e-01,6.582121e-01,2.282820e-03,2.895009e-02,4.514767e-01,2.470360e+00,7.224522e-01,3.307989e+00,1.644102e+00,1.733516e+00,7.720326e-02
393118,1,7.609577e-01,8.560336e-01,7.609578e-01,3.620856e-01,7.447242e-04,3.336119e+00,4.473795e-01,1.482613e-01,5.318286e-01,1.236611e+00,1.232811e-02,1.282067e+00,1.446321e+00
393119,1,8.259784e-01,9.046765e-01,8.259784e-01,5.564394e-01,6.682569e-03,4.063393e+00,4.510793e-01,1.916148e-01,2.196595e+00,9.771428e-01,2.518467e-01,1.295484e+00,4.566485e-01
393120,1,9.077156e-01,9.575855e-01,9.077157e-01,1.100715e+00,5.795419e-03,1.494548e+00,5.015765e-01,1.325305e+00,2.858563e+00,2.283264e+00,1.087978e+00,1.614509e+00,1.481720e+00
393121,1,9.398723e-01,9.458623e-01,9.398724e-01,9.523432e-01,8.834684e-03,6.771886e+00,3.822630e-01,8.325234e-01,7.806569e-01,1.844458e+00,1.819882e-01,9.744851e-01,1.827705e+00
393122,1,9.059918e-01,9.824267e-01,9.059919e-01,1.601182e+00,1.651024e-02,1.140683e+00,4.398971e-01,2.063464e-01,5.442150e+00,1.309002e+00,2.611882e-02,1.154976e+00,2.324125e+00
393123,1,9.525384e-01,9.966692e-01,9.525385e-01,1.210150e+00,1.520526e-02,1.148184e+00,4.759532e-01,2.039042e+00,7.515553e+00,4.049279e-01,2.420021e+00,1.477661e+00,4.891932e+00
393124,1,9.209881e-01,9.501779e-01,9.209882e-01,5.310790e-01,9.545991e-03,9.091812e-01,4.872064e-01,5.104669e+00,1.341910e-01,2.610813e+00,5.966579e+00,1.384159e+00,2.037990e+00
393125,1,6.982125e-01,9.058257e-01,6.982127e-01,2.086965e-01,5.367558e-03,1.588292e+00,4.651369e-01,1.598754e+00,1.060208e+00,2.786370e+00,1.655545e+00,1.388016e+00,8.482478e-01
393126,1,8.533685e-01,9.198101e-01,8.533686e-01,9.023660e-02,2.708537e-03,4.428582e+00,4.902072e-01,3.972282e+00,9.562494e-01,2.112400e+00,2.778097e+00,1.139177e-01,2.092925e+00
393127,1,8.474545e-01,9.609198e-01,8.474546e-01,7.402839e-01,1.151626e-02,2.722217e+00,5.575350e-01,4.342784e+00,3.732536e-01,2.622574e+00,2.883914e+00,2.456619e+00,2.783802e+00
393128,1,6.456016e-01,9.065541e-01,6.456018e-01,6.967430e-02,3.933604e-04,1.463862e-01,4.524186e-01,8.065591e-02,3.260244e-01,8.433495e-01,4.589338e-01,1.823392e-01,1.256090e+00
393129,1,6.238373e-01,8.863961e-01,6.238375e-01,1.923128e-02,5.861278e-04,1.436502e+00,4.911591e-01,2.334982e+00,4.136921e-01,1.153411e+00,9.959870e-01,2.081481e+00,8.447565e-03
393130,1,9.090982e-01,9.587134e-01,9.090983e-01,5.546183e+00,3.062605e-03,2.960277e+00,5.221581e-01,1.766624e+00,9.665368e-01,2.077612e+00,1.592772e+00,8.346750e-01,1.979396e+00
393131,1,9.451181e-01,9.471635e-01,9.451181e-01,1.338053e+00,8.118066e-03,1.069772e+00,6.114500e-01,7.260675e-01,2.122298e+00,9.378514e-02,4.285317e-01,9.559198e-01,1.424884e+00
393132,1,9.185783e-01,9.694130e-01,9.185784e-01,4.590642e-02,4.368249e-03,1.919231e-01,5.352789e-01,1.300563e+00,1.217313e+00,1.721480e+00,1.604786e+00,2.529472e+00,6.682374e-01
393133,1,9.980808e-01,9.997790e-01,9.980808e-01,6.940956e-01,1.587510e-03,1.800096e+00,5.053450e-01,2.943856e+00,2.519521e+01,2.839557e+00,2.108108e+00,2.092619e+00,1.975350e+01
393134,1,9.145366e-01,9.155370e-01,9.145366e-01,4.293846e-01,1.239560e-02,9.002827e-01,3.777761e-01,1.271768e+00,7.221768e-01,1.802842e+00,4.624964e-01,2.274562e+00,1.605585e+00
393135,1,7.260517e-01,9.068228e-01,7.260519e-01,7.342149e-02,1.061851e-02,1.131977e+00,3.343632e-01,2.181276e+00,3.015620e+00,1.142666e+00,1.462631e+00,1.651402e+00,1.233608e+00
393136,1,6.947897e-01,8.664432e-01,6.947898e-01,1.355262e-01,1.121983e-02,1.180673e+00,3.181701e-01,2.313881e+00,7.916332e-01,2.764315e+00,1.656952e+00,1.000891e-01,7.818966e-01
393137,1,8.551524e-01,9.890989e-01,8.551526e-01,3.454759e-01,6.181241e-03,9.682628e-01,3.548363e-01,3.019208e+00,4.455480e+00,1.589604e+00,2.893398e+00,2.586226e+00,2.843929e+00
393138,1,6.526454e-01,8.688299e-01,6.526456e-01,3.943859e-01,1.044992e-02,1.398709e+00,3.755735e-01,1.639180e+00,3.732482e-01,2.339825e+00,8.760896e-01,1.277100e+00,1.156004e+00
393139,1,6.579477e-01,9.230047e-01,6.579479e-01,2.503448e-02,1.090311e-02,2.310008e+00,3.087738e-01,2.015876e+00,2.293313e+00,2.542097e+00,1.163507e+00,1.216286e+00,1.432496e+00
393140,1,6.861794e-01,9.637397e-01,6.861796e-01,3.001900e-01,3.732355e-03,1.397513e+00,3.351329e-01,1.347113e+00,2.711473e+00,1.983317e+00,4.863506e-01,2.563879e+00,1.439397e+00
393141,1,6.256743e-01,8.913605e-01,6.256745e-01,2.371649e-02,1.341479e-02,3.399650e-01,3.468078e-01,1.714943e+00,1.173545e+00,2.345679e+00,1.033600e+00,1.559494e+00,1.253136e+00
393142,1,9.959822e-01,9.995085e-01,9.959822e-01,1.498228e-01,1.199595e-02,3.641340e+00,3.395652e-01,2.013558e+00,1.846001e+01,2.525007e+00,1.269705e+00,4.353445e-01,1.576058e+01
393143,1,9.738395e-01,9.929265e-01,9.738395e-01,3.344060e-03,9.301245e-03,4.928264e-01,4.214421e-01,7.776261e-01,6.866006e+00,1.055988e-01,4.347315e-01,1.286336e+00,4.446312e+00
393144,1,7.293845e-01,9.159029e-01,7.293846e-01,4.531596e-01,6.924526e-03,1.647854e+00,4.366778e-01,1.322024e-01,8.246121e-02,8.480594e-01,2.224351e-01,3.044561e+00,1.283686e+00
393145,1,8.118360e-01,9.483675e-01,8.118361e-01,4.167875e-01,1.745802e-02,2.909689e-01,4.718373e-01,1.560859e+00,9.728739e-01,2.178234e+00,1.349071e+00,3.882246e+00,8.168690e-01
393146,1,9.209881e-01,9.738328e-01,9.209882e-01,4.132431e-02,5.625458e-03,1.795541e+00,4.567953e-01,5.966530e+00,1.226016e+00,3.855351e+00,5.796119e+00,2.429239e+00,2.766726e+00
393147,1,8.903625e-01,9.754947e-01,8.903626e-01,2.952729e-01,8.832418e-03,4.141364e-02,4.244993e-01,5.060603e+00,2.055789e+00,2.803423e+00,4.613364e+00,1.368858e+00,1.149336e+00
393148,1,8.846483e-01,9.456714e-01,8.846484e-01,8.752248e-02,2.222573e-03,8.619271e-01,5.270765e-01,4.532772e+00,6.648831e-01,4.945045e+00,3.937136e+00,1.284076e+00,2.119979e-01
393149,1,9.676603e-01,9.911303e-01,9.676603e-01,1.835612e-01,3.530856e-03,4.898861e-01,4.985775e-01,8.383545e+00,1.341646e-01,5.798791e+00,8.692067e+00,1.280896e+00,1.551447e+00
393150,1,7.927113e-01,9.464316e-01,7.927115e-01,3.026037e-02,1.465424e-03,2.128325e+00,4.666423e-01,7.264849e-01,4.260745e-01,8.776845e-01,1.524794e+00,1.702877e+00,1.972799e+00
393151,1,8.722280e-01,9.702863e-01,8.722281e-01,8.170309e-02,1.117083e-03,2.338730e+00,5.426288e-01,4.542494e+00,6.076556e-02,4.744987e+00,4.054459e+00,1.430473e+00,1.057772e+00
393152,1,8.701240e-01,9.462407e-01,8.701241e-01,3.871831e-01,8.955080e-04,2.033050e+00,5.214790e-01,4.712389e+00,5.077842e-01,3.504636e+00,3.537398e+00,1.618803e+00,1.490296e+00
393153,1,7.776832e-01,9.727703e-01,7.776834e-01,9.000448e-02,4.292259e-03,9.414756e-01,4.813488e-01,1.613655e+00,3.515679e+00,2.061449e+00,6.862872e-01,2.357641e+00,3.746869e-01
393154,1,8.760292e-01,9.553561e-01,8.760293e-01,2.746034e-02,7.885179e-03,4.834275e-01,5.250862e-01,1.688052e+00,4.801485e+00,2.062048e+00,1.437275e+00,8.384789e-01,9.385562e-02
393155,1,6.252482e-01,8.844708e-01,6.252484e-01,7.390973e-02,2.742280e-03,9.960394e-01,4.813267e-01,2.108573e+00,1.520878e+00,2.187535e+00,2.343178e+00,2.036756e+00,2.087681e-01
393156,1,8.240831e-01,9.341586e-01,8.240832e-01,2.672923e-01,3.918558e-03,3.277591e+00,4.433226e-01,4.036162e+00,6.562747e-01,2.717969e+00,3.933174e+00,1.159748e+00,4.621835e-01
393157,1,8.827088e-01,9.807419e-01,8.827089e-01,2.747530e-01,2.187671e-04,3.561135e-01,5.105628e-01,4.907806e+00,1.654293e+00,4.656481e+00,4.387888e+00,1.715039e+00,2.565447e+00
393158,1,7.867107e-01,9.700653e-01,7.867109e-01,8.412447e-02,9.231067e-04,2.014705e+00,4.221947e-01,3.177067e-02,4.024960e-01,4.593247e-01,2.972073e-02,1.680136e+00,1.207432e+00
393159,1,7.207070e-01,8.825791e-01,7.207072e-01,2.157103e-01,8.025253e-05,8.724948e-01,5.114474e-01,2.885611e+00,3.661575e-01,2.966875e+00,2.332203e+00,1.142655e+00,5.216295e-01
393160,1,7.380230e-01,9.184611e-01,7.380232e-01,7.340414e-01,3.475738e-03,7.395430e-01,4.924267e-01,2.088405e+00,1.268761e+00,1.201159e+00,1.016329e+00,2.213946e+00,1.864961e+00
393161,1,6.911776e-01,9.442411e-01,6.911778e-01,4.416905e-01,1.081306e-03,1.229576e+00,5.399105e-01,1.533604e-01,4.278776e-01,6.689123e-01,2.058704e-03,1.250248e+00,2.290260e+00
393162,1,7.922145e-01,9.226847e-01,7.922146e-01,1.830674e-01,3.635449e-04,8.736447e-01,4.407009e-01,3.665512e+00,4.751735e-01,3.565906e+00,3.449561e+00,2.049608e+00,6.417574e-01
393163,1,7.950363e-01,9.689250e-01,7.950364e-01,3.399701e-01,2.980427e-03,2.436091e+00,4.339334e-01,1.286825e+00,1.636470e+00,1.568452e+00,1.087090e+00,8.451556e-01,2.600315e+00
393164,1,6.187578e-01,8.525119e-01,6.187580e-01,4.967498e-02,1.409005e-05,1.489488e+00,5.103139e-01,5.193292e-02,3.020683e-02,7.658446e-01,7.412604e-01,2.306165e+00,1.757474e+00
393165,1,5.914543e-01,8.538767e-01,5.914545e-01,9.406610e-02,1.785795e-03,1.772944e+00,5.085101e-01,3.526595e-01,1.147021e-01,1.135530e+00,4.930202e-01,1.755009e+00,5.979790e-01
393166,1,7.484897e-01,9.207541e-01,7.484898e-01,3.233969e-01,1.371938e-03,2.009903e-01,5.151524e-01,2.994833e+00,1.357392e+00,1.565584e+00,2.495586e+00,1.109438e+00,4.719878e-01
393167,1,8.297708e-01,9.583793e-01,8.297709e-01,6.934372e-01,3.890437e-03,4.003926e-01,4.854799e-01,4.115716e+00,2.253027e+00,2.208498e+00,4.032793e+00,1.044096e+00,2.046251e+00
393168,1,7.108326e-01,9.335946e-01,7.108328e-01,2.598374e-01,4.587100e-03,7.984475e-01,4.275507e-01,1.104289e+00,6.066804e-01,2.335175e-01,5.916866e-01,3.855385e-01,1.167998e+00
393169,1,7.634913e-01,9.437161e-01,7.634915e-01,1.424596e-01,3.352066e-03,1.249539e+00,4.782562e-01,3.365545e+00,1.205294e+00,1.777039e+00,2.579181e+00,2.815793e+00,1.236624e+00
393170,1,9.408288e-01,9.922494e-01,9.408289e-01,7.913705e-02,1.554802e-03,1.094556e+00,5.354161e-01,5.446953e+00,6.834219e+00,5.170379e+00,5.149246e+00,1.748450e+00,1.036944e+00
393171,1,9.331698e-01,9.949649e-01,9.331698e-01,1.525443e-01,5.535241e-03,4.891930e+00,5.128263e-01,3.621869e+00,6.417878e+00,3.413192e+00,2.718518e+00,4.928027e-01,4.502292e+00
393172,1,7.555158e-01,9.169937e-01,7.555159e-01,8.367669e-01,2.954316e-03,5.678285e-01,4.872068e-01,3.109868e+00,7.645455e-01,3.276742e+00,1.679515e+00,1.565993e+00,4.037986e-01
393173,1,8.553823e-01,9.402491e-01,8.553824e-01,5.346743e-01,7.748344e-04,3.047260e+00,4.812887e-01,2.570254e+00,4.458905e+00,2.413563e+00,2.342777e+00,1.206386e+00,6.644675e-03
393174,1,7.048514e-01,8.714164e-01,7.048516e-01,8.061452e-01,1.064176e-03,2.834156e+00,4.967620e-01,1.467996e+00,1.047670e+00,1.822570e+00,6.939367e-01,2.166191e+00,4.821096e-01
393175,1,7.947393e-01,9.165022e-01,7.947394e-01,8.176776e-01,1.047775e-03,1.293274e+00,5.035263e-01,7.865182e-02,7.867625e-02,7.228304e-01,8.673618e-01,1.806780e+00,3.692232e+00
393176,1,7.454451e-01,8.268839e-01,7.454452e-01,7.976928e-01,2.325383e-03,3.178415e+00,4.475268e-01,7.109120e-01,2.399276e-01,4.891158e-01,8.417724e-01,1.379024e+00,5.113348e-02
393177,1,6.967362e-01,9.210759e-01,6.967364e-01,9.565864e-01,2.956030e-03,2.047805e+00,4.678757e-01,1.918575e+00,1.456788e+00,2.473589e+00,1.109121e+00,1.664019e+00,2.679691e+00
393178,1,8.075379e-01,9.021519e-01,8.075380e-01,8.872993e-01,5.854968e-04,2.657617e+00,4.943963e-01,3.834212e+00,1.539544e+00,2.245983e+00,3.084378e+00,1.090875e+00,6.511203e-01
393179,1,7.758232e-01,9.044626e-01,7.758233e-01,9.897009e-01,3.550279e-03,3.497135e+00,4.991323e-01,1.308598e+00,5.249188e-01,1.892890e-01,2.891515e+00,1.521594e+00,1.265772e+00
393180,1,7.550915e-01,9.200081e-01,7.550916e-01,1.189044e+00,7.094441e-03,2.782960e+00,4.609641e-01,2.524631e+00,1.702917e+00,3.271840e+00,1.801770e+00,1.556258e+00,1.343809e-01
393181,1,8.074672e-01,9.388861e-01,8.074673e-01,1.127940e+00,4.257102e-03,1.353261e+00,4.852496e-01,2.392029e+00,1.126875e+00,2.881096e+00,1.959064e+00,1.112469e+00,3.833510e+00
393182,1,8.513707e-01,9.482950e-01,8.513707e-01,4.847255e-01,2.653003e-03,4.397163e+00,3.686361e-01,1.173280e+00,2.725798e-01,1.702550e+00,5.255832e-01,1.106398e+00,3.526763e+00
393183,1,5.359562e-01,8.672476e-01,5.359565e-01,9.437758e-01,3.881417e-03,1.238498e+00,4.796674e-01,3.857009e-01,9.032922e-01,1.227368e+00,7.929883e-01,1.264491e+00,1.369631e+00
393184,1,7.430123e-01,9.041992e-01,7.430125e-01,7.277438e-01,4.486408e-03,2.757948e+00,4.248751e-01,2.488698e+00,1.635410e+00,9.063391e-01,3.155882e+00,1.146244e+00,1.028371e+00
393185,1,9.960847e-01,9.997543e-01,9.960847e-01,6.086257e-01,5.302974e-03,1.639560e+01,4.713993e-01,1.460343e+01,1.353747e+01,1.055832e+01,1.284414e+01,3.091479e-01,1.196771e+01
393186,1,9.870873e-01,9.967735e-01,9.870873e-01,3.004412e+00,4.298400e-02,8.786872e+00,5.625686e-01,1.115769e+01,1.780751e+00,7.229198e+00,7.973934e+00,6.237445e-02,5.313059e+00
393187,1,9.763271e-01,9.798685e-01,9.763271e-01,3.309126e+00,4.723109e-02,9.450722e+00,5.235811e-01,4.783854e+00,9.609066e-01,1.949125e+00,3.893879e+00,1.074438e-01,1.567544e+00
393188,1,9.382139e-01,9.955643e-01,9.382140e-01,4.212132e+00,5.488038e-02,4.057928e+00,5.319917e-01,6.678182e+00,2.009520e+00,4.104500e+00,5.203127e+00,1.347362e+00,2.667619e+00
393189,1,9.946880e-01,9.853491e-01,9.946880e-01,1.316294e+01,3.954097e-02,1.699703e+01,5.388514e-01,3.389210e+00,2.149895e+00,1.669542e+00,2.503141e+00,1.855419e+00,2.631305e-01
393190,1,9.717515e-01,9.461293e-01,9.717515e-01,9.072389e+00,6.068038e-02,1.048515e+00,7.864957e-01,4.822344e-01,1.712709e+00,1.131364e+00,1.166448e+00,2.121359e+00,1.129105e+00
393191,1,9.909875e-01,9.922211e-01,9.909875e-01,3.671325e+00,3.789970e-02,1.405771e+01,5.326013e-01,3.755490e+00,1.971430e+00,2.552147e+00,2.874114e+00,7.561968e-01,3.640867e+00
393192,1,9.542304e-01,9.781041e-01,9.542304e-01,4.811736e+00,4.625316e-02,7.659377e+00,6.977179e-01,5.459903e+00,1.319716e+00,3.844504e+00,4.066244e+00,2.039565e+00,5.292291e+00
393193,1,9.225599e-01,9.864629e-01,9.225600e-01,4.539396e+00,4.581980e-02,8.721359e-01,6.211965e-01,6.015721e+00,1.440549e+00,4.077400e+00,5.602891e+00,6.879560e-01,5.269189e-01
393194,1,9.836874e-01,9.908951e-01,9.836874e-01,3.021783e+00,3.117141e-02,1.079950e+01,5.300092e-01,9.177443e-01,2.232590e+00,3.490506e-02,4.403025e-02,2.019149e+00,2.634047e+00
393195,1,9.426888e-01,9.612098e-01,9.426888e-01,3.844335e+00,3.429288e-02,6.945248e+00,5.774850e-01,2.136220e+00,2.876338e+00,1.349157e+00,8.051427e-01,1.054425e+00,1.866240e-01
393196,1,9.873613e-01,9.882751e-01,9.873613e-01,3.794087e+00,3.428319e-02,1.230219e+01,5.726978e-01,4.374168e+00,4.369866e-01,3.124587e+00,3.542849e+00,1.375560e+00,1.662834e+00
393197,1,9.772253e-01,9.892156e-01,9.772253e-01,4.599586e+00,4.097734e-02,5.789093e+00,7.578529e-01,9.553480e+00,2.754835e+00,7.367403e+00,6.725407e+00,1.497292e+00,7.621946e-01
393198,1,9.602735e-01,9.558441e-01,9.602735e-01,4.180201e+00,3.582930e-02,3.699325e+00,7.245337e-01,3.242294e+00,1.111275e+00,3.115199e+00,3.702669e+00,1.450127e+00,4.020456e+00
393199,1,9.348971e-01,9.633419e-01,9.348972e-01,3.415577e+00,3.144290e-02,6.503005e+00,5.743924e-01,2.013468e+00,2.672375e+00,1.918522e+00,1.677245e+00,2.219434e+00,4.447130e-01
393200,1,9.870837e-01,9.831923e-01,9.870837e-01,3.381297e+00,3.066578e-02,1.215148e+01,5.795580e-01,6.934410e-01,3.213417e+00,7.564184e-01,8.576206e-01,1.479550e+00,1.010275e+00
393201,1,9.299997e-01,9.434102e-01,9.299997e-01,4.334762e+00,4.827193e-02,2.821586e+00,5.819094e-01,1.248279e+00,6.732797e-01,6.281451e-01,1.340845e+00,2.101640e+00,1.339560e+00
393202,1,9.519497e-01,9.399610e-01,9.519497e-01,3.845891e+00,4.274024e-02,6.192176e+00,5.467316e-01,1.183074e+00,1.020979e+00,1.381288e+00,1.465207e+00,2.938165e+00,1.218678e-01
393203,1,9.210111e-01,9.463326e-01,9.210112e-01,3.244508e+00,3.852129e-02,1.658785e+00,5.423443e-01,2.079060e+00,1.280265e+00,2.164413e+00,2.220788e+00,1.711534e+00,1.468780e+00
393204,1,9.509012e-01,9.835158e-01,9.509013e-01,2.750010e+00,2.910116e-02,7.380905e+00,5.069315e-01,1.902844e-01,2.631831e+00,5.391585e-01,1.234668e+00,1.276880e+00,6.448580e+00
393205,1,9.845201e-01,9.984230e-01,9.845201e-01,3.031714e+00,4.221148e-02,8.242911e+00,5.567382e-01,6.644207e+00,1.107982e+01,5.949790e+00,6.825669e+00,4.140112e+00,9.600020e+00
393206,1,9.868557e-01,9.990188e-01,9.868557e-01,6.885492e-01,3.338774e-02,1.494746e+00,3.882158e-01,1.082617e+01,8.090302e+00,9.015860e+00,9.476820e+00,4.003910e+00,6.452773e+00
393207,1,9.941576e-01,9.979633e-01,9.941576e-01,6.763192e-01,6.529542e-03,1.631558e+01,4.073396e-01,2.204410e+00,6.287005e+00,1.683422e+00,2.117038e+00,2.584856e+00,7.816194e+00
393208,1,9.737211e-01,9.737568e-01,9.737211e-01,3.135183e+00,3.527474e-02,9.250647e+00,5.720233e-01,2.072557e-01,2.825023e-02,7.201171e-01,5.505516e-02,2.675432e+00,2.135356e+00
393209,1,9.938040e-01,9.976292e-01,9.938040e-01,7.602665e-01,2.260350e-02,5.140089e+00,3.175183e-01,7.037887e+00,1.582964e+01,4.330247e+00,6.635080e+00,3.493087e+00,1.600440e+00
393210,1,9.758002e-01,9.953026e-01,9.758003e-01,1.039877e+00,2.548916e-02,6.601067e+00,5.118264e-01,1.723224e+00,3.636143e+00,5.660316e-03,1.457820e-01,6.690152e-01,9.403380e+00
393211,1,9.887457e-01,9.993140e-01,9.887457e-01,2.176029e+00,3.232589e-02,6.435230e+00,5.207878e-01,3.535786e+00,1.303889e+01,1.841568e+00,5.928852e-01,3.272146e+00,1.007307e+01
393212,1,9.590483e-01,9.738134e-01,9.590483e-01,2.498883e-01,3.825457e-03,5.082970e+00,5.379655e-01,1.350271e+00,1.320513e+00,2.266175e+00,1.853051e+00,7.362299e-01,3.633061e+00
393213,1,9.865144e-01,9.979527e-01,9.865145e-01,1.195500e+00,9.261596e-03,3.664784e+00,5.066389e-01,2.631227e+00,1.188281e+01,1.088050e+00,2.031601e+00,2.627902e+00,5.598764e+00
393214,1,9.978669e-01,9.984142e-01,9.978669e-01,3.463379e-01,6.483078e-03,2.417639e+01,2.758461e-01,1.348401e+01,2.849647e+00,9.163801e+00,1.315760e+01,2.646557e+00,2.814382e+00
393215,1,9.718434e-01,9.871454e-01,9.718434e-01,4.297070e+00,5.684378e-02,9.083503e+00,5.965939e-01,2.985870e+00,5.499501e+00,7.520833e-01,7.363625e-01,2.051285e+00,7.332582e+00
393216,1,9.914225e-01,9.863551e-01,9.914225e-01,4.325391e+00,5.492995e-02,5.212296e+00,5.345256e-01,3.872006e+00,4.566072e+00,1.782865e+00,2.496313e+00,4.258683e-01,3.002481e-01
393217,1,9.148018e-01,9.861359e-01,9.148019e-01,3.701071e+00,4.836655e-02,4.294141e+00,5.616718e-01,8.927468e-02,5.752646e+00,1.243230e+00,9.055021e-01,7.375160e-01,3.040917e+00
393218,1,9.945324e-01,9.846879e-01,9.945324e-01,3.249625e+00,4.141014e-02,1.672625e+01,4.723008e-01,1.441241e+00,2.277117e+00,2.467714e-01,8.707875e-01,6.668865e-01,3.959964e-01
393219,1,9.101060e-01,9.251351e-01,9.101060e-01,4.948231e+00,5.962919e-02,5.579723e+00,5.483842e-01,2.302055e+00,1.791638e+00,9.270070e-01,1.588127e+00,1.235054e-01,9.722477e-01
393220,1,9.780315e-01,9.465836e-01,9.780315e-01,9.664643e+00,3.281635e-02,1.245205e+00,4.171817e-01,9.595409e-01,4.900107e-01,3.228331e-01,3.011081e-01,2.158193e+00,1.932723e+00
393221,1,9.150953e-01,9.877871e-01,9.150954e-01,4.664782e+00,2.055566e-02,3.905537e+00,4.771036e-01,1.144286e-01,1.051068e+00,8.600445e-01,5.062660e-01,2.117509e+00,4.474480e+00
393222,1,9.902308e-01,9.680004e-01,9.902308e-01,2.865167e-01,5.201184e-04,7.825751e-01,4.103667e-01,2.783136e+00,7.257894e-01,1.502867e+00,1.974155e+00,2.500718e-01,5.800436e+00
393223,1,9.899921e-01,9.976168e-01,9.899921e-01,2.305456e-02,1.520599e-02,8.396809e+00,2.824108e-01,1.836657e-01,2.206440e+00,7.555681e-01,3.490684e-01,4.685875e+00,5.545932e+00
393224,1,9.352119e-01,9.895851e-01,9.352119e-01,1.707886e+00,2.138727e-02,6.519381e+00,4.547080e-01,4.439585e-01,5.419256e+00,6.243857e-01,2.053176e-01,4.084518e+00,2.518673e+00
393225,1,7.733197e-01,9.523966e-01,7.733199e-01,8.529625e-02,4.284574e-03,5.116415e-01,3.165888e-01,4.997802e-02,2.213814e+00,1.089659e+00,4.819933e-01,2.302179e+00,3.266954e+00
393226,1,9.171763e-01,9.840320e-01,9.171764e-01,4.049055e-02,2.371337e-04,5.834953e+00,3.666652e-01,1.317992e+00,1.137972e+00,1.357785e-01,1.293498e-01,1.967457e+00,1.950391e+00
393227,1,9.171409e-01,9.712817e-01,9.171410e-01,1.174590e+00,1.713541e-02,2.375441e+00,3.297555e-01,5.034215e-02,5.833619e+00,8.640879e-01,5.735793e-01,2.940808e+00,4.015680e-01
393228,1,9.818946e-01,9.963315e-01,9.818946e-01,7.126889e-01,4.630875e-03,6.736204e+00,3.328671e-01,3.424601e+00,3.265435e+00,1.616238e+00,2.340686e+00,4.481856e+00,1.681926e+00
393229,1,8.875496e-01,9.890441e-01,8.875497e-01,1.810467e+00,2.039698e-02,2.563104e+00,4.441769e-01,2.030140e+00,3.112070e+00,2.711478e+00,2.003043e+00,5.581898e-01,1.961951e+00
393230,1,8.311569e-01,9.708768e-01,8.311570e-01,8.009476e-01,1.759705e-02,1.300386e+00,2.782223e-01,2.179272e+00,2.370112e+00,5.224127e-01,1.619674e+00,1.675768e+00,1.368212e+00
393231,1,8.915772e-01,9.906883e-01,8.915772e-01,8.316687e-01,1.330209e-02,1.729188e+00,3.103509e-01,3.293604e+00,3.405241e+00,1.430240e+00,2.655968e+00,7.553733e-01,2.132342e+00
393232,1,9.660885e-01,9.866327e-01,9.660885e-01,9.410235e-01,1.273148e-02,2.525804e+00,4.186800e-01,4.574024e-01,3.567310e-01,9.238151e-01,1.467373e-01,3.801235e+00,3.658616e+00
393233,1,8.946906e-01,9.885791e-01,8.946907e-01,6.150556e-02,7.858148e-03,2.248484e+00,3.193877e-01,2.902033e+00,5.153578e+00,1.232945e+00,1.606645e+00,1.537346e-01,3.814221e+00
393234,1,8.891709e-01,9.907749e-01,8.891710e-01,3.085179e-02,4.663226e-03,2.485932e+00,4.286211e-01,4.801227e+00,5.036130e+00,2.335556e+00,4.434788e+00,5.452600e-01,1.025091e+00
393235,1,9.808373e-01,9.901385e-01,9.808373e-01,6.380031e-01,1.800915e-02,1.009498e+01,3.535117e-01,1.892305e+00,7.907607e-02,1.879898e-01,5.519752e-01,4.020520e+00,9.648694e-01
393236,1,9.965338e-01,9.927409e-01,9.965338e-01,4.133903e-01,4.094187e-02,1.943485e+01,4.019596e-01,7.635018e-01,4.323452e+00,4.023573e-01,5.285729e-01,2.296467e+00,4.408152e+00
393237,1,9.933885e-01,9.794849e-01,9.933885e-01,5.435648e+00,7.031847e-02,1.008607e+01,5.396770e-01,3.072671e+00,1.878110e+00,1.428130e+00,1.300015e+00,1.589489e+00,4.540441e-01
393238,1,9.186172e-01,9.861429e-01,9.186173e-01,4.752479e+00,6.622159e-02,5.885203e+00,5.094642e-01,1.380629e+00,3.325666e+00,9.447458e-02,4.255743e-01,1.091799e+00,6.467924e-01
393239,1,9.842726e-01,9.927356e-01,9.842726e-01,4.061241e+00,5.807551e-02,1.098749e+01,5.569207e-01,7.067332e+00,3.937517e-01,4.465457e+00,6.217950e+00,3.628237e-01,2.344024e+00
393240,1,9.800470e-01,9.665560e-01,9.800470e-01,4.633385e+00,6.632428e-02,9.922033e+00,5.558962e-01,2.898303e+00,2.349365e+00,3.785947e+00,3.053494e+00,1.193828e+00,6.257089e-02
393241,1,9.346779e-01,9.108572e-01,9.346779e-01,4.722704e+00,6.585113e-02,5.382088e+00,5.704223e-01,2.602500e+00,5.258131e-01,9.510269e-01,2.119697e+00,1.200961e+00,1.176058e-01
393242,1,9.607084e-01,9.501796e-01,9.607084e-01,3.970169e+00,5.894842e-02,8.198457e+00,5.203533e-01,5.646221e+00,5.614399e-01,3.470290e+00,2.824991e+00,6.305865e-01,4.186710e-01
393243,1,9.386365e-01,9.727349e-01,9.386365e-01,4.029485e+00,5.992051e-02,6.698960e+00,5.026923e-01,5.786707e+00,2.428419e-01,5.722244e+00,6.230763e+00,1.018311e+00,3.351165e-01
393244,1,9.901742e-01,9.835246e-01,9.901742e-01,3.721417e+00,5.510354e-02,1.362939e+01,4.990484e-01,3.373141e+00,4.596864e-01,1.659759e+00,3.936395e+00,5.696419e-01,3.845060e+00
393245,1,8.765561e-01,9.333012e-01,8.765561e-01,4.809853e+00,6.539207e-02,3.897352e+00,6.472279e-01,1.971618e+00,7.362757e-01,2.827426e+00,2.636353e+00,3.392409e-01,2.763975e+00
393246,1,9.418667e-01,9.609481e-01,9.418667e-01,3.839585e+00,5.759456e-02,6.895472e+00,5.900229e-01,3.659592e+00,1.129610e+00,1.937839e+00,1.531897e+00,1.539113e+00,2.070927e+00
393247,1,9.688608e-01,9.548434e-01,9.688608e-01,4.026803e+00,6.563305e-02,8.801227e+00,5.120035e-01,2.900875e+00,1.006918e+00,3.329464e+00,3.858282e+00,2.415522e+00,8.439433e-02
393248,1,7.783409e-01,9.497111e-01,7.783410e-01,2.869678e+00,6.248579e-02,3.522610e+00,4.848625e-01,2.907772e+00,6.458225e-01,3.329868e+00,3.458605e+00,3.164531e-01,3.520535e-01
393249,1,9.080851e-01,9.587187e-01,9.080852e-01,3.208102e+00,6.012220e-02,5.512606e+00,4.599366e-01,4.242599e-01,1.713945e-01,5.340768e-01,4.833497e-01,7.549462e-01,1.570421e+00
393250,1,9.931533e-01,9.910649e-01,9.931533e-01,5.975234e+00,5.809255e-02,1.525345e+01,4.594082e-01,7.087363e-01,2.043761e+00,6.788653e-01,4.416078e-01,1.181461e+00,6.300451e-01
393251,1,9.938093e-01,9.904655e-01,9.938093e-01,5.480480e+00,7.653123e-02,1.583521e+01,6.133202e-01,4.129611e-01,1.463691e-01,7.953617e-01,1.935356e+00,3.370884e+00,2.609052e+00
393252,1,9.513609e-01,9.770345e-01,9.513610e-01,7.253078e-01,2.086850e-02,1.898899e+00,3.127492e-01,3.129181e+00,2.191855e+00,3.850049e+00,3.193863e+00,2.358902e+00,2.910804e+00
393253,1,7.698084e-01,9.157244e-01,7.698086e-01,7.167272e-01,2.781691e-02,1.588975e+00,2.997326e-01,2.202722e-01,2.008303e+00,8.596771e-01,1.468573e+00,1.908222e+00,1.041841e+00
393254,1,7.933408e-01,9.427455e-01,7.933409e-01,9.464323e-02,1.997801e-02,5.495830e-01,2.744367e-01,3.677184e+00,1.145264e+00,1.711635e+00,2.410737e+00,1.129392e+00,2.518274e+00
393255,1,8.663493e-01,9.207435e-01,8.663494e-01,2.320602e-02,1.321352e-02,9.003903e-01,3.546887e-01,2.534238e+00,4.514081e-01,3.544798e+00,3.239683e+00,1.676478e+00,1.988725e+00
393256,1,9.917372e-01,9.966763e-01,9.917372e-01,8.080505e-02,1.520288e-02,1.135480e+00,3.351847e-01,1.425545e+01,5.354370e-01,9.974912e+00,1.281351e+01,3.466393e-01,9.622834e-01
393257,1,8.741799e-01,9.704596e-01,8.741799e-01,3.029287e-01,1.888441e-02,1.189348e+00,3.811831e-01,3.444833e+00,6.684277e-01,4.773419e+00,4.756377e+00,2.132658e+00,3.426462e+00
393258,1,9.097418e-01,9.763610e-01,9.097418e-01,4.714019e-02,8.577795e-03,5.567857e+00,3.698161e-01,5.733685e-01,3.044560e-01,1.807851e+00,1.417401e+00,2.244575e+00,2.247761e+00
393259,1,8.066027e-01,9.346854e-01,8.066028e-01,9.965980e-01,2.344961e-02,2.632965e+00,4.227819e-01,3.824738e+00,1.939838e-02,1.608730e+00,3.674319e+00,2.438419e+00,2.528746e+00
393260,1,9.108273e-01,9.239152e-01,9.108274e-01,4.471533e-01,1.176651e-02,2.002612e+00,4.212804e-01,4.364734e+00,1.255836e+00,5.046751e+00,4.355374e+00,1.052216e+00,8.271849e-01
393261,1,9.807755e-01,9.973569e-01,9.807755e-01,4.640881e-01,1.388729e-02,6.596135e+00,4.130234e-01,2.091056e+00,1.874054e+00,3.144258e-01,2.134165e+00,2.654570e+00,4.227786e+00
393262,1,8.667383e-01,9.867546e-01,8.667384e-01,1.775067e+00,3.368322e-02,4.019953e+00,4.148710e-01,4.609878e-01,1.148336e+00,1.894972e+00,6.028144e-01,4.086712e+00,1.343685e+00
393263,1,9.842036e-01,9.897884e-01,9.842036e-01,3.901964e-03,1.807647e-02,1.096583e+01,3.141801e-01,1.501791e+00,8.396923e-01,2.475174e+00,2.742812e+00,3.194988e-01,5.603066e+00
393264,1,9.623898e-01,9.460250e-01,9.623898e-01,1.681863e+00,4.391634e-02,2.621208e+00,3.278243e-01,9.097254e-01,1.058668e+00,2.029363e+00,1.327007e+00,8.763873e-01,3.100170e-01
393265,1,9.384756e-01,9.929901e-01,9.384757e-01,1.079499e+00,4.260186e-02,7.241674e-01,1.921621e-01,5.810584e-02,1.513720e-01,1.344445e+00,3.640302e-01,2.780016e+00,6.270817e+00
393266,1,7.994546e-01,8.757885e-01,7.994546e-01,6.612085e-01,2.303281e-02,1.242535e+00,3.820642e-01,3.446984e-01,9.261858e-01,1.664807e+00,5.703456e-01,2.310237e-01,1.751262e+00
393267,1,8.950478e-01,9.675195e-01,8.950478e-01,5.565098e-01,2.517068e-02,5.162290e+00,3.827198e-01,2.909834e+00,3.450262e-01,3.789890e+00,3.164405e+00,1.491298e+00,1.832277e+00
393268,1,8.061129e-01,9.224602e-01,8.061130e-01,1.213732e+00,2.365681e-02,3.252104e+00,4.623752e-01,1.352023e+00,1.182834e-01,3.116017e-01,5.169768e-01,9.486952e-01,1.365517e+00
393269,1,9.517623e-01,9.818822e-01,9.517623e-01,2.501300e-01,1.973511e-02,7.448202e+00,3.721369e-01,8.536519e-01,1.248991e+00,2.188214e+00,1.337560e+00,8.723314e-01,1.995043e+00
393270,1,8.129834e-01,9.191983e-01,8.129835e-01,1.553500e+00,3.354349e-02,2.493376e+00,4.250951e-01,4.969995e-01,5.466064e-01,2.004277e+00,5.292257e-01,2.658464e+00,3.769926e-01
393271,1,9.842125e-01,9.517283e-01,9.842125e-01,1.318532e+00,3.063920e-02,8.575924e+00,4.368931e-01,7.316552e-01,2.947832e-01,2.212901e+00,1.389111e+00,1.930383e-01,2.241286e-01
393272,1,8.397053e-01,9.282060e-01,8.397053e-01,2.524057e+00,3.990035e-02,1.208038e-01,4.750450e-01,8.363493e-01,1.568539e+00,8.814374e-01,9.635435e-01,2.193933e+00,8.419215e-01
393273,1,9.831941e-01,9.161522e-01,9.831940e-01,1.548003e+00,3.085545e-02,3.746401e+00,4.296901e-01,6.268419e-01,1.701265e-01,1.132996e+00,6.014211e-01,1.324120e+00,7.384439e-01
393274,1,8.025398e-01,9.238091e-01,8.025399e-01,1.563890e+00,3.027741e-02,3.487245e+00,4.482989e-01,3.361929e-02,3.860689e-01,1.774502e+00,4.653028e-01,7.140555e-01,2.376093e+00
393275,1,9.726991e-01,9.535670e-01,9.726991e-01,1.591455e+00,2.978681e-02,3.784133e+00,4.933407e-01,2.188148e+00,2.651073e-01,1.431584e-01,1.446832e+00,3.784837e-01,2.579974e+00
393276,1,8.183246e-01,9.633295e-01,8.183248e-01,1.928078e+00,3.327679e-02,3.961357e+00,5.055133e-01,5.617321e-01,1.435605e+00,1.974315e+00,1.530505e+00,9.288572e-01,6.618694e-01
393277,1,9.766259e-01,9.434615e-01,9.766259e-01,7.418291e-01,2.637941e-02,5.529488e-01,3.423916e-01,1.951641e+00,7.133351e-01,3.592613e-02,1.323427e+00,3.545364e+00,6.734836e-01
393278,1,9.727858e-01,9.909977e-01,9.727858e-01,4.555379e-01,2.176932e-02,4.369752e-01,3.576601e-01,2.562688e-01,1.242530e+00,1.230938e+00,1.191268e+00,5.023225e+00,3.967101e+00
393279,1,9.481926e-01,9.735499e-01,9.481927e-01,4.932180e-01,2.749902e-02,1.688261e+00,3.630061e-01,1.213459e+00,5.949367e-02,4.922494e-01,5.220364e-01,2.079861e+00,7.278583e-01
393280,1,9.217678e-01,9.895886e-01,9.217679e-01,7.179718e-01,1.936369e-02,1.587052e+00,4.179506e-01,1.084227e+00,4.140789e+00,2.239054e+00,1.304419e+00,5.257746e-01,3.910181e+00
393281,1,8.254073e-01,9.614290e-01,8.254074e-01,7.967359e-01,2.809802e-02,7.796732e-01,3.421812e-01,3.268883e-01,5.667008e-01,1.319423e+00,1.061710e+00,3.138055e+00,1.699020e+00
393282,1,9.696670e-01,9.826849e-01,9.696670e-01,5.589846e-01,2.374716e-02,8.875400e+00,3.668640e-01,3.044111e+00,9.156815e-01,7.380524e-01,2.243003e+00,5.691632e-01,2.525345e+00
393283,1,7.927891e-01,9.288424e-01,7.927893e-01,2.070041e+00,3.501081e-02,3.596747e-02,4.634102e-01,3.116004e-01,1.019835e+00,1.859781e+00,1.177931e+00,2.428961e+00,2.547353e-01
393284,1,7.935282e-01,9.460055e-01,7.935283e-01,1.227776e+00,2.518154e-02,1.555673e+00,4.527287e-01,6.526594e-01,2.958999e+00,8.879866e-01,3.894045e-01,8.501185e-01,9.516707e-01
393285,1,9.882206e-01,9.926189e-01,9.882206e-01,1.059436e+00,1.955558e-02,1.277429e+01,4.530464e-01,3.301459e+00,1.339992e+00,4.021096e+00,3.837360e+00,2.846524e-02,1.253898e+00
393286,1,9.386560e-01,9.531886e-01,9.386560e-01,3.278104e+00,4.352704e-02,6.700066e+00,5.240773e-01,8.543551e-01,6.785799e-01,4.357157e-01,4.308919e-01,1.204726e+00,9.887571e-01
393287,1,9.839968e-01,9.252358e-01,9.839967e-01,8.412620e-01,2.189840e-02,8.874034e-01,4.083516e-01,1.630078e+00,6.934746e-01,2.495383e+00,2.590016e+00,1.984801e+00,5.032843e-01
393288,1,8.532695e-01,9.296645e-01,8.532696e-01,6.146628e-01,1.912226e-02,5.216326e-01,4.252057e-01,4.426783e+00,2.880374e-01,2.167392e+00,2.963315e+00,1.081422e+00,3.019942e+00
393289,1,9.087764e-01,9.822022e-01,9.087765e-01,4.837010e-01,1.477790e-02,5.367505e+00,4.427315e-01,1.326815e+00,7.689531e-01,2.401276e+00,2.234103e+00,8.692944e-01,3.415065e-01
393290,1,7.720379e-01,9.333754e-01,7.720380e-01,1.389262e+00,2.658118e-02,6.809901e-01,4.193484e-01,5.263606e-01,1.148407e+00,9.543445e-01,4.952457e-01,1.843163e+00,1.547668e+00
393291,1,7.796368e-01,9.332552e-01,7.796370e-01,9.504322e-01,2.545134e-02,2.062816e+00,3.804572e-01,4.894560e-01,3.921932e-01,1.649257e+00,9.541557e-01,1.416351e+00,3.039454e+00
393292,1,7.891417e-01,9.093810e-01,7.891418e-01,2.797785e-01,1.545517e-02,6.713858e-01,3.460614e-01,7.123912e-01,8.583128e-02,2.040120e+00,7.417881e-01,1.804130e+00,1.772570e+00
393293,1,7.714173e-01,9.090310e-01,7.714175e-01,5.123365e-02,1.682249e-02,6.545070e-01,3.124086e-01,1.150702e+00,2.056347e+00,2.427398e+00,1.238740e+00,4.848146e-01,1.292909e+00
393294,1,7.586116e-01,9.413364e-01,7.586117e-01,8.465237e-02,1.283437e-02,3.160616e-01,3.409746e-01,1.780804e+00,2.251673e+00,1.664082e-01,4.866430e-01,7.331990e-01,2.009070e+00
393295,1,9.406167e-01,9.758412e-01,9.406167e-01,2.553065e-02,1.393537e-02,5.634522e-01,3.143119e-01,6.818379e+00,2.100558e-01,4.029315e+00,4.360143e+00,1.525053e+00,5.570299e-01
393296,1,7.857206e-01,8.269263e-01,7.857206e-01,1.043060e-01,1.154215e-02,1.416933e+00,3.663988e-01,2.470862e+00,3.641178e-02,5.371389e-01,6.721364e-01,2.153080e-01,8.024269e-02
393297,1,8.970492e-01,9.702704e-01,8.970492e-01,2.522034e-01,1.499324e-02,2.888269e+00,3.392094e-01,1.478210e+00,8.934580e-01,4.102996e-02,7.189909e-01,3.189742e+00,1.771189e-01
393298,1,8.098629e-01,9.359354e-01,8.098630e-01,8.223248e-01,2.635553e-02,1.315349e-01,3.370018e-01,3.448190e-01,5.475818e-01,1.279673e+00,2.883836e-01,3.860703e+00,1.826745e+00
393299,1,9.080887e-01,9.343248e-01,9.080887e-01,3.137949e-01,1.569065e-02,5.512753e+00,3.487260e-01,2.644628e-01,2.393082e+00,1.441534e+00,2.795919e-01,1.093463e+00,1.461536e+00
393300,1,8.330593e-01,9.492868e-01,8.330594e-01,1.088506e+00,2.319707e-02,2.732493e+00,4.201754e-01,1.455143e+00,1.641900e+00,2.471003e+00,2.551817e+00,6.095477e-01,5.386043e-01
393301,1,8.588405e-01,9.373126e-01,8.588406e-01,2.558868e-01,1.546932e-02,4.514988e+00,3.154933e-01,3.935576e+00,5.580443e-01,2.239582e+00,1.510112e+00,1.029262e+00,3.991211e-01
393302,1,7.788678e-01,9.644327e-01,7.788679e-01,8.593129e-01,2.371654e-02,2.862575e+00,3.362310e-01,2.081532e+00,2.573903e-02,7.361647e-01,2.596918e-01,1.422753e+00,2.893319e+00
393303,1,7.951512e-01,9.567952e-01,7.951514e-01,1.281924e-01,9.279807e-03,1.055041e+00,3.866126e-01,2.123848e+00,6.246441e-01,2.752354e+00,3.011287e+00,1.390549e+00,1.456688e+00
393304,1,7.941346e-01,9.006244e-01,7.941347e-01,1.830985e-01,9.968169e-03,3.629840e+00,3.097118e-01,2.684144e-01,7.077371e-01,1.281209e+00,7.642165e-01,3.645573e-01,5.064540e-01
393305,1,7.914490e-01,9.722063e-01,7.914491e-01,7.015886e-01,1.566197e-02,1.326647e+00,3.592790e-01,5.524335e-01,2.287091e+00,8.190940e-01,3.010922e-01,1.386750e+00,1.386929e+00
393306,1,9.878811e-01,9.922936e-01,9.878811e-01,1.225893e+00,1.653309e-02,1.257739e+01,2.967158e-01,9.286982e+00,2.785218e+00,6.326765e+00,6.939146e+00,3.012372e+00,6.148887e-01
393307,1,9.894246e-01,9.835847e-01,9.894246e-01,2.728367e+00,4.996960e-02,1.344200e+01,4.014915e-01,2.234546e+00,3.745433e+00,3.552858e+00,2.400744e+00,2.718727e+00,1.325306e-01
393308,1,9.810831e-01,9.624137e-01,9.810831e-01,3.737707e+00,5.737350e-02,1.015874e+01,4.588522e-01,5.616872e-01,2.936126e-01,1.675828e+00,9.538966e-01,8.294976e-01,1.606213e+00
393309,1,9.799339e-01,9.131379e-01,9.799338e-01,3.309224e+00,6.055222e-02,9.902525e+00,4.925860e-01,1.718170e+00,1.097282e+00,1.137278e-01,5.937155e-01,1.468790e-01,3.298190e-01
393310,1,9.693664e-01,9.340455e-01,9.693664e-01,1.534063e-01,6.551799e-02,8.847099e+00,5.047372e-01,1.960629e+00,4.481990e-01,2.861663e+00,2.481817e+00,1.027525e+00,2.781831e+00
393311,1,9.010414e-01,9.502822e-01,9.010414e-01,5.298716e+00,6.989621e-02,4.127042e+00,5.073925e-01,1.039132e+00,2.357309e+00,2.083512e+00,1.530994e+00,1.286470e+00,7.952543e-01
393312,1,9.871014e-01,9.887913e-01,9.871014e-01,3.566015e+00,5.887528e-02,1.216372e+01,4.436953e-01,7.729650e-01,4.961766e-02,5.579836e-01,7.845768e-02,8.678831e-01,1.513336e+00
393313,1,9.832843e-01,9.377917e-01,9.832842e-01,4.347933e+00,6.258162e-02,4.798201e+00,4.917314e-01,3.416085e+00,2.192277e+00,1.449303e+00,1.734427e+00,9.590518e-01,1.482545e-01
393314,1,9.829006e-01,9.652725e-01,9.829006e-01,3.748890e+00,5.464821e-02,1.058721e+01,4.411906e-01,5.325917e-01,2.046177e+00,1.097535e+00,9.614841e-03,2.549352e-01,1.067062e-01
393315,1,9.168598e-01,9.300110e-01,9.168598e-01,4.180177e+00,6.289442e-02,5.824552e+00,4.828191e-01,2.140719e+00,2.518725e+00,3.076334e+00,2.824625e+00,1.465679e+00,1.074951e-01
393316,1,9.425261e-01,9.663103e-01,9.425262e-01,3.752789e+00,5.654734e-02,6.935975e+00,4.370969e-01,4.909515e+00,3.025122e-01,2.760408e+00,2.539705e+00,4.820029e-01,8.480261e-01
393317,1,9.800152e-01,9.728587e-01,9.800152e-01,3.821874e+00,5.413781e-02,9.917213e+00,4.357007e-01,1.155449e+00,1.598209e-02,2.219981e+00,1.631601e+00,2.219601e-01,1.327695e+00
393318,1,8.455698e-01,9.536642e-01,8.455699e-01,1.068261e+00,3.173114e-02,2.986151e+00,2.267935e-01,1.406579e+00,2.569530e+00,2.355103e+00,2.176810e+00,2.543389e+00,2.688309e+00
393319,1,8.162136e-01,9.122557e-01,8.162137e-01,1.371422e-01,1.316814e-02,1.914569e+00,2.440134e-01,6.133129e-01,1.736917e+00,8.265216e-01,4.436724e-02,1.534104e+00,7.341599e-01
393320,1,9.918326e-01,9.966356e-01,9.918326e-01,3.531011e-01,1.608632e-02,9.390475e-01,2.644827e-01,1.432641e+01,2.904651e-01,1.016245e+01,1.186112e+01,3.880157e-02,1.353703e+00
393321,1,8.254975e-01,9.658099e-01,8.254976e-01,4.456072e-01,2.008024e-02,9.513897e-01,3.353063e-01,1.758814e+00,4.876548e-01,3.796452e-01,3.105970e-01,2.035710e+00,5.638118e-01
393322,1,9.141017e-01,9.692026e-01,9.141018e-01,9.952915e-02,1.126280e-02,6.330204e-01,2.742994e-01,5.257561e+00,1.216023e-01,5.725839e+00,5.408948e+00,6.019576e-01,9.714566e-01
393323,1,8.073965e-01,9.664181e-01,8.073966e-01,1.170295e-01,1.409533e-02,7.878432e-01,2.192926e-01,3.791123e+00,5.852399e-02,2.020339e+00,3.020072e+00,1.296366e+00,3.244090e+00
393324,1,8.938385e-01,9.658046e-01,8.938385e-01,2.337334e-01,1.221831e-02,3.868860e+00,2.946337e-01,2.780012e+00,1.905495e-01,3.545233e+00,3.029071e+00,2.625972e+00,1.084613e+00
393325,1,7.818752e-01,9.005696e-01,7.818753e-01,9.340318e-01,2.544883e-02,1.214121e+00,3.013904e-01,2.623106e+00,2.956523e-01,3.158506e+00,2.493383e+00,1.545445e+00,1.691634e-01
393326,1,8.749171e-01,9.690470e-01,8.749172e-01,6.654178e-01,2.412438e-02,2.062646e+00,2.449045e-01,2.018839e+00,1.631467e+00,2.913904e+00,2.352772e+00,1.144482e+00,1.673353e+00
393327,1,9.053200e-01,9.576102e-01,9.053200e-01,9.951097e-01,3.120210e-02,2.491860e+00,2.247244e-01,5.420753e+00,9.438007e-01,3.338238e+00,4.250278e+00,1.621488e-01,9.592906e-01
393328,1,8.850072e-01,9.715610e-01,8.850073e-01,1.225416e+00,3.562229e-02,6.719430e-01,2.188039e-01,4.951792e+00,7.896221e-01,2.388839e+00,4.184058e+00,2.384584e+00,1.404436e+00
393329,1,8.197514e-01,8.943500e-01,8.197515e-01,8.159637e-01,2.955973e-02,2.299682e+00,2.628625e-01,2.768394e+00,2.894055e-01,3.980162e+00,3.843972e+00,1.295857e+00,1.507863e+00
393330,1,7.952502e-01,9.158092e-01,7.952503e-01,1.575909e-01,1.812052e-02,3.082376e+00,1.919416e-01,1.740812e+00,2.112278e+00,2.610057e-01,8.441534e-01,3.041436e-01,1.819465e+00
393331,1,8.299706e-01,9.197146e-01,8.299706e-01,5.810202e-01,2.311253e-02,2.240741e-01,2.588309e-01,2.954708e+00,1.320605e+00,3.517831e+00,3.591422e+00,7.185551e-01,4.554879e-01
393332,1,8.870493e-01,9.675301e-01,8.870493e-01,2.735615e-01,1.823105e-02,3.078579e+00,2.114012e-01,1.088357e+00,2.767097e-01,2.094562e+00,1.729201e+00,1.571384e+00,6.924766e-01
393333,1,8.743284e-01,9.406628e-01,8.743284e-01,8.512610e-01,3.059019e-02,1.076257e+00,1.809106e-01,4.179711e+00,1.894845e+00,2.166187e+00,3.413305e+00,2.830598e+00,2.149838e+00
393334,1,9.004986e-01,9.810902e-01,9.004987e-01,3.328342e-01,1.918648e-02,3.472660e+00,2.036955e-01,1.287841e+00,2.571986e+00,4.398229e-01,1.078029e-01,1.303238e+00,2.660394e+00
393335,1,8.035811e-01,8.591275e-01,8.035812e-01,1.003012e+00,2.804487e-02,1.352402e+00,2.522089e-01,1.354086e+00,3.991456e-02,2.527932e+00,2.167417e+00,1.399319e+00,1.249846e+00
393336,1,7.869352e-01,8.745014e-01,7.869353e-01,2.767003e-01,2.206450e-02,1.998983e+00,1.897305e-01,1.992563e+00,1.047494e+00,1.486971e-01,2.166214e+00,8.869074e-01,1.500185e+00
393337,1,7.855350e-01,9.079755e-01,7.855351e-01,5.002112e-01,2.314091e-02,4.600389e-01,2.236648e-01,2.962818e+00,1.140139e+00,8.444122e-01,2.047670e+00,8.179923e-01,1.595560e+00
393338,1,9.938376e-01,9.751340e-01,9.938376e-01,1.875341e-01,1.899504e-02,1.588617e+01,2.407801e-01,4.468339e+00,3.610308e-01,1.683600e+00,4.867959e+00,2.553855e+00,7.746034e-01
393339,1,9.906870e-01,9.511219e-01,9.906869e-01,3.188294e+00,5.877921e-02,1.390932e+01,3.536098e-01,1.805014e+00,4.956533e-01,3.602394e-01,1.098743e+00,2.633078e-01,1.343717e+00
393340,1,9.922782e-01,9.755212e-01,9.922782e-01,5.112669e+00,7.822155e-02,1.461128e+01,4.389190e-01,8.242993e-01,7.949953e-01,9.911671e-01,3.177157e-01,6.417069e-01,5.880383e-01
393341,1,9.825187e-01,9.761594e-01,9.825187e-01,5.074528e+00,8.914224e-02,7.375815e+00,4.536535e-01,3.228250e-01,7.590888e-01,1.317033e+00,3.687991e-01,9.486759e-01,5.935558e-01
393342,1,9.830809e-01,9.663173e-01,9.830809e-01,4.547802e+00,7.688929e-02,8.311116e+00,4.491326e-01,3.721848e+00,1.734828e+00,4.300575e+00,4.568545e+00,1.033970e+00,9.690890e-01
393343,1,9.684276e-01,9.334338e-01,9.684276e-01,4.538276e+00,6.750126e-02,8.762480e+00,4.334341e-01,2.298493e-01,4.436260e+00,9.766551e-01,8.211538e-02,9.475945e-01,1.428048e+00
393344,1,9.735602e-01,9.701184e-01,9.735602e-01,4.437690e+00,6.803044e-02,7.569995e+00,4.131189e-01,6.600572e-01,3.226314e-01,2.047910e+00,1.049703e+00,9.262539e-01,2.977756e-01
393345,1,9.782242e-01,9.745789e-01,9.782242e-01,4.131810e+00,6.563951e-02,9.691153e+00,3.907182e-01,2.704032e-01,4.450904e+00,9.550499e-01,5.037552e-01,6.426633e-01,1.313418e+00
393346,1,9.566155e-01,9.385837e-01,9.566155e-01,4.371079e+00,6.726399e-02,7.866503e+00,3.880759e-01,9.017298e-01,3.538037e+00,6.749410e-01,3.384559e-02,7.620128e-01,4.110458e-01
393347,1,9.706412e-01,9.274652e-01,9.706411e-01,4.186291e+00,6.605126e-02,8.966634e+00,4.112841e-01,6.369586e-01,1.793027e-01,1.829149e+00,1.756244e+00,6.209347e-01,2.495153e+00
393348,1,9.676497e-01,9.414672e-01,9.676497e-01,4.211462e+00,7.076597e-02,8.690558e+00,3.655137e-01,3.422399e+00,2.745632e-01,4.133813e+00,3.713499e+00,9.175992e-01,1.526877e+00
393349,1,9.859328e-01,9.756927e-01,9.859328e-01,4.141434e+00,6.874339e-02,1.168328e+01,3.899660e-01,2.854971e+00,2.482485e+00,9.956399e-01,2.245231e+00,1.456420e-01,4.201787e+00
393350,1,8.702018e-01,9.609127e-01,8.702019e-01,4.713621e+00,7.188207e-02,4.163118e+00,4.749934e-01,1.633004e+00,8.865161e-01,1.787548e-01,9.256924e-01,7.271820e-01,1.825338e+00
393351,1,9.700913e-01,9.213906e-01,9.700913e-01,3.882340e+00,6.681975e-02,8.913800e+00,3.744617e-01,8.292436e-01,5.428259e-01,8.623410e-01,8.802303e-01,8.049619e-01,2.430394e-01
393352,1,9.906993e-01,9.712463e-01,9.906993e-01,4.095299e+00,6.736804e-02,1.391438e+01,3.734372e-01,4.298797e-01,1.257477e+00,1.868961e+00,8.820367e-01,8.143757e-01,1.827059e-02
393353,1,9.122736e-01,9.393139e-01,9.122736e-01,4.985340e+00,7.982725e-02,5.659289e+00,4.252759e-01,7.965484e-01,2.488779e+00,1.947602e+00,1.561025e+00,7.815756e-01,8.624287e-01
393354,1,9.815304e-01,9.761629e-01,9.815304e-01,4.221138e+00,6.649729e-02,8.733246e+00,3.655758e-01,1.419033e+00,8.053658e-01,2.654386e+00,1.638609e+00,1.855778e-01,2.104229e+00
393355,1,9.505211e-01,9.509451e-01,9.505211e-01,4.266262e+00,6.900675e-02,7.351756e+00,3.910987e-01,3.822080e-01,7.967605e-01,1.112902e+00,3.771972e-01,1.086699e+00,5.126199e-01
393356,1,9.787299e-01,8.255986e-01,9.787297e-01,1.225013e+00,4.137154e-02,3.524374e+00,2.265357e-01,6.136802e-01,4.127328e-02,1.976499e+00,1.457912e+00,5.906487e-01,7.103718e-01
393357,1,8.239575e-01,8.835869e-01,8.239576e-01,5.832249e-01,3.254382e-02,8.552315e-01,1.493344e-01,1.216636e+00,1.141219e+00,2.456730e+00,1.804276e+00,1.012208e+00,3.296948e+00
393358,1,7.833585e-01,7.956869e-01,7.833585e-01,4.306884e-01,2.545199e-02,2.553483e-02,1.801047e-01,1.040284e+00,3.852230e-01,2.091547e+00,1.550250e+00,1.026103e+00,3.284474e-01
393359,1,9.308997e-01,9.848789e-01,9.308997e-01,2.475916e-01,2.082541e-02,5.576009e+00,1.866720e-01,2.289434e+00,1.462396e-02,2.042148e-01,2.108374e+00,2.090846e+00,1.448152e+00
393360,1,7.840693e-01,9.462831e-01,7.840694e-01,1.333952e+00,3.683611e-02,3.249530e-01,2.053834e-01,1.172138e+00,3.581602e+00,6.653012e-01,2.063819e-01,8.088171e-01,4.293405e-01
393361,1,8.576047e-01,9.598803e-01,8.576048e-01,1.023570e+00,3.137736e-02,1.931999e+00,1.978188e-01,3.706229e+00,1.066884e+00,1.131303e+00,3.684442e+00,3.298358e-01,4.485365e-01
393362,1,9.843769e-01,9.306882e-01,9.843769e-01,1.130652e+00,3.539572e-02,1.233444e+00,1.646138e-01,1.101374e+00,9.442974e-01,2.516622e+00,1.936388e+00,7.286664e-01,2.475089e-01
393363,1,9.430371e-01,9.790853e-01,9.430371e-01,9.210324e-01,2.949440e-02,3.157828e+00,1.818664e-01,3.389269e+00,7.773370e-01,9.754090e-01,3.494319e+00,2.815149e+00,2.368350e+00
393364,1,9.758091e-01,9.357763e-01,9.758091e-01,1.470854e+00,3.797621e-02,2.366349e+00,1.776325e-01,4.691898e-01,1.987878e+00,1.959030e+00,1.623593e+00,3.678779e+00,9.950744e-01
393365,1,7.746776e-01,9.434774e-01,7.746777e-01,4.233942e-01,2.715963e-02,1.371984e+00,1.433346e-01,4.492191e-01,2.049559e+00,1.129086e+00,2.366206e-01,5.153682e-01,1.085483e+00
393366,1,9.791825e-01,8.973467e-01,9.791824e-01,8.347019e-02,2.207335e-02,3.443937e-01,1.849631e-01,3.013114e+00,1.186350e+00,1.018986e+00,1.995050e+00,6.948879e-01,7.994578e-02
393367,1,9.407705e-01,9.627655e-01,9.407705e-01,4.246218e-01,1.797204e-02,6.829705e+00,2.223040e-01,8.565833e-01,1.256678e+00,2.410335e+00,6.147632e-01,1.661355e+00,2.356357e+00
393368,1,8.476401e-01,8.748374e-01,8.476402e-01,1.523563e+00,3.361515e-02,4.345022e+00,2.545735e-01,1.135158e+00,1.561395e-01,5.882769e-01,1.177744e+00,2.274042e+00,2.012760e+00
393369,1,7.823684e-01,8.868239e-01,7.823685e-01,2.238083e-01,2.073930e-02,1.006404e+00,1.601970e-01,2.606282e+00,2.034236e-01,5.515996e-01,2.065813e+00,1.307346e+00,8.512120e-02
393370,1,7.897446e-01,9.188006e-01,7.897447e-01,2.713619e-01,2.290207e-02,3.348977e+00,1.507677e-01,3.639619e+00,1.217336e-01,1.454309e+00,2.094479e+00,1.374961e+00,2.818173e-02
393371,1,7.762476e-01,9.636053e-01,7.762477e-01,6.617404e-01,3.064333e-02,4.693421e-01,1.532678e-01,8.907683e-02,3.915553e-01,1.485413e+00,1.531535e+00,1.245190e+00,7.330262e-01
393372,1,8.656615e-01,7.991698e-01,8.656615e-01,3.778719e-01,2.056394e-02,7.795289e-02,1.874382e-01,2.455520e-01,2.723410e-02,1.576548e+00,3.397977e-01,2.837310e-01,4.739029e-01
393373,1,9.117167e-01,9.573574e-01,9.117167e-01,2.859911e-01,2.299136e-02,5.638471e+00,1.854107e-01,2.183949e+00,2.996967e-01,6.365703e-01,1.049643e+00,1.946335e+00,1.309195e+00
393374,1,8.592401e-01,9.257538e-01,8.592402e-01,1.306625e+00,3.305425e-02,1.695463e+00,1.691150e-01,4.522284e+00,1.206102e+00,2.271015e+00,2.787999e+00,1.780530e+00,1.034750e+00
393375,1,8.628310e-01,9.660751e-01,8.628310e-01,4.402551e-01,2.379028e-02,8.056336e-01,1.679324e-01,1.883688e+00,1.002991e+00,2.159998e-01,8.346953e-01,9.269212e-01,4.584424e+00
393376,1,8.046472e-01,9.056931e-01,8.046473e-01,4.195589e-01,1.797877e-02,3.342395e-01,1.985271e-01,1.588406e+00,9.877616e-01,2.633544e+00,2.403347e+00,1.108065e+00,4.258648e-01
393377,1,8.078597e-01,9.004971e-01,8.078598e-01,2.456008e-01,1.384583e-02,3.392937e-02,2.062129e-01,3.322772e+00,1.841924e+00,3.837859e+00,3.069554e+00,5.715763e-01,8.746613e-01
393378,1,7.593577e-01,9.023588e-01,7.593578e-01,1.290804e-01,1.635728e-02,1.655738e+00,1.575176e-01,2.235227e+00,1.478050e+00,2.737686e+00,3.035901e+00,6.254171e-01,4.937352e-01
393379,1,7.559684e-01,8.779277e-01,7.559685e-01,1.574099e-01,2.041030e-02,1.327745e+00,1.405565e-01,7.880306e-01,2.188179e-01,3.946414e-01,3.412783e-03,3.056004e-01,1.185572e+00
393380,1,9.504044e-01,9.868696e-01,9.504045e-01,3.350342e-01,2.070871e-02,2.951795e+00,1.957904e-01,3.456354e-01,7.343509e+00,9.840096e-01,2.210593e-02,3.146600e-01,4.268904e+00
393381,1,7.762599e-01,9.411030e-01,7.762601e-01,6.565605e-01,2.943283e-02,8.599868e-01,2.474195e-01,1.561964e+00,1.457179e+00,2.639518e+00,1.848589e+00,7.085338e-01,1.044110e+00
393382,1,8.404549e-01,9.414018e-01,8.404550e-01,2.678740e-01,2.315997e-02,5.599429e-01,2.304102e-01,3.440556e+00,5.815741e-01,4.255313e+00,3.549641e+00,7.538392e-01,1.371858e-01
393383,1,9.106558e-01,9.281123e-01,9.106559e-01,1.881875e-01,2.442447e-02,1.577576e+00,1.535371e-01,6.244230e-01,4.472727e-01,1.665989e+00,6.866538e-01,2.491484e-01,2.310921e+00
393384,1,8.604194e-01,9.288919e-01,8.604194e-01,1.137175e-01,2.286232e-02,4.517607e-01,2.149851e-01,1.363913e+00,5.872781e-02,2.460331e+00,1.898060e+00,3.941906e-01,1.123884e+00
393385,1,9.830827e-01,9.747415e-01,9.830827e-01,8.147021e-02,2.467569e-02,1.062557e+01,1.526181e-01,4.154670e-02,7.165389e-01,1.489246e+00,3.939265e-02,1.532450e+00,1.712755e+00
393386,1,9.950628e-01,9.525045e-01,9.950628e-01,5.914543e-01,5.198033e-02,1.759531e+01,1.959946e-01,1.867529e+00,1.689273e-01,1.371844e-01,1.205836e+00,9.313589e-01,1.874028e-01
393387,1,9.653778e-01,9.787371e-01,9.653778e-01,4.320263e+00,7.831374e-02,8.505684e+00,3.562858e-01,4.128730e+00,4.025528e+00,4.960840e+00,4.130692e+00,1.986030e+00,5.735819e-01
393388,1,9.693258e-01,9.221473e-01,9.693257e-01,4.048778e+00,7.051445e-02,8.842036e+00,3.291721e-01,2.863756e+00,4.786729e-03,3.767295e+00,3.067802e+00,6.837288e-01,2.277352e-01
393389,1,9.524377e-01,8.948999e-01,9.524376e-01,4.062281e+00,7.257225e-02,7.504755e+00,3.222973e-01,7.737318e-01,2.154915e-01,2.134521e+00,1.301607e+00,8.372115e-02,1.591469e+00
393390,1,9.279312e-01,8.797292e-01,9.279311e-01,3.932501e+00,7.383749e-02,3.695625e+00,3.217384e-01,3.116757e+00,1.209332e-02,1.283158e+00,9.078128e-01,2.792403e-01,8.964822e-01
393391,1,9.300139e-01,9.815764e-01,9.300139e-01,3.304197e+00,6.577399e-02,5.144038e+00,2.855006e-01,5.304854e+00,2.437503e+00,2.496398e+00,3.802264e+00,1.223842e+00,4.775349e-01
393392,1,9.704538e-01,9.534839e-01,9.704537e-01,3.197447e+00,6.396452e-02,8.948062e+00,2.902347e-01,2.111729e+00,1.071540e+00,3.373000e+00,2.486359e+00,1.592985e+00,8.737386e-01
393393,1,9.827928e-01,9.314360e-01,9.827927e-01,3.499087e+00,6.310755e-02,1.056029e+01,3.374671e-01,2.375958e+00,1.794840e+00,3.494974e-01,1.687178e+00,4.569831e-02,1.429682e+00
393394,1,9.665288e-01,9.345387e-01,9.665287e-01,4.079528e+00,7.023899e-02,8.592472e+00,3.517980e-01,2.303474e+00,1.119514e+00,3.381040e+00,3.006971e+00,9.938239e-01,8.495406e-01
393395,1,9.586982e-01,9.213146e-01,9.586982e-01,4.032571e+00,7.119581e-02,8.051805e+00,3.476386e-01,1.752313e+00,2.669357e-01,2.880602e+00,1.987876e+00,3.803833e-01,9.324760e-01
393396,1,9.867973e-01,9.676274e-01,9.867973e-01,4.036276e+00,7.258053e-02,1.200824e+01,3.164745e-01,1.758224e+00,2.860895e-01,1.044102e-01,1.418835e+00,4.632723e-01,5.911043e-01
393397,1,9.799003e-01,9.815286e-01,9.799003e-01,4.631759e+00,8.127991e-02,3.526926e+00,3.655184e-01,9.897844e+00,2.013623e+00,6.466771e+00,7.448673e+00,3.997829e-01,9.700626e-02
393398,1,8.958894e-01,9.061068e-01,8.958894e-01,3.805758e+00,7.242971e-02,5.180001e+00,3.402897e-01,1.672997e+00,2.681561e-01,6.297812e-01,1.383419e+00,1.401056e-01,1.970228e+00
393399,1,9.087216e-01,9.636389e-01,9.087217e-01,3.027619e+00,6.571735e-02,5.534717e+00,3.174364e-01,6.289844e-01,1.365339e+00,9.764870e-01,1.453647e+00,1.211809e+00,1.478637e+00
393400,1,9.830102e-01,9.741776e-01,9.830102e-01,4.516323e+00,5.726579e-02,1.060852e+01,4.246516e-01,3.485232e+00,1.986954e+00,4.134377e+00,3.992253e+00,1.023664e+00,1.705459e+00
393401,1,8.337205e-01,8.624070e-01,8.337206e-01,3.528525e-01,2.739961e-02,5.225948e-01,1.313303e-01,8.787453e-01,1.167608e+00,1.670716e+00,6.919143e-01,1.443317e+00,8.535913e-02
393402,1,8.910008e-01,9.763610e-01,8.910009e-01,2.383652e-01,2.087245e-02,2.292902e+00,1.524479e-01,1.722011e+00,3.921574e-01,2.821390e+00,1.232034e+00,3.910655e+00,7.732763e-01
393403,1,8.369489e-01,9.497589e-01,8.369490e-01,7.298371e-01,3.627262e-02,5.809492e-01,1.054261e-01,3.159004e+00,2.181333e-01,1.443110e+00,1.703374e+00,2.821294e+00,6.702340e-01
393404,1,9.027793e-01,9.696994e-01,9.027794e-01,2.744669e-01,3.060787e-02,1.180743e+00,1.073525e-01,1.183931e+00,5.532574e-01,2.222753e+00,2.034270e+00,8.053015e-01,4.231434e-01
393405,1,9.181080e-01,9.771141e-01,9.181081e-01,3.408075e-01,2.539044e-02,3.166008e+00,1.257089e-01,2.069391e+00,6.537775e-02,3.002275e+00,2.048802e+00,2.883637e+00,9.012143e-01
393406,1,7.528001e-01,8.496567e-01,7.528002e-01,8.893404e-01,3.237054e-02,2.115327e+00,1.774793e-01,2.380341e+00,2.426471e-01,3.248496e+00,2.687602e+00,2.244283e+00,8.314790e-01
393407,1,7.320418e-01,9.016622e-01,7.320419e-01,1.396745e-01,2.310392e-02,1.677844e+00,1.259221e-01,2.219065e+00,1.005620e+00,2.942634e+00,2.352899e+00,1.073196e+00,8.609094e-01
393408,1,7.369834e-01,8.643093e-01,7.369835e-01,2.848246e-01,2.549603e-02,9.134149e-01,1.418119e-01,2.480245e+00,2.898481e-01,7.505093e-01,2.522535e+00,4.473255e-01,6.944407e-01
393409,1,8.157628e-01,9.240513e-01,8.157629e-01,3.180794e-01,2.940208e-02,5.079490e-01,1.156349e-01,1.661229e-02,1.217709e+00,1.707892e+00,2.692708e-01,2.547661e-01,2.303371e+00
393410,1,8.590315e-01,9.355500e-01,8.590315e-01,1.423534e-01,2.822726e-02,4.055337e-01,1.799361e-01,3.882515e+00,8.463654e-01,4.518700e+00,4.062823e+00,9.939108e-01,9.230144e-01
393411,1,7.145879e-01,8.535886e-01,7.145880e-01,1.746714e-02,2.305214e-02,8.206913e-01,1.445308e-01,1.114638e+00,1.407655e-01,4.714773e-01,5.522467e-01,7.578464e-01,9.097403e-01
393412,1,7.459278e-01,8.538661e-01,7.459279e-01,4.193047e-01,2.484998e-02,2.436430e+00,1.491719e-01,1.441568e-01,6.089151e-01,1.373483e+00,5.660470e-01,6.084196e-02,8.865390e-01
393413,1,7.235093e-01,8.995478e-01,7.235095e-01,6.263140e-01,3.100652e-02,5.833657e-01,1.169439e-01,2.188955e-01,1.785725e+00,1.388838e+00,3.194838e-01,9.235256e-01,1.716452e+00
393414,1,9.588467e-01,9.185124e-01,9.588467e-01,1.506555e-01,2.395357e-02,5.521435e-01,1.551585e-01,1.279931e+00,2.465078e+00,4.921725e-01,3.649285e-01,1.198359e+00,2.146937e-01
393415,1,8.618638e-01,9.117766e-01,8.618639e-01,3.191293e-02,1.756657e-02,2.776796e+00,1.784556e-01,1.847924e-01,4.906739e-01,1.216167e+00,5.841596e-01,2.607997e-01,1.618146e+00
393416,1,8.860114e-01,9.089850e-01,8.860115e-01,4.345237e-01,2.501986e-02,8.184062e-01,1.833956e-01,8.869236e-02,1.594139e+00,1.481543e+00,6.613252e-01,6.015070e-01,2.827742e+00
393417,1,8.160050e-01,9.115750e-01,8.160051e-01,1.248913e-01,1.898961e-02,1.564990e+00,1.879697e-01,5.053564e-01,1.737558e+00,1.888344e+00,7.690304e-01,1.096232e+00,1.281017e-01
393418,1,7.273406e-01,9.579585e-01,7.273408e-01,3.018691e-01,2.104753e-02,4.061381e-01,2.169597e-01,4.013452e-01,5.212120e-01,1.801075e+00,4.200165e-01,7.666474e-02,1.553588e+00
393419,1,7.658198e-01,9.649737e-01,7.658200e-01,2.690304e-01,2.590580e-02,2.175748e+00,1.584855e-01,1.439370e+00,4.139990e-01,4.882206e-01,1.322762e+00,3.321029e-01,8.515902e-02
393420,1,9.115399e-01,9.061598e-01,9.115399e-01,4.832782e-01,3.087821e-02,1.235804e+00,1.058927e-01,5.768664e-01,1.586644e+00,1.961515e+00,3.395497e-01,5.929671e-01,7.955964e-01
393421,1,9.532262e-01,9.651434e-01,9.532262e-01,1.948480e-01,2.706089e-02,7.574024e+00,1.260440e-01,3.537088e+00,2.384114e-01,1.433747e+00,1.488593e+00,2.461362e+00,1.516398e+00
393422,1,9.967619e-01,9.849195e-01,9.967619e-01,1.032843e+00,4.283316e-02,1.993287e+01,2.202490e-01,1.374291e+00,3.445237e-02,3.105031e-01,3.608769e-01,6.585409e-01,2.622287e+00
393423,1,9.378798e-01,9.691266e-01,9.378798e-01,4.607381e+00,7.362641e-02,6.659883e+00,3.847648e-01,6.439601e-01,2.506986e+00,2.014239e+00,9.452423e-01,1.122430e+00,1.108675e+00
393424,1,9.191264e-01,9.062624e-01,9.191264e-01,3.985291e+00,6.565913e-02,5.902949e+00,3.352645e-01,3.139048e+00,2.043707e-01,1.246586e+00,2.209763e+00,1.089374e-01,7.198736e-02
393425,1,9.839632e-01,9.590653e-01,9.839632e-01,3.800920e+00,6.559073e-02,1.089066e+01,3.198618e-01,2.574274e-01,1.667985e+00,1.642993e+00,1.172070e+00,3.372935e-02,5.436348e-01
393426,1,9.553142e-01,9.184717e-01,9.553142e-01,4.280725e+00,7.056566e-02,7.752604e+00,3.495728e-01,1.751759e+00,8.430201e-01,2.700372e+00,1.761266e+00,1.458433e+00,6.850239e-01
393427,1,9.724905e-01,9.701025e-01,9.724905e-01,4.024648e+00,6.757682e-02,9.137857e+00,3.654666e-01,4.637157e-01,7.173028e-01,1.661171e+00,1.421693e+00,2.802800e-02,2.071741e+00
393428,1,9.855774e-01,9.878985e-01,9.855774e-01,3.966872e+00,7.780798e-02,1.152292e+01,3.475826e-01,1.433799e+00,2.470482e-01,1.528001e-01,6.628870e-02,8.695271e-02,1.096997e+00
393429,1,9.854059e-01,9.806075e-01,9.854059e-01,3.682206e+00,7.477657e-02,1.145094e+01,3.562163e-01,5.744496e+00,7.087065e-01,3.131170e+00,5.664652e+00,1.082834e+00,3.709421e+00
393430,1,9.997374e-01,9.992416e-01,9.997374e-01,5.092699e+01,9.706848e-02,1.428257e+01,4.685580e-01,1.334210e+01,2.074356e-01,9.272305e+00,9.642593e+00,2.957312e+00,5.247091e+00
393431,1,9.957223e-01,9.976009e-01,9.957223e-01,1.792285e+01,1.525309e-01,5.935577e+00,9.559922e-01,4.708227e+00,3.272657e+00,5.012334e+00,6.426207e+00,1.376261e+00,7.217819e+00
393432,1,8.906436e-01,9.177787e-01,8.906437e-01,5.066565e+00,7.354872e-02,3.936027e-01,3.355705e-01,2.680810e+00,1.494795e+00,3.188210e+00,3.093255e+00,2.905339e-01,1.356268e+00
393433,1,9.941965e-01,9.757104e-01,9.941965e-01,3.024914e+00,5.531915e-02,1.637391e+01,3.147492e-01,4.805690e+00,1.470155e-01,3.009364e+00,3.224811e+00,3.068151e-01,8.034714e-01
393434,1,8.863668e-01,9.108855e-01,8.863668e-01,4.977276e+00,7.587190e-02,1.515622e+00,4.056788e-01,3.307139e+00,3.491421e-01,3.748706e+00,3.297469e+00,6.828126e-01,1.300134e-01
393435,1,9.597343e-01,9.061528e-01,9.597342e-01,3.490397e+00,6.314632e-02,8.136415e+00,2.875135e-01,2.868559e+00,1.099182e+00,3.366448e+00,2.979098e+00,4.894680e-01,1.384526e-01
393436,1,9.446566e-01,9.000163e-01,9.446566e-01,3.608188e+00,6.612736e-02,7.045106e+00,2.989996e-01,1.980497e+00,6.133684e-01,2.472079e+00,2.022187e+00,6.792284e-03,1.272097e+00
393437,1,9.354700e-01,9.165129e-01,9.354700e-01,3.637995e+00,6.841502e-02,6.532264e+00,2.725516e-01,6.091570e-01,1.431494e+00,1.596960e+00,9.702986e-01,6.923466e-03,1.034080e+00
393438,1,9.654237e-01,9.215444e-01,9.654237e-01,3.557412e+00,6.469402e-02,8.509871e+00,2.732749e-01,1.991072e+00,4.334414e-01,3.956931e-01,1.394853e+00,7.667282e-01,2.991920e-01
393439,1,9.148160e-01,9.366072e-01,9.148160e-01,3.755443e+00,6.633520e-02,5.753003e+00,2.860228e-01,2.787109e+00,1.154471e+00,3.663490e+00,3.130891e+00,1.428829e+00,2.687762e+00
393440,1,9.528142e-01,9.760958e-01,9.528143e-01,3.432861e+00,6.772567e-02,7.536947e+00,2.616882e-01,9.375634e-01,3.893878e+00,5.294873e-01,8.294262e-01,1.388642e+00,8.255226e-01
393441,1,9.831570e-01,9.263320e-01,9.831569e-01,3.602481e+00,6.649516e-02,1.064151e+01,2.808071e-01,2.786525e-01,4.575185e-01,1.586438e+00,5.174545e-01,2.551176e-01,3.862895e-01
393442,1,9.537619e-01,9.280256e-01,9.537619e-01,4.052047e+00,7.148153e-02,7.618183e+00,3.240812e-01,6.411341e-01,2.220958e-01,9.248444e-01,3.960109e-02,2.868496e-01,1.752136e+00
393443,1,9.596795e-01,9.110358e-01,9.596794e-01,4.005357e+00,7.124945e-02,8.131325e+00,3.025220e-01,1.192195e+00,3.218613e-01,6.201254e-01,1.012444e+00,2.705638e-01,7.513839e-01
393444,1,8.999257e-01,9.598096e-01,8.999258e-01,1.657780e+00,7.293419e-02,5.271478e+00,2.906105e-01,4.146601e-02,5.264508e+00,1.422781e+00,2.662934e-01,4.846231e-01,1.675882e+00
393445,1,9.862209e-01,9.462071e-01,9.862209e-01,3.909152e+00,7.413658e-02,1.178981e+01,2.559387e-01,1.738926e-02,2.357891e+00,1.631691e+00,8.739759e-01,3.695374e-03,2.143146e+00
393446,1,8.543551e-01,9.155723e-01,8.543551e-01,4.443198e+00,7.823461e-02,3.411218e+00,3.160571e-01,3.447061e-01,3.637433e+00,1.407225e+00,1.174326e+00,1.429791e+00,2.981057e-01
393447,1,9.481502e-01,8.728661e-01,9.481501e-01,3.561854e+00,6.975293e-02,7.224414e+00,2.486355e-01,4.164666e-01,8.133752e-01,1.750650e+00,3.981344e-01,1.459055e+00,2.215040e-01
393448,1,9.670645e-01,9.299244e-01,9.670644e-01,3.571309e+00,6.606138e-02,8.638480e+00,2.559758e-01,1.832793e+00,1.359723e+00,2.793607e+00,1.894927e+00,2.469090e-01,2.010654e+00
393449,1,8.981241e-01,9.455547e-01,8.981242e-01,3.787767e+00,6.745286e-02,2.769966e+00,2.765084e-01,1.586815e+00,4.207947e+00,1.553948e-01,4.251499e-01,2.871938e-01,3.181626e-01
393450,1,9.915710e-01,9.303257e-01,9.915709e-01,3.019857e+00,5.525632e-02,1.416852e+01,2.630796e-01,3.306933e-01,1.845075e-01,1.514385e+00,1.143367e+00,9.852003e-01,2.394193e-02
393451,1,8.687768e-01,8.903934e-01,8.687768e-01,4.286053e+00,6.802434e-02,4.690479e+00,3.407115e-01,3.396468e-01,3.026908e-01,1.229510e+00,4.003021e-02,4.596057e-02,9.357308e-01
393452,1,9.504257e-01,9.857027e-01,9.504257e-01,3.664245e+00,6.715055e-02,7.344783e+00,2.979843e-01,1.866601e+00,3.162037e+00,2.775629e+00,2.208940e+00,1.128875e-01,1.974941e+00
393453,1,9.779289e-01,9.303699e-01,9.779289e-01,3.176904e-01,6.438305e-02,9.650063e+00,2.595926e-01,6.526208e+00,3.866829e-01,3.557510e+00,7.334637e+00,4.687244e-01,9.580801e-01
393454,1,9.727133e-01,9.883953e-01,9.727133e-01,1.589174e+00,7.639005e-02,9.158256e+00,3.200166e-01,2.160451e+00,1.612898e+00,5.638804e-02,3.546090e-01,1.870938e-01,3.256470e+00
393455,1,9.245578e-01,9.872532e-01,9.245578e-01,5.832251e+00,8.540449e-02,3.277367e+00,3.784738e-01,1.718083e+00,6.076750e+00,2.803734e+00,2.625899e+00,9.799335e-01,2.881819e+00
393456,1,9.530671e-01,9.135604e-01,9.530670e-01,3.413665e+00,5.520129e-02,7.559394e+00,2.926026e-01,6.708014e-01,3.328509e+00,1.819551e+00,1.503913e+00,4.060959e-01,7.710964e-01
393457,1,9.279842e-01,9.665171e-01,9.279842e-01,3.487392e+00,5.783555e-02,2.517655e+00,2.868385e-01,1.732188e+00,6.202146e+00,2.545806e+00,2.042471e+00,1.343918e-01,5.943867e-01
393458,1,9.904766e-01,9.788502e-01,9.904766e-01,2.663191e+00,4.900350e-02,1.377008e+01,2.629529e-01,1.636661e+00,2.828481e+00,2.600354e+00,1.613011e+00,1.032179e-01,1.730175e+00
393459,1,9.938499e-01,9.813589e-01,9.938499e-01,4.306363e-01,6.755443e-02,1.590718e+01,2.861319e-01,1.266640e+00,2.229868e+00,4.079208e-01,7.256033e-01,5.655925e-01,1.591190e+00
393460,1,9.109034e-01,9.289096e-01,9.109034e-01,5.609811e+00,8.654515e-02,2.322488e+00,4.001509e-01,1.840754e+00,8.577540e-01,3.825657e-03,1.320902e+00,5.993591e-01,8.149977e-01
393461,1,9.414812e-01,9.488130e-01,9.414813e-01,4.177919e+00,6.881899e-02,5.412957e+00,3.198376e-01,1.670327e+00,2.978753e+00,1.659408e-01,9.297805e-01,1.345286e+00,2.136217e+00
393462,1,8.862643e-01,8.794711e-01,8.862643e-01,3.887924e+00,6.651480e-02,3.980541e+00,2.923681e-01,1.584107e+00,2.331129e-01,2.700495e+00,1.873910e+00,1.293898e+00,7.916234e-01
393463,1,9.863978e-01,9.650303e-01,9.863977e-01,3.132897e+00,5.731231e-02,1.184387e+01,2.777406e-01,5.097199e-02,2.900116e+00,1.285951e+00,6.862195e-01,7.923731e-01,2.083464e+00
393464,1,8.246983e-01,8.897729e-01,8.246984e-01,4.044850e+00,6.531110e-02,3.312914e+00,3.254776e-01,3.691400e-01,1.493981e-01,1.017052e+00,2.873946e-01,1.067261e+00,5.995650e-01
393465,1,8.193059e-01,9.092449e-01,8.193060e-01,3.282770e+00,6.047993e-02,1.389803e+00,2.683237e-01,2.459045e+00,3.928803e-01,4.431488e-01,2.271836e+00,2.330383e-02,1.153782e+00
393466,1,9.553973e-01,9.789899e-01,9.553973e-01,2.204967e+00,4.682881e-02,6.777063e+00,2.028960e-01,1.759988e-01,7.760339e+00,1.664185e+00,4.927858e-01,2.278785e+00,2.714259e+00
393467,1,9.673951e-01,9.822287e-01,9.673951e-01,2.468107e-01,1.851467e-02,5.967615e+00,1.452075e-01,8.673567e-01,8.725870e-02,2.201184e+00,1.258662e+00,2.336221e+00,2.059517e+00
393468,1,8.936687e-01,8.885194e-01,8.936687e-01,1.387095e+00,3.910973e-02,3.210428e+00,1.518363e-01,3.990243e-01,2.724217e+00,1.618176e+00,1.421381e-01,2.095294e+00,9.096713e-01
393469,1,7.341546e-01,9.341020e-01,7.341548e-01,2.702740e-01,2.282794e-02,3.291298e-01,1.180831e-01,1.984173e+00,9.828366e-01,3.458995e-02,1.772419e+00,3.496574e-01,6.067792e-01
393470,1,9.840534e-01,9.524055e-01,9.840533e-01,2.377931e-01,1.995949e-02,9.261524e-01,1.999291e-01,4.352634e+00,3.848617e+00,2.195042e+00,3.599972e+00,6.206133e-01,6.124043e-01
393471,1,9.973382e-01,9.926171e-01,9.973382e-01,3.031571e-01,1.439464e-02,2.185757e+01,1.776462e-01,3.363780e+00,4.264345e+00,8.771649e-01,3.309091e+00,1.866356e+00,1.001254e+00
393472,1,9.783197e-01,9.553331e-01,9.783197e-01,3.327736e+00,6.447329e-02,9.703832e+00,3.390768e-01,6.440365e-01,2.637693e+00,2.169638e+00,1.136199e+00,7.531318e-01,5.578085e-01
393473,1,9.675365e-01,9.940827e-01,9.675366e-01,3.245023e+00,6.871406e-02,8.680365e+00,3.257974e-01,7.433119e+00,2.627452e+00,4.217263e+00,7.833790e+00,1.174819e+00,5.736276e-01
393474,1,9.040081e-01,9.422840e-01,9.040081e-01,4.430781e+00,7.703110e-02,5.382144e+00,3.537316e-01,2.252510e+00,1.811148e+00,1.213325e-01,6.809656e-01,1.280518e+00,7.737518e-01
393475,1,9.893044e-01,9.934586e-01,9.893044e-01,3.868431e+00,6.448052e-02,1.336661e+01,3.397653e-01,7.506699e+00,3.786306e+00,4.690470e+00,5.662627e+00,7.421272e-01,4.028529e-01
393476,1,8.867116e-01,9.012715e-01,8.867116e-01,4.779154e+00,6.767491e-02,4.983921e+00,4.194493e-01,1.165164e-01,1.780824e+00,1.555252e+00,1.287224e+00,7.327657e-02,1.168008e+00
393477,1,9.782666e-01,9.281688e-01,9.782666e-01,3.996149e+00,6.013693e-02,9.696873e+00,3.855985e-01,1.722563e+00,2.690937e+00,3.373511e-01,9.094682e-02,7.217907e-01,9.518487e-01
393478,1,9.510904e-01,9.561588e-01,9.510904e-01,4.247776e+00,6.137724e-02,7.395188e+00,4.126810e-01,4.354664e+00,1.638549e+00,2.791108e+00,2.043892e+00,9.043964e-01,1.362571e+00
393479,1,9.780509e-01,9.777276e-01,9.780509e-01,4.073174e+00,5.748803e-02,9.666693e+00,3.880749e-01,2.279974e+00,2.618529e+00,2.934751e+00,2.563300e+00,5.111485e-01,2.425866e+00
393480,1,9.374714e-01,9.880594e-01,9.374714e-01,4.284329e+00,6.517715e-02,4.879757e+00,4.018712e-01,3.551205e+00,6.637578e+00,1.921326e+00,3.303780e+00,3.522551e-01,3.486333e-02
393481,1,9.602081e-01,9.712393e-01,9.602081e-01,3.762517e+00,6.145106e-02,8.169281e+00,3.388070e-01,2.087916e+00,4.171381e+00,2.723420e+00,2.871995e+00,5.186806e-01,9.811302e-01
393482,1,9.419073e-01,9.378554e-01,9.419073e-01,3.764207e+00,6.197831e-02,6.898689e+00,3.666860e-01,3.859463e+00,9.120541e-01,2.048993e+00,3.060951e+00,1.090271e+00,1.344023e+00
393483,1,9.458217e-01,9.123175e-01,9.458217e-01,3.735491e+00,6.340676e-02,7.101637e+00,3.389172e-01,9.958562e-01,1.310391e+00,2.007870e-01,4.493337e-01,2.021572e-01,1.612426e+00
393484,1,9.721953e-01,9.112338e-01,9.721952e-01,3.687345e+00,5.981876e-02,9.114182e+00,3.396276e-01,2.037851e+00,3.323713e-01,2.679862e+00,3.009737e+00,1.947811e-01,1.127668e+00
393485,1,9.560745e-01,9.210671e-01,9.560744e-01,3.960291e+00,6.546062e-02,7.818510e+00,3.374240e-01,2.110592e+00,2.059260e+00,2.549251e+00,1.843764e+00,9.427974e-01,1.668611e-01
393486,1,9.923825e-01,9.575607e-01,9.923825e-01,3.591722e+00,6.436903e-02,1.467207e+01,3.366359e-01,4.643866e+00,2.055567e+00,2.713219e+00,3.416007e+00,3.700668e-01,1.037824e+00
393487,1,8.845175e-01,9.425492e-01,8.845175e-01,4.941962e+00,7.845185e-02,2.708799e+00,3.951964e-01,2.643536e+00,3.333501e+00,3.285651e+00,4.060063e+00,2.233732e-01,1.266991e+00
393488,1,9.632668e-01,9.138910e-01,9.632667e-01,3.864347e+00,6.726266e-02,8.363523e+00,3.211399e-01,2.700074e-01,5.585574e-01,1.264811e+00,5.388819e-01,2.621787e-01,2.826304e-01
393489,1,9.393243e-01,9.270462e-01,9.393243e-01,2.422435e+00,6.640099e-02,6.737370e+00,3.142048e-01,2.557416e-01,4.766954e-01,9.795501e-01,1.653363e-01,2.775739e-01,3.219816e+00
393490,1,9.399448e-01,8.720210e-01,9.399448e-01,4.185033e+00,7.130764e-02,6.776990e+00,3.066104e-01,2.687504e+00,1.729369e+00,3.540653e+00,2.706310e+00,8.266806e-01,9.797292e-01
393491,1,9.646193e-01,9.343920e-01,9.646193e-01,3.623702e+00,6.755988e-02,8.456793e+00,2.883616e-01,3.721398e+00,2.350692e-01,4.130285e+00,3.485408e+00,4.340671e-01,9.917023e-01
393492,1,9.874426e-01,9.734580e-01,9.874426e-01,3.542141e+00,6.985191e-02,1.234965e+01,2.597806e-01,2.265041e-01,1.778278e+00,1.458913e+00,8.081304e-01,1.738747e-01,1.033838e+00
393493,1,9.165593e-01,9.765448e-01,9.165593e-01,3.241735e-01,3.453442e-02,1.785456e-01,1.025809e-01,5.154639e+00,3.609036e+00,5.409897e+00,4.991326e+00,6.369043e-01,4.460090e+00
393494,1,8.609003e-01,9.404365e-01,8.609003e-01,3.327501e-01,2.443060e-02,1.131073e-01,1.302103e-01,4.323586e+00,1.853292e+00,1.923297e+00,4.548559e+00,1.295386e+00,2.356730e+00
393495,1,8.535595e-01,9.001542e-01,8.535595e-01,2.126935e-01,2.657489e-02,1.368308e+00,1.142423e-01,3.327794e+00,2.096008e+00,4.431709e+00,3.381562e+00,7.779801e-01,6.188971e-01
393496,1,7.575260e-01,8.669435e-01,7.575261e-01,2.936667e-01,2.621916e-02,4.635559e-01,1.190224e-01,2.359325e+00,1.611461e+00,3.298018e+00,2.871691e+00,8.243522e-02,2.284836e+00
393497,1,7.513627e-01,8.787816e-01,7.513628e-01,2.424569e-01,2.484013e-02,1.481079e+00,1.206773e-01,1.110138e+00,4.556500e-01,2.347775e+00,1.453237e+00,1.559371e-01,6.144148e-01
393498,1,7.513433e-01,8.899408e-01,7.513434e-01,3.532058e-01,2.811884e-02,8.694690e-01,8.650165e-02,1.484176e+00,2.155406e+00,2.909991e+00,1.560815e+00,2.474495e-01,1.131672e+00
393499,1,7.537531e-01,9.374982e-01,7.537532e-01,3.270774e-02,2.679221e-02,1.461560e+00,1.249933e-01,2.384459e+00,9.276789e-01,3.258011e+00,2.339915e+00,1.206360e+00,1.994380e+00
393500,1,8.862395e-01,9.131679e-01,8.862395e-01,2.321900e-01,2.873356e-02,7.616096e-01,5.896461e-02,4.974643e+00,1.109632e+00,2.306840e+00,4.730989e+00,6.348361e-01,8.842126e-01
393501,1,7.406414e-01,9.255364e-01,7.406416e-01,3.074528e-01,3.323383e-02,5.197678e-02,4.766476e-02,2.552658e-01,9.878359e-01,1.794468e+00,1.100632e-01,1.051066e+00,2.258488e+00
393502,1,7.562707e-01,9.089691e-01,7.562709e-01,1.672336e-01,2.502721e-02,4.923541e-01,1.219774e-01,1.179786e+00,8.705776e-01,2.660338e+00,1.803126e+00,5.243672e-01,7.109842e-01
393503,1,8.507289e-01,8.364396e-01,8.507289e-01,1.688678e-01,2.411389e-02,1.942415e+00,9.936217e-02,4.190546e+00,1.141804e-01,1.547404e+00,4.387308e+00,1.744961e-02,4.809156e-01
393504,1,9.572290e-01,9.818875e-01,9.572290e-01,1.326604e-01,2.968245e-02,2.480657e-01,8.891847e-02,7.919407e+00,1.128270e+00,4.318594e+00,5.372868e+00,3.613599e-01,9.633447e-01
393505,1,7.705616e-01,8.990298e-01,7.705617e-01,4.457494e-01,2.647850e-02,5.296521e-02,1.646171e-01,2.069360e+00,8.028529e-01,3.239507e+00,3.435056e+00,6.090122e-01,5.120834e-02
393506,1,7.712777e-01,9.113699e-01,7.712778e-01,1.282207e-01,2.075046e-02,8.247558e-01,1.097549e-01,1.848899e+00,1.181491e+00,2.824431e+00,2.225432e+00,2.646715e-01,7.148838e-01
393507,1,8.965329e-01,8.975252e-01,8.965329e-01,2.192277e-01,2.700694e-02,4.949411e-01,1.167269e-01,2.122290e+00,2.280821e+00,2.864859e+00,2.439801e+00,1.135173e+00,4.392783e-01
393508,1,7.701072e-01,8.854538e-01,7.701073e-01,6.051830e-02,1.970074e-02,2.137351e-01,1.567293e-01,1.990262e+00,5.956239e-01,2.891252e+00,2.066609e+00,3.971600e-01,3.344632e-01
393509,1,8.792329e-01,9.280840e-01,8.792329e-01,4.792694e+00,2.458390e-02,3.318069e+00,9.127893e-02,4.838304e+00,9.940670e-01,2.449852e+00,4.850842e+00,1.350812e+00,7.632082e-01
393510,1,9.695644e-01,9.501071e-01,9.695644e-01,7.655402e-01,3.046586e-02,8.865115e+00,1.944297e-01,6.803530e-01,5.592817e-01,1.116201e+00,2.681341e-01,3.344991e+00,1.235273e+00
393511,1,9.956463e-01,9.727756e-01,9.956462e-01,2.149070e+00,5.336989e-02,1.786942e+01,1.776894e-01,5.702559e-01,1.357678e+00,2.005385e+00,1.256110e+00,1.975255e+00,1.050231e+00
393512,1,9.533676e-01,9.013475e-01,9.533676e-01,4.131712e+00,7.128420e-02,7.583430e+00,3.556725e-01,1.902738e+00,2.194433e+00,1.093234e-01,3.384180e-01,8.237052e-01,9.077622e-01
393513,1,9.293385e-01,9.018143e-01,9.293385e-01,3.418892e+00,6.967417e-02,6.261200e+00,3.536122e-01,2.677781e+00,8.813153e-02,1.015865e+00,1.182719e+00,4.442114e-01,1.042471e+00
393514,1,8.264770e-01,9.105249e-01,8.264770e-01,2.874320e+00,7.102367e-02,1.853030e+00,2.924861e-01,3.326012e+00,7.822743e-02,4.070010e+00,3.388683e+00,1.390084e-01,2.014353e+00
393515,1,8.982514e-01,8.856094e-01,8.982514e-01,1.876214e+00,5.328828e-02,5.230848e+00,2.309033e-01,1.025798e+00,3.813586e-01,2.046380e+00,1.246536e+00,7.078554e-01,8.264798e-01
393516,1,9.546265e-01,9.703517e-01,9.546265e-01,6.832942e-01,3.595772e-02,4.392927e-01,1.477135e-01,7.692540e+00,2.803116e+00,5.038473e+00,4.835262e+00,1.671888e+00,1.846140e+00
393517,1,8.051228e-01,8.733258e-01,8.051229e-01,3.458279e-01,2.502995e-02,1.099827e+00,1.545438e-01,2.823980e+00,1.010000e+00,3.807364e+00,2.757108e+00,6.079604e-01,7.113562e-01
393518,1,7.663749e-01,7.672055e-01,7.663749e-01,1.239025e-02,2.117226e-02,4.657507e-01,1.562305e-01,2.966952e-01,1.204761e-01,1.238873e+00,1.827149e+00,2.609926e-01,2.367214e+00
393519,1,8.903767e-01,9.307801e-01,8.903767e-01,5.060904e+00,2.057651e-02,4.702640e+00,1.639376e-01,4.441256e-01,1.986351e+00,1.090493e+00,6.359571e-01,3.237894e-01,8.996012e-01
393520,1,7.736539e-01,8.811294e-01,7.736540e-01,1.862755e+00,3.260528e-02,3.010931e-01,1.920055e-01,2.599063e+00,5.401219e-01,3.259084e+00,2.840296e+00,6.442952e-01,5.971412e-01
393521,1,7.598457e-01,9.449359e-01,7.598458e-01,4.383026e-01,2.551216e-02,1.946143e+00,1.839275e-01,2.412619e+00,4.971926e-01,3.165748e+00,2.383490e+00,1.331006e+00,1.059496e+00
393522,1,7.567392e-01,9.038562e-01,7.567394e-01,6.888851e-02,2.232128e-02,2.475781e-02,1.261628e-01,3.553118e-03,2.128187e+00,1.385030e+00,1.955429e-01,1.397166e+00,2.272836e+00
393523,1,8.910733e-01,9.394819e-01,8.910733e-01,2.061278e-02,2.036452e-02,2.223975e+00,1.656461e-01,1.457227e-01,5.075058e+00,1.201621e+00,1.938987e-01,2.952466e-01,8.844124e-01
393524,1,8.022816e-01,9.324402e-01,8.022817e-01,3.396752e-01,2.465768e-02,6.427832e-01,1.255338e-01,3.492646e+00,3.776082e+00,1.222450e+00,2.639066e+00,1.438896e+00,6.502454e-01
393525,1,8.240247e-01,9.615899e-01,8.240248e-01,2.342917e-01,1.918943e-02,1.049209e+00,1.556095e-01,2.941337e+00,2.617784e-01,4.035612e+00,2.980750e+00,9.063815e-01,3.339599e+00
393526,1,9.643028e-01,9.880488e-01,9.643028e-01,2.724288e-01,2.825623e-02,8.939561e-01,1.747787e-01,8.437182e+00,2.895322e+00,5.697472e+00,5.414463e+00,1.311675e+00,1.862764e+00
393527,1,7.756588e-01,8.908212e-01,7.756589e-01,3.058705e-01,2.594445e-02,2.653729e-01,1.784537e-01,1.276674e+00,5.614673e-01,2.527175e+00,1.858774e+00,1.030079e+00,2.341384e+00
393528,1,9.057125e-01,9.783817e-01,9.057125e-01,2.477458e-01,2.303753e-02,3.150694e+00,1.172267e-01,1.029049e+00,1.885577e+00,2.172207e+00,1.274110e+00,2.633226e+00,5.395823e-01
393529,1,7.541367e-01,9.056489e-01,7.541369e-01,8.500072e-01,3.295512e-02,4.871488e-01,1.135929e-01,1.546589e+00,1.831336e+00,2.525644e+00,1.744540e+00,2.361069e+00,1.374943e+00
393530,1,7.529115e-01,8.601175e-01,7.529116e-01,3.686931e-01,2.826891e-02,2.092448e-01,1.265429e-01,5.537245e-01,9.472070e-01,1.672070e+00,1.127348e+00,6.388557e-01,1.236469e+00
393531,1,8.173558e-01,8.127387e-01,8.173557e-01,1.605485e-01,2.470620e-02,1.267454e+00,1.565922e-01,6.354287e-01,6.970157e-01,1.905662e+00,9.835938e-01,7.765912e-01,3.948977e+00
393532,1,7.681377e-01,9.122238e-01,7.681378e-01,3.272696e-01,2.414846e-02,8.241617e-01,1.196563e-01,2.263935e-01,7.055243e-01,1.034084e+00,2.876859e-01,2.785093e-01,1.766112e+00
393533,1,9.395011e-01,9.876139e-01,9.395011e-01,2.792292e-01,2.372300e-02,6.747965e+00,1.546381e-01,4.367577e+00,1.866555e+00,2.149051e+00,3.301115e+00,2.391771e+00,1.504427e+00
393534,1,9.963022e-01,9.812033e-01,9.963022e-01,1.067078e+00,4.063202e-02,1.906053e+01,2.011799e-01,4.275261e+00,1.232703e+00,1.881842e+00,2.914916e+00,3.567862e-01,3.066026e+00
393535,1,8.940241e-01,8.870202e-01,8.940241e-01,3.734968e+00,7.773997e-02,5.139669e+00,3.728815e-01,3.834227e-02,5.998930e-01,1.473402e+00,1.196515e+00,1.078248e+00,1.092312e+00
393536,1,9.856322e-01,9.496705e-01,9.856322e-01,4.023214e+00,6.634477e-02,1.154290e+01,3.499024e-01,1.304432e+00,1.879630e-01,1.612359e-01,4.567177e-02,2.204098e+00,9.777780e-01
393537,1,9.249892e-01,9.208372e-01,9.249892e-01,4.346931e+00,7.149940e-02,6.090368e+00,3.642723e-01,2.485139e+00,1.532771e+00,3.257472e+00,2.965424e+00,4.085271e-01,3.286026e-01
393538,1,9.749322e-01,9.832205e-01,9.749322e-01,3.894467e+00,6.518478e-02,9.338538e+00,3.249897e-01,5.421299e+00,2.376212e+00,2.934787e+00,5.795198e+00,3.065213e-01,2.051952e+00
393539,1,9.320736e-01,9.779273e-01,9.320737e-01,4.231528e+00,6.924401e-02,3.876632e+00,3.403123e-01,6.368923e+00,1.163770e-01,3.729168e+00,3.438622e+00,2.895367e-01,1.575405e+00
393540,1,9.245896e-01,8.959995e-01,9.245896e-01,3.456140e+00,6.171172e-02,6.078034e+00,3.416350e-01,1.983828e+00,1.170583e-01,2.929202e+00,3.076337e+00,4.627657e-01,8.947951e-01
393541,1,7.623368e-01,8.077725e-01,7.623368e-01,3.352077e+00,6.155383e-02,6.477468e-01,3.277754e-01,1.253078e-01,1.260199e+00,1.055907e+00,1.970752e+00,3.405887e-01,6.958588e-02
393542,1,9.163365e-01,9.650214e-01,9.163365e-01,2.095542e+00,4.684073e-02,5.806523e+00,2.459911e-01,6.356073e-01,2.588153e-01,1.345357e+00,1.089993e+00,3.919343e+00,1.071657e+00
393543,1,8.700922e-01,9.731893e-01,8.700923e-01,6.438769e-01,3.693892e-02,7.162638e-01,1.398696e-01,3.329834e+00,1.222438e-01,3.725348e+00,2.942990e+00,4.711850e+00,3.135621e+00
393544,1,7.582527e-01,9.291642e-01,7.582528e-01,2.147241e-01,2.356817e-02,1.268628e-01,1.528730e-01,1.328838e+00,1.001691e+00,2.124117e+00,7.767329e-01,4.886337e-01,2.674082e+00
393545,1,8.394082e-01,9.025002e-01,8.394083e-01,6.378602e-02,2.217195e-02,1.484281e+00,2.100012e-01,2.919942e+00,7.800763e-01,3.797189e+00,2.454336e+00,8.311328e-01,3.423685e-01
393546,1,9.301270e-01,9.675779e-01,9.301271e-01,2.855404e-01,2.711713e-02,2.988132e+00,1.964920e-01,3.606276e+00,2.396688e+00,4.039471e+00,3.071529e+00,3.235085e-01,1.022331e+00
393547,1,7.661787e-01,8.870078e-01,7.661788e-01,5.755899e-01,2.649023e-02,1.147416e+00,2.406837e-01,1.967993e+00,5.842559e-01,2.824677e+00,1.922660e+00,1.269721e+00,4.436541e-01
393548,1,8.563883e-01,9.842619e-01,8.563884e-01,1.678396e-01,2.051888e-02,8.954722e-02,2.275732e-01,2.552951e-01,3.249463e+00,1.110896e+00,7.497236e-02,1.754460e-01,2.476703e+00
393549,1,7.694902e-01,9.021855e-01,7.694903e-01,1.441516e-01,2.845101e-02,1.931056e+00,1.245008e-01,2.926904e-01,1.678188e+00,1.238025e+00,2.410342e-01,1.296804e+00,1.320969e+00
393550,1,7.545151e-01,8.372352e-01,7.545151e-01,3.815209e-01,2.913218e-02,1.621982e-01,1.392384e-01,8.707304e-01,7.935041e-01,8.599856e-01,3.132706e-01,4.495177e-01,1.057831e+00
393551,1,7.705705e-01,8.656671e-01,7.705705e-01,2.377340e-01,2.723300e-02,5.839834e-01,1.281432e-01,6.224185e-01,6.516830e-01,1.121649e+00,2.479273e-01,3.570094e-01,8.992801e-01
393552,1,7.367836e-01,8.906993e-01,7.367838e-01,2.165827e-01,2.802946e-02,5.625719e-01,1.591216e-01,8.866162e-01,9.566204e-01,2.174827e+00,1.539739e+00,7.934886e-01,2.701820e-01
393553,1,9.044925e-01,9.832099e-01,9.044926e-01,4.673300e-02,2.019223e-02,4.623447e+00,1.588849e-01,5.110728e+00,2.096708e-02,2.851184e+00,2.900555e+00,2.651085e+00,2.347760e-01
393554,1,8.245781e-01,9.846985e-01,8.245782e-01,9.636546e-01,3.498170e-02,6.225892e-01,1.974194e-01,3.266425e+00,3.379348e-01,4.043249e+00,3.541467e+00,2.465670e+00,2.318704e+00
393555,1,7.536116e-01,9.329918e-01,7.536118e-01,4.020696e-01,2.863786e-02,8.332383e-01,1.443064e-01,1.531457e+00,5.449060e-03,2.591569e+00,1.661641e+00,9.882879e-01,2.318711e+00
393556,1,7.425544e-01,8.769872e-01,7.425546e-01,1.564146e-01,2.320719e-02,4.462563e-01,1.219789e-01,2.062405e+00,7.171741e-02,2.938223e+00,2.213597e+00,8.659925e-01,8.679752e-01
393557,1,7.382635e-01,8.771746e-01,7.382636e-01,1.275065e-01,2.071399e-02,4.823564e-02,1.454085e-01,5.006843e-02,2.803546e+00,1.127696e+00,6.871897e-01,3.705319e-01,4.190375e-01
393558,1,9.040611e-01,8.927624e-01,9.040611e-01,1.075992e-01,1.947735e-02,7.262975e-01,1.228983e-01,7.909958e-02,3.395700e+00,1.408474e+00,3.127271e-01,4.369914e-02,1.160298e+00
393559,1,8.815224e-01,8.921861e-01,8.815224e-01,6.672120e-02,2.631671e-02,8.018023e-01,1.198282e-01,4.707457e-01,1.262019e-01,1.120331e+00,3.490777e-01,1.329566e+00,9.619040e-01
393560,1,7.660054e-01,9.417430e-01,7.660056e-01,2.289342e-01,2.556731e-02,9.223782e-01,1.415563e-01,8.708398e-01,4.460275e-01,2.154104e+00,1.596653e+00,1.727860e-02,3.394168e+00
393561,1,8.699437e-01,7.808239e-01,8.699436e-01,2.722949e-01,3.158139e-02,4.547070e-02,9.296036e-02,1.517908e+00,2.923295e-01,2.597729e+00,1.974660e+00,8.557742e-02,7.458901e-01
393562,1,8.720476e-01,9.782155e-01,8.720477e-01,1.487434e-01,2.705748e-02,4.484483e-01,1.068044e-01,6.543337e-01,1.636212e+00,1.880859e+00,9.812522e-01,6.101786e-02,3.608234e+00
393563,1,7.162799e-01,9.455105e-01,7.162801e-01,1.459530e-01,2.469867e-02,8.042918e-01,1.706983e-01,1.373711e+00,2.041107e+00,2.461570e+00,1.475548e+00,1.308911e+00,6.832439e-01
393564,1,8.917434e-01,8.683756e-01,8.917433e-01,2.409617e-01,2.424928e-02,5.487288e-01,1.404221e-01,9.855952e-01,1.054535e+00,2.218168e+00,1.054225e+00,1.767821e-01,7.261815e-01
393565,1,9.111403e-01,9.320424e-01,9.111403e-01,2.964591e-01,2.735452e-02,1.286613e+00,1.427198e-01,2.125566e-01,3.266509e-01,1.314941e+00,5.759869e-02,7.634157e-01,1.377155e+00
393566,1,7.161013e-01,9.301136e-01,7.161015e-01,5.098068e-02,2.384493e-02,2.903863e+00,1.410430e-01,2.906037e-01,1.717660e+00,1.253716e+00,9.479708e-02,8.118484e-01,9.308657e-01
393567,1,7.324113e-01,8.959429e-01,7.324115e-01,4.145074e-01,2.757074e-02,5.333128e-01,1.251202e-01,2.168595e-01,1.615116e+00,1.459021e+00,2.166869e-01,1.101758e+00,1.532374e+00
393568,1,8.523537e-01,8.894352e-01,8.523537e-01,1.961335e-01,2.603303e-02,1.530327e+00,1.172670e-01,4.412276e+00,5.911638e-01,1.822475e+00,4.196115e+00,5.354722e-01,1.120448e+00
393569,1,7.384155e-01,8.993763e-01,7.384156e-01,4.063620e-01,3.021015e-02,4.329538e-01,1.371174e-01,2.156268e+00,1.287592e-01,5.897100e-02,2.147502e+00,2.725056e-01,1.856047e+00
393570,1,8.343040e-01,9.604283e-01,8.343041e-01,3.326349e-01,2.756803e-02,3.355133e-01,1.192750e-01,3.150015e+00,1.474759e+00,4.178666e+00,3.158918e+00,6.561219e-01,2.683216e+00
393571,1,8.503682e-01,8.375870e-01,8.503682e-01,2.258392e-01,2.112582e-02,2.106742e-01,1.699716e-01,2.398735e-01,1.508839e-01,1.290247e+00,1.866667e-02,4.089763e-01,2.036999e+00
393572,1,8.254391e-01,9.367981e-01,8.254392e-01,1.150150e-01,2.012353e-02,1.768194e+00,1.811949e-01,7.888899e-01,2.552658e+00,1.937919e+00,9.390730e-01,8.303687e-01,2.046193e+00
393573,1,7.591632e-01,9.072507e-01,7.591633e-01,3.150927e-01,2.379850e-02,2.914617e-01,1.662988e-01,7.075175e-02,1.492423e+00,1.362606e+00,3.544656e-01,7.792164e-01,1.495467e+00
393574,1,7.323583e-01,9.455759e-01,7.323585e-01,1.899028e-01,2.273702e-02,1.197763e+00,1.211248e-01,3.504715e-01,2.444643e+00,1.687035e+00,9.837952e-01,4.073313e-01,2.607252e+00
393575,1,9.771934e-01,9.561871e-01,9.771934e-01,1.953485e-01,2.004686e-02,9.550324e+00,1.639671e-01,4.643091e-01,7.630521e-01,1.688645e+00,9.674944e-01,8.782000e-01,2.504739e+00
393576,1,9.937810e-01,9.572019e-01,9.937810e-01,1.673779e+00,3.699892e-02,1.580207e+01,2.752712e-01,6.782542e-01,1.126109e-01,7.473404e-01,2.037951e-01,2.154164e-01,3.400437e+00
393577,1,9.518259e-01,9.521403e-01,9.518259e-01,3.783342e+00,6.294085e-02,7.452948e+00,3.627121e-01,4.160724e+00,1.176459e+00,1.807255e+00,4.230807e+00,1.086025e+00,1.425395e+00
393578,1,8.575375e-01,9.501796e-01,8.575376e-01,3.253462e+00,6.203668e-02,3.800301e+00,3.546090e-01,3.359757e+00,3.311301e-01,4.372996e+00,3.279587e+00,5.911064e-01,2.940059e-01
393579,1,8.482448e-01,9.286639e-01,8.482449e-01,3.320703e+00,6.070298e-02,4.352509e+00,2.731448e-01,1.103026e+00,3.582241e-01,2.103715e+00,1.304352e+00,5.113283e-03,4.232873e-01
393580,1,9.557969e-01,9.404719e-01,9.557969e-01,1.606387e+00,5.588983e-02,7.794166e+00,3.136235e-01,1.046886e+00,1.335112e+00,4.426541e-01,3.876804e-01,2.330064e-01,1.939921e+00
393581,1,9.389194e-01,8.515784e-01,9.389193e-01,3.544558e+00,6.251714e-02,6.715080e+00,3.016758e-01,1.499404e+00,1.198272e-01,1.197317e-01,1.133814e+00,5.382075e-01,1.095183e-01
393582,1,9.530158e-01,9.265035e-01,9.530158e-01,3.282986e+00,6.131086e-02,7.555459e+00,3.013813e-01,2.176566e-01,3.772461e-02,1.251870e+00,6.431692e-03,5.366970e-01,5.570174e-01
393583,1,9.834204e-01,9.702687e-01,9.834204e-01,3.637203e+00,6.217776e-02,1.071559e+01,3.125428e-01,5.450308e+00,1.356955e+00,2.909345e+00,4.104560e+00,4.674124e-01,1.047505e+00
393584,1,8.551913e-01,9.626948e-01,8.551914e-01,4.194287e+00,6.538915e-02,4.455993e+00,3.478392e-01,1.226418e+00,5.971984e-02,4.165790e-01,1.703349e-02,9.409561e-01,2.405337e+00
393585,1,9.834575e-01,9.431291e-01,9.834575e-01,3.508812e+00,6.247015e-02,1.072777e+01,3.453553e-01,4.799100e-01,4.204144e-01,7.680153e-01,7.728746e-01,1.464868e-01,8.419154e-01
393586,1,8.301544e-01,9.239523e-01,8.301545e-01,4.121692e+00,6.617065e-02,3.360640e+00,3.676552e-01,2.302456e-01,2.602973e+00,1.331500e+00,7.340259e-01,2.983498e-01,3.334960e+00
393587,1,9.052103e-01,9.539471e-01,9.052104e-01,3.341914e+00,6.071082e-02,4.652198e+00,3.274179e-01,1.863623e+00,1.325704e+00,2.559397e+00,2.114689e+00,2.057199e-01,4.129895e-02
393588,1,9.808197e-01,9.788679e-01,9.808197e-01,3.308167e+00,5.495213e-02,9.226728e+00,2.899258e-01,8.136699e-01,2.824468e+00,1.826088e+00,5.267352e-01,6.714998e-01,6.091235e-01
393589,1,9.834363e-01,9.347243e-01,9.834363e-01,3.351057e+00,6.171841e-02,1.072238e+01,3.436740e-01,1.265460e+00,8.232496e-01,6.687421e-02,1.310764e-01,6.389912e-01,1.362498e+00
393590,1,9.684665e-01,9.513871e-01,9.684665e-01,4.020402e+00,6.955505e-02,6.133877e+00,3.514234e-01,1.815685e-01,1.231625e+00,1.106404e+00,2.835944e-01,3.611904e-01,1.309397e-01
393591,1,9.728406e-01,9.575731e-01,9.728406e-01,3.945589e+00,6.787373e-02,9.171320e+00,3.383660e-01,2.331211e+00,4.881674e-01,3.042486e+00,2.564303e+00,1.799292e-01,8.375470e-01
393592,1,9.823578e-01,9.586569e-01,9.823578e-01,4.192248e+00,7.141382e-02,1.047090e+01,3.355912e-01,6.132859e-01,2.393117e+00,1.679839e+00,7.521311e-01,1.764479e+00,6.799689e-01
393593,1,8.584993e-01,9.227590e-01,8.584994e-01,4.509125e+00,7.426520e-02,3.903554e+00,3.373824e-01,1.411473e+00,7.970526e-01,2.162966e-01,1.201384e+00,4.046825e-01,9.636158e-01
393594,1,9.596742e-01,9.130831e-01,9.596741e-01,7.778888e-01,6.401621e-02,8.131159e+00,3.225606e-01,1.714987e+00,1.520511e-01,2.800309e+00,1.821483e+00,5.316770e-02,6.283567e-01
393595,1,9.766701e-01,9.284782e-01,9.766701e-01,2.001966e+00,6.937305e-02,9.485220e+00,3.475711e-01,3.739372e-01,1.481872e+00,1.539188e+00,7.107578e-01,2.072663e-01,8.295884e-01
393596,1,9.519691e-01,9.386739e-01,9.519691e-01,3.885798e+00,7.495159e-02,7.466242e+00,3.606335e-01,5.417870e-01,1.597325e+00,1.789560e+00,6.078972e-01,8.037970e-01,5.503510e-01
393597,1,9.416333e-01,9.287434e-01,9.416333e-01,4.172789e+00,7.001965e-02,6.882658e+00,3.342124e-01,1.223966e+00,8.992087e-01,3.621425e-01,1.460689e+00,7.221374e-01,1.015088e+00
393598,1,9.800806e-01,9.778443e-01,9.800806e-01,3.825556e+00,6.764961e-02,9.888362e+00,3.170480e-01,8.141213e-01,3.730517e+00,2.164385e+00,1.256694e+00,3.616380e-01,9.099567e-01
393599,1,9.491032e-01,9.240319e-01,9.491032e-01,4.184193e+00,6.623099e-02,7.270227e+00,3.595153e-01,1.820909e+00,5.357720e-01,2.827429e+00,1.720415e+00,3.674037e-01,1.068215e-01
393600,1,8.583473e-01,9.324685e-01,8.583473e-01,4.012856e+00,6.442630e-02,4.276061e+00,3.363600e-01,2.536611e+00,1.506908e+00,5.654048e-01,2.090854e+00,4.284879e-01,6.074954e-01
393601,1,8.981418e-01,8.978187e-01,8.981418e-01,3.677973e+00,6.500878e-02,5.229062e+00,2.984299e-01,1.519489e-01,1.066669e+00,1.495361e+00,9.178447e-01,3.889263e-01,4.367973e-01
393602,1,9.657385e-01,9.384865e-01,9.657384e-01,3.205790e+00,6.143976e-02,8.533872e+00,2.794793e-01,3.648085e-01,2.284028e+00,1.514618e+00,9.442838e-01,7.002667e-01,2.298559e+00
393603,1,9.394003e-01,9.232116e-01,9.394003e-01,3.576955e+00,6.192630e-02,6.742325e+00,3.498718e-01,3.777813e-01,1.623824e+00,9.440349e-01,4.444269e-01,9.003600e-01,8.267527e-01
393604,1,9.845802e-01,9.375884e-01,9.845802e-01,3.460196e+00,6.043865e-02,1.110262e+01,3.377911e-01,1.980937e-01,1.362883e+00,1.044247e+00,4.932357e-01,6.078119e-01,7.665931e-01
393605,1,9.052599e-01,9.413735e-01,9.052599e-01,4.180794e+00,6.950111e-02,5.419033e+00,3.269836e-01,3.796073e+00,4.538812e-01,1.759628e+00,2.512527e+00,8.778420e-02,1.075993e-01
393606,1,9.853811e-01,9.494247e-01,9.853811e-01,3.626465e+00,6.481714e-02,1.144176e+01,3.157531e-01,2.406570e+00,1.184967e+00,4.661426e-01,1.590168e+00,3.913718e-01,1.024394e+00
393607,1,9.019519e-01,8.952004e-01,9.019519e-01,4.399230e+00,7.244636e-02,5.324384e+00,3.830314e-01,2.254911e+00,9.058384e-01,3.162519e+00,2.592555e+00,6.816416e-01,1.112550e+00
393608,1,8.169951e-01,9.241786e-01,8.169952e-01,3.762365e+00,6.510574e-02,2.483183e+00,3.548601e-01,1.033386e+00,3.944274e+00,2.627189e-01,3.794571e-01,4.113578e-01,2.613075e+00
393609,1,9.034317e-01,9.271594e-01,9.034317e-01,2.145895e+00,4.435830e-02,3.830292e+00,2.191391e-01,5.365687e+00,1.164528e+00,3.113219e+00,3.918923e+00,2.861821e-01,2.271976e+00
393610,1,8.271134e-01,8.889950e-01,8.271135e-01,1.029621e+00,3.519465e-02,1.161155e+00,1.233324e-01,2.723165e+00,7.244225e-01,3.439972e+00,3.117335e+00,1.899871e+00,1.786685e+00
393611,1,8.273150e-01,8.765540e-01,8.273150e-01,1.379755e-03,2.411411e-02,1.082513e-01,1.462168e-01,3.421250e-01,4.253663e-01,8.304227e-01,3.434984e-01,6.136525e-01,3.466037e+00
393612,1,7.603000e-01,8.962682e-01,7.603002e-01,3.944496e-01,2.363581e-02,2.509600e+00,1.535148e-01,9.035011e-01,5.882688e-01,1.905696e+00,7.243842e-01,6.796542e-01,4.023416e-01
393613,1,8.183582e-01,9.289467e-01,8.183583e-01,5.591217e-01,2.843728e-02,1.840087e-01,1.101544e-01,3.446770e+00,1.048947e+00,3.961909e+00,3.464662e+00,1.213300e+00,2.673313e+00
393614,1,7.178976e-01,8.189088e-01,7.178977e-01,2.304516e-01,2.612013e-02,8.266670e-02,8.035265e-02,1.083089e+00,5.684195e-01,1.807561e-01,6.929841e-01,6.645920e-01,7.470660e-01
393615,1,7.468012e-01,9.047826e-01,7.468014e-01,2.074431e-01,2.433677e-02,2.009982e+00,1.221204e-01,2.399243e+00,2.628118e-01,3.190832e+00,2.553023e+00,2.402899e-01,2.928721e+00
393616,1,7.403285e-01,9.493027e-01,7.403287e-01,4.246011e-01,2.413804e-02,7.005664e-01,1.367373e-01,4.407273e-01,8.216433e-01,1.631246e+00,1.296525e-01,5.772697e-01,2.843170e+00
393617,1,7.799233e-01,8.758132e-01,7.799234e-01,3.713611e-01,2.634445e-02,1.680175e+00,1.128251e-01,1.741789e+00,4.746190e-01,2.743062e+00,1.658897e+00,1.126965e-01,3.234846e-01
393618,1,7.498051e-01,8.392736e-01,7.498052e-01,5.042299e-01,2.976183e-02,1.002351e+00,8.780493e-02,1.314087e-01,2.416213e-01,1.344971e+00,4.015522e-01,8.136231e-01,4.602550e-02
393619,1,9.674835e-01,9.484736e-01,9.674835e-01,9.741899e-02,2.763678e-02,1.537620e+00,7.799828e-02,8.524270e-01,2.110632e-01,2.128272e+00,6.108403e-01,6.755507e-01,4.779994e-01
393620,1,9.670185e-01,9.584341e-01,9.670185e-01,3.932144e-01,3.381329e-02,1.161786e+00,8.895504e-02,1.348143e+00,4.527222e-01,2.562270e-01,7.443999e-01,7.566574e-01,5.019077e-01
393621,1,9.801301e-01,9.563479e-01,9.801301e-01,2.361918e-01,3.094934e-02,9.936372e+00,5.598988e-02,8.554057e-01,8.457976e-01,6.794464e-01,6.060947e-02,2.392240e-01,4.873016e-01
393622,1,9.967477e-01,9.864576e-01,9.967477e-01,1.270860e+00,4.575122e-02,1.990994e+01,1.761087e-01,3.603639e+00,7.691055e-01,1.568876e+00,2.087576e+00,2.748932e-01,1.277634e+00
393623,1,9.811043e-01,9.499286e-01,9.811043e-01,4.585085e+00,7.915835e-02,1.017032e+01,3.134860e-01,1.231901e+00,9.857555e-01,2.438306e+00,1.784413e+00,7.170170e-01,1.514277e+00
393624,1,9.574093e-01,9.426606e-01,9.574093e-01,4.703118e-01,7.991444e-02,7.936176e+00,3.052686e-01,1.602919e+00,3.880278e+00,2.879918e-02,6.988102e-01,2.611267e-01,1.036818e+00
393625,1,9.041584e-01,9.240195e-01,9.041584e-01,5.386325e+00,8.173928e-02,3.375798e+00,3.826632e-01,2.026822e+00,2.078183e+00,3.005153e+00,2.156060e+00,6.723547e-01,1.873297e+00
393626,1,9.304099e-01,9.040949e-01,9.304099e-01,2.447546e+00,5.191084e-02,6.311240e+00,2.179877e-01,1.029037e-01,2.981578e-01,1.455374e+00,1.991505e-01,1.957550e+00,3.808838e-01
393627,1,8.856225e-01,9.381064e-01,8.856225e-01,5.712558e-01,3.157413e-02,4.963424e+00,1.622688e-01,3.116210e+00,2.725137e+00,3.698471e+00,3.107496e+00,5.481158e-01,1.660998e+00
393628,1,8.688086e-01,9.790906e-01,8.688087e-01,1.114282e+00,3.922365e-02,2.751548e+00,1.867352e-01,2.811859e-01,3.463410e+00,1.413002e+00,8.090603e-01,1.334236e+00,4.458676e+00
393629,1,8.810999e-01,9.657463e-01,8.811000e-01,3.175440e-01,2.681213e-02,1.018609e-01,9.816979e-02,5.438948e-02,2.521855e+00,1.308591e+00,1.740073e-01,6.900801e-01,8.156859e-01
393630,1,8.311162e-01,9.477346e-01,8.311163e-01,2.554940e-01,2.930157e-02,1.256003e+00,1.263388e-01,2.035629e-01,7.293797e-01,1.481628e+00,5.979805e-01,3.388043e-02,1.494544e+00
393631,1,8.055419e-01,9.053236e-01,8.055419e-01,3.035985e-01,2.501909e-02,2.924994e-01,1.638109e-01,1.827148e+00,2.100954e-01,1.978651e-01,1.076797e+00,6.926176e-01,1.842401e+00
393632,1,7.692922e-01,8.708471e-01,7.692923e-01,1.580431e-01,2.789745e-02,1.160848e+00,1.116475e-01,6.697567e-02,2.004906e+00,1.329601e+00,3.669959e-01,6.430643e-01,5.615618e-01
393633,1,9.780492e-01,9.430973e-01,9.780491e-01,2.666179e-01,2.613922e-02,3.853767e-01,1.034773e-01,9.733267e-01,1.002235e+00,2.088273e+00,1.492214e+00,7.073478e-01,1.698849e+00
393634,1,8.940506e-01,9.486910e-01,8.940507e-01,1.083119e-01,2.064417e-02,3.309009e+00,9.480516e-02,5.140687e+00,2.274755e-01,2.666337e+00,5.005066e+00,9.926004e-01,2.577417e+00
393635,1,8.707923e-01,9.778655e-01,8.707924e-01,6.638697e-01,2.927213e-02,2.672709e+00,1.941369e-01,9.613120e-01,9.300742e-01,2.353335e+00,1.847685e+00,7.943986e-01,2.453574e+00
393636,1,7.384120e-01,9.111065e-01,7.384121e-01,1.034478e+00,3.462022e-02,1.921439e+00,1.267199e-01,3.856283e-01,9.853718e-01,1.580209e+00,5.844442e-01,1.865446e+00,1.624228e-01
393637,1,8.622493e-01,9.298661e-01,8.622493e-01,2.604250e-01,2.489827e-02,1.057060e+00,1.100415e-01,1.557421e+00,8.422032e-01,2.583022e+00,1.433681e+00,4.030821e-01,3.461433e+00
393638,1,8.659904e-01,8.918661e-01,8.659904e-01,3.263752e-01,2.461148e-02,1.130601e+00,1.775122e-01,1.470536e+00,5.884886e-01,2.332943e+00,1.588040e+00,3.963232e-01,1.415916e+00
393639,1,8.441006e-01,9.104665e-01,8.441006e-01,2.448461e-01,2.810128e-02,4.299248e+00,1.078487e-01,3.598693e-01,1.589528e+00,9.716806e-01,2.221961e-01,1.939765e+00,2.559882e+00
393640,1,7.047454e-01,9.645883e-01,7.047456e-01,1.025405e+00,4.107696e-02,2.762586e+00,1.506675e-01,1.268854e+00,6.138730e-01,1.935487e-01,1.020190e+00,2.566540e+00,2.604291e+00
393641,1,8.075415e-01,8.866471e-01,8.075416e-01,1.408944e-01,2.513058e-02,8.197523e-01,1.427406e-01,1.995183e+00,4.505714e-01,2.902606e+00,2.128665e+00,8.494387e-01,1.733081e-01
393642,1,7.885565e-01,8.769995e-01,7.885566e-01,1.744674e-01,2.353162e-02,2.050389e-01,1.717794e-01,2.000739e+00,1.503799e+00,2.137528e-01,1.879967e+00,9.513379e-01,3.627882e+00
393643,1,7.775559e-01,9.240549e-01,7.775560e-01,1.260783e-01,2.291555e-02,1.426269e+00,1.557383e-01,1.916342e+00,7.758004e-01,2.891039e+00,2.269619e+00,1.192252e-01,2.908935e+00
393644,1,7.468401e-01,8.206343e-01,7.468402e-01,2.546382e-01,2.155586e-02,1.449199e+00,1.674125e-01,2.199173e+00,2.782535e-02,2.986182e+00,2.258907e+00,3.091865e-03,7.006809e-01
393645,1,7.380990e-01,8.630258e-01,7.380991e-01,3.441892e-01,2.457875e-02,5.683524e-01,1.680401e-01,1.099377e+00,2.720061e-01,2.056131e+00,1.131100e+00,1.705201e+00,1.866103e-01
393646,1,7.569956e-01,9.237243e-01,7.569958e-01,1.322813e-01,2.092794e-02,8.427938e-01,1.424299e-01,6.989413e-01,8.736333e-01,1.817318e+00,8.591025e-01,9.554665e-01,7.447159e-01
393647,1,7.348388e-01,8.947036e-01,7.348389e-01,2.139386e-01,2.049721e-02,1.275172e+00,1.948314e-01,5.795934e-01,8.540114e-01,1.851180e+00,8.382987e-01,6.252148e-01,2.438121e+00
393648,1,7.920289e-01,9.308702e-01,7.920290e-01,2.424328e-01,2.391507e-02,1.193674e+00,1.998373e-01,3.517348e-01,4.451810e-01,9.647922e-01,2.220726e-01,8.454043e-01,2.361843e-01
393649,1,7.235323e-01,8.953100e-01,7.235325e-01,3.723196e-01,2.737375e-02,8.898335e-01,1.491821e-01,2.696057e-01,1.324976e+00,1.178564e+00,9.606726e-02,1.325342e+00,5.371152e-01
393650,1,7.478125e-01,9.575148e-01,7.478127e-01,1.239267e-01,2.410015e-02,1.443669e+00,1.220868e-01,2.028134e+00,2.404284e+00,2.484858e-01,8.054960e-01,4.267146e-01,2.854428e+00
393651,1,8.015673e-01,9.502769e-01,8.015675e-01,2.393519e-01,2.297355e-02,1.069282e+00,1.909267e-01,2.355917e+00,2.546226e-01,3.179006e+00,2.594044e+00,9.272004e-01,2.149419e+00
393652,1,7.320630e-01,8.783449e-01,7.320631e-01,2.977856e-01,2.379863e-02,8.384588e-01,1.580132e-01,3.065909e+00,2.145447e-02,1.068084e+00,2.793253e+00,9.594853e-01,1.291862e+00
393653,1,8.363849e-01,9.350956e-01,8.363850e-01,3.500017e-01,2.454908e-02,4.205243e+00,1.334469e-01,1.594129e+00,1.180671e+00,2.735073e+00,1.814777e+00,6.030638e-02,1.302647e+00
393654,1,8.882215e-01,9.368971e-01,8.882215e-01,8.399306e-01,3.326459e-02,1.435151e+00,1.608400e-01,1.055168e+00,2.434056e+00,2.169964e+00,1.229492e+00,1.075054e+00,7.639312e-02
393655,1,8.278684e-01,8.754031e-01,8.278684e-01,3.478550e-01,2.761621e-02,6.219314e-02,1.573641e-01,7.321409e-01,2.142517e+00,1.843336e+00,7.698565e-01,2.507225e-01,2.114045e+00
393656,1,8.659427e-01,8.820311e-01,8.659427e-01,1.519647e-01,2.426815e-02,4.640078e+00,1.562365e-01,4.927445e-02,6.587253e-02,1.261501e+00,2.144063e-01,3.462368e-02,3.919366e-01
393657,1,7.536205e-01,8.934360e-01,7.536206e-01,8.214598e-01,3.363776e-02,1.458896e+00,1.696129e-01,3.384402e-01,9.807191e-01,1.473728e+00,7.268381e-01,9.505510e-01,1.797410e+00
393658,1,7.215345e-01,8.737395e-01,7.215346e-01,3.500639e-01,2.590041e-02,1.017633e-01,1.411302e-01,2.265662e+00,2.557900e-01,5.349612e-01,1.470815e+00,1.063422e+00,1.906699e+00
393659,1,7.414229e-01,8.634041e-01,7.414230e-01,2.388260e-01,2.175124e-02,1.283425e+00,1.922601e-01,3.634737e-01,3.528014e-01,1.677082e+00,6.746428e-01,9.293435e-02,2.334754e+00
393660,1,8.943671e-01,9.077899e-01,8.943671e-01,3.351311e-01,2.921572e-02,4.144146e+00,1.405630e-01,3.895356e-01,6.315149e-01,1.502421e+00,1.059882e+00,2.942744e-01,1.285062e+00
393661,1,8.112296e-01,8.961021e-01,8.112296e-01,8.404262e-01,2.854988e-02,1.454409e+00,2.264624e-01,1.504434e+00,8.225525e-01,2.534896e+00,1.579045e+00,6.692079e-01,7.567014e-01
393662,1,8.120110e-01,8.896862e-01,8.120111e-01,3.477971e-01,2.715921e-02,4.448486e-01,1.287113e-01,1.724250e+00,4.321839e-01,1.882944e-01,1.619475e+00,1.179967e+00,1.355059e+00
393663,1,9.193580e-01,9.277728e-01,9.193580e-01,2.615277e-01,2.129142e-02,3.661264e+00,1.770377e-01,1.029328e+00,1.283870e-01,2.187064e+00,1.463685e+00,1.317892e-01,2.019967e+00
393664,1,7.118669e-01,8.397262e-01,7.118671e-01,6.977246e-01,3.124804e-02,1.543594e-01,1.772913e-01,4.242932e-01,5.382600e-01,9.053803e-01,2.817615e-02,5.712154e-01,5.030346e-01
393665,1,7.570787e-01,8.667650e-01,7.570788e-01,4.633319e-01,2.767223e-02,2.783749e-01,1.442311e-01,1.102653e+00,2.275929e-01,2.240214e+00,9.208799e-01,8.920862e-01,3.302779e-01
393666,1,7.092786e-01,8.159934e-01,7.092787e-01,2.868818e-01,2.828707e-02,6.979346e-01,1.093142e-01,7.848497e-01,1.450044e-01,1.925371e+00,1.025478e+00,7.686110e-02,8.132458e-01
393667,1,7.113047e-01,7.853587e-01,7.113048e-01,2.987742e-01,2.839061e-02,6.815903e-01,1.081731e-01,8.565825e-01,1.430397e-01,1.839210e+00,1.258374e+00,5.650619e-01,3.667565e-01
393668,1,9.126095e-01,8.457654e-01,9.126094e-01,2.908402e-01,2.620518e-02,1.084898e+00,9.004424e-02,7.955105e-01,8.893958e-01,1.893749e+00,9.054002e-01,5.547068e-01,3.508929e-01
393669,1,9.443808e-01,9.155440e-01,9.443808e-01,3.200772e-01,2.694506e-02,4.915659e-01,9.034096e-02,2.378149e+00,1.413566e+00,5.744995e-01,2.349737e+00,3.676900e-01,8.928663e-01
393670,1,9.989560e-01,9.989269e-01,9.989560e-01,4.617223e+00,2.662921e-02,3.052891e+01,1.135293e-01,1.801627e+00,3.301675e+00,3.802382e-03,7.788945e-01,1.484739e+01,3.268969e+00
393671,1,9.876336e-01,9.850627e-01,9.876336e-01,3.599391e+00,1.264854e-01,3.742698e+00,2.885854e-01,6.765602e+00,1.928417e+00,4.272152e+00,4.898842e+00,6.339718e+00,4.658571e-01
393672,1,9.865144e-01,9.747203e-01,9.865144e-01,4.673481e+00,8.911977e-02,1.188053e+01,3.094120e-01,1.587010e+00,1.442506e+00,2.678721e+00,2.180011e+00,2.404021e+00,3.968551e-01
393673,1,8.628469e-01,9.042947e-01,8.628469e-01,4.584631e+00,7.715520e-02,3.420903e+00,3.513952e-01,1.200291e+00,4.175826e-01,2.111188e+00,1.669025e+00,6.149379e-01,4.985094e-01
393674,1,9.820909e-01,9.390505e-01,9.820908e-01,3.648050e+00,6.792933e-02,1.041248e+01,2.786361e-01,3.127282e-01,1.230004e+00,1.468599e+00,3.446403e-01,3.775634e-01,6.785830e-01
393675,1,9.541067e-01,9.134649e-01,9.541066e-01,3.498465e+00,7.340782e-02,7.647636e+00,3.255848e-01,1.395676e+00,4.894144e-01,1.865582e-01,3.980666e-01,3.210786e-01,1.636241e+00
393676,1,9.382193e-01,9.425651e-01,9.382193e-01,3.908576e+00,7.500869e-02,6.678299e+00,3.207209e-01,1.925596e-01,4.797187e+00,1.368551e+00,3.641774e-01,5.146254e-01,1.183857e-01
393677,1,9.426305e-01,9.126234e-01,9.426304e-01,3.844098e+00,7.072523e-02,6.941770e+00,3.158220e-01,5.429379e-01,8.160487e-01,7.256212e-01,2.007341e-01,8.044455e-01,1.549238e-01
393678,1,9.396195e-01,8.742822e-01,9.396195e-01,3.595954e+00,6.492219e-02,6.755257e+00,3.050503e-01,5.019645e-01,3.376490e-01,1.653864e+00,7.251128e-01,7.894761e-02,2.383208e-01
393679,1,9.675047e-01,9.378783e-01,9.675047e-01,3.528379e+00,6.818175e-02,8.677122e+00,2.755945e-01,9.329802e-01,2.282982e+00,1.862392e+00,8.559104e-01,7.737551e-01,4.458273e-01
393680,1,8.470302e-01,9.379261e-01,8.470303e-01,3.752072e+00,6.909524e-02,6.421504e-01,2.833826e-01,9.632707e-01,4.336947e+00,3.824916e-01,1.862220e-01,1.924545e-01,1.737030e+00
393681,1,9.152686e-01,9.159736e-01,9.152686e-01,2.620484e+00,5.684768e-02,5.770680e+00,2.485006e-01,3.377913e+00,1.573266e+00,3.871624e+00,3.528383e+00,9.329057e-01,3.660585e+00
393682,1,7.469374e-01,8.245520e-01,7.469374e-01,5.297856e-01,3.455897e-02,4.134897e-01,1.061148e-01,1.515314e-01,7.992764e-01,1.247826e+00,2.588176e-02,7.787257e-01,5.859316e-01
393683,1,9.969528e-01,9.934958e-01,9.969528e-01,1.316610e-01,3.466654e-02,2.050226e+01,7.800119e-02,8.350036e-01,1.928909e+00,1.845242e+00,1.154125e+00,3.333029e-01,2.597019e+00
393684,1,9.943874e-01,9.861730e-01,9.943874e-01,1.576263e+00,7.609861e-02,1.659988e+01,2.529284e-01,4.149743e+00,3.491802e+00,2.106943e+00,3.760360e+00,1.863531e+00,1.669529e-01
393685,1,9.861980e-01,9.776197e-01,9.861980e-01,1.178016e+01,1.178404e-01,1.084968e+01,3.584354e-01,1.326277e+00,1.877679e+00,2.533126e-01,9.465648e-01,3.834677e+00,6.320196e-01
393686,1,9.938871e-01,9.973039e-01,9.938871e-01,5.547300e+00,1.321976e-01,1.378451e+01,4.408277e-01,1.594471e+01,7.406414e-01,1.166312e+01,1.156326e+01,5.543812e+00,3.229027e+00
393687,1,9.986413e-01,9.966533e-01,9.986413e-01,2.746162e+01,1.515730e-01,9.003870e+00,4.519063e-01,2.152826e+00,5.174228e+00,3.158334e+00,4.130089e+00,7.793660e+00,2.221012e+00
393688,1,9.922941e-01,9.753815e-01,9.922941e-01,1.462021e+01,1.184678e-01,8.062161e+00,6.639837e-01,9.358362e-01,1.378911e+00,1.779258e+00,1.033788e+00,2.191415e+00,4.173636e-01
393689,1,9.521247e-01,9.294647e-01,9.521247e-01,4.720232e+00,7.244455e-02,7.479293e+00,3.481601e-01,9.520957e-02,7.982372e-01,9.056011e-01,2.680605e-01,4.076660e-01,2.108437e+00
393690,1,9.660815e-01,9.620707e-01,9.660814e-01,4.364210e+00,6.870753e-02,8.558992e+00,3.510364e-01,1.703069e+00,1.421153e-01,2.287802e+00,2.179989e+00,6.919804e-01,2.432012e+00
393691,1,9.588998e-01,9.544280e-01,9.588998e-01,4.285493e+00,6.655507e-02,8.068931e+00,3.319607e-01,1.772713e+00,4.785068e+00,2.365442e+00,1.779715e+00,1.724942e-01,8.441492e-01
393692,1,9.847623e-01,9.654563e-01,9.847623e-01,4.191719e+00,6.642593e-02,1.117786e+01,3.082083e-01,1.096783e+00,9.055462e-01,1.822200e+00,1.069617e+00,5.021573e-01,1.132208e+00
393693,1,9.402083e-01,9.352653e-01,9.402083e-01,4.632325e+00,7.173912e-02,6.794008e+00,3.448206e-01,4.868892e+00,8.383415e-01,2.814924e+00,3.790905e+00,5.738530e-01,1.107558e+00
393694,1,9.751072e-01,9.258564e-01,9.751071e-01,4.190801e+00,6.647069e-02,9.351140e+00,3.317819e-01,2.038644e+00,2.065847e+00,1.348820e-01,1.618945e+00,2.192377e-01,1.156212e-01
393695,1,9.833974e-01,9.661299e-01,9.833974e-01,4.400176e+00,7.017149e-02,1.070724e+01,3.218239e-01,3.173293e+00,9.944056e-02,3.844423e+00,3.343434e+00,4.285900e-01,6.867262e-01
393696,1,9.524430e-01,9.656490e-01,9.524430e-01,4.523695e+00,7.027912e-02,7.505455e+00,3.871729e-01,9.220368e-01,2.972282e+00,1.657769e+00,1.677246e+00,6.311098e-01,2.011830e+00
393697,1,9.817461e-01,9.533336e-01,9.817461e-01,4.161195e+00,6.647749e-02,1.033574e+01,3.247197e-01,5.387408e+00,1.171885e+00,3.013688e+00,5.185830e+00,2.078016e-01,8.468988e-01
393698,1,9.781234e-01,9.684742e-01,9.781234e-01,4.593816e+00,7.234781e-02,9.677108e+00,3.399288e-01,3.422817e+00,7.702798e-01,4.029633e+00,3.901361e+00,6.357572e-01,1.379870e+00
393699,1,8.652655e-01,8.996945e-01,8.652655e-01,4.627700e+00,7.413651e-02,2.352579e+00,3.373747e-01,3.487938e+00,1.219609e-01,3.909829e+00,3.351450e+00,6.146271e-01,8.380048e-01
393700,1,9.848879e-01,9.572072e-01,9.848878e-01,3.436231e+00,6.073498e-02,1.123272e+01,2.734843e-01,2.067452e+00,8.242156e-01,2.644172e+00,2.126535e+00,3.466120e-01,8.857093e-01
393701,1,9.854059e-01,9.541698e-01,9.854059e-01,3.361702e+00,6.739106e-02,1.145013e+01,3.182825e-01,4.693654e-01,2.747735e+00,8.270125e-01,4.391281e-01,2.724419e-01,1.540321e+00
393702,1,9.580829e-01,9.658435e-01,9.580829e-01,4.727019e+00,7.618171e-02,7.999823e+00,3.186808e-01,5.763151e-01,2.132786e+00,9.779007e-01,5.491765e-01,6.901450e-01,1.722737e+00
393703,1,9.761397e-01,9.619753e-01,9.761397e-01,4.424569e+00,7.181379e-02,9.434017e+00,2.814365e-01,7.007521e-01,6.460152e+00,2.099231e+00,1.111183e+00,3.249372e-01,4.351083e-01
393704,1,9.274255e-01,9.211661e-01,9.274255e-01,4.462681e+00,6.946351e-02,6.178396e+00,3.186831e-01,5.623328e-01,1.582370e+00,1.844073e+00,9.973733e-01,4.842641e-01,9.548703e-02
393705,1,9.558588e-01,9.044997e-01,9.558587e-01,3.933579e+00,6.685639e-02,7.799791e+00,2.868898e-01,1.051518e+00,1.140094e+00,2.200233e+00,1.385356e+00,5.801195e-01,1.576243e+00
393706,1,9.845007e-01,9.644062e-01,9.845006e-01,3.859683e+00,6.461347e-02,1.107052e+01,2.649419e-01,9.890307e-01,2.522957e+00,2.064804e+00,1.444964e+00,1.295113e-01,1.725272e+00
393707,1,9.857878e-01,9.591872e-01,9.857878e-01,4.347519e+00,6.976518e-02,1.161815e+01,3.154021e-01,7.823437e-01,1.808960e+00,2.109774e+00,7.588974e-01,3.234156e-01,6.698511e-01
393708,1,9.812581e-01,9.574918e-01,9.812581e-01,4.781767e+00,8.075516e-02,1.020366e+01,3.063317e-01,1.346038e+00,2.237341e-01,3.624136e-01,1.068270e+00,2.460120e-01,1.788026e+00
393709,1,9.099292e-01,9.001436e-01,9.099292e-01,4.892853e+00,8.272772e-02,3.255340e+00,2.965866e-01,7.770882e-01,4.091166e-01,2.116827e+00,1.674857e+00,8.484169e-01,2.331250e-01
393710,1,9.699340e-01,9.483251e-01,9.699339e-01,3.790721e+00,7.252301e-02,8.899794e+00,2.380454e-01,1.214270e+00,2.717515e+00,2.256807e+00,1.842945e+00,8.571715e-03,1.440359e-01
393711,1,9.833762e-01,9.308826e-01,9.833762e-01,3.939601e+00,6.923840e-02,1.069977e+01,2.693324e-01,1.053772e-01,1.269903e+00,1.241869e+00,1.410888e-01,3.546352e-01,1.381331e-02
393712,1,9.309050e-01,9.345917e-01,9.309050e-01,4.338215e+00,7.467549e-02,6.329421e+00,3.039352e-01,6.028217e-01,7.856183e-01,9.122566e-01,7.551621e-02,4.868619e-01,6.175286e-01
393713,1,9.803193e-01,9.532965e-01,9.803193e-01,3.979995e+00,7.282745e-02,9.979443e+00,2.550156e-01,1.165545e-01,4.695707e-01,1.543456e+00,5.878746e-01,3.923704e-01,1.742136e-01
393714,1,9.579274e-01,9.362306e-01,9.579273e-01,2.719156e+00,7.480898e-02,7.985761e+00,2.771753e-01,6.102603e+00,1.173348e+00,3.374903e+00,5.334101e+00,6.671128e-01,9.364909e-03
393715,1,9.780244e-01,9.432493e-01,9.780244e-01,4.526921e+00,7.318103e-02,9.663123e+00,2.977206e-01,2.091789e-02,1.196306e-01,1.727187e+00,7.970507e-01,2.976933e-02,1.270895e-01
393716,1,9.354930e-01,9.095331e-01,9.354929e-01,4.325443e+00,7.435463e-02,6.533900e+00,2.940214e-01,3.384763e+00,7.079379e-01,1.237154e+00,1.771117e+00,2.052779e-01,1.257083e+00
393717,1,9.724852e-01,9.306935e-01,9.724852e-01,1.546461e+00,7.139200e-02,9.137545e+00,2.775351e-01,1.249229e+00,3.727564e-01,2.466623e+00,1.307796e+00,3.552061e-01,2.460209e+00
393718,1,9.870006e-01,9.706099e-01,9.870006e-01,1.867933e+00,8.062435e-02,1.211714e+01,3.141503e-01,2.044540e+00,8.534152e-01,2.773110e+00,2.775409e+00,9.050278e-02,7.720728e-01
393719,1,9.804607e-01,9.712941e-01,9.804607e-01,5.434946e+00,8.325568e-02,8.150589e+00,3.451641e-01,4.626289e+00,1.182457e+00,2.608633e+00,3.408993e+00,8.595098e-01,1.631771e+00
393720,1,9.830438e-01,9.579055e-01,9.830438e-01,4.244893e+00,7.291172e-02,1.061534e+01,3.478386e-01,2.567989e+00,1.138962e-01,3.252668e+00,3.261374e+00,5.055363e-01,1.153182e+00
393721,1,9.860654e-01,9.721710e-01,9.860654e-01,4.835441e+00,7.660877e-02,6.263813e+00,3.438286e-01,1.337689e+00,2.382756e+00,2.211314e+00,1.545725e+00,8.315330e-01,7.839086e-01
393722,1,9.807118e-01,9.588177e-01,9.807118e-01,4.126702e+00,7.004990e-02,1.006932e+01,2.869437e-01,2.069646e+00,1.556280e-01,2.830744e+00,2.408364e+00,4.806245e-01,9.424343e-01
393723,1,9.028058e-01,9.281653e-01,9.028059e-01,4.417120e+00,7.501530e-02,5.347208e+00,2.697991e-01,3.598337e+00,1.251015e+00,1.649662e+00,3.585360e+00,4.294230e-01,5.114421e-01
393724,1,9.857400e-01,9.499745e-01,9.857400e-01,3.837854e+00,7.071447e-02,1.159371e+01,2.586272e-01,4.554299e-01,1.118126e+00,1.026582e+00,7.801554e-01,2.872980e-01,3.670896e-02
393725,1,9.133786e-01,9.035504e-01,9.133786e-01,4.401973e+00,7.424080e-02,5.699297e+00,3.117150e-01,6.645889e-01,1.459859e+00,1.774186e+00,1.780814e+00,2.348643e-01,1.071569e+00
393726,1,9.923595e-01,9.725475e-01,9.923595e-01,3.899252e+00,6.703383e-02,1.465257e+01,2.733686e-01,1.750996e+00,3.148709e-01,2.620333e+00,1.919775e+00,3.712358e-01,1.433889e+00
393727,1,9.115010e-01,9.117359e-01,9.115010e-01,4.972348e+00,8.390144e-02,5.630624e+00,3.163010e-01,1.220054e-02,1.504736e+00,1.227657e+00,1.499002e-01,6.470920e-01,1.592049e-01
393728,1,9.757684e-01,9.515162e-01,9.757684e-01,4.136952e+00,7.299113e-02,9.400735e+00,2.880479e-01,2.270895e-01,3.128234e+00,1.247728e+00,2.722344e-01,2.945693e-01,2.400096e-01
393729,1,9.207901e-01,8.945321e-01,9.207901e-01,3.563891e+00,7.747872e-02,5.959681e+00,2.699887e-01,3.240801e-02,1.894131e+00,1.311803e+00,9.496279e-01,5.235080e-01,1.234796e-01
393730,1,9.814172e-01,9.418880e-01,9.814172e-01,4.020708e+00,6.762118e-02,1.024400e+01,2.897634e-01,7.527352e-01,6.040111e-01,1.832959e+00,1.541341e+00,4.029251e-01,1.524778e+00
393731,1,9.852203e-01,9.671412e-01,9.852202e-01,4.265573e+00,6.966789e-02,1.137188e+01,2.853291e-01,9.193822e-01,2.984140e+00,1.955243e+00,1.265264e+00,4.781948e-01,1.437589e+00
393732,1,9.082478e-01,9.663845e-01,9.082479e-01,4.709464e+00,7.964453e-02,5.518326e+00,2.765848e-01,2.014378e+00,3.408467e+00,3.183053e-01,1.199289e+00,7.184179e-02,8.353157e-01
393733,1,9.887775e-01,9.594719e-01,9.887775e-01,4.031459e+00,7.045123e-02,1.305502e+01,2.684302e-01,1.862374e+00,1.240026e+00,2.898055e+00,2.116750e+00,4.216928e-01,1.738841e+00
393734,1,9.677611e-01,9.372525e-01,9.677610e-01,4.769663e+00,7.972888e-02,8.703937e+00,3.205164e-01,2.456914e+00,9.723582e-01,5.299235e-01,2.098924e+00,3.945644e-01,1.123141e+00
393735,1,9.477648e-01,9.225804e-01,9.477648e-01,4.615674e+00,7.811574e-02,3.506899e+00,2.962589e-01,3.686355e+00,1.354787e-01,1.583552e+00,1.998355e+00,3.806246e-01,1.171319e+00
393736,1,9.893716e-01,9.810619e-01,9.893716e-01,3.439875e+00,7.406358e-02,1.340713e+01,2.417375e-01,9.621763e-01,5.524106e-02,2.167478e+00,1.543060e+00,2.900082e-01,1.844418e+00
393737,1,9.326889e-01,9.334903e-01,9.326889e-01,4.633569e+00,7.823887e-02,6.397469e+00,3.152074e-01,1.679393e+00,1.474626e+00,2.678033e+00,1.884065e+00,7.318917e-01,7.185516e-03
393738,1,9.816435e-01,9.828387e-01,9.816436e-01,4.152621e+00,7.337434e-02,1.030485e+01,2.564454e-01,4.860003e+00,2.733713e+00,2.703824e+00,3.462196e+00,2.510156e-01,2.131733e+00
393739,1,9.014056e-01,9.315155e-01,9.014056e-01,4.475302e+00,7.496630e-02,5.308225e+00,2.875765e-01,2.709758e+00,6.938668e-01,3.659865e+00,2.886710e+00,4.999290e-01,1.114409e-02
393740,1,9.866753e-01,9.740609e-01,9.866753e-01,3.805245e+00,6.840364e-02,1.194562e+01,2.338176e-01,8.606748e-01,1.808367e-01,5.293975e-01,2.243148e-01,4.669422e-01,9.282202e-01
393741,1,9.844370e-01,9.835052e-01,9.844370e-01,4.495248e+00,7.788868e-02,1.105041e+01,2.648477e-01,3.158249e+00,1.751712e+00,3.694282e+00,3.189155e+00,6.233447e-02,1.680277e-01
393742,1,9.621547e-01,9.483604e-01,9.621547e-01,4.774640e+00,8.144900e-02,8.290235e+00,2.826599e-01,1.360472e+00,1.086474e-02,2.237554e+00,1.626120e+00,6.519998e-01,9.251400e-01
393743,1,9.455866e-01,9.545500e-01,9.455866e-01,4.487441e+00,7.843396e-02,7.089474e+00,2.504833e-01,2.114025e+00,8.648758e-01,2.898670e+00,2.324873e+00,3.638479e-01,5.920717e-01
393744,1,9.942531e-01,9.880629e-01,9.942531e-01,3.982392e+00,7.432249e-02,1.642724e+01,2.320414e-01,5.178565e+00,1.740511e+00,2.636814e+00,5.723542e+00,1.949864e+00,1.947011e+00
393745,1,9.978952e-01,9.997790e-01,9.978952e-01,1.876426e+00,1.094481e-01,1.258677e+01,3.923375e-01,2.435288e+01,4.147817e+00,1.786420e+01,1.943261e+01,1.433085e+01,9.336066e+00
393746,1,9.879872e-01,9.990011e-01,9.879872e-01,4.412196e+00,1.584458e-01,6.541452e+00,3.680681e-01,5.463190e+00,3.731883e+00,6.284663e+00,6.900447e+00,5.365656e+00,1.263414e+01
393747,1,9.162958e-01,9.697241e-01,9.162959e-01,5.804711e+00,9.815871e-02,4.737348e+00,2.240538e-01,3.043068e+00,2.807801e+00,3.510237e+00,3.797081e+00,3.606899e+00,9.241098e-02
393748,1,9.030923e-01,9.663421e-01,9.030923e-01,4.094806e+00,7.041153e-02,1.015212e-01,2.446293e-01,5.355905e+00,8.547593e-01,5.257657e+00,5.083382e+00,7.055965e-01,2.050317e-01
393749,1,9.708286e-01,9.158322e-01,9.708285e-01,2.619271e+00,5.776800e-02,8.984470e+00,1.264569e-01,5.579762e-01,2.140666e-03,1.258880e+00,2.747690e-01,1.074906e+00,5.017861e-01
393750,1,8.795988e-01,8.126096e-01,8.795988e-01,3.269720e-01,3.849383e-02,1.507069e+00,7.391163e-03,3.361529e+00,9.125560e-02,3.494821e+00,3.681172e+00,3.965786e-01,1.094446e+00
393751,1,8.670406e-01,7.959893e-01,8.670405e-01,3.897650e-01,3.707170e-02,3.285001e-01,5.099389e-03,5.003685e-03,1.811465e-01,7.515640e-01,4.879393e-01,1.683346e-01,4.218823e-01
393752,1,8.830801e-01,8.456417e-01,8.830800e-01,2.528955e-01,3.214738e-02,7.435166e-02,1.459558e-02,1.848535e+00,7.812561e-01,2.768679e+00,2.029027e+00,7.513343e-01,1.045047e+00
393753,1,7.424713e-01,8.335543e-01,7.424714e-01,1.680884e-01,3.020184e-02,1.004717e+00,1.850517e-02,1.411417e+00,3.606870e-01,2.151390e+00,1.304225e+00,3.277324e-01,2.097053e+00
393754,1,7.492623e-01,9.192620e-01,7.492624e-01,2.147719e-01,3.007070e-02,1.875445e+00,2.593410e-02,3.761194e-01,9.475612e-01,1.635531e+00,6.036488e-01,5.594991e-01,2.252281e+00
393755,1,8.771024e-01,8.923187e-01,8.771024e-01,3.931088e-01,3.863951e-02,9.522792e-01,1.328526e-02,1.659667e+00,2.127636e+00,2.622827e+00,2.007109e+00,2.184539e-01,1.330943e+00
393756,1,8.264752e-01,8.956725e-01,8.264753e-01,4.351411e-01,3.873976e-02,1.904101e+00,2.310379e-03,3.206509e-01,1.153357e+00,1.536380e+00,9.620121e-01,7.000730e-01,1.979124e-02
393757,1,8.513866e-01,8.887050e-01,8.513866e-01,4.701997e-01,4.337007e-02,8.832062e-02,8.159950e-03,4.832470e-01,3.432244e+00,1.693500e+00,5.385388e-01,9.716372e-01,2.747814e-01
393758,1,7.457793e-01,9.011248e-01,7.457794e-01,3.211078e-01,3.634977e-02,5.160539e-01,1.225074e-02,2.075156e+00,2.069568e+00,3.077887e+00,2.060690e+00,2.340438e-01,2.647043e+00
393759,1,7.712441e-01,9.587011e-01,7.712442e-01,2.127224e-01,3.222969e-02,1.185684e+00,1.766206e-02,7.905898e-01,4.800728e-01,7.872561e-01,3.284172e-01,2.291395e-01,3.268672e+00
393760,1,7.596565e-01,8.309590e-01,7.596565e-01,3.000440e-01,3.404737e-02,9.266198e-01,5.047474e-03,9.046306e-01,1.005266e+00,7.765138e-01,2.408010e-01,8.154278e-02,9.812536e-01
393761,1,7.184174e-01,8.653206e-01,7.184176e-01,3.481328e-01,3.755839e-02,5.300395e-01,1.543786e-02,5.536737e-01,9.997189e-01,1.134492e+00,6.727368e-02,1.347983e-02,3.125890e-01
393762,1,9.090452e-01,8.418424e-01,9.090451e-01,2.196652e-01,3.915168e-02,1.149493e+00,2.397712e-02,7.618518e-01,7.320895e-01,8.633623e-01,3.590324e-01,2.226128e-01,1.262706e+00
393763,1,8.198663e-01,8.795418e-01,8.198664e-01,3.678379e-01,3.633426e-02,9.239312e-01,2.752280e-02,1.570158e+00,5.170666e-01,3.455719e-01,9.775996e-01,1.808131e-01,6.521000e-01
393764,1,7.841559e-01,8.973007e-01,7.841560e-01,3.811117e-01,3.292870e-02,9.361229e-01,1.448510e-02,7.877219e-01,6.471324e-01,2.098942e+00,1.213054e+00,1.584103e-01,3.582511e+00
393765,1,7.149291e-01,7.833096e-01,7.149292e-01,2.851832e-01,3.663799e-02,4.972064e-01,8.745672e-03,7.098657e-01,1.705910e-01,2.032149e+00,7.425800e-01,2.995534e-01,1.195594e+00
393766,1,8.898003e-01,8.261078e-01,8.898002e-01,2.743012e-01,3.365356e-02,1.166284e+00,9.566196e-03,1.213326e+00,9.647732e-02,2.339800e+00,1.736115e+00,2.393272e-01,1.301163e+00
393767,1,7.158238e-01,7.964047e-01,7.158238e-01,3.104548e-01,3.758071e-02,5.237528e-01,3.084699e-02,7.750040e-01,5.367574e-01,1.927704e+00,1.005372e+00,1.598612e-01,9.637426e-01
393768,1,9.860512e-01,9.366567e-01,9.860512e-01,2.751465e-01,3.623613e-02,1.507226e+00,9.869333e-03,6.605421e-01,2.183557e-01,1.745066e+00,1.232964e+00,3.867310e-01,2.443008e-01
393769,1,8.145711e-01,9.128886e-01,8.145712e-01,4.944079e-01,3.332115e-02,2.893917e+00,2.931595e-02,1.239362e+00,1.112795e+00,2.424952e+00,1.394765e+00,1.221390e+00,1.337178e-01
393770,1,9.828069e-01,8.688069e-01,9.828068e-01,7.827318e-01,3.969679e-02,1.153135e+00,9.556283e-03,4.044115e-01,3.013284e-01,9.730007e-01,1.701987e-02,1.763321e+00,2.484460e-02
393771,1,7.401358e-01,8.941609e-01,7.401359e-01,9.098636e-02,3.321773e-02,2.322761e+00,3.182744e-02,2.684010e-02,1.026518e-01,1.398270e+00,4.987375e-01,3.129627e-01,2.562130e-01
393772,1,9.100459e-01,8.927394e-01,9.100459e-01,5.698771e-01,3.961499e-02,1.512402e-01,2.165088e-02,3.361136e+00,9.788005e-01,1.165270e+00,3.488904e+00,3.604858e-02,5.178428e-01
393773,1,8.789411e-01,8.582276e-01,8.789411e-01,3.863391e-01,3.666626e-02,1.528109e-01,2.215210e-02,2.185931e+00,1.169315e+00,3.370787e+00,2.683509e+00,6.823841e-01,4.421717e-01
393774,1,8.751876e-01,8.927147e-01,8.751876e-01,3.659506e-01,2.977428e-02,1.385425e+00,2.018533e-02,1.929982e+00,1.429939e+00,2.136165e-01,1.432106e+00,3.645306e-01,1.635534e+00
393775,1,7.545186e-01,8.143104e-01,7.545187e-01,2.768522e-01,4.033086e-02,1.636581e+00,2.013082e-02,1.929435e-01,7.193752e-01,1.350239e+00,3.131769e-02,1.338604e+00,1.320155e+00
393776,1,8.711672e-01,8.134052e-01,8.711671e-01,5.066909e-01,4.223473e-02,4.122342e-01,2.499455e-02,2.194133e+00,2.889893e-02,4.743067e-01,9.734933e-01,1.152560e+00,2.499822e-01
393777,1,7.216370e-01,8.975429e-01,7.216372e-01,3.780224e-01,3.200852e-02,1.416413e-01,7.174941e-04,4.110825e-01,9.775028e-01,1.730269e+00,9.773687e-01,9.535618e-02,8.485416e-01
393778,1,7.244411e-01,8.702602e-01,7.244412e-01,4.068579e-01,3.057692e-02,9.974538e-01,6.334362e-03,1.253480e+00,5.640819e-01,2.380531e+00,1.311692e+00,6.481059e-01,2.068145e+00
393779,1,8.004517e-01,9.025303e-01,8.004518e-01,1.910775e+00,3.096657e-02,3.755969e+00,2.109599e-03,2.550537e-01,1.011172e+00,1.034478e+00,3.565782e-02,4.293107e-01,2.484684e+00
393780,1,7.147753e-01,8.780656e-01,7.147755e-01,1.304982e+00,4.018476e-02,1.931457e+00,2.905197e-02,2.342685e+00,1.153494e+00,7.195402e-01,8.950355e-01,1.295654e+00,8.057426e-02
393781,1,9.282600e-01,9.130442e-01,9.282600e-01,1.478182e-01,3.008237e-02,1.628955e+00,3.989093e-03,2.821173e+00,2.512985e+00,3.632055e+00,2.830973e+00,2.512041e-01,6.560001e-01
393782,1,7.172824e-01,7.669863e-01,7.172824e-01,2.735326e-01,3.029124e-02,6.131853e-01,1.853714e-02,1.844913e+00,4.042989e-01,2.686774e+00,1.936621e+00,7.709537e-01,1.820608e-01
393783,1,7.565448e-01,9.404295e-01,7.565449e-01,9.889487e-02,2.798363e-02,2.273581e+00,1.229109e-03,4.561887e-01,3.287907e+00,1.668122e+00,1.616494e-01,7.267056e-01,2.269878e-01
393784,1,7.078129e-01,9.039570e-01,7.078130e-01,3.506467e-01,3.834450e-02,2.355354e-01,7.826384e-03,8.975053e-01,2.417794e+00,1.962124e+00,1.004977e+00,6.765737e-01,3.246253e-02
393785,1,7.175918e-01,8.097067e-01,7.175919e-01,2.641002e-01,3.195082e-02,1.121010e+00,3.470135e-02,1.532370e+00,2.226125e-01,2.577793e+00,1.459610e+00,1.185656e-01,1.729409e+00
393786,1,7.151908e-01,8.897092e-01,7.151910e-01,2.466342e-01,3.236937e-02,1.664034e-01,2.864109e-02,5.539527e-01,1.520492e+00,1.773684e+00,9.030469e-01,1.408703e-01,1.989956e+00
393787,1,7.126254e-01,8.380537e-01,7.126255e-01,2.140120e-01,3.420268e-02,1.730027e+00,1.980291e-02,1.908597e+00,3.663142e-01,2.897682e+00,1.888070e+00,8.044716e-02,1.183964e+00
393788,1,6.929032e-01,7.824681e-01,6.929033e-01,3.583885e-01,3.782264e-02,8.698241e-01,1.251128e-02,6.744024e-01,9.213000e-01,1.844847e+00,6.605014e-01,7.795483e-01,1.254990e+00
393789,1,6.982815e-01,8.661391e-01,6.982816e-01,1.133716e-01,3.333018e-02,1.899267e+00,1.373535e-02,2.498615e-01,4.862822e-01,1.222046e+00,1.229798e-01,2.551170e-01,1.291554e+00
393790,1,7.035131e-01,9.266201e-01,7.035132e-01,3.265645e-01,3.838640e-02,1.622114e+00,3.906712e-04,1.349250e+00,5.465123e-01,2.425177e+00,1.560624e+00,2.103262e-01,2.769493e+00
393791,1,6.947225e-01,8.579748e-01,6.947226e-01,4.465698e-01,3.929704e-02,3.854327e-01,2.952901e-02,3.224314e-01,1.654718e+00,1.658681e+00,8.627847e-01,1.712178e-01,1.122634e+00
393792,1,6.826310e-01,8.579076e-01,6.826311e-01,1.995174e-01,3.685094e-02,1.032701e+00,1.734703e-02,1.773707e-01,3.932853e-01,1.513873e+00,2.778651e-01,1.774934e-01,5.026749e-01
393793,1,6.937412e-01,8.655875e-01,6.937414e-01,2.474558e-01,3.477235e-02,6.642474e-02,9.680843e-03,1.306794e+00,2.024371e+00,2.482945e-01,8.806689e-02,3.579780e-01,1.683146e+00
393794,1,7.745503e-01,8.842746e-01,7.745504e-01,1.621363e-01,3.192354e-02,3.484472e+00,1.794686e-02,1.976685e+00,9.888314e-01,3.062810e+00,1.953622e+00,3.152193e-02,1.107160e+00
393795,1,7.105321e-01,8.614435e-01,7.105322e-01,6.210046e-01,3.725038e-02,1.092261e+00,1.778001e-02,1.085234e-01,1.417047e+00,1.341164e+00,6.115092e-01,1.520265e+00,2.763589e-01
393796,1,7.003872e-01,8.435113e-01,7.003873e-01,2.221877e-01,3.106135e-02,1.748223e+00,1.018924e-02,3.636228e-01,2.600540e-01,1.715593e+00,5.569441e-01,5.865951e-01,4.457308e-01
393797,1,9.266635e-01,8.487886e-01,9.266634e-01,3.516328e-01,3.651292e-02,2.575157e-01,1.357171e-02,5.123181e-02,3.914244e-01,1.418279e+00,4.765002e-01,1.552736e-01,1.092993e+00
393798,1,7.026061e-01,7.856309e-01,7.026061e-01,2.627797e-01,3.598002e-02,2.566861e-02,2.125864e-04,1.826413e+00,4.327004e-01,2.762313e+00,2.096458e+00,2.972161e-01,6.984197e-01
393799,1,6.752760e-01,8.288781e-01,6.752762e-01,1.668442e-01,3.449507e-02,1.997422e+00,1.354124e-03,8.621120e-01,4.106760e-01,5.664485e-01,1.642964e-01,2.430417e-02,1.102735e+00
393800,1,7.069589e-01,8.578387e-01,7.069591e-01,3.902458e-01,3.583571e-02,1.060738e-01,9.439132e-03,1.349273e+00,8.058635e-01,2.431222e+00,1.403652e+00,4.163303e-01,5.214651e-01
393801,1,6.829510e-01,8.805053e-01,6.829512e-01,1.911540e-01,3.576698e-02,6.431472e-01,5.991910e-03,4.962212e-01,2.573629e-01,8.361761e-01,1.106248e-01,1.426556e+00,8.100708e-01
393802,1,8.660293e-01,8.913251e-01,8.660293e-01,2.107266e-01,3.263082e-02,1.398286e+00,3.107292e-03,8.301202e-01,1.422127e-01,7.355064e-01,1.465719e-01,1.713286e-01,7.970480e-01
393803,1,6.853555e-01,8.411016e-01,6.853556e-01,3.201277e-01,3.657334e-02,2.776631e-01,3.056066e-02,1.031228e+00,4.473192e-01,4.371169e-01,2.727832e-02,1.354062e-01,1.290088e+00
393804,1,7.000495e-01,9.256478e-01,7.000497e-01,1.024500e-01,3.261068e-02,1.635762e+00,4.905669e-03,1.645444e+00,5.319795e-01,2.545035e+00,2.069319e+00,1.015655e-01,9.666456e-01
393805,1,6.891108e-01,9.176514e-01,6.891110e-01,4.248096e-01,3.653918e-02,6.084966e-01,1.024537e-02,2.293282e+00,7.168998e-02,5.182354e-01,1.917594e+00,7.577182e-01,9.887167e-01
393806,1,8.555131e-01,9.409634e-01,8.555132e-01,1.344377e-01,3.126153e-02,4.460421e+00,7.110217e-03,1.119530e+00,1.455145e+00,2.242391e+00,1.282491e+00,7.016367e-01,6.888023e-01
393807,1,6.920086e-01,8.099400e-01,6.920087e-01,7.087750e-01,4.197921e-02,1.686887e-01,4.166773e-02,1.059490e+00,1.633040e-01,4.949764e-01,6.206673e-01,7.916410e-01,4.504246e-01
393808,1,7.782755e-01,9.077209e-01,7.782756e-01,5.058195e-01,3.420269e-02,3.647606e-01,6.005887e-02,2.844076e+00,1.389983e+00,3.521861e+00,2.844800e+00,3.648459e-02,9.051367e-01
393809,1,7.568082e-01,9.033771e-01,7.568083e-01,8.223306e-03,2.998912e-02,1.786924e+00,1.113101e-02,1.254162e+00,3.290796e+00,2.225731e+00,1.202650e+00,1.317845e-01,3.770706e-02
393810,1,9.833886e-01,9.941959e-01,9.833886e-01,1.604832e+00,3.502740e-02,1.070489e+01,1.171515e-02,8.734884e-02,3.210300e+00,1.091019e+00,5.669913e-01,9.794025e+00,2.907817e-01
393811,1,9.435834e-01,9.616889e-01,9.435834e-01,2.418898e+00,7.943297e-02,2.740289e+00,4.698192e-02,2.586575e+00,8.123788e-01,8.811151e-01,1.716854e+00,6.991870e+00,5.902966e-01
393812,1,7.048037e-01,7.893701e-01,7.048038e-01,8.015130e-01,3.908474e-02,1.877916e+00,5.612053e-02,1.780453e+00,4.756244e-02,2.736054e+00,1.954688e+00,1.228561e+00,1.185200e+00
393813,1,8.851893e-01,8.488346e-01,8.851893e-01,2.384304e-01,2.874115e-02,1.392782e+00,9.540067e-03,7.472659e-02,1.156628e+00,1.311803e+00,4.262806e-01,9.811236e-03,2.645512e-01
393814,1,8.529371e-01,7.566333e-01,8.529370e-01,3.656397e-01,3.478875e-02,1.413754e-01,9.261310e-03,7.003466e-01,1.014700e-01,5.958728e-01,1.573138e-02,2.985988e-01,4.545345e-01
393815,1,6.941514e-01,7.939933e-01,6.941515e-01,2.239313e-01,3.180591e-02,1.004036e+00,1.594565e-02,1.300849e+00,2.190190e-01,2.374966e+00,1.218196e+00,8.015036e-01,5.669355e-01
393816,1,8.950725e-01,8.858198e-01,8.950725e-01,2.387273e-01,3.107912e-02,3.615061e-01,2.242480e-02,2.284959e+00,2.290611e-01,3.102861e+00,2.263496e+00,4.302616e-01,2.513834e-01
393817,1,7.009866e-01,8.831502e-01,7.009867e-01,2.983138e-01,3.107878e-02,1.704553e+00,2.748401e-02,2.070866e+00,1.507505e+00,2.805115e+00,2.001608e+00,4.265093e-01,1.284991e+00
393818,1,9.772925e-01,9.542300e-01,9.772924e-01,3.170117e-01,3.398408e-02,9.563175e+00,1.476952e-02,3.052144e+00,9.653576e-01,1.225104e+00,2.585595e+00,2.991841e+00,1.588006e-01
393819,1,9.948259e-01,9.770416e-01,9.948259e-01,2.124938e+00,5.798133e-02,1.721992e+01,5.772269e-02,9.177001e-01,4.689281e-01,6.899017e-01,1.174018e-01,1.695715e+00,5.178771e-01
393820,1,9.274343e-01,8.689749e-01,9.274343e-01,4.988275e-02,8.048492e-02,4.114347e+00,2.177382e-01,3.027409e+00,8.935711e-01,1.089767e+00,2.059755e+00,2.334542e-01,1.043856e-01
393821,1,9.909681e-01,9.523895e-01,9.909680e-01,4.390242e+00,7.026519e-02,1.405201e+01,2.515439e-01,1.462615e+00,1.436015e-01,8.283421e-02,1.568176e-03,6.469233e-01,2.231387e-01
393822,1,9.551374e-01,9.241397e-01,9.551374e-01,4.484095e+00,7.742996e-02,7.734667e+00,2.886019e-01,2.939821e-01,2.469701e+00,1.051463e+00,4.939414e-01,2.716398e-01,7.802598e-01
393823,1,9.408819e-01,9.121461e-01,9.408819e-01,4.314756e+00,7.451654e-02,6.837333e+00,2.596086e-01,1.571286e+00,2.136135e-01,2.324928e+00,1.920809e+00,2.426975e-01,1.307010e+00
393824,1,9.500720e-01,8.748674e-01,9.500720e-01,3.936468e+00,7.097892e-02,7.324326e+00,2.564214e-01,2.022982e+00,5.584882e-01,4.891762e-01,1.157740e+00,9.600166e-02,6.723470e-01
393825,1,9.746758e-01,9.529341e-01,9.746758e-01,3.870899e+00,7.296600e-02,9.322232e+00,2.290090e-01,2.087777e-01,1.891991e+00,1.347287e+00,5.654329e-01,4.859767e-01,5.624316e-01
393826,1,9.851495e-01,9.756980e-01,9.851495e-01,4.079466e+00,7.130613e-02,1.133960e+01,2.400315e-01,1.424046e+00,5.075343e-02,1.598031e-01,1.091500e+00,2.225423e-01,9.505047e-01
393827,1,9.192696e-01,9.026470e-01,9.192696e-01,4.563553e+00,8.037985e-02,5.908011e+00,2.784720e-01,2.316127e+00,6.570189e-01,6.367048e-01,1.306720e+00,6.070770e-01,3.207880e-01
393828,1,9.519638e-01,9.146053e-01,9.519638e-01,4.052439e+00,7.299117e-02,7.464936e+00,2.517535e-01,4.858314e+00,1.334526e+00,2.589304e+00,3.697200e+00,1.710856e-01,1.034550e-03
393829,1,9.674623e-01,9.134119e-01,9.674622e-01,3.962578e+00,7.344952e-02,8.672150e+00,2.563388e-01,4.964465e+00,3.512174e-01,2.854629e+00,2.275552e+00,1.825691e-01,8.858493e-01
393830,1,9.776408e-01,9.461293e-01,9.776407e-01,4.048240e+00,7.186987e-02,9.612462e+00,2.952228e-01,1.556730e+00,2.236921e+00,2.409528e+00,1.946853e+00,3.747987e-01,7.219398e-01
393831,1,9.466828e-01,9.055181e-01,9.466827e-01,4.243625e+00,7.376290e-02,7.146197e+00,2.800183e-01,6.672671e-01,5.132394e-01,1.479900e+00,1.557740e+00,4.992629e-01,4.955267e-01
393832,1,9.723685e-01,9.423547e-01,9.723685e-01,4.090900e+00,7.183910e-02,9.128515e+00,2.707621e-01,2.508258e+00,2.150888e+00,2.734926e+00,2.738727e+00,3.601457e-01,2.013411e+00
393833,1,9.445063e-01,9.354704e-01,9.445063e-01,4.076019e+00,7.345233e-02,7.039379e+00,2.832996e-01,1.551322e-01,1.787502e+00,6.662284e-01,3.118941e-01,2.544047e-01,4.103442e-01
393834,1,9.813218e-01,9.512068e-01,9.813217e-01,3.901587e+00,6.918168e-02,1.021875e+01,2.832039e-01,1.395813e+00,1.626952e+00,2.123895e+00,1.871754e+00,7.247519e-01,9.618094e-01
393835,1,9.598598e-01,9.313228e-01,9.598598e-01,3.678270e+00,7.724725e-02,8.145160e+00,2.889080e-01,1.082594e+00,7.012047e-01,1.263036e-01,4.884922e-01,8.933078e-01,1.802427e+00
393836,1,9.761273e-01,9.502309e-01,9.761273e-01,4.463149e+00,7.843899e-02,9.432297e+00,2.585594e-01,2.347569e+00,3.491393e+00,2.927361e+00,2.430417e+00,2.374885e-01,3.137767e-01
393837,1,9.865250e-01,9.511608e-01,9.865250e-01,4.357542e+00,7.860002e-02,1.188785e+01,2.567697e-01,1.648734e+00,1.449305e+00,2.447656e+00,1.681903e+00,4.259886e-01,6.425338e-01
393838,1,8.797986e-01,8.806804e-01,8.797986e-01,4.859478e+00,8.366234e-02,4.338545e+00,2.753330e-01,1.175720e+00,2.113478e-01,2.003809e+00,1.280726e+00,2.192066e-01,2.268702e-01
393839,1,9.816259e-01,9.158499e-01,9.816258e-01,3.884576e+00,7.502045e-02,1.030077e+01,2.608993e-01,6.547839e-01,8.178739e-02,6.860060e-01,6.489777e-01,7.352162e-01,1.490689e-01
393840,1,9.886325e-01,9.634197e-01,9.886325e-01,3.165419e+00,7.967015e-02,1.298551e+01,2.504671e-01,2.059132e+00,8.308850e-01,3.299557e-01,1.462355e+00,8.137193e-01,4.396260e-01
393841,1,9.571141e-01,9.287134e-01,9.571140e-01,5.064712e+00,9.132105e-02,7.907284e+00,2.998921e-01,7.267325e-01,1.735930e+00,1.966444e+00,1.825039e+00,7.080802e-01,6.685402e-02
393842,1,9.476799e-01,9.157332e-01,9.476799e-01,4.719606e+00,8.298950e-02,7.199295e+00,2.720231e-01,2.868215e+00,4.255961e-01,3.475805e+00,2.975647e+00,3.074945e-01,1.188798e-01
393843,1,9.760230e-01,9.374452e-01,9.760230e-01,3.988001e+00,8.025915e-02,9.422609e+00,2.337280e-01,2.263900e+00,6.582593e-01,7.016399e-01,1.555658e+00,2.871543e-01,4.771578e-01
393844,1,9.389212e-01,9.133376e-01,9.389211e-01,4.352323e+00,8.198696e-02,6.715188e+00,2.448784e-01,2.261077e+00,1.199776e+00,3.021313e+00,2.578378e+00,2.721612e-01,1.705364e+00
393845,1,8.758984e-01,8.609573e-01,8.758984e-01,4.018683e+00,7.658761e-02,4.799657e+00,2.476994e-01,1.556822e+00,3.919488e-01,9.714215e-02,5.037793e-01,4.354107e-01,2.199503e+00
393846,1,9.921686e-01,9.783764e-01,9.921686e-01,3.483499e+00,7.077334e-02,1.456250e+01,1.992378e-01,6.000012e-01,3.456384e-01,6.847851e-01,7.185207e-01,1.737928e-01,6.792457e-01
393847,1,9.687812e-01,9.423901e-01,9.687812e-01,4.729091e+00,8.316404e-02,8.795560e+00,2.564074e-01,3.176163e+00,1.314157e+00,1.319890e+00,1.533643e+00,3.926013e-01,7.695093e-02
393848,1,9.454699e-01,9.596169e-01,9.454699e-01,4.579761e+00,8.136437e-02,7.083810e+00,2.636578e-01,1.664812e+00,4.455344e-01,2.556319e+00,2.344962e+00,7.060084e-03,1.936927e+00
393849,1,9.657155e-01,9.580558e-01,9.657155e-01,4.199220e+00,7.923025e-02,8.532363e+00,2.567465e-01,5.445012e-01,6.142461e-01,6.436189e-01,1.893471e-01,5.172534e-01,4.563456e-01
393850,1,9.174150e-01,9.436224e-01,9.174150e-01,4.281568e+00,7.911498e-02,5.842003e+00,2.419752e-01,1.507615e+00,5.538599e-01,2.621947e-02,1.101830e+00,2.133410e-01,7.137149e-01
393851,1,9.903581e-01,9.802999e-01,9.903581e-01,3.786078e+00,7.199139e-02,1.369501e+01,2.408716e-01,3.308482e+00,2.479962e+00,3.924580e+00,3.553406e+00,2.091050e-01,5.747122e-01
393852,1,9.152032e-01,9.346837e-01,9.152032e-01,4.703494e+00,8.202714e-02,5.168352e+00,2.984247e-01,4.789323e-01,9.333486e-01,7.607582e-01,1.289844e-02,4.081521e-01,3.092235e-01
393853,1,9.785849e-01,9.328680e-01,9.785848e-01,4.010522e+00,7.574816e-02,9.746595e+00,2.185421e-01,3.868283e-01,7.802991e-01,1.005241e+00,2.738534e-01,5.367226e-01,5.699241e-01
393854,1,9.415573e-01,9.202202e-01,9.415573e-01,4.073565e+00,7.759504e-02,6.877212e+00,2.591956e-01,2.359994e-01,1.116510e+00,1.172444e+00,1.720510e-02,2.613576e-01,1.154823e+00
393855,1,9.817956e-01,9.435357e-01,9.817956e-01,3.985712e+00,7.667414e-02,1.034928e+01,2.450363e-01,1.060362e+00,4.487673e-01,4.520944e-01,2.695068e-01,3.613282e-01,9.888302e-01
393856,1,9.594160e-01,9.281193e-01,9.594160e-01,4.330445e+00,7.974807e-02,8.112037e+00,2.557303e-01,1.203660e+00,2.404660e+00,2.186282e+00,1.537687e+00,9.959893e-03,3.882931e-01
393857,1,9.661469e-01,9.147131e-01,9.661468e-01,4.221362e+00,7.712516e-02,8.564323e+00,2.518011e-01,5.762811e-01,5.488644e-01,1.794962e+00,6.188528e-01,4.917508e-02,1.338283e+00
393858,1,9.705705e-01,9.496068e-01,9.705704e-01,4.187570e+00,7.483942e-02,8.957999e+00,2.413986e-01,6.759165e-01,1.450296e+00,1.760243e+00,1.245820e+00,5.099321e-01,2.219138e+00
393859,1,9.789898e-01,9.550803e-01,9.789897e-01,4.241040e+00,7.905978e-02,9.800770e+00,2.611840e-01,1.455206e-01,2.976088e+00,1.267200e+00,8.648748e-01,2.408707e-01,1.224102e+00
393860,1,9.482810e-01,8.806539e-01,9.482810e-01,4.426374e+00,7.986564e-02,7.232379e+00,2.631766e-01,8.708548e-01,5.995096e-01,6.246670e-01,4.322140e-01,4.865746e-01,7.929151e-01
393861,1,9.506679e-01,9.118084e-01,9.506678e-01,4.156998e+00,7.665711e-02,7.361629e+00,2.572588e-01,7.222261e-02,2.506504e+00,1.272580e+00,4.263813e-01,3.791962e-01,2.469030e-01
393862,1,9.919741e-01,9.826477e-01,9.919741e-01,3.934609e+00,7.486951e-02,1.444269e+01,2.435011e-01,1.473268e+00,3.990254e+00,2.378370e+00,1.993287e+00,1.705743e-01,1.597233e-01
393863,1,9.229613e-01,9.022297e-01,9.229612e-01,5.023645e+00,8.665650e-02,6.028009e+00,3.097835e-01,1.116308e+00,6.393130e-02,2.476315e-01,5.086730e-01,3.253563e-01,8.268967e-03
393864,1,9.690234e-01,9.599404e-01,9.690234e-01,3.975239e+00,7.927576e-02,8.816117e+00,2.619644e-01,3.478431e+00,2.682964e+00,1.595252e+00,1.820884e+00,2.774826e-01,2.124949e+00
393865,1,9.428249e-01,8.829592e-01,9.428249e-01,4.443988e+00,8.107754e-02,6.952124e+00,2.865849e-01,4.519743e-01,9.363531e-02,1.000376e+00,1.856509e-01,5.211222e-01,7.515189e-01
393866,1,9.808409e-01,9.700282e-01,9.808409e-01,4.055741e+00,7.430819e-02,1.009607e+01,2.684880e-01,3.344139e-01,2.658264e+00,1.562870e+00,7.248989e-01,1.178292e-01,1.525739e+00
393867,1,9.541385e-01,9.168081e-01,9.541385e-01,4.346927e+00,7.539526e-02,7.650637e+00,3.131497e-01,3.766920e+00,1.798156e-01,4.243227e+00,4.040867e+00,6.607205e-01,8.697664e-01
393868,1,9.581678e-01,9.166543e-01,9.581678e-01,4.138630e+00,7.667689e-02,8.008160e+00,2.841700e-01,1.086981e+00,7.021094e-01,1.779077e+00,1.415615e+00,7.641425e-01,8.711416e-01
393869,1,9.538043e-01,9.265865e-01,9.538043e-01,4.099586e+00,7.920929e-02,7.621920e+00,2.323695e-01,9.790013e-01,5.781461e-01,3.035707e-01,1.451410e-01,1.414599e-01,1.391836e-01
393870,1,9.595292e-01,9.267032e-01,9.595291e-01,3.974435e+00,7.304165e-02,8.120466e+00,2.593883e-01,1.486746e+00,2.159006e-01,2.409860e+00,2.173053e+00,3.331053e-01,1.687330e+00
393871,1,9.588874e-01,9.090875e-01,9.588873e-01,3.953662e+00,7.705442e-02,8.067766e+00,2.670362e-01,1.637035e+00,1.261140e+00,2.349849e+00,1.955393e+00,5.558473e-01,3.084239e-01
393872,1,8.735734e-01,8.766159e-01,8.735734e-01,3.927431e+00,7.448302e-02,4.765019e+00,2.491496e-01,2.427221e+00,2.438825e-01,3.182821e+00,2.430081e+00,2.244610e-01,1.791280e-01
393873,1,9.944847e-01,9.888921e-01,9.944847e-01,3.091675e+00,7.064802e-02,1.668247e+01,2.154790e-01,4.919598e-01,1.215364e+00,1.547433e+00,9.654506e-01,1.649589e-01,1.361753e+00
393874,1,9.673085e-01,9.613883e-01,9.673085e-01,4.290807e+00,8.751863e-02,8.659039e+00,2.956348e-01,3.465197e-01,9.990668e-01,1.080767e+00,4.996943e-02,5.526933e-01,1.402174e+00
393875,1,9.383412e-01,9.493204e-01,9.383413e-01,4.239334e+00,9.127705e-02,6.683747e+00,2.771057e-01,1.285619e+00,1.943356e+00,2.338379e+00,1.476432e+00,8.718520e-03,7.533773e-01
393876,1,9.577276e-01,9.097664e-01,9.577275e-01,3.744023e+00,8.919948e-02,7.967726e+00,2.324712e-01,4.647340e-01,1.576962e+00,9.293903e-01,9.511069e-02,7.653146e-01,7.743967e-01
393877,1,9.428515e-01,9.106292e-01,9.428514e-01,4.095119e+00,8.769018e-02,6.953775e+00,2.343369e-01,1.485912e+00,2.484239e+00,2.531824e+00,1.882717e+00,8.806712e-01,4.261818e-01
393878,1,9.260977e-01,8.855705e-01,9.260977e-01,3.947435e+00,7.737074e-02,6.128103e+00,2.263780e-01,7.082219e-01,1.598378e+00,7.611404e-01,1.598802e-01,8.631604e-01,2.050927e-01
393879,1,9.557668e-01,9.255505e-01,9.557668e-01,5.767704e-01,7.311155e-02,7.792057e+00,2.152494e-01,2.887915e+00,8.944549e-01,9.161451e-01,2.190165e+00,3.365987e-01,7.611556e-01
393880,1,9.859186e-01,9.832948e-01,9.859186e-01,4.166079e+00,8.019777e-02,1.167685e+01,2.616482e-01,7.167971e-01,2.486849e+00,2.039681e+00,1.299105e+00,2.660151e-02,2.515659e+00
393881,1,9.501675e-01,9.200982e-01,9.501675e-01,4.422632e+00,7.830548e-02,7.329314e+00,2.969290e-01,2.734193e-01,1.601959e-01,1.107466e+00,1.693564e-01,2.974757e-01,1.291450e+00
393882,1,9.477948e-01,9.646926e-01,9.477949e-01,4.086818e+00,7.552586e-02,7.205131e+00,2.927280e-01,2.108375e-01,1.260931e+00,1.490467e+00,2.935689e-01,7.621353e-01,2.505873e+00
393883,1,8.155294e-01,8.070831e-01,8.155294e-01,3.925853e+00,7.249612e-02,3.522083e+00,2.767277e-01,4.699920e-01,4.185860e-01,1.032703e+00,9.775727e-02,2.978029e-02,6.864541e-02
393884,1,9.721847e-01,9.129681e-01,9.721846e-01,3.191095e+00,6.631346e-02,9.112588e+00,2.397255e-01,2.333201e-01,1.675854e+00,1.485245e+00,7.680644e-01,3.381852e-01,1.982004e-01
393885,1,9.816559e-01,9.473845e-01,9.816559e-01,3.611771e+00,7.190422e-02,1.030985e+01,2.629313e-01,1.359038e+00,1.852940e+00,2.350897e+00,2.087312e+00,6.320285e-01,5.023549e-01
393886,1,9.407528e-01,9.110358e-01,9.407528e-01,4.042607e+00,7.413541e-02,6.828745e+00,3.012886e-01,6.719016e-01,2.709007e+00,1.616712e+00,8.470627e-01,3.387469e-01,6.817021e-01
393887,1,9.662777e-01,8.888394e-01,9.662776e-01,3.853161e+00,7.270426e-02,8.572771e+00,2.917284e-01,1.502307e+00,5.729927e-01,6.324590e-02,1.253479e+00,1.704625e-01,4.810320e-02
393888,1,9.541509e-01,9.702032e-01,9.541509e-01,4.018293e+00,7.917643e-02,7.651514e+00,3.045421e-01,1.200813e+00,3.675162e+00,2.222009e+00,1.602895e+00,6.544966e-01,1.729083e+00
393889,1,9.168899e-01,9.734456e-01,9.168899e-01,3.860285e+00,7.308318e-02,5.371343e+00,2.856280e-01,4.176526e-01,5.825946e+00,1.529764e+00,8.011346e-01,3.063986e-01,1.772336e+00
393890,1,9.856446e-01,9.607784e-01,9.856446e-01,3.532112e+00,7.024105e-02,1.154956e+01,2.668228e-01,2.268830e+00,9.587681e-01,5.579815e-01,1.393852e+00,3.968685e-01,2.167192e-01
393891,1,8.756155e-01,9.218149e-01,8.756155e-01,4.239790e+00,7.690530e-02,4.795036e+00,3.271565e-01,4.192451e+00,3.753364e-01,2.158261e+00,2.679141e+00,3.434136e-01,1.558102e+00
393892,1,9.827698e-01,9.135746e-01,9.827697e-01,3.672685e+00,6.913199e-02,1.055478e+01,3.018421e-01,1.150105e+00,1.495815e-01,2.150802e+00,2.015992e+00,8.710379e-02,1.405787e-01
393893,1,8.486320e-01,8.832262e-01,8.486320e-01,4.357430e+00,7.505088e-02,1.736100e+00,3.185532e-01,3.202352e+00,6.549825e-01,3.692391e+00,3.424063e+00,1.072148e+00,4.664286e-02
393894,1,9.936219e-01,9.814455e-01,9.936219e-01,2.324882e+00,6.349882e-02,1.564955e+01,2.444857e-01,1.622087e+00,1.771375e+00,2.240537e+00,1.759414e+00,3.981379e-01,1.315159e+00
393895,1,8.623589e-01,9.164863e-01,8.623589e-01,4.575256e+00,8.299081e-02,2.674151e+00,3.190027e-01,3.754634e+00,2.528682e-01,2.064377e+00,2.280278e+00,2.979626e-01,4.964412e-01
393896,1,9.624623e-01,9.156784e-01,9.624623e-01,3.597542e+00,7.080706e-02,8.309157e+00,2.773587e-01,1.318438e+00,5.295395e-01,2.259514e-01,9.630838e-01,6.624500e-01,5.009634e-01
393897,1,9.674853e-01,9.342205e-01,9.674852e-01,3.707817e+00,7.021548e-02,8.674194e+00,3.053704e-01,7.144263e-01,2.060003e+00,1.892986e+00,1.348145e+00,2.026685e-01,3.169462e-01
393898,1,9.524359e-01,9.203192e-01,9.524359e-01,3.923791e+00,7.409713e-02,7.503961e+00,2.997324e-01,3.304951e+00,1.139223e+00,1.395463e+00,2.920035e+00,6.201460e-01,2.241176e-01
393899,1,8.119156e-01,9.171175e-01,8.119157e-01,3.883052e+00,7.209484e-02,2.187959e+00,2.995762e-01,8.191211e-01,2.284328e-01,5.542434e-01,4.885256e-01,5.207456e-01,9.454941e-01
393900,1,9.873454e-01,9.565601e-01,9.873454e-01,2.941445e+00,5.916255e-02,1.229774e+01,2.700633e-01,2.814278e+00,1.391340e+00,3.336772e+00,3.064016e+00,5.614278e-01,3.640964e-01
393901,1,9.494692e-01,9.168293e-01,9.494691e-01,1.254374e+00,7.048173e-02,7.289855e+00,3.103711e-01,2.028376e+00,1.366754e+00,2.589623e+00,2.325272e+00,1.489432e-01,3.157417e-02
393902,1,8.967062e-01,9.137248e-01,8.967062e-01,3.650841e+00,7.345202e-02,5.197469e+00,3.092338e-01,1.711899e+00,2.021592e+00,2.405077e+00,1.869062e+00,7.976263e-01,2.012446e+00
393903,1,8.841992e-01,9.099397e-01,8.841992e-01,3.562481e+00,7.078732e-02,4.364903e+00,2.714283e-01,2.420310e+00,2.634533e+00,2.977286e+00,2.354709e+00,6.841065e-01,1.732150e+00
393904,1,9.917990e-01,9.666055e-01,9.917990e-01,2.664692e+00,6.214744e-02,1.431079e+01,2.399542e-01,7.912625e-01,1.561282e+00,1.590850e+00,1.250490e+00,4.474428e-01,3.259081e-01
393905,1,8.517490e-01,8.964627e-01,8.517491e-01,4.402857e+00,7.901863e-02,2.482893e+00,3.067638e-01,1.343802e+00,1.088853e+00,2.184878e+00,1.801118e+00,4.994049e-01,1.488033e+00
393906,1,8.788457e-01,8.546670e-01,8.788456e-01,3.211850e+00,6.916160e-02,4.844654e+00,2.666666e-01,5.704790e-01,8.739741e-01,1.555451e+00,1.048583e+00,1.386623e-01,7.023818e-01
393907,1,9.793292e-01,9.527431e-01,9.793292e-01,2.999096e+00,6.474105e-02,9.834930e+00,2.425992e-01,6.594710e-01,1.224619e+00,1.851301e+00,9.178169e-01,6.658746e-01,1.709391e+00
393908,1,9.498581e-01,9.046076e-01,9.498581e-01,3.587811e+00,7.309563e-02,7.310714e+00,3.075455e-01,1.670193e+00,2.426345e+00,2.520083e+00,2.065006e+00,1.956995e-01,9.823686e-01
393909,1,9.877609e-01,9.618940e-01,9.877609e-01,1.903624e+00,7.454636e-02,1.252580e+01,2.731668e-01,5.100026e+00,1.977260e-01,2.917298e+00,4.227105e+00,1.538658e+00,4.538626e-01
393910,1,9.945837e-01,9.972898e-01,9.945837e-01,6.444607e-02,8.915938e-02,1.679953e+01,3.509623e-01,4.251226e+00,1.597442e+00,2.047526e+00,2.220307e+00,9.583075e+00,2.114634e+00
393911,1,9.026785e-01,9.686050e-01,9.026786e-01,4.153766e+00,1.294530e-01,2.638030e+00,3.775221e-01,1.659414e+00,5.343125e+00,3.264527e-02,3.964300e-01,2.733329e+00,3.459964e-01
393912,1,9.864119e-01,9.896770e-01,9.864119e-01,4.914661e+00,9.533362e-02,1.184819e+01,3.212505e-01,2.999718e+00,2.207168e+00,3.656794e+00,3.047747e+00,5.081207e+00,1.041311e-01
393913,1,8.440670e-01,9.526671e-01,8.440671e-01,9.139615e-01,3.728269e-02,3.173125e+00,1.593076e-01,4.152276e+00,1.958972e+00,4.298858e+00,4.094739e+00,9.734088e-01,5.215611e-01
393914,1,9.579468e-01,9.181853e-01,9.579468e-01,1.069443e+00,4.111598e-02,7.987492e+00,1.564043e-01,1.855737e+00,1.341725e+00,2.318642e+00,2.018927e+00,1.296281e-01,2.679562e-01
393915,1,7.712953e-01,8.770402e-01,7.712954e-01,1.926092e+00,5.313005e-02,3.452024e+00,2.027287e-01,1.983173e+00,2.630104e+00,2.591712e+00,2.275441e+00,8.033706e-01,3.381578e-01
393916,1,7.147630e-01,9.247620e-01,7.147631e-01,1.847998e+00,4.971742e-02,2.915000e+00,1.912678e-01,1.195531e+00,2.234704e+00,8.639893e-02,8.529240e-01,3.660447e-01,1.058407e+00
393917,1,9.286684e-01,9.423547e-01,9.286684e-01,1.708628e+00,5.120538e-02,6.233964e+00,1.715961e-01,1.516407e+00,2.081675e+00,2.395553e+00,1.728894e+00,3.499275e-01,1.101237e+00
393918,1,9.369145e-01,9.737780e-01,9.369145e-01,2.114090e+00,5.321999e-02,2.251438e+00,2.061649e-01,2.385475e-01,3.248897e+00,1.465552e+00,7.317534e-01,1.166246e+00,2.404202e+00
393919,1,6.991460e-01,9.410376e-01,6.991463e-01,1.533812e+00,4.758158e-02,4.339213e-01,2.057662e-01,2.710049e+00,2.549927e+00,9.551163e-01,1.845340e+00,6.786646e-02,2.628617e+00
393920,1,9.617162e-01,9.311637e-01,9.617162e-01,1.205356e+00,4.413503e-02,8.263735e+00,1.687446e-01,2.226534e-01,3.781334e-01,1.513915e+00,9.125171e-01,8.021374e-01,1.013325e+00
393921,1,7.710690e-01,8.151961e-01,7.710691e-01,2.157207e+00,5.205536e-02,1.485165e+00,2.322497e-01,2.751261e+00,4.219379e-01,3.450138e+00,2.855681e+00,1.077398e+00,5.489168e-01
393922,1,7.489317e-01,8.437889e-01,7.489318e-01,1.152532e+00,4.035297e-02,1.426529e+00,1.578197e-01,1.853453e+00,3.570287e-01,2.838458e-01,1.391182e+00,3.661596e-02,5.021981e-01
393923,1,7.922411e-01,9.412003e-01,7.922412e-01,1.045489e+00,4.370020e-02,2.672579e+00,1.349044e-01,3.072257e-01,7.385294e-01,9.384467e-01,4.024534e-01,7.613930e-01,4.350399e-01
393924,1,6.870829e-01,8.814812e-01,6.870830e-01,3.638817e-01,3.365397e-02,5.738425e-01,8.779814e-02,1.904919e+00,3.021308e-01,2.716996e+00,2.438358e+00,5.309389e-01,7.281530e-01
393925,1,9.844193e-01,9.746372e-01,9.844193e-01,2.600701e+00,3.340294e-02,1.104019e+01,9.129512e-02,8.732237e-01,3.224807e+00,3.378141e-01,8.253090e-02,8.110783e-01,1.258441e+00
393926,1,9.030268e-01,9.102225e-01,9.030269e-01,2.516746e+00,6.065467e-02,5.140556e+00,1.951935e-01,1.539949e+00,7.337661e-01,2.361919e+00,1.565024e+00,1.292267e+00,1.723414e+00
393927,1,9.817779e-01,9.349542e-01,9.817779e-01,1.969319e+00,4.978722e-02,1.034575e+01,2.090278e-01,5.977210e-02,9.689805e-01,1.103381e+00,5.838392e-02,3.866942e-01,9.738671e-01
393928,1,9.661363e-01,9.199480e-01,9.661362e-01,2.896795e+00,6.339623e-02,8.563542e+00,2.399785e-01,5.092845e+00,1.260879e+00,2.766873e+00,4.387587e+00,3.655121e-01,3.551452e-01
393929,1,9.182318e-01,9.202326e-01,9.182318e-01,3.510760e+00,6.920342e-02,5.869743e+00,2.841298e-01,2.457558e+00,1.066617e+00,3.457278e+00,2.997174e+00,3.979993e-01,1.370349e-01
393930,1,9.282582e-01,9.059141e-01,9.282582e-01,3.228907e+00,6.777532e-02,6.215374e+00,2.756571e-01,1.855468e+00,2.710401e+00,2.732682e+00,2.097621e+00,6.386940e-01,8.750546e-01
393931,1,9.540253e-01,9.132634e-01,9.540253e-01,3.183974e+00,6.635916e-02,7.641415e+00,2.534050e-01,9.601405e-01,6.362745e-01,1.851308e+00,1.230735e+00,8.326075e-02,1.002033e+00
393932,1,9.029756e-01,8.704635e-01,9.029755e-01,3.384997e+00,6.928386e-02,3.461201e+00,2.822168e-01,1.091466e+00,9.526336e-02,2.008391e+00,1.228851e+00,6.344466e-01,7.814351e-01
393933,1,9.860954e-01,9.235050e-01,9.860954e-01,2.407129e+00,6.017646e-02,1.175042e+01,2.441639e-01,9.217152e-01,7.328862e-01,3.561504e-01,2.905647e-01,7.720936e-02,1.403533e-01
393934,1,9.503991e-01,9.047526e-01,9.503991e-01,3.915248e+00,7.376028e-02,7.343205e+00,2.932429e-01,8.910019e-01,1.218939e+00,6.027365e-01,8.109502e-01,8.673727e-01,5.547875e-01
393935,1,7.991876e-01,9.094128e-01,7.991877e-01,3.741959e+00,7.074129e-02,3.554253e+00,3.013401e-01,2.012195e+00,1.258124e+00,2.919479e+00,2.191690e+00,6.165333e-01,1.006289e+00
393936,1,8.676753e-01,8.987363e-01,8.676753e-01,1.883882e+00,4.884271e-02,1.101367e-01,2.142143e-01,2.108050e+00,5.760462e-01,2.969234e+00,2.106409e+00,8.162223e-01,7.107784e-01
393937,1,8.942133e-01,9.243643e-01,8.942133e-01,1.222311e+00,4.271587e-02,3.055559e+00,1.418560e-01,1.021880e+00,3.039602e+00,1.882822e+00,1.266827e+00,6.221493e-01,5.987169e-01
393938,1,7.358696e-01,9.401908e-01,7.358697e-01,1.280733e+00,3.826887e-02,2.018070e+00,1.784641e-01,1.475435e+00,4.520748e-01,2.282998e+00,1.616530e+00,9.115354e-01,1.274310e+00
393939,1,9.967548e-01,9.964482e-01,9.967548e-01,4.933930e+00,3.026822e-02,1.992123e+01,9.961649e-02,3.198343e+00,2.609650e+00,1.316109e+00,2.785197e+00,6.271027e+00,1.251036e+00
393940,1,9.876513e-01,9.806623e-01,9.876513e-01,3.869803e+00,9.122907e-02,1.247453e+01,2.792828e-01,2.156902e+00,2.287755e+00,3.129213e+00,2.563602e+00,2.720666e+00,1.803512e+00
393941,1,9.904748e-01,9.754717e-01,9.904748e-01,4.124257e+00,8.018408e-02,1.376620e+01,3.124774e-01,1.083204e-01,2.121345e+00,1.080586e+00,3.360690e-01,3.664473e-01,7.219038e-01
393942,1,9.001397e-01,9.736878e-01,9.001397e-01,4.649463e+00,8.882891e-02,5.276788e+00,3.587851e-01,1.071052e+00,1.245543e+00,4.842956e-01,8.171585e-01,2.818325e-01,6.322851e-01
393943,1,9.264991e-01,9.437037e-01,9.264991e-01,4.133663e+00,8.403933e-02,6.143880e+00,3.076580e-01,9.159756e-01,6.705121e-01,2.033939e+00,1.370655e+00,9.760939e-01,9.939512e-01
393944,1,8.407095e-01,8.800528e-01,8.407095e-01,4.029625e+00,7.437600e-02,4.258134e+00,2.699417e-01,5.700235e-01,5.208304e-01,1.750084e+00,1.084837e+00,8.813564e-01,1.107287e+00
393945,1,9.864508e-01,9.527590e-01,9.864508e-01,3.368703e+00,6.446342e-02,1.186061e+01,2.440574e-01,6.020625e-02,1.012158e+00,1.101065e+00,6.699126e-01,4.742606e-01,1.483667e+00
393946,1,8.344224e-01,8.881446e-01,8.344225e-01,4.180224e+00,7.529178e-02,3.980001e+00,2.971754e-01,2.874142e-01,2.525442e+00,8.850165e-01,2.877294e-01,3.389329e-01,1.465465e+00
393947,1,9.775824e-01,9.235758e-01,9.775824e-01,3.444900e+00,6.744160e-02,9.605683e+00,2.552844e-01,1.217845e+00,1.151841e+00,2.267844e+00,1.567954e+00,4.462276e-01,1.124168e-01
393948,1,8.409340e-01,8.925609e-01,8.409341e-01,3.875440e+00,7.152971e-02,2.631640e+00,2.763632e-01,1.809228e+00,1.621509e+00,2.626916e+00,2.008417e+00,2.433042e-01,6.913384e-01
393949,1,9.664810e-01,9.110323e-01,9.664810e-01,3.034232e+00,6.191693e-02,8.588808e+00,2.101076e-01,4.313141e-01,1.173299e-01,1.423941e+00,9.121747e-01,1.321211e-01,8.328588e-01
393950,1,9.833904e-01,9.298378e-01,9.833903e-01,3.449844e+00,6.827987e-02,1.070553e+01,2.559218e-01,2.730796e+00,7.468193e-01,9.853973e-01,2.422328e+00,9.489974e-01,1.902781e-01
393951,1,9.569178e-01,9.497376e-01,9.569178e-01,4.038419e+00,7.357741e-02,7.890276e+00,2.745638e-01,5.364387e-01,2.291099e+00,1.803578e+00,1.149099e+00,6.522663e-02,1.618944e+00
393952,1,8.505627e-01,8.597675e-01,8.505627e-01,4.009130e+00,7.529601e-02,3.593445e+00,2.602665e-01,1.066596e+00,6.850895e-01,4.206461e-01,4.238373e-01,1.793251e-01,1.254617e+00
393953,1,9.734187e-01,9.210777e-01,9.734187e-01,3.244419e+00,6.552873e-02,9.225660e+00,2.471271e-01,1.120908e-01,2.145326e+00,1.395453e+00,5.673999e-01,5.593794e-01,2.433471e-01
393954,1,9.857153e-01,9.618215e-01,9.857153e-01,3.716884e+00,6.973533e-02,1.157952e+01,2.656376e-01,1.236324e+00,1.019633e+00,2.123382e+00,1.645644e+00,2.680138e-01,7.367996e-01
393955,1,8.538141e-01,8.933777e-01,8.538141e-01,4.435155e+00,7.842698e-02,2.662861e+00,2.925679e-01,6.390505e-01,2.875483e+00,6.238721e-01,1.953265e-01,3.885277e-01,1.166087e+00
393956,1,9.859840e-01,9.274864e-01,9.859840e-01,3.387793e+00,6.773238e-02,1.170396e+01,2.414313e-01,8.351113e-01,3.480496e-01,1.813989e+00,9.807531e-01,3.162969e-01,3.936981e-01
393957,1,9.832966e-01,9.641410e-01,9.832966e-01,3.914209e+00,7.279934e-02,1.067349e+01,2.902300e-01,2.352404e+00,1.507691e+00,6.989929e-01,1.535905e+00,1.558879e-01,8.786713e-01
393958,1,9.409226e-01,9.101324e-01,9.409225e-01,4.836677e+00,7.936873e-02,6.839064e+00,3.096794e-01,2.131717e-01,1.869198e-01,1.474977e+00,9.579281e-01,1.238063e+00,1.206330e+00
393959,1,9.873189e-01,9.674258e-01,9.873189e-01,4.240453e+00,7.755152e-02,1.228067e+01,2.992326e-01,5.276579e-01,1.088830e+00,1.443091e+00,1.037397e+00,6.478305e-01,2.408172e-01
393960,1,8.772155e-01,9.335858e-01,8.772156e-01,4.819554e+00,8.158526e-02,1.247302e+00,2.908041e-01,1.160909e+00,2.903316e+00,2.083131e+00,1.534996e+00,1.693282e-01,1.091615e+00
393961,1,9.426711e-01,8.914206e-01,9.426711e-01,3.372488e+00,6.931192e-02,6.943892e+00,2.539364e-01,1.139712e+00,7.617430e-01,1.727006e-01,4.246662e-01,2.469116e-01,9.399817e-01
393962,1,9.689439e-01,9.589592e-01,9.689439e-01,3.104747e-01,6.992006e-02,8.809283e+00,2.400214e-01,6.612958e-02,3.729663e+00,1.189772e+00,4.867553e-01,2.706267e-01,3.075926e-01
393963,1,9.045898e-01,9.050195e-01,9.045898e-01,3.294223e+00,7.352610e-02,5.398086e+00,2.959021e-01,2.232114e-01,3.862646e-01,1.006664e+00,3.417130e-01,4.249166e-01,1.651029e+00
393964,1,9.631572e-01,9.043459e-01,9.631571e-01,3.555101e+00,7.070943e-02,8.355841e+00,2.782628e-01,2.415693e+00,1.181824e+00,8.102466e-01,1.952080e+00,4.407574e-01,1.079995e+00
393965,1,9.772359e-01,9.457633e-01,9.772359e-01,3.612839e+00,7.255325e-02,9.554833e+00,2.585566e-01,2.267562e+00,2.622332e+00,4.060383e-01,1.543285e+00,5.284909e-01,6.670714e-02
393966,1,9.168174e-01,9.647598e-01,9.168174e-01,4.020322e+00,7.374382e-02,5.823337e+00,2.879035e-01,4.386875e-01,5.205802e+00,8.040763e-01,6.134112e-01,5.291307e-01,5.597133e-01
393967,1,9.844918e-01,9.530154e-01,9.844918e-01,3.519809e+00,6.810807e-02,1.106596e+01,2.651186e-01,6.636414e-01,2.509465e+00,1.709943e+00,1.276557e+00,2.253076e-01,3.641735e-01
393968,1,9.183078e-01,8.830830e-01,9.183078e-01,4.197911e+00,7.608891e-02,5.872681e+00,2.910353e-01,1.236317e+00,1.980176e-01,1.928737e+00,1.995567e+00,4.642843e-01,1.141176e+00
393969,1,9.495027e-01,9.026222e-01,9.495027e-01,3.463239e-01,7.394430e-02,7.290953e+00,2.593770e-01,4.333622e-01,4.946171e-01,1.149144e+00,9.583836e-01,7.639649e-01,5.226027e-01
393970,1,9.538344e-01,8.631389e-01,9.538343e-01,4.559179e+00,7.120898e-02,7.624301e+00,3.001360e-01,2.357664e-01,8.027443e-02,1.305675e+00,4.964997e-01,1.886915e-01,4.732315e-01
393971,1,8.038905e-01,8.295871e-01,8.038905e-01,3.794588e+00,7.591827e-02,3.691682e+00,2.595642e-01,1.684066e+00,8.470254e-01,2.356826e+00,2.173058e+00,1.836484e-01,1.004607e+00
393972,1,9.696016e-01,8.975712e-01,9.696015e-01,3.154845e+00,6.883043e-02,8.868804e+00,2.008584e-01,1.077546e-01,1.340990e-01,9.443896e-01,8.320218e-01,1.411244e-02,7.467507e-01
393973,1,8.241944e-01,9.163555e-01,8.241945e-01,3.604378e+00,7.115549e-02,4.037669e+00,2.552508e-01,8.163861e-01,1.885255e+00,1.715100e+00,1.097851e+00,3.841667e-01,3.856324e-01
393974,1,9.049911e-01,9.058292e-01,9.049911e-01,3.077329e+00,6.692059e-02,5.411115e+00,2.189041e-01,9.799669e-01,5.775466e-01,5.241168e-01,1.095718e+00,3.018025e-01,7.798982e-04
393975,1,9.646016e-01,8.983049e-01,9.646016e-01,3.035714e+00,6.860845e-02,8.456187e+00,1.926288e-01,8.786976e-01,3.844479e-01,2.037150e+00,1.057968e+00,8.775294e-01,2.031299e-01
393976,1,9.407776e-01,9.235758e-01,9.407776e-01,3.381050e+00,7.061520e-02,6.830270e+00,2.239836e-01,4.280712e+00,5.545370e-01,2.205445e+00,3.769624e+00,2.310142e-01,7.895528e-01
393977,1,9.839915e-01,9.314448e-01,9.839914e-01,3.426401e+00,6.686362e-02,1.090024e+01,2.559283e-01,2.482809e+00,8.297557e-01,3.420406e+00,2.917973e+00,4.136404e-01,1.122583e+00
393978,1,8.318005e-01,8.624989e-01,8.318005e-01,4.145199e+00,8.015360e-02,3.151739e+00,2.657918e-01,1.228773e-01,1.968858e+00,1.015760e+00,3.192776e-01,4.923298e-01,9.504131e-02
393979,1,8.425235e-01,8.875347e-01,8.425235e-01,3.301325e+00,6.825835e-02,4.279825e+00,2.059005e-01,4.893637e-01,7.526889e-01,1.556653e+00,7.370112e-01,4.653296e-01,1.162799e+00
393980,1,9.680811e-01,9.080798e-01,9.680810e-01,2.695520e+00,6.670351e-02,8.732650e+00,2.003375e-01,4.700018e-01,2.104857e+00,1.539922e+00,7.421603e-01,2.003873e-01,1.644958e-01
393981,1,9.822977e-01,9.265565e-01,9.822977e-01,3.420693e+00,7.444535e-02,1.045740e+01,2.109047e-01,1.704469e+00,2.203875e-01,2.428014e+00,2.039980e+00,3.895413e-01,1.054830e+00
393982,1,8.237153e-01,8.029231e-01,8.237153e-01,4.031585e+00,8.052714e-02,3.497520e+00,2.591516e-01,1.126842e+00,7.203440e-01,2.730525e-01,1.200806e+00,1.415068e-01,5.102054e-01
393983,1,9.882330e-01,9.638104e-01,9.882329e-01,3.340333e+00,7.239530e-02,1.278069e+01,2.116488e-01,3.010777e+00,4.320459e-01,1.167680e+00,2.088092e+00,1.036062e+00,1.013290e+00
393984,1,9.340962e-01,9.505633e-01,9.340962e-01,3.800908e+00,8.257999e-02,6.463290e+00,2.822827e-01,8.576496e-01,2.130480e+00,2.071538e+00,1.240908e+00,1.915487e-02,6.824608e-01
393985,1,9.760902e-01,9.358134e-01,9.760902e-01,4.038326e+00,7.561479e-02,9.429015e+00,2.612979e-01,2.116040e+00,4.414678e-01,2.848358e+00,2.410274e+00,5.487721e-01,1.601296e-01
393986,1,9.588467e-01,9.095366e-01,9.588467e-01,4.142427e+00,7.627390e-02,8.064408e+00,2.615487e-01,2.607797e+00,3.257960e-01,3.233133e+00,2.446727e+00,2.800779e-01,1.423211e+00
393987,1,9.336206e-01,9.204147e-01,9.336206e-01,4.078893e+00,7.538880e-02,6.439443e+00,2.669447e-01,2.840479e-01,1.865657e+00,9.483279e-01,3.448986e-01,5.226512e-01,2.546328e+00
393988,1,9.639899e-01,9.710501e-01,9.639899e-01,3.821168e+00,7.087354e-02,8.418440e+00,2.662030e-01,8.852891e-01,4.256091e+00,5.123919e-01,7.496513e-02,5.209053e-01,2.002217e+00
393989,1,9.534012e-01,8.936924e-01,9.534012e-01,3.920341e+00,7.372983e-02,7.586863e+00,2.829979e-01,4.061360e+00,3.983739e-01,1.958114e+00,2.803255e+00,4.875093e-01,3.905107e-01
393990,1,9.097683e-01,9.389426e-01,9.097683e-01,3.868731e+00,7.390608e-02,5.569244e+00,3.060107e-01,3.080142e+00,2.282272e+00,3.825641e+00,3.451917e+00,3.073247e-01,8.527570e-01
393991,1,8.824029e-01,9.209875e-01,8.824029e-01,3.465246e+00,6.987239e-02,4.826074e+00,2.484290e-01,4.670591e-02,3.227574e+00,8.828580e-01,7.688986e-01,6.820836e-01,1.528227e+00
393992,1,9.701921e-01,8.969613e-01,9.701920e-01,3.133011e+00,6.499102e-02,8.922463e+00,2.427383e-01,5.734691e-01,5.047494e-02,7.612089e-01,2.720608e-01,1.462998e-01,1.333907e+00
393993,1,9.811273e-01,9.257432e-01,9.811272e-01,3.551535e+00,6.815900e-02,1.017854e+01,2.709050e-01,1.354310e+00,1.575731e+00,2.168619e+00,1.846355e+00,8.226194e-01,5.079277e-01
393994,1,9.102386e-01,8.943341e-01,9.102386e-01,4.036895e+00,7.443321e-02,5.584623e+00,2.723894e-01,1.013851e+00,6.432377e-01,1.920216e+00,1.561472e+00,3.083502e-01,1.325949e+00
393995,1,9.821368e-01,9.606829e-01,9.821368e-01,3.573087e+00,7.177420e-02,9.935179e+00,2.433028e-01,2.658510e+00,2.281454e-01,3.210197e+00,2.831761e+00,3.308676e-01,4.115398e-01
393996,1,9.596300e-01,9.367274e-01,9.596299e-01,4.274405e+00,7.124327e-02,8.127938e+00,3.007634e-01,1.515291e+00,1.427079e+00,1.718412e-01,7.155709e-01,9.749067e-01,2.852832e-01
393997,1,9.687759e-01,8.785748e-01,9.687758e-01,4.109231e+00,7.201315e-02,5.719515e+00,3.010495e-01,8.641288e-01,9.868236e-01,4.592648e-01,2.005597e-01,6.586460e-01,2.525595e-01
393998,1,9.847570e-01,9.516311e-01,9.847570e-01,3.695460e+00,7.054480e-02,1.117388e+01,2.630309e-01,1.078058e-01,1.744200e-01,1.208486e+00,2.818932e-01,4.449494e-01,2.069406e-01
393999,1,9.239832e-01,8.803674e-01,9.239831e-01,4.270716e+00,7.936255e-02,6.058772e+00,3.030888e-01,1.316988e+00,1.470659e+00,2.267164e+00,1.812710e+00,5.727446e-01,5.475416e-01
394000,1,9.707561e-01,9.442606e-01,9.707561e-01,3.836580e+00,7.372829e-02,8.977316e+00,2.435692e-01,2.051958e+00,1.464809e+00,4.824775e-01,1.686364e+00,6.482187e-03,1.706075e+00
394001,1,8.778998e-01,8.785518e-01,8.778998e-01,4.032548e+00,7.577979e-02,4.829900e+00,3.023552e-01,1.675872e+00,1.459155e+00,2.716678e+00,2.087104e+00,3.188944e-01,6.185911e-01
394002,1,9.657155e-01,9.203175e-01,9.657154e-01,3.470413e+00,7.190850e-02,8.532465e+00,2.685725e-01,2.046950e-01,1.751611e-01,9.253765e-01,5.482749e-01,1.826723e-01,5.027339e-01
394003,1,9.567286e-01,9.776622e-01,9.567287e-01,3.481524e+00,7.350898e-02,7.874680e+00,2.933006e-01,1.671765e+00,2.858124e+00,1.061790e-01,8.723160e-01,4.693808e-01,1.235772e+00
394004,1,9.498316e-01,8.952199e-01,9.498315e-01,3.841308e+00,7.474251e-02,7.309466e+00,2.898376e-01,1.546303e+00,4.284696e-02,2.392147e+00,1.809497e+00,7.315097e-01,9.733515e-01
394005,1,9.407617e-01,8.882931e-01,9.407616e-01,3.718417e+00,7.147666e-02,6.829167e+00,2.860462e-01,1.801644e+00,4.514637e-01,2.603321e+00,2.002104e+00,3.006052e-01,5.251154e-01
394006,1,9.360022e-01,9.204589e-01,9.360021e-01,3.588984e+00,7.061428e-02,6.561426e+00,2.856616e-01,4.375697e+00,2.097729e+00,2.291081e+00,3.935171e+00,4.308223e-01,5.630437e-01
394007,1,9.660355e-01,9.272601e-01,9.660354e-01,3.538493e+00,7.157460e-02,8.555800e+00,2.806968e-01,1.385413e-01,1.010868e+00,1.493922e+00,7.313157e-01,8.359890e-01,8.221639e-01
394008,1,9.032638e-01,9.273715e-01,9.032638e-01,3.736096e+00,6.990773e-02,5.361092e+00,2.984999e-01,3.858891e+00,2.732982e+00,4.394770e+00,4.071023e+00,4.095848e-01,9.280788e-01
394009,1,9.254771e-01,9.556001e-01,9.254772e-01,3.340333e+00,6.437852e-02,6.106371e+00,2.519748e-01,1.346746e-01,2.129196e+00,1.054723e+00,3.594588e-01,1.724657e-01,2.798012e+00
394010,1,8.170092e-01,9.045987e-01,8.170093e-01,3.228782e+00,6.656993e-02,3.944516e+00,2.903975e-01,2.097785e+00,1.953680e+00,2.750412e+00,2.447673e+00,3.501623e-01,1.403832e+00
394011,1,9.035201e-01,8.863378e-01,9.035201e-01,2.808342e+00,6.076854e-02,5.368727e+00,2.358208e-01,1.063840e+00,6.483041e-01,2.066307e+00,1.105507e+00,5.709703e-01,1.294444e+00
394012,1,9.317448e-01,9.158534e-01,9.317448e-01,2.741310e+00,6.155902e-02,6.355884e+00,2.509926e-01,2.215461e+00,1.685006e+00,2.829193e+00,2.459333e+00,2.672324e-01,1.635953e+00
394013,1,9.691737e-01,9.566220e-01,9.691737e-01,2.884501e+00,6.394821e-02,8.828270e+00,2.323933e-01,9.512918e-02,2.327838e+00,1.032433e+00,2.683263e-01,7.854634e-01,6.716584e-01
394014,1,7.665235e-01,8.515448e-01,7.665235e-01,3.399810e+00,6.883585e-02,2.759672e+00,2.544643e-01,4.684721e-01,2.122270e+00,8.491155e-01,5.670305e-01,5.905027e-02,7.324898e-01
394015,1,8.862448e-01,8.907258e-01,8.862448e-01,2.738915e+00,6.308160e-02,4.744772e+00,2.332124e-01,1.403190e+00,9.484496e-01,2.325365e+00,1.718729e+00,4.317115e-01,1.054646e+00
394016,1,9.399448e-01,9.162530e-01,9.399448e-01,2.591468e+00,5.876377e-02,6.777006e+00,2.409106e-01,7.383848e-01,2.109453e+00,1.834888e+00,1.212494e+00,4.783372e-01,5.499091e-01
394017,1,9.795325e-01,9.554799e-01,9.795325e-01,2.827077e+00,6.025909e-02,9.854580e+00,2.433000e-01,8.553880e-01,2.624386e+00,1.831397e+00,1.117659e+00,2.708992e-01,1.333610e+00
394018,1,8.794468e-01,8.169340e-01,8.794467e-01,2.785748e+00,6.865098e-02,3.610683e+00,3.023546e-01,6.865936e-01,2.851177e-02,1.804498e+00,9.950781e-01,1.602167e-01,1.340734e+00
394019,1,9.851106e-01,9.453090e-01,9.851106e-01,3.097655e+00,6.394293e-02,5.249302e+00,2.490129e-01,1.100253e+00,1.127770e+00,2.136003e+00,1.376722e+00,6.132940e-01,1.770502e+00
394020,1,8.995297e-01,8.988070e-01,8.995297e-01,2.916531e+00,6.561379e-02,5.261391e+00,2.365917e-01,2.687680e-01,8.934568e-01,1.056980e+00,2.941103e-04,3.551519e-01,4.938818e-01
394021,1,9.707685e-01,9.739053e-01,9.707685e-01,2.790046e+00,6.510484e-02,8.978739e+00,2.323899e-01,1.692752e+00,1.019237e+00,6.433291e-02,1.112084e+00,7.102172e-01,1.864011e+00
394022,1,8.603610e-01,9.517213e-01,8.603611e-01,3.289158e+00,6.858664e-02,4.540761e+00,2.375245e-01,1.040290e+00,1.192129e+00,2.081845e+00,1.764507e+00,9.679850e-02,1.996272e+00
394023,1,9.606819e-01,9.566821e-01,9.606819e-01,2.822148e+00,6.719051e-02,8.197002e+00,2.441476e-01,4.047956e+00,2.546060e+00,1.942749e+00,2.957016e+00,1.916738e-02,1.489342e+00
394024,1,8.550747e-01,8.672847e-01,8.550747e-01,3.344285e+00,7.071898e-02,4.453964e+00,2.614128e-01,4.304431e-01,2.235072e-03,1.701914e+00,9.965844e-01,7.919073e-01,1.231382e+00
394025,1,9.313611e-01,8.385434e-01,9.313610e-01,2.994603e+00,6.656038e-02,6.343037e+00,2.502449e-01,5.305519e-01,4.458616e-02,6.784716e-01,4.481326e-01,5.995332e-02,2.995745e-01
394026,1,9.627258e-01,9.638846e-01,9.627258e-01,3.035305e+00,6.705484e-02,8.327238e+00,2.354267e-01,2.564058e+00,2.381138e+00,3.210046e+00,2.803521e+00,5.627651e-01,1.678956e+00
394027,1,8.340494e-01,9.432157e-01,8.340495e-01,3.345202e+00,6.993325e-02,4.175403e+00,2.421255e-01,1.840733e+00,1.308240e+00,2.514513e+00,1.995746e+00,4.437131e-01,2.531943e+00
394028,1,9.492941e-01,9.249547e-01,9.492941e-01,2.917117e+00,6.459594e-02,6.712023e+00,2.434629e-01,7.210037e-01,1.752356e+00,4.793153e-01,2.271149e-01,1.754179e-01,1.916113e+00
394029,1,9.844582e-01,9.756432e-01,9.844582e-01,3.111676e+00,6.589951e-02,1.105779e+01,2.324946e-01,1.108612e+00,6.216958e-01,2.138529e-01,4.251304e-01,7.517022e-01,3.324210e-01
394030,1,8.943989e-01,9.431167e-01,8.943990e-01,5.147575e+00,7.080866e-02,7.327794e-01,3.141095e-01,2.624012e+00,1.202048e+00,9.533862e-01,1.488737e+00,8.561126e-01,1.414039e+00
394031,1,9.809045e-01,9.383150e-01,9.809045e-01,5.039981e+00,6.622075e-02,1.011024e+01,2.980051e-01,1.640745e+00,6.298010e-01,1.941628e-01,2.531454e-01,2.141959e-01,2.690508e-01
394032,1,8.769150e-01,9.066690e-01,8.769150e-01,3.413429e+00,7.208527e-02,3.492221e+00,2.639020e-01,1.795672e+00,9.797452e-02,2.613901e+00,2.284617e+00,4.754545e-01,5.275321e-01
394033,1,9.349909e-01,9.161681e-01,9.349908e-01,2.846997e+00,6.112466e-02,3.575160e+00,2.494876e-01,1.294087e+00,5.211297e-01,2.012629e+00,1.707572e+00,1.959587e-01,1.009627e+00
394034,1,8.420514e-01,8.927271e-01,8.420515e-01,2.583875e+00,6.017054e-02,4.274275e+00,2.137253e-01,2.237267e+00,1.269160e+00,2.811274e+00,2.316503e+00,6.547143e-02,1.436401e+00
394035,1,9.743575e-01,9.755141e-01,9.743575e-01,1.888356e+00,5.697874e-02,9.299632e+00,2.233355e-01,1.215716e+00,3.922740e+00,1.261816e-02,8.194489e-01,7.775003e-01,1.894589e+00
394036,1,9.313257e-01,9.494247e-01,9.313258e-01,3.063964e+00,6.537066e-02,6.342125e+00,2.440555e-01,1.091749e+00,2.211536e+00,2.079588e+00,1.363223e+00,6.775933e-01,2.320671e+00
394037,1,9.314371e-01,9.380675e-01,9.314371e-01,2.581864e+00,6.580178e-02,6.345862e+00,2.551010e-01,1.074223e+00,1.870478e+00,1.976409e+00,1.245125e+00,5.376436e-02,1.730301e+00
394038,1,7.935476e-01,8.490361e-01,7.935477e-01,3.127728e+00,6.792062e-02,3.679270e+00,2.501390e-01,1.508444e+00,3.993006e-01,1.002124e-01,4.917318e-01,7.573820e-01,5.942364e-01
394039,1,9.674464e-01,9.736277e-01,9.674464e-01,2.348331e+00,6.531683e-02,8.670315e+00,1.955841e-01,9.230759e-01,4.453094e+00,1.884191e+00,1.194552e+00,8.029852e-01,7.324893e-01
394040,1,8.453223e-01,8.892708e-01,8.453223e-01,3.391670e+00,6.679122e-02,2.837376e+00,2.508107e-01,4.574442e-01,4.206185e-01,1.636005e+00,7.061591e-01,8.494353e-01,8.272650e-01
394041,1,9.927202e-01,9.603364e-01,9.927202e-01,2.649953e+00,5.966987e-02,9.468058e+00,2.344310e-01,1.769328e+00,7.358027e-01,2.593796e+00,1.850086e+00,2.749381e-01,5.469626e-02
394042,1,9.943662e-01,9.686298e-01,9.943662e-01,3.409604e+00,7.774174e-02,2.865101e-01,2.476964e-01,3.850648e-02,7.416955e-01,8.949909e-01,4.522013e-01,1.012941e+00,1.663672e+00
394043,1,9.849745e-01,9.638652e-01,9.849745e-01,2.205660e+00,5.823514e-02,1.126970e+01,2.129550e-01,1.690769e+00,3.399694e+00,2.313051e-01,9.938515e-01,7.430377e-01,7.893247e-01
394044,1,9.234881e-01,8.838909e-01,9.234881e-01,3.261746e+00,6.921032e-02,6.044416e+00,2.708731e-01,3.456381e-01,9.839210e-01,1.503908e+00,1.039773e+00,4.996292e-01,5.622829e-01
394045,1,8.703061e-01,9.251934e-01,8.703062e-01,3.120241e+00,6.737880e-02,4.715420e+00,2.649260e-01,2.162691e+00,1.103830e+00,2.832626e+00,2.551095e+00,3.167692e-01,4.988762e-01
394046,1,9.168846e-01,9.178618e-01,9.168846e-01,2.785664e+00,6.278340e-02,5.825786e+00,2.591650e-01,1.121330e-01,1.919833e+00,1.196444e+00,3.877701e-01,6.989976e-01,2.096473e-01
394047,1,9.746705e-01,9.575325e-01,9.746705e-01,2.948335e+00,6.246807e-02,9.322083e+00,2.333476e-01,4.794052e-01,1.415006e+00,1.473936e+00,8.715250e-01,5.915293e-01,3.786728e-01
394048,1,9.836962e-01,9.498207e-01,9.836962e-01,2.624332e+00,6.807446e-02,1.080338e+01,2.813488e-01,1.258986e+00,2.605644e+00,2.185964e+00,1.715477e+00,7.552968e-01,8.471641e-01
394049,1,9.525756e-01,9.406681e-01,9.525756e-01,4.268040e+00,8.061211e-02,7.518262e+00,2.869900e-01,1.327001e+00,1.129911e+00,2.132988e+00,1.523525e+00,9.170204e-01,2.339182e+00
394050,1,8.706438e-01,9.235227e-01,8.706439e-01,3.946412e+00,7.789423e-02,4.281566e+00,2.972308e-01,2.044026e+00,2.568767e+00,5.598229e-01,5.937673e-01,1.080830e+00,1.796073e+00
394051,1,9.133980e-01,8.970143e-01,9.133980e-01,3.391117e+00,6.757113e-02,4.628705e+00,2.522071e-01,1.878979e+00,8.013396e-01,3.885799e-01,1.142299e+00,2.873828e-02,1.416985e+00
394052,1,9.840587e-01,9.858777e-01,9.840587e-01,2.990209e+00,6.575794e-02,1.092143e+01,2.551714e-01,9.261354e-01,2.381103e+00,2.059061e+00,1.360460e+00,6.269540e-01,1.915508e+00
394053,1,9.057514e-01,9.309781e-01,9.057514e-01,3.679812e+00,7.298849e-02,5.434349e+00,3.019046e-01,1.376772e+00,7.905244e-01,2.244711e+00,1.813887e+00,3.729925e-01,2.414880e-01
394054,1,8.670229e-01,8.689590e-01,8.670229e-01,3.477123e+00,7.050538e-02,4.659676e+00,2.607554e-01,1.840038e+00,6.519169e-01,2.464746e+00,2.166200e+00,2.941942e-01,1.467000e+00
394055,1,9.727257e-01,9.672543e-01,9.727257e-01,3.075896e+00,6.842109e-02,9.160036e+00,2.382786e-01,5.276967e-01,1.538310e+00,1.463253e+00,9.173533e-01,6.596302e-01,1.912585e+00
394056,1,7.815534e-01,9.061245e-01,7.815535e-01,3.554900e+00,6.920825e-02,3.475657e+00,2.652280e-01,2.215218e+00,6.300035e-01,2.943336e+00,2.263745e+00,2.790360e-01,1.857038e+00
394057,1,9.454451e-01,9.307889e-01,9.454451e-01,2.919940e+00,6.602605e-02,7.082551e+00,2.288420e-01,8.158807e-02,2.118904e+00,1.058094e+00,1.352069e-01,2.435564e-01,1.379506e+00
394058,1,9.081948e-01,9.275430e-01,9.081948e-01,3.184458e+00,6.956902e-02,5.516071e+00,2.305432e-01,7.859466e-01,1.708698e+00,1.847254e+00,1.238708e+00,2.725295e-01,1.788217e+00
394059,1,9.346390e-01,9.017011e-01,9.346390e-01,2.972202e+00,6.697893e-02,6.099033e+00,2.371445e-01,7.855231e-01,1.472655e+00,5.400093e-01,6.153620e-01,4.175688e-01,1.223371e-02
394060,1,9.797235e-01,9.539665e-01,9.797235e-01,1.119281e-01,6.521084e-02,9.873086e+00,2.380772e-01,4.337600e-01,2.173131e+00,1.607342e+00,8.713617e-01,5.931923e-01,1.291760e+00
394061,1,8.478010e-01,8.575081e-01,8.478010e-01,4.347325e+00,7.350230e-02,3.312287e+00,3.214984e-01,3.125238e-01,9.113102e-01,9.752869e-01,4.047589e-01,3.198402e-01,4.474467e-01
394062,1,9.784505e-01,9.203192e-01,9.784505e-01,2.947702e+00,6.555463e-02,9.724659e+00,2.518030e-01,5.820087e-02,8.662602e-01,1.234333e+00,9.118843e-01,3.803390e-01,1.985565e-01
394063,1,7.807224e-01,8.811383e-01,7.807225e-01,3.546495e+00,7.153822e-02,2.754683e+00,2.824649e-01,9.822987e-01,3.158038e+00,2.745533e-01,1.813678e-01,2.943551e-01,6.303159e-01
394064,1,9.585338e-01,9.265812e-01,9.585338e-01,2.836694e+00,6.142308e-02,8.037769e+00,2.561679e-01,7.315293e-01,5.942809e-01,7.444821e-01,1.810068e-01,4.355990e-01,1.603626e+00
394065,1,9.151661e-01,9.158676e-01,9.151661e-01,3.218128e+00,6.701865e-02,5.765256e+00,2.600397e-01,8.710899e-01,2.048142e-01,1.814192e+00,1.239074e+00,1.456866e-01,1.664129e+00
394066,1,9.437213e-01,9.415114e-01,9.437213e-01,3.065982e+00,6.466695e-02,6.999062e+00,2.780752e-01,3.597745e+00,1.858445e+00,1.628295e+00,3.690447e+00,1.934924e-01,4.766992e-01
394067,1,8.290954e-01,9.531197e-01,8.290955e-01,3.220766e+00,6.623636e-02,1.636273e+00,2.982803e-01,2.109328e+00,4.107132e+00,2.131762e-01,1.569394e+00,4.250310e-02,5.932004e-01
394068,1,9.881127e-01,9.680534e-01,9.881127e-01,2.417760e+00,6.059550e-02,1.270366e+01,2.443028e-01,1.744324e+00,3.115703e+00,2.618442e+00,2.670817e+00,1.093690e+00,1.245777e-01
394069,1,7.931339e-01,8.547395e-01,7.931340e-01,3.674944e+00,6.935001e-02,2.620151e+00,3.037151e-01,3.173298e-01,2.883209e-01,7.246115e-01,7.898690e-02,1.418190e-01,9.364798e-01
394070,1,8.921977e-01,8.737978e-01,8.921977e-01,2.876622e+00,6.279184e-02,5.100384e+00,2.854413e-01,1.256363e+00,5.379083e-01,2.093017e+00,1.727598e+00,2.287558e-01,1.116364e+00
394071,1,9.609012e-01,9.182861e-01,9.609011e-01,2.744426e+00,6.182593e-02,8.212914e+00,2.570276e-01,1.292169e+00,3.640791e-02,1.913884e+00,1.565994e+00,6.203226e-01,5.817387e-03
394072,1,9.411436e-01,9.136806e-01,9.411435e-01,3.158386e+00,6.708616e-02,6.851428e+00,2.638812e-01,2.217037e+00,5.809408e-01,2.724756e+00,2.545896e+00,2.972316e-01,6.095865e-01
394073,1,9.282211e-01,9.175913e-01,9.282211e-01,3.178697e+00,6.667334e-02,6.213758e+00,2.823526e-01,3.483457e-01,1.910456e+00,6.225546e-01,1.879204e-01,6.808435e-01,1.742460e+00
394074,1,9.042362e-01,8.914153e-01,9.042362e-01,3.161143e+00,6.497440e-02,5.388128e+00,2.681585e-01,1.255498e+00,2.357839e-01,1.044316e-01,4.506376e-01,1.360243e-01,3.263855e-02
394075,1,9.219181e-01,9.106592e-01,9.219181e-01,3.011932e+00,6.710280e-02,3.851546e+00,2.431869e-01,3.816292e+00,9.113322e-01,1.876728e+00,2.709916e+00,5.358174e-01,1.607243e+00
394076,1,9.251465e-01,9.033842e-01,9.251465e-01,2.668529e+00,5.895047e-02,6.095434e+00,2.790352e-01,1.971464e+00,1.155400e+00,3.492825e-01,1.080738e+00,5.977411e-01,4.784968e-01
394077,1,7.968061e-01,9.350072e-01,7.968062e-01,2.790854e+00,5.693197e-02,3.714052e+00,2.996825e-01,2.093198e+00,9.708994e-01,2.911923e+00,2.409216e+00,8.961568e-01,1.604356e-02
394078,1,8.654565e-01,8.441708e-01,8.654564e-01,2.409295e+00,5.669411e-02,4.631035e+00,2.494383e-01,1.858607e+00,3.679878e-01,2.528664e+00,1.722633e+00,9.738861e-01,6.327615e-01
394079,1,8.860380e-01,8.526038e-01,8.860379e-01,1.869113e+00,5.618287e-02,4.971150e+00,2.586456e-01,2.705078e+00,2.647559e-02,3.117276e+00,2.917345e+00,2.615097e-01,8.453342e-02
394080,1,9.946155e-01,9.929795e-01,9.946155e-01,1.900545e+00,5.761895e-02,1.685684e+01,2.543688e-01,3.102221e+00,8.152522e-01,1.300108e+00,3.809085e+00,6.655014e-01,6.181348e-01
394081,1,8.730713e-01,9.623059e-01,8.730714e-01,3.996252e+00,8.425963e-02,2.190416e+00,3.616956e-01,2.893987e-01,4.731471e-02,1.395691e+00,1.328228e+00,1.309921e+00,7.561532e-01
394082,1,9.574076e-01,9.449642e-01,9.574075e-01,2.711141e+00,7.688188e-02,7.935965e+00,2.909116e-01,1.103882e-01,1.819842e+00,9.644371e-01,1.184402e+00,2.657519e-01,3.602499e-01
394083,1,9.335057e-01,9.365895e-01,9.335057e-01,2.896036e+00,7.423675e-02,6.433427e+00,3.025926e-01,2.401271e+00,1.301149e+00,2.882895e+00,2.693331e+00,8.845981e-01,1.423049e+00
394084,1,7.069625e-01,9.118455e-01,7.069626e-01,1.785349e+00,7.747110e-02,2.822285e+00,3.045585e-01,1.527026e+00,2.614440e+00,2.182977e+00,1.420205e+00,1.339141e+00,1.475326e+00
394085,1,8.997684e-01,9.294082e-01,8.997684e-01,7.294080e-01,6.729661e-02,5.267085e+00,2.426953e-01,1.744794e+00,1.937650e+00,2.871460e-01,1.974307e+00,6.028222e-01,2.033485e+00
394086,1,7.612530e-01,8.787834e-01,7.612531e-01,3.339758e+00,7.000253e-02,2.454845e+00,2.854612e-01,3.743448e-01,2.014249e+00,1.697484e+00,4.721668e-02,7.493766e-01,1.441492e+00
394087,1,7.236384e-01,9.541486e-01,7.236386e-01,2.263790e+00,6.114172e-02,2.994585e+00,2.138397e-01,8.695788e-02,1.906733e+00,1.111264e+00,7.355471e-01,4.775306e-02,1.508833e+00
394088,1,9.775453e-01,9.806553e-01,9.775453e-01,1.985399e+00,5.746365e-02,9.597398e+00,2.147507e-01,2.365794e+00,2.636753e+00,3.076042e+00,2.643735e+00,9.667744e-01,2.500723e+00
394089,1,9.288700e-01,9.425439e-01,9.288700e-01,6.100146e+00,6.359048e-02,6.242681e+00,2.619520e-01,5.861933e-01,2.202750e+00,1.494272e+00,1.147087e+00,1.587772e+00,2.770470e+00
394090,1,8.897190e-01,9.106168e-01,8.897190e-01,5.047194e+00,6.814180e-02,3.633773e+00,3.525150e-01,1.907804e+00,3.542621e+00,2.569318e+00,2.289371e+00,3.404314e-01,6.655691e-01
394091,1,7.582580e-01,8.778446e-01,7.582581e-01,2.498511e+00,6.002444e-02,3.306248e+00,2.438909e-01,1.250293e+00,1.813606e+00,2.066063e+00,1.226628e+00,1.048539e+00,2.964233e-01
394092,1,9.184086e-01,9.117288e-01,9.184086e-01,2.294575e+00,6.128831e-02,5.876625e+00,2.210050e-01,2.788672e-01,1.574694e+00,1.312932e+00,7.856588e-01,8.357400e-01,9.829755e-01
394093,1,9.339778e-01,9.272778e-01,9.339778e-01,2.480537e+00,6.284737e-02,6.457037e+00,2.347764e-01,3.057508e-01,1.544828e+00,1.352369e+00,9.374525e-01,7.245783e-01,5.934243e-01
394094,1,9.087517e-01,9.435976e-01,9.087517e-01,2.665661e+00,6.391273e-02,5.535741e+00,2.675180e-01,9.237171e-01,3.597211e+00,3.843124e-01,4.157099e-01,8.069001e-01,1.492320e-02
394095,1,8.553929e-01,8.786791e-01,8.553929e-01,2.718394e+00,6.326040e-02,4.459008e+00,2.612515e-01,3.708673e-02,3.079398e+00,1.190152e+00,8.656190e-01,4.973217e-01,1.974270e-01
394096,1,9.077139e-01,8.845239e-01,9.077138e-01,2.522539e+00,6.258748e-02,5.499802e+00,2.416346e-01,2.040321e+00,3.492538e-01,2.846734e+00,2.431751e+00,4.378470e-01,1.416022e-01
394097,1,9.000601e-01,8.964362e-01,9.000601e-01,2.584129e+00,6.374772e-02,5.274989e+00,2.265181e-01,2.460511e+00,3.798382e-01,8.552952e-01,2.090121e+00,2.450117e-01,5.743042e-01
394098,1,7.677858e-01,8.472753e-01,7.677859e-01,2.580713e+00,6.225540e-02,3.413511e+00,2.608669e-01,2.199975e-01,1.732635e+00,1.177716e+00,2.787943e-02,1.940547e-01,8.150424e-02
394099,1,9.152492e-01,9.112267e-01,9.152492e-01,2.321337e+00,5.935187e-02,5.769440e+00,2.358298e-01,4.734546e-01,1.653430e+00,1.586606e+00,1.262219e+00,8.407773e-01,1.544506e+00
394100,1,8.608260e-01,8.665457e-01,8.608260e-01,2.516863e+00,6.386423e-02,4.547382e+00,2.308259e-01,1.770914e+00,1.155928e+00,2.377871e+00,2.419028e+00,4.178330e-01,4.308007e-01
394101,1,8.981347e-01,8.814653e-01,8.981347e-01,2.271744e+00,6.064800e-02,5.228980e+00,2.362272e-01,1.116737e+00,2.875388e-01,1.751580e-01,5.108297e-01,9.397025e-01,5.051814e-01
394102,1,9.153941e-01,9.101076e-01,9.153941e-01,2.403485e+00,6.197681e-02,5.774610e+00,2.381575e-01,4.487743e+00,1.305423e+00,2.279582e+00,4.144254e+00,1.352423e-01,2.054727e+00
394103,1,9.232017e-01,9.403216e-01,9.232017e-01,2.631831e+00,6.260202e-02,6.035336e+00,2.875050e-01,1.617823e+00,2.864516e+00,2.596961e+00,2.477005e+00,2.228026e-01,2.122708e+00
394104,1,7.129649e-01,8.941273e-01,7.129650e-01,2.133495e+00,5.947948e-02,2.900276e+00,2.860169e-01,4.248139e-01,4.761218e-01,1.358101e+00,1.324720e+00,1.681844e-02,3.464205e-01
394105,1,8.677372e-01,9.021396e-01,8.677372e-01,2.385100e+00,5.767322e-02,4.672670e+00,2.568974e-01,1.562259e+00,7.362602e-01,2.290077e+00,1.677299e+00,2.771242e-01,7.068259e-01
394106,1,9.441386e-01,9.033824e-01,9.441385e-01,2.249855e+00,5.527757e-02,3.151047e+00,2.674456e-01,5.860687e-01,6.196788e-01,1.451520e+00,8.865958e-01,4.554654e-01,1.482821e+00
394107,1,9.518312e-01,9.253419e-01,9.518312e-01,2.069742e+00,5.900442e-02,7.453539e+00,2.471726e-01,1.426978e+00,1.165570e+00,2.136628e+00,1.900243e+00,2.241237e-01,3.793756e-01
394108,1,6.738351e-01,8.960101e-01,6.738353e-01,2.564376e+00,5.862035e-02,2.636812e+00,2.855912e-01,1.475816e-01,4.372641e-01,1.084126e+00,5.794966e-01,7.263084e-01,7.698128e-01
394109,1,8.133088e-01,8.922285e-01,8.133088e-01,2.198912e+00,5.715552e-02,3.899369e+00,2.879255e-01,1.739219e+00,1.986903e+00,2.543142e+00,1.478880e+00,1.509748e-01,7.631566e-01
394110,1,9.220772e-01,8.835391e-01,9.220772e-01,2.179722e+00,5.458262e-02,6.000283e+00,2.630828e-01,2.871159e+00,6.561246e-01,1.210747e+00,2.403047e+00,1.064639e-01,1.037986e+00
394111,1,9.152350e-01,8.659411e-01,9.152350e-01,2.520593e+00,6.051190e-02,2.154539e+00,2.723884e-01,1.668090e+00,2.939879e-02,1.902977e-02,8.150424e-01,7.589338e-01,2.139395e-01
394112,1,9.600543e-01,9.807896e-01,9.600543e-01,1.992488e+00,5.272724e-02,8.160602e+00,2.569173e-01,1.616570e+00,1.974438e+00,2.420415e+00,2.575049e+00,8.791669e-01,1.941332e+00
394113,1,8.128455e-01,8.797752e-01,8.128456e-01,2.622403e+00,5.669309e-02,3.893535e+00,3.084275e-01,8.013235e-02,1.511776e-01,1.053910e+00,1.038279e+00,1.109914e-02,1.598966e+00
394114,1,7.258661e-01,9.145009e-01,7.258663e-01,2.354741e+00,5.722443e-02,3.013928e+00,2.799499e-01,1.236924e+00,2.064557e-02,2.104072e-02,8.167401e-01,6.345398e-01,1.223580e+00
394115,1,9.234475e-01,9.141120e-01,9.234475e-01,2.134973e+00,5.632049e-02,6.043340e+00,2.683909e-01,4.157534e-01,1.261636e+00,1.520260e+00,9.011356e-01,1.148379e+00,9.225256e-01
394116,1,7.023108e-01,9.030695e-01,7.023110e-01,2.387228e+00,5.750994e-02,1.530113e+00,2.851161e-01,8.510899e-01,2.324089e+00,1.748666e+00,1.331708e+00,3.397056e-01,1.304174e+00
394117,1,7.710231e-01,9.001471e-01,7.710232e-01,1.807441e+00,4.952411e-02,3.449667e+00,2.595305e-01,2.983066e-01,8.574908e-01,7.337298e-01,5.423523e-01,3.643938e-01,9.588483e-01
394118,1,8.934919e-01,9.332888e-01,8.934920e-01,1.772373e+00,5.009389e-02,5.128118e+00,2.956017e-01,1.550154e+00,7.634557e-01,2.241100e+00,1.917192e+00,3.234409e-01,2.882658e+00
394119,1,7.921862e-01,8.837760e-01,7.921863e-01,1.814383e+00,5.028711e-02,3.054619e+00,2.715051e-01,1.814955e+00,1.452244e-01,4.350331e-01,8.876764e-01,9.446425e-01,4.760889e-01
394120,1,8.016858e-01,9.159259e-01,8.016859e-01,2.469744e+00,5.180488e-02,3.731911e+00,2.515328e-01,1.739982e+00,5.263422e-01,3.929637e-01,8.489062e-02,1.812171e+00,2.715782e+00
394121,1,9.522220e-01,9.317189e-01,9.522219e-01,2.976062e+00,5.132031e-02,7.486347e+00,3.202210e-01,2.196573e+00,3.429801e-01,2.816746e+00,2.463573e+00,5.774392e-01,1.702138e+00
394122,1,7.078146e-01,8.535249e-01,7.078148e-01,2.382565e+00,5.780651e-02,2.007215e+00,2.701541e-01,6.571412e-01,3.614407e-01,1.567378e+00,8.624937e-01,2.773004e-01,5.114061e-01
394123,1,7.413416e-01,8.981476e-01,7.413417e-01,1.943117e+00,5.010661e-02,2.912955e+00,2.686609e-01,2.652962e+00,1.150875e+00,3.141489e+00,2.741818e+00,3.608974e-01,1.296153e+00
394124,1,9.376871e-01,9.261835e-01,9.376871e-01,1.748363e+00,5.145222e-02,6.648316e+00,2.429426e-01,8.230135e-01,1.561396e+00,1.637798e+00,1.200820e+00,5.239003e-01,1.004257e+00
394125,1,7.450208e-01,8.341130e-01,7.450209e-01,2.221267e+00,5.473250e-02,3.174378e+00,2.723910e-01,2.944611e-01,9.398129e-01,8.490928e-01,1.478757e-01,2.769405e-01,3.380743e-02
394126,1,8.835044e-01,9.548381e-01,8.835045e-01,2.006187e+00,5.519942e-02,4.922969e+00,2.484521e-01,1.901884e+00,2.651846e+00,2.669374e+00,2.285518e+00,3.269345e-01,2.187312e+00
394127,1,7.007072e-01,9.288813e-01,7.007074e-01,2.133243e+00,5.561589e-02,1.962359e+00,2.794530e-01,4.034280e-01,2.644099e+00,7.188698e-01,4.466089e-01,2.091424e-01,2.803220e+00
394128,1,7.462814e-01,9.242140e-01,7.462816e-01,1.072066e+00,4.058835e-02,2.741294e+00,2.487338e-01,2.463939e+00,3.903448e-01,3.186163e+00,2.425797e+00,1.885905e+00,1.479849e+00
394129,1,8.948162e-01,9.052264e-01,8.948162e-01,1.138657e+00,3.951014e-02,4.793127e+00,2.189635e-01,7.191839e-01,5.018705e-01,5.084295e-01,6.185004e-02,8.462614e-01,1.167500e+00
394130,1,9.137021e-01,9.163891e-01,9.137021e-01,1.494221e+00,4.305017e-02,3.119387e-01,2.560304e-01,2.072948e+00,1.034581e+00,2.855717e+00,2.222187e+00,8.820092e-01,1.068390e+00
394131,1,9.403603e-01,9.065293e-01,9.403603e-01,1.033743e+00,4.227237e-02,6.802605e+00,1.820839e-01,9.465386e-02,3.662096e-01,1.268511e+00,3.412538e-01,5.139181e-01,1.032491e+00
394132,1,7.633145e-01,8.448002e-01,7.633146e-01,1.703006e+00,4.800475e-02,5.441672e-02,2.404988e-01,1.143509e+00,8.267171e-02,4.289169e-01,1.076423e+00,6.870138e-01,1.126814e-01
394133,1,9.509773e-01,9.418102e-01,9.509773e-01,1.171500e+00,4.341108e-02,7.386464e+00,2.321060e-01,3.365094e+00,5.503539e-01,1.501232e+00,1.963960e+00,5.188887e-01,1.443740e+00
394134,1,8.736495e-01,9.140165e-01,8.736495e-01,1.954778e+00,4.786418e-02,1.853126e+00,3.041447e-01,2.800002e+00,1.149719e+00,3.593136e+00,3.034435e+00,1.160667e+00,9.564283e-01
394135,1,9.776832e-01,9.722947e-01,9.776832e-01,9.799627e-01,3.575822e-02,9.617850e+00,2.215026e-01,2.583279e+00,2.113316e+00,3.143909e+00,2.765149e+00,1.825869e-01,1.663999e+00
394136,1,6.870705e-01,9.145345e-01,6.870707e-01,2.143478e+00,5.212615e-02,2.115029e+00,2.829658e-01,2.135654e+00,3.341493e-01,2.716904e+00,2.219050e+00,9.025672e-01,4.924837e-01
394137,1,9.154277e-01,9.551228e-01,9.154278e-01,1.074301e+00,3.924584e-02,5.775967e+00,2.092659e-01,1.508601e+00,7.524905e-01,2.306171e+00,1.606897e+00,6.899640e-01,1.697986e+00
394138,1,7.527930e-01,8.946311e-01,7.527932e-01,1.638675e+00,4.300372e-02,1.638536e+00,2.736100e-01,1.272564e+00,5.386002e-02,2.084997e+00,1.628270e+00,7.870642e-01,1.911671e-01
394139,1,9.169588e-01,9.320760e-01,9.169588e-01,1.305413e+00,3.765811e-02,2.922827e+00,2.644008e-01,3.473630e+00,4.553390e-01,1.658900e+00,2.037643e+00,5.880427e-01,1.065805e+00
394140,1,9.018653e-01,8.500350e-01,9.018652e-01,1.374257e+00,4.651947e-02,2.550236e+00,2.167779e-01,3.923195e+00,1.081606e+00,1.738137e+00,3.944322e+00,4.742925e-01,6.502504e-01
394141,1,9.047047e-01,8.951898e-01,9.047047e-01,1.294288e+00,4.746357e-02,5.401735e+00,2.317028e-01,2.026305e+00,1.777262e-01,3.145674e+00,2.611379e+00,5.769923e-01,8.153195e-01
394142,1,7.153605e-01,8.824624e-01,7.153607e-01,1.654995e+00,5.140987e-02,2.832983e-01,2.700450e-01,2.168838e+00,2.919861e+00,2.785120e+00,2.623695e+00,8.308381e-01,6.657003e-02
394143,1,8.965860e-01,9.197446e-01,8.965860e-01,1.155098e+00,3.968274e-02,5.194947e+00,2.435965e-01,1.572538e+00,3.620573e-01,2.409710e+00,1.451489e+00,4.282282e-01,9.110872e-02
394144,1,8.139205e-01,9.333666e-01,8.139206e-01,1.232255e+00,4.397951e-02,6.647577e-01,2.672577e-01,2.505844e+00,3.906332e+00,3.056343e+00,2.573635e+00,4.883709e-01,1.293267e+00
394145,1,8.464096e-01,9.356189e-01,8.464097e-01,9.369604e-01,3.971929e-02,4.328897e+00,2.121382e-01,1.262205e+00,3.864372e+00,2.072415e+00,1.317145e+00,9.402105e-01,1.218642e+00
394146,1,7.397256e-01,9.482402e-01,7.397258e-01,1.181005e+00,4.143493e-02,2.088170e+00,2.312035e-01,1.941375e-01,2.853725e+00,1.349772e+00,3.661175e-01,1.303521e-02,1.807961e+00
394147,1,7.321037e-01,8.766035e-01,7.321038e-01,1.181292e+00,4.272617e-02,2.971275e+00,2.272019e-01,1.929167e+00,1.272180e+00,4.418013e-01,9.826429e-01,9.061380e-01,1.394765e+00
394148,1,9.975151e-01,9.992805e-01,9.975151e-01,3.078037e+00,4.221942e-02,2.282540e+01,2.265648e-01,6.613521e-01,1.973257e+00,1.825603e+00,1.096387e+00,8.790082e+00,1.036253e+00
394149,1,9.457457e-01,9.777240e-01,9.457457e-01,4.419457e+00,1.053732e-01,7.097511e+00,3.837858e-01,8.894436e-01,8.563980e-01,1.873084e+00,1.083275e+00,4.277963e+00,1.443700e+00
394150,1,7.414547e-01,9.259059e-01,7.414549e-01,2.036167e+00,5.778481e-02,8.808348e-01,2.320030e-01,2.427514e+00,1.181991e-01,3.142397e+00,2.517322e+00,2.764119e+00,2.297141e+00
394151,1,6.876080e-01,8.428607e-01,6.876081e-01,9.980746e-01,4.149936e-02,2.319585e+00,2.275258e-01,3.365618e-01,5.712317e-01,1.291291e+00,7.596166e-01,3.419844e-01,3.172170e-02
394152,1,9.335057e-01,9.457509e-01,9.335057e-01,1.036155e+00,4.251128e-02,6.433414e+00,1.968591e-01,5.621419e-01,8.192377e-01,6.498115e-01,7.519808e-02,8.069532e-01,8.520739e-01
394153,1,7.613343e-01,8.899514e-01,7.613344e-01,1.649846e+00,4.593030e-02,3.023148e+00,2.643729e-01,9.679077e-01,8.107838e-01,2.015597e+00,1.507305e+00,9.311233e-01,1.785022e-01
394154,1,9.562849e-01,9.353449e-01,9.562848e-01,6.422275e-01,3.319659e-02,7.838798e+00,1.877551e-01,4.865871e-03,8.123455e-01,1.075523e+00,7.527820e-01,1.845185e-01,9.364671e-01
394155,1,8.904350e-01,9.393440e-01,8.904351e-01,1.613486e+00,4.546550e-02,1.779696e-01,2.646745e-01,1.148289e+00,1.247938e+00,2.133954e+00,1.239858e+00,7.541168e-01,2.552983e+00
394156,1,8.463300e-01,9.560173e-01,8.463301e-01,1.021857e+00,3.767767e-02,1.956944e+00,2.531807e-01,2.195713e+00,1.407427e+00,2.873593e+00,2.246432e+00,1.322367e+00,2.499095e+00
394157,1,7.217272e-01,8.536186e-01,7.217273e-01,9.335445e-01,3.804470e-02,2.977167e+00,2.120806e-01,1.184098e+00,2.469180e-01,1.966326e+00,1.472392e+00,3.599199e-01,4.904285e-01
394158,1,8.459994e-01,8.794022e-01,8.459994e-01,1.076834e+00,3.990473e-02,4.323542e+00,2.208002e-01,2.503899e-01,4.513101e-01,1.330701e+00,8.230564e-01,7.380270e-01,5.927762e-01
394159,1,6.787855e-01,8.559823e-01,6.787857e-01,1.372366e+00,4.393262e-02,1.978251e+00,2.492297e-01,9.494959e-02,2.335694e-01,1.201060e+00,7.755544e-01,3.432747e-01,6.106359e-01
394160,1,6.674084e-01,8.642138e-01,6.674085e-01,1.205517e+00,4.170535e-02,4.835943e-01,2.272223e-01,4.599628e-01,5.150723e-01,1.535653e+00,8.692005e-01,1.068844e+00,6.117121e-01
394161,1,9.255125e-01,9.531144e-01,9.255125e-01,8.753117e-01,3.657161e-02,6.107531e+00,1.788070e-01,6.690633e-01,2.499795e+00,1.662474e+00,1.232672e+00,2.243480e-01,1.430148e-01
394162,1,7.917761e-01,8.831519e-01,7.917761e-01,1.483514e+00,4.524252e-02,1.085181e+00,2.373817e-01,3.907029e-01,1.559711e+00,8.913014e-01,2.426532e-03,1.243229e+00,2.925718e-01
394163,1,8.807268e-01,8.908920e-01,8.807268e-01,1.169844e+00,4.078357e-02,4.875080e+00,1.944914e-01,1.724621e+00,8.351738e-01,2.632048e+00,1.740061e+00,2.726645e-02,1.476055e-01
394164,1,8.419454e-01,9.508391e-01,8.419454e-01,1.319288e+00,4.721004e-02,3.294092e+00,2.350511e-01,1.053280e+00,4.272783e+00,2.000513e+00,1.384866e+00,7.330171e-01,2.229698e+00
394165,1,6.802707e-01,8.778623e-01,6.802709e-01,1.560197e+00,4.341568e-02,1.851649e+00,2.320107e-01,7.296018e-02,1.587157e+00,1.223376e+00,5.436765e-01,7.733846e-01,2.116675e-01
394166,1,6.687821e-01,9.055800e-01,6.687823e-01,1.263650e+00,3.969188e-02,9.902771e-01,2.339005e-01,7.859816e-01,3.036338e-01,1.686055e+00,1.291724e+00,6.425729e-01,1.490599e+00
394167,1,9.212463e-01,9.446778e-01,9.212463e-01,9.818295e-01,3.821439e-02,5.974519e+00,1.833876e-01,4.771259e-01,2.668990e+00,7.963911e-01,2.338872e-01,8.288923e-01,5.270880e-01
394168,1,9.793027e-01,9.765784e-01,9.793027e-01,6.625389e-01,4.185362e-02,9.832607e+00,2.586295e-01,8.320495e+00,3.175853e+00,5.006937e+00,8.970997e+00,1.273022e+00,1.831240e+00
394169,1,7.899745e-01,9.622458e-01,7.899746e-01,2.863230e+00,6.183317e-02,3.282507e+00,3.002529e-01,5.502288e-01,3.459863e+00,2.118955e+00,1.739448e+00,2.243461e-01,2.397191e+00
394170,1,7.507793e-01,9.271364e-01,7.507794e-01,2.287596e+00,5.571576e-02,3.227462e+00,2.809524e-01,1.890819e+00,1.686701e+00,2.812513e+00,2.293274e+00,3.917503e-01,1.100882e+00
394171,1,8.004942e-01,8.796355e-01,8.004942e-01,2.041265e+00,5.327008e-02,3.756407e+00,2.535697e-01,2.610771e+00,9.710105e-01,3.131165e+00,2.703400e+00,5.078200e-01,9.633414e-01
394172,1,9.382422e-01,9.602551e-01,9.382423e-01,1.923676e+00,5.117720e-02,6.678953e+00,2.572210e-01,5.864562e-01,3.398661e+00,1.308504e+00,1.021828e+00,4.906621e-01,7.253227e-01
394173,1,8.034874e-01,8.997847e-01,8.034875e-01,2.346332e+00,5.547191e-02,3.789807e+00,2.760403e-01,8.764209e-01,3.335128e+00,1.660554e+00,1.163633e+00,2.781611e-01,8.001760e-01
394174,1,6.519700e-01,8.373165e-01,6.519702e-01,2.175034e+00,5.556297e-02,1.179153e-01,2.541050e-01,3.036324e-01,1.147571e+00,1.207550e+00,5.110696e-01,3.915732e-01,5.775533e-01
394175,1,7.056453e-01,8.945587e-01,7.056454e-01,1.439788e+00,4.450071e-02,2.038983e+00,2.302080e-01,2.187333e+00,5.622777e-01,2.840385e+00,2.152521e+00,1.605412e+00,8.174313e-01
394176,1,7.058822e-01,9.302780e-01,7.058824e-01,1.169708e+00,3.761551e-02,2.842052e+00,2.189075e-01,3.135404e-02,2.413944e+00,1.101713e+00,1.159564e-01,7.293066e-01,6.602360e-01
394177,1,6.984795e-01,9.332092e-01,6.984797e-01,1.152550e+00,3.796204e-02,1.008397e+00,2.631374e-01,1.826459e+00,2.579641e-01,2.597391e+00,1.954327e+00,4.808898e-01,2.121915e+00
394178,1,8.759108e-01,9.696905e-01,8.759108e-01,9.599914e-01,3.660016e-02,1.511327e+00,2.296235e-01,4.074161e-01,4.799839e+00,7.790779e-01,6.854666e-03,9.682384e-01,3.803392e+00
394179,1,9.492287e-01,9.554304e-01,9.492287e-01,5.681539e-01,3.204969e-02,5.746613e+00,2.078419e-01,1.567492e+00,7.505738e-01,9.829185e-02,8.576421e-01,6.659674e-01,4.207916e-01
394180,1,9.178835e-01,9.652000e-01,9.178835e-01,9.283840e-01,3.838711e-02,5.858638e+00,2.493055e-01,1.593753e+00,3.294420e+00,1.084825e-01,7.359032e-01,4.368900e-01,1.911860e+00
394181,1,7.713555e-01,9.625499e-01,7.713556e-01,2.493253e+00,4.615010e-02,1.888878e+00,3.178175e-01,1.695782e+00,1.198806e+00,2.537418e+00,1.933429e+00,1.046354e+00,1.317604e+00
394182,1,8.215654e-01,9.611461e-01,8.215655e-01,8.891956e-01,3.431938e-02,4.003285e+00,2.221632e-01,1.305134e+00,2.335479e+00,1.188735e-01,9.460087e-01,4.602188e-01,1.742480e+00
394183,1,7.351411e-01,9.283474e-01,7.351413e-01,1.199278e+00,3.383503e-02,3.090689e+00,2.555258e-01,2.439200e+00,2.424623e-02,3.081545e+00,2.693543e+00,9.285183e-01,2.292198e+00
394184,1,9.059494e-01,9.682125e-01,9.059494e-01,1.216575e+00,3.238449e-02,5.440569e+00,2.971473e-01,1.677338e+00,6.645202e-01,1.632447e-01,1.664117e+00,6.902559e-01,3.117847e+00
394185,1,9.106877e-01,9.568783e-01,9.106877e-01,1.688843e+00,4.075138e-02,7.146341e-01,2.928273e-01,2.603424e+00,1.483990e+00,3.270271e+00,2.834475e+00,7.460995e-01,1.384576e-01
394186,1,7.797659e-01,9.611426e-01,7.797661e-01,1.157195e+00,3.079213e-02,1.584525e+00,3.312397e-01,1.382707e+00,3.536371e+00,2.074862e+00,1.492567e+00,7.991077e-01,3.042568e+00
394187,1,9.474890e-01,9.642895e-01,9.474890e-01,1.003043e+00,3.002740e-02,7.189441e+00,2.921020e-01,5.662513e-01,3.830604e-01,6.333681e-01,1.676525e-01,4.109319e-01,1.190632e+00
394188,1,8.092052e-01,9.586905e-01,8.092053e-01,1.800537e+00,4.150435e-02,9.373752e-01,2.954761e-01,8.396909e-01,3.853204e+00,4.638488e-01,2.066209e-01,8.174784e-01,2.223387e+00
394189,1,7.450633e-01,9.088011e-01,7.450634e-01,1.274709e+00,3.935702e-02,2.942324e+00,2.787233e-01,3.136885e+00,3.174711e+00,1.297292e+00,2.629557e+00,9.433064e-01,7.046850e-01
394190,1,8.507236e-01,8.997246e-01,8.507236e-01,1.353778e+00,3.886526e-02,4.094691e+00,2.692673e-01,1.073328e+00,1.507247e+00,2.083668e+00,1.799806e+00,3.845859e-01,1.209521e+00
394191,1,9.381061e-01,9.272036e-01,9.381061e-01,1.493610e+00,3.754740e-02,6.672303e+00,2.829798e-01,5.274526e+00,3.022207e-01,3.449195e+00,2.088392e+00,4.908826e-01,9.258028e-01
394192,1,7.089303e-01,8.668021e-01,7.089304e-01,2.017843e+00,4.183905e-02,2.332323e+00,3.755033e-01,2.288299e+00,8.941784e-02,2.865882e+00,2.710860e+00,7.255176e-01,1.000979e+00
394193,1,9.185624e-01,9.343655e-01,9.185624e-01,9.183651e-01,2.883651e-02,5.882581e+00,3.180378e-01,1.803726e+00,3.075106e+00,2.292478e+00,1.908844e+00,7.465241e-01,6.176989e-01
394194,1,9.824109e-01,9.465129e-01,9.824108e-01,1.310734e+00,3.743349e-02,1.048026e+01,3.344922e-01,4.228125e-02,5.606858e-01,8.352818e-01,2.086503e-01,1.146991e-01,1.421489e+00
394195,1,9.466792e-01,9.133447e-01,9.466792e-01,8.817539e-01,5.438841e-02,7.146083e+00,3.928781e-01,2.183011e+00,6.448691e-01,2.859387e+00,2.315847e+00,9.097334e-01,1.056030e+00
394196,1,8.286587e-01,9.090946e-01,8.286588e-01,4.101036e+00,6.275171e-02,2.399437e+00,3.924774e-01,5.746402e-01,2.272110e+00,1.339943e+00,8.064360e-01,1.781287e+00,2.352768e+00
394197,1,6.833028e-01,9.002885e-01,6.833030e-01,2.388109e+00,5.488588e-02,1.322282e+00,3.259320e-01,6.467791e-01,1.765764e+00,1.506763e+00,9.378057e-01,3.482119e-01,9.117723e-01
394198,1,9.146993e-01,9.701962e-01,9.146994e-01,1.808043e+00,4.675242e-02,5.748367e+00,2.874035e-01,4.598908e-01,3.536027e+00,6.333747e-01,1.571833e-01,6.859237e-01,5.716498e-01
394199,1,9.199592e-01,9.593499e-01,9.199592e-01,2.055423e+00,5.088203e-02,5.931007e+00,3.286031e-01,6.974242e-01,2.300939e-01,1.758938e+00,1.049137e+00,1.503153e+00,2.419899e+00
394200,1,8.525216e-01,9.506163e-01,8.525217e-01,2.157376e+00,5.156033e-02,2.701227e+00,3.695704e-01,1.814174e+00,1.353890e+00,2.381924e+00,2.265912e+00,6.268993e-02,1.152206e+00
394201,1,8.995739e-01,9.023570e-01,8.995739e-01,1.770880e+00,5.178967e-02,4.532223e+00,3.167238e-01,2.625288e+00,9.422210e-01,3.083327e+00,2.689645e+00,3.019270e-01,2.007058e+00
394202,1,6.630060e-01,8.706668e-01,6.630062e-01,2.037217e+00,4.958025e-02,2.453613e+00,3.258077e-01,2.336639e-01,8.500069e-01,1.262750e+00,4.894078e-01,1.569099e-01,6.967006e-02
394203,1,9.101095e-01,9.015402e-01,9.101095e-01,1.720630e+00,4.910997e-02,5.579975e+00,2.953341e-01,8.985451e-01,1.374545e+00,1.731854e+00,1.403984e+00,2.434044e-01,8.141086e-01
394204,1,8.682128e-01,9.005979e-01,8.682128e-01,2.010497e+00,5.038897e-02,4.680777e+00,3.126354e-01,4.546448e-01,1.013535e+00,8.250454e-01,6.489353e-03,7.128274e-01,1.208902e-01
394205,1,6.652956e-01,8.943589e-01,6.652958e-01,2.169003e+00,5.273206e-02,2.027226e+00,3.377840e-01,3.183679e-02,9.526062e-01,1.303512e+00,2.192836e-01,1.014876e+00,2.613056e-01
394206,1,8.797474e-01,9.440944e-01,8.797474e-01,3.760375e-01,4.899650e-02,4.858769e+00,2.972536e-01,1.575959e+00,1.320036e+00,2.531848e+00,1.990058e+00,3.302732e-01,1.031183e+00
394207,1,9.885636e-01,9.879834e-01,9.885636e-01,1.479258e+00,5.308728e-02,1.294728e+01,3.459288e-01,1.147226e+00,8.136740e-02,2.066236e+00,1.439528e+00,4.442602e-01,6.493223e-01
394208,1,8.357131e-01,9.072842e-01,8.357131e-01,4.197622e+00,7.102143e-02,1.792543e+00,4.270874e-01,3.954941e+00,1.092307e+00,2.201823e+00,2.380666e+00,1.177260e+00,5.280193e-01
394209,1,8.502321e-01,9.197606e-01,8.502321e-01,2.557706e+00,5.375090e-02,3.417043e+00,3.474928e-01,2.446284e+00,8.010977e-01,3.244261e+00,2.676425e+00,1.062093e-01,4.775369e-01
394210,1,6.653928e-01,8.766035e-01,6.653930e-01,2.209608e+00,5.284674e-02,1.246251e+00,3.658689e-01,7.420122e-01,1.788855e+00,1.659083e+00,1.251876e+00,6.529672e-01,1.088396e-01
394211,1,9.547149e-01,9.319664e-01,9.547148e-01,1.638190e+00,4.453364e-02,7.699238e+00,3.038217e-01,2.198138e-01,8.349521e-01,1.220283e+00,7.765803e-01,5.582547e-01,1.009672e+00
394212,1,9.461205e-01,9.356755e-01,9.461205e-01,2.333481e+00,5.097601e-02,7.115369e+00,3.646518e-01,9.663162e-02,6.201311e-01,1.082780e+00,2.665120e-01,7.871724e-01,1.570061e+00
394213,1,8.029358e-01,8.742645e-01,8.029359e-01,2.700015e+00,5.789462e-02,3.783448e+00,3.516504e-01,2.073753e+00,1.014935e+00,2.773625e+00,2.157454e+00,7.044515e-01,2.531338e-01
394214,1,8.132557e-01,9.100210e-01,8.132558e-01,2.362738e+00,5.316829e-02,2.832587e+00,3.452592e-01,1.740874e+00,2.390129e+00,5.254218e-01,2.697926e-01,9.374308e-01,1.399500e+00
394215,1,9.258555e-01,9.029705e-01,9.258555e-01,2.012787e+00,4.891034e-02,6.119318e+00,3.313357e-01,9.675877e-01,7.840711e-01,2.983787e-01,2.624867e-02,1.021349e+00,3.123531e-01
394216,1,9.755333e-01,9.426677e-01,9.755332e-01,1.359866e+00,5.183750e-02,9.380950e+00,3.365596e-01,3.366517e-01,5.591059e-01,1.401832e+00,7.659781e-01,1.072698e+00,7.285964e-01
394217,1,7.428267e-01,8.961798e-01,7.428268e-01,3.154054e+00,6.757053e-02,2.891933e+00,3.591915e-01,1.071148e-01,7.396373e-01,1.274074e+00,1.894067e-01,7.595138e-01,1.388458e+00
394218,1,7.762016e-01,9.061528e-01,7.762017e-01,2.532186e+00,5.707482e-02,3.006684e+00,3.522271e-01,1.858883e+00,3.500916e+00,4.966534e-01,6.527499e-01,4.927242e-01,1.283138e-01
394219,1,9.751213e-01,9.634232e-01,9.751213e-01,2.157740e+00,5.034905e-02,7.090079e+00,3.480221e-01,1.335235e+00,2.523997e+00,2.272010e+00,1.651613e+00,2.928888e-01,1.528761e+00
394220,1,9.119147e-01,8.892177e-01,9.119147e-01,2.663023e+00,5.210139e-02,5.645397e+00,3.481597e-01,7.206726e-01,7.242277e-01,1.668639e+00,9.065396e-01,1.438405e-01,1.428238e+00
394221,1,8.792594e-01,9.369802e-01,8.792594e-01,2.597983e+00,5.754771e-02,4.338248e-01,3.356863e-01,1.859250e+00,2.906920e+00,2.550477e+00,2.055818e+00,1.112063e+00,1.129800e+00
394222,1,9.918857e-01,9.917473e-01,9.918857e-01,1.791896e+00,4.839624e-02,1.436332e+01,2.973727e-01,6.359240e+00,2.012394e+00,3.850224e+00,7.025773e+00,1.281918e+00,2.268193e+00
394223,1,8.064312e-01,8.818454e-01,8.064312e-01,3.822783e+00,6.947350e-02,8.722816e-01,4.444613e-01,1.752180e+00,7.063908e-01,2.897658e+00,2.372318e+00,1.045211e-01,1.693771e+00
394224,1,8.923657e-01,9.105585e-01,8.923657e-01,4.791626e+00,5.340344e-02,3.809498e+00,3.454146e-01,1.467620e+00,6.842494e-02,2.423355e+00,1.724968e+00,2.680030e+00,1.668113e+00
394225,1,9.273442e-01,8.992596e-01,9.273441e-01,3.125919e+00,5.372064e-02,6.175789e+00,3.938834e-01,1.158738e+00,7.799624e-01,1.807534e+00,1.737972e+00,8.453002e-01,6.251129e-01
394226,1,6.967026e-01,8.640830e-01,6.967028e-01,2.367076e+00,5.512716e-02,2.394067e+00,3.463795e-01,1.264033e-01,8.016568e-01,9.402655e-01,8.320212e-02,3.941499e-01,5.185088e-01
394227,1,8.592189e-01,9.375583e-01,8.592190e-01,1.987900e+00,5.277748e-02,4.521695e+00,3.013893e-01,1.935183e+00,1.617698e-01,2.679083e+00,1.929779e+00,1.284029e+00,5.962456e-01
394228,1,8.670689e-01,9.201035e-01,8.670689e-01,1.953882e+00,4.549949e-02,4.660593e+00,3.582689e-01,9.080532e-01,1.298921e+00,3.122330e-01,3.929827e-01,1.243748e+00,1.169849e-02
394229,1,9.273636e-01,9.260703e-01,9.273636e-01,2.113832e+00,5.195355e-02,6.176468e+00,3.319819e-01,2.919735e+00,2.482841e-01,3.379340e+00,3.343712e+00,4.986439e-01,1.203084e+00
394230,1,6.733825e-01,8.355768e-01,6.733826e-01,2.437012e+00,5.555457e-02,1.057934e+00,3.370402e-01,2.140949e+00,3.675084e-01,2.625032e+00,2.530079e+00,4.025327e-01,4.665933e-01
394231,1,9.597714e-01,9.522092e-01,9.597714e-01,1.473211e+00,4.396835e-02,8.139286e+00,2.782929e-01,2.733116e+00,5.475234e-01,3.068115e+00,2.810883e+00,1.312180e+00,1.513280e+00
394232,1,9.570257e-01,9.696340e-01,9.570257e-01,2.534556e+00,5.420542e-02,7.899379e+00,3.594487e-01,3.588889e+00,2.510849e+00,3.740677e+00,3.055053e+00,3.230061e-01,1.092720e+00
394233,1,8.074018e-01,9.368017e-01,8.074019e-01,3.023874e+00,6.575703e-02,1.500334e+00,3.164405e-01,1.068855e+00,1.383903e+00,1.891303e+00,1.096454e+00,1.203805e+00,1.662054e+00
394234,1,8.570884e-01,9.522994e-01,8.570885e-01,2.483413e+00,5.191982e-02,3.823934e+00,3.041217e-01,1.119222e+00,1.385186e+00,2.066669e+00,1.212611e+00,4.023742e-02,1.358804e+00
394235,1,7.124239e-01,9.096621e-01,7.124240e-01,2.269308e+00,5.569650e-02,2.369467e-01,2.731395e-01,7.274795e-01,9.063179e-01,5.919750e-01,2.632525e-01,2.249713e-01,8.868160e-01
394236,1,8.244066e-01,9.063702e-01,8.244067e-01,1.476180e+00,4.662454e-02,3.976933e+00,2.730021e-01,1.369386e+00,7.288116e-01,2.227637e-01,2.432699e-01,1.925019e+00,8.404203e-02
394237,1,7.394940e-01,9.456060e-01,7.394942e-01,1.817037e+00,5.023256e-02,1.604423e-01,2.739058e-01,2.066877e+00,1.934862e+00,2.986008e+00,2.392669e+00,5.246351e-01,3.125202e+00
394238,1,8.092494e-01,9.130035e-01,8.092495e-01,1.107761e+00,3.897175e-02,3.853563e+00,2.894754e-01,1.545999e+00,1.180958e+00,2.393386e+00,1.609625e+00,1.603231e+00,8.120513e-03
394239,1,9.402595e-01,9.682214e-01,9.402596e-01,8.864773e-02,2.339560e-02,3.791706e+00,2.856579e-01,6.613808e+00,3.475776e-01,3.787223e+00,6.797182e+00,1.367078e+00,1.456750e+00
394240,1,9.454398e-01,9.786911e-01,9.454399e-01,1.213957e-01,3.029920e-02,6.724100e+00,3.432495e-01,1.165306e+00,1.551398e+00,2.505609e+00,1.673511e+00,5.493721e-01,1.860447e+00
394241,1,9.987986e-01,9.998939e-01,9.987986e-01,2.756499e+00,4.143400e-02,2.892702e+01,3.201752e-01,2.410546e+00,2.299897e+00,5.452003e-01,1.476264e+00,1.965850e+01,3.890385e+00
394242,1,9.868857e-01,9.906211e-01,9.868857e-01,1.953724e+00,1.496546e-01,4.869485e-01,3.922429e-01,1.295439e+00,3.115477e+00,2.110052e+00,1.714533e+00,7.794038e+00,1.620955e+00
394243,1,9.272894e-01,9.512740e-01,9.272894e-01,4.540991e+00,8.642717e-02,9.538575e-01,3.812977e-01,1.335731e+00,2.012338e+00,1.152623e-02,5.563658e-01,1.435295e-01,1.456700e-01
394244,1,9.078712e-01,9.904532e-01,9.078713e-01,2.724714e+00,6.532497e-02,3.087175e-01,3.417442e-01,5.636281e-01,5.505610e+00,6.758153e-01,3.856830e-02,2.515156e+00,3.677900e+00
394245,1,9.580829e-01,9.426270e-01,9.580829e-01,1.949267e+00,4.577051e-02,7.869200e+00,3.350071e-01,2.193944e+00,2.643269e+00,2.947765e+00,1.959486e+00,1.453551e+00,7.406982e-02
394246,1,9.418861e-01,9.522322e-01,9.418861e-01,2.725163e+00,5.330097e-02,2.234934e+00,3.801601e-01,1.644346e+00,6.486458e-01,2.318061e+00,1.725420e+00,2.196315e+00,1.860897e+00
394247,1,9.603142e-01,9.831268e-01,9.603142e-01,2.157195e+00,4.221687e-02,4.585851e+00,3.778344e-01,8.176050e+00,2.580322e+00,5.791543e+00,5.461191e+00,1.663522e+00,2.431060e+00
394248,1,8.331583e-01,9.616464e-01,8.331584e-01,2.152483e+00,4.111747e-02,2.947015e+00,4.436072e-01,3.618655e+00,2.339600e+00,4.162459e+00,3.646785e+00,2.066765e-01,3.216511e+00
394249,1,8.052448e-01,8.928296e-01,8.052449e-01,9.038998e-01,2.931280e-02,2.092693e-01,3.574496e-01,2.892689e-01,4.312738e-01,7.677450e-01,4.861338e-01,1.660450e-01,3.808685e+00
394250,1,7.115876e-01,9.257485e-01,7.115878e-01,6.717073e-01,2.506302e-02,3.545265e-02,3.302316e-01,1.725356e+00,1.323045e+00,2.529757e+00,1.811701e+00,9.853508e-01,1.245764e+00
394251,1,9.870466e-01,9.658382e-01,9.870466e-01,3.456113e-01,2.150025e-02,2.427472e+00,3.591839e-01,9.323792e-01,8.479557e-01,2.666118e-01,5.374117e-01,1.573081e+00,1.282713e+00
394252,1,8.730395e-01,9.560103e-01,8.730396e-01,5.889804e-01,1.617999e-02,6.786201e-01,4.159376e-01,1.338941e+00,3.507820e-01,2.099283e+00,1.794663e+00,8.881120e-01,4.757515e+00
394253,1,9.621511e-01,9.742058e-01,9.621512e-01,5.245389e-01,2.151873e-02,7.109903e+00,3.276436e-01,1.230997e+00,2.248714e-01,1.959077e+00,1.110829e+00,1.369443e+00,3.879830e+00
394254,1,8.912483e-01,9.399804e-01,8.912484e-01,1.687776e+00,2.793614e-02,5.078711e+00,4.054642e-01,2.107472e-01,1.608345e+00,1.342539e+00,1.777569e-01,2.597265e-01,1.278276e+00
394255,1,8.250060e-01,8.595164e-01,8.250060e-01,2.282048e+00,3.559512e-02,1.693116e+00,3.976027e-01,1.071307e+00,7.655336e-01,1.967280e+00,9.636255e-01,3.860476e-01,6.614354e-01
394256,1,8.921748e-01,9.615085e-01,8.921748e-01,1.052390e+00,2.829337e-02,5.100006e+00,3.215203e-01,6.188623e-01,4.013096e-01,1.681197e+00,6.316771e-01,6.948890e-01,2.263589e+00
394257,1,8.547953e-01,9.814915e-01,8.547954e-01,1.598457e+00,2.995242e-02,1.788340e+00,4.309762e-01,8.376710e-01,4.464602e-01,1.782890e+00,9.999923e-01,1.997487e+00,4.449291e+00
394258,1,9.418154e-01,9.831799e-01,9.418154e-01,6.708643e-01,2.421580e-02,6.608451e-01,3.357629e-01,6.893097e+00,4.800980e-01,4.687359e+00,3.480613e+00,2.264486e+00,6.752005e-01
394259,1,9.472750e-01,9.707743e-01,9.472751e-01,2.887931e-01,1.570496e-02,7.176460e+00,4.245009e-01,8.810666e-01,2.964066e+00,1.771541e+00,1.825568e+00,3.467288e-01,2.507305e+00
394260,1,9.851212e-01,8.890197e-01,9.851212e-01,1.252691e+00,2.746117e-02,1.470211e+00,3.798216e-01,1.647537e+00,3.753967e-01,3.320247e-01,8.839447e-01,5.439663e-01,1.418586e+00
394261,1,9.050000e-01,9.573451e-01,9.050000e-01,1.119860e+00,2.566284e-02,5.411357e+00,3.587392e-01,1.200127e+00,1.577533e-01,2.145216e+00,1.537803e+00,2.366097e-01,3.066893e+00
394262,1,9.841435e-01,9.607395e-01,9.841435e-01,1.728055e+00,2.590409e-02,4.482787e+00,4.629462e-01,1.021701e+00,7.484588e-01,1.696486e+00,1.408324e+00,6.445830e-01,1.819766e+00
394263,1,7.921367e-01,9.616447e-01,7.921369e-01,1.888103e+00,3.744722e-02,1.521330e+00,4.043245e-01,2.399135e+00,1.739364e+00,2.853998e+00,2.671362e+00,1.013719e+00,3.000164e+00
394264,1,8.822615e-01,9.208302e-01,8.822615e-01,1.515016e+00,3.954257e-02,4.080849e+00,3.476942e-01,1.251542e+00,1.990346e+00,1.981889e+00,1.212751e+00,3.235789e-01,1.177339e-01
394265,1,9.129914e-01,9.334585e-01,9.129914e-01,1.568844e+00,4.112384e-02,5.685013e+00,3.413241e-01,2.116763e+00,2.927799e-01,2.763920e+00,1.837083e+00,2.013204e+00,6.489646e-01
394266,1,9.577806e-01,9.637609e-01,9.577806e-01,2.189781e+00,5.054730e-02,7.971568e+00,3.531939e-01,5.498856e-02,1.639165e+00,1.071872e+00,5.726233e-01,3.766672e-01,1.593977e+00
394267,1,9.877467e-01,9.494548e-01,9.877467e-01,3.036153e+00,5.561388e-02,2.255486e+00,4.289217e-01,2.889755e+00,8.623223e-01,1.103574e+00,2.802568e+00,8.564065e-01,5.076100e-01
394268,1,8.959070e-01,9.634091e-01,8.959071e-01,1.292663e-01,5.068587e-02,3.407049e+00,4.157141e-01,4.300835e+00,2.392323e+00,2.204337e+00,2.764373e+00,2.820481e+00,5.190639e-01
394269,1,9.809240e-01,9.209910e-01,9.809239e-01,2.444064e+00,4.453435e-02,4.858825e+00,4.386562e-01,1.551693e+00,7.557581e-01,2.590660e+00,2.100596e+00,1.658170e-01,4.442700e-01
394270,1,8.642507e-01,9.753532e-01,8.642508e-01,1.782619e+00,4.577360e-02,3.737216e+00,3.983269e-01,8.291024e-02,1.211571e+00,9.878021e-01,8.554308e-01,7.720902e-01,3.119641e+00
394271,1,7.449041e-01,9.485938e-01,7.449043e-01,2.203767e+00,3.983080e-02,3.173472e+00,4.636549e-01,1.095225e+00,1.305334e+00,2.001228e+00,1.298487e+00,1.216090e+00,2.378873e+00
394272,1,7.401941e-01,9.403022e-01,7.401943e-01,1.737347e+00,3.627582e-02,8.195921e-01,4.286350e-01,3.003455e+00,2.127129e+00,1.288119e+00,3.131606e+00,8.668108e-01,2.228622e+00
394273,1,7.846669e-01,9.534804e-01,7.846670e-01,1.116235e+00,2.652067e-02,3.588049e+00,4.047047e-01,1.040888e+00,2.775880e+00,2.212357e+00,1.697753e+00,1.553257e+00,1.873906e+00
394274,1,9.765075e-01,9.907396e-01,9.765075e-01,3.517018e-01,2.140400e-02,9.468617e+00,4.691896e-01,5.279622e-01,2.513604e+00,1.440936e+00,1.044254e+00,4.904167e-01,3.981045e+00
394275,1,9.336100e-01,9.412958e-01,9.336100e-01,2.367832e+00,4.118328e-02,2.378055e+00,4.461864e-01,1.999449e+00,5.907791e-01,2.588929e+00,2.487891e+00,3.004054e-01,2.980527e+00
394276,1,6.998232e-01,8.528354e-01,6.998233e-01,1.828828e+00,4.276948e-02,2.229210e+00,3.977765e-01,1.246966e+00,4.343625e-01,1.975828e+00,1.268391e+00,9.952099e-01,1.532443e+00
394277,1,9.539069e-01,9.379826e-01,9.539069e-01,1.613572e+00,3.778509e-02,7.630520e+00,3.588560e-01,1.820644e+00,5.183099e-01,2.532797e+00,1.909877e+00,1.775336e-01,1.335124e+00
394278,1,7.553549e-01,9.396975e-01,7.553550e-01,2.291466e+00,4.530989e-02,2.922356e+00,3.989850e-01,1.084156e+00,3.792451e-01,1.542867e-01,3.166086e-01,3.377099e-01,1.433570e+00
394279,1,8.048117e-01,9.354722e-01,8.048118e-01,1.941260e+00,3.957814e-02,3.804530e+00,4.576757e-01,3.418258e+00,6.291754e-01,1.712264e+00,1.768950e+00,4.247051e-01,1.022339e-01
394280,1,8.464379e-01,9.747256e-01,8.464380e-01,1.536515e+00,4.223299e-02,9.639255e-01,3.997006e-01,2.515336e+00,3.547953e-01,3.165050e+00,2.954331e+00,3.305310e+00,2.777987e+00
394281,1,8.920351e-01,9.545393e-01,8.920351e-01,1.691591e+00,4.723983e-02,5.307952e-01,3.175264e-01,1.433950e+00,1.553909e+00,2.154594e+00,1.600534e+00,5.096883e+00,9.576238e-01
394282,1,9.450208e-01,9.842106e-01,9.450209e-01,1.043536e+00,2.892661e-02,2.861252e+00,3.428552e-01,7.061713e+00,2.108762e+00,4.861050e+00,3.926463e+00,7.511969e-01,4.158446e+00
394283,1,8.940064e-01,9.883970e-01,8.940065e-01,1.156598e+00,2.877362e-02,1.776414e+00,4.170718e-01,2.979265e+00,3.219504e-01,3.569888e+00,3.300020e+00,1.160962e+00,3.330523e+00
394284,1,9.712299e-01,9.248221e-01,9.712299e-01,4.015590e+00,2.723752e-02,3.053951e+00,3.319205e-01,6.458105e-01,1.074044e+00,5.360760e-01,3.775401e-01,1.631565e+00,9.148425e-01
394285,1,8.576082e-01,9.743013e-01,8.576083e-01,6.414430e-01,2.617434e-02,1.954811e+00,4.110445e-01,1.032055e+00,1.204745e+00,1.945682e+00,1.034467e+00,1.114310e-01,4.456674e+00
394286,1,9.538344e-01,9.249212e-01,9.538344e-01,8.656201e-01,2.557018e-02,5.672197e+00,4.441788e-01,2.561093e+00,1.099447e+00,9.981973e-01,9.417367e-01,1.630841e+00,5.974156e-01
394287,1,8.840755e-01,9.483463e-01,8.840755e-01,1.705211e+00,3.107953e-02,1.043838e+00,4.700519e-01,4.744064e+00,2.067913e+00,4.933937e+00,4.616886e+00,1.243338e+00,9.899283e-01
394288,1,7.692161e-01,9.047225e-01,7.692163e-01,8.004135e-01,2.161096e-02,3.410084e+00,3.438209e-01,7.850088e-01,1.952938e-01,1.632336e+00,6.364389e-01,1.040044e+00,1.144585e+00
394289,1,8.422512e-01,9.158322e-01,8.422513e-01,1.075540e+00,2.431640e-02,4.276906e+00,4.091662e-01,7.419336e-01,3.763072e-02,1.713294e+00,4.908770e-01,4.874645e-01,1.705680e+00
394290,1,7.589616e-01,8.714500e-01,7.589617e-01,1.406448e+00,3.149693e-02,6.631211e-01,3.789715e-01,1.912712e+00,7.252146e-01,2.787707e+00,1.983866e+00,9.534303e-01,4.619551e-01
394291,1,9.303569e-01,9.856161e-01,9.303569e-01,7.795572e-01,2.155806e-02,6.308501e+00,3.673803e-01,8.318538e-01,1.788807e+00,1.809557e+00,9.850991e-01,1.258881e+00,3.708596e+00
394292,1,8.341891e-01,9.760516e-01,8.341892e-01,1.456841e+00,2.397056e-02,3.251150e-01,4.828547e-01,2.634455e+00,1.589079e-01,9.360899e-01,1.313914e+00,1.161704e+00,4.176942e+00
394293,1,8.318305e-01,9.730549e-01,8.318306e-01,9.072234e-01,2.670452e-02,3.852254e+00,3.742386e-01,3.359409e+00,2.554396e+00,1.291919e+00,3.162321e+00,6.107803e-01,2.335953e+00
394294,1,9.815056e-01,9.876227e-01,9.815056e-01,3.787356e-01,2.831253e-02,1.026633e+01,4.809852e-01,2.575754e+00,3.185038e+00,5.610828e-01,1.722586e+00,5.097672e-02,5.071219e+00
394295,1,9.460781e-01,9.518521e-01,9.460781e-01,2.665247e+00,3.947314e-02,7.113057e+00,5.324427e-01,2.442444e+00,1.601512e-01,5.866230e-01,1.438765e+00,9.466472e-01,1.861001e-01
394296,1,8.879156e-01,9.876740e-01,8.879157e-01,2.749713e+00,4.605679e-02,5.008734e+00,5.337250e-01,4.600646e+00,3.021822e+00,2.206899e+00,3.936575e+00,5.422328e-01,2.755915e+00
394297,1,9.190928e-01,9.724662e-01,9.190929e-01,2.694720e+00,4.855273e-02,5.901956e+00,4.944888e-01,4.397892e+00,9.708739e-01,2.115202e+00,3.334307e+00,1.857579e+00,2.152518e+00
394298,1,8.023523e-01,9.443949e-01,8.023525e-01,3.013043e+00,4.709546e-02,1.035201e+00,5.651175e-01,6.598366e-01,3.317199e+00,1.954609e+00,5.105766e-01,2.048364e+00,6.614184e-01
394299,1,8.636955e-01,9.768330e-01,8.636956e-01,1.648238e+00,3.750026e-02,4.600803e+00,4.922684e-01,3.764459e+00,1.028514e+00,4.116238e+00,3.652630e+00,6.893829e-01,1.113234e+00
394300,1,9.804095e-01,9.792851e-01,9.804095e-01,1.753329e+00,3.920037e-02,9.999538e+00,4.252572e-01,8.171749e-01,4.906172e-01,5.625148e-02,4.063355e-01,1.123257e+00,4.997756e-01
394301,1,8.381936e-01,9.828563e-01,8.381937e-01,4.227959e+00,5.436974e-02,3.507640e+00,5.720626e-01,2.024413e+00,2.142412e+00,2.436768e+00,2.155201e+00,2.002617e+00,3.870285e+00
394302,1,8.660098e-01,9.573592e-01,8.660099e-01,1.466025e+00,3.256225e-02,4.641284e+00,3.983882e-01,1.285118e+00,1.105221e+00,1.725036e-01,9.905632e-01,2.191857e-01,1.846212e+00
394303,1,9.261207e-01,9.182737e-01,9.261207e-01,1.826505e+00,3.699611e-02,6.128972e+00,4.542518e-01,1.852440e+00,2.843551e-02,2.609668e+00,1.940065e+00,1.644012e+00,1.638295e+00
394304,1,8.476401e-01,9.753974e-01,8.476403e-01,2.187269e+00,4.092052e-02,1.903628e+00,4.403848e-01,6.956690e-01,9.250719e-01,1.496654e+00,1.125322e+00,1.327861e+00,9.576051e-01
394305,1,9.578849e-01,9.422292e-01,9.578849e-01,1.787984e+00,3.824734e-02,7.981119e+00,4.834075e-01,8.359294e-01,1.442276e+00,1.670696e+00,1.195557e+00,1.573816e+00,1.683422e+00
394306,1,8.189328e-01,9.743950e-01,8.189330e-01,2.323728e+00,4.584566e-02,1.172519e+00,5.239559e-01,2.583342e+00,2.086700e+00,3.140865e+00,2.358949e+00,2.734234e+00,3.763051e+00
394307,1,9.067220e-01,9.698214e-01,9.067221e-01,2.012887e+00,4.041019e-02,2.183530e+00,4.215312e-01,5.465161e+00,6.045787e-01,3.355165e+00,3.945469e+00,9.721788e-01,3.599850e-01
394308,1,8.933487e-01,9.665560e-01,8.933488e-01,1.790572e+00,4.041608e-02,5.125305e+00,4.031335e-01,2.718609e+00,6.298096e-01,3.438696e+00,3.253864e+00,6.734117e-01,1.363843e-01
394309,1,8.918689e-01,9.822765e-01,8.918690e-01,1.922891e+00,4.034132e-02,5.093207e+00,4.144557e-01,3.115994e-02,5.024491e-01,9.587483e-01,7.539169e-01,2.309703e-02,2.546628e+00
394310,1,9.637017e-01,9.892527e-01,9.637017e-01,2.148500e+00,3.794097e-02,8.005950e+00,5.245010e-01,6.581823e+00,1.739761e+00,4.216368e+00,5.013367e+00,9.716157e-01,2.587607e+00
394311,1,8.895139e-01,9.884342e-01,8.895140e-01,3.082848e+00,4.857893e-02,2.833382e+00,5.243598e-01,4.709025e+00,9.510640e-01,5.043643e+00,4.868013e+00,7.114840e-01,4.540546e+00
394312,1,9.588874e-01,9.566768e-01,9.588874e-01,1.473354e+00,3.651104e-02,3.357489e+00,3.763381e-01,8.716119e-01,1.566260e+00,1.644872e+00,1.874194e+00,1.633347e+00,3.746425e+00
394313,1,9.165416e-01,9.602834e-01,9.165416e-01,1.483326e+00,3.525416e-02,2.488689e+00,3.653740e-01,5.813704e+00,1.796234e+00,3.729739e+00,4.301624e+00,1.119164e+00,1.527262e+00
394314,1,9.849250e-01,9.462919e-01,9.849250e-01,1.180634e+00,3.100585e-02,7.465513e+00,3.985195e-01,3.545110e+00,4.903856e-01,1.362904e+00,2.465987e+00,1.181240e+00,2.118810e-01
394315,1,9.969175e-01,9.908103e-01,9.969175e-01,6.229493e+00,3.818939e-02,2.036370e+01,4.711058e-01,2.996158e+00,1.788181e+00,1.217381e+00,1.592655e+00,5.102587e-01,3.703010e-01
394316,1,9.966204e-01,9.786168e-01,9.966204e-01,6.884789e+00,7.630469e-02,7.747495e+00,6.668100e-01,2.560728e+00,8.292411e-01,6.401163e-01,2.656211e+00,2.228437e+00,1.173560e+00
394317,1,9.759735e-01,9.720030e-01,9.759735e-01,2.136414e+00,5.110477e-02,2.595029e+00,3.787637e-01,6.574527e+00,4.033652e-01,6.422474e+00,6.423742e+00,9.751213e-01,1.393185e-01
394318,1,8.084326e-01,9.825169e-01,8.084327e-01,1.543528e+00,4.360280e-02,1.985124e+00,3.695047e-01,3.730206e+00,1.186616e+00,3.844635e+00,3.412671e+00,2.879575e+00,1.182936e+00
394319,1,8.667560e-01,9.821898e-01,8.667561e-01,1.170372e+00,4.260149e-02,1.833132e+00,4.267637e-01,9.372829e-01,1.210286e+00,1.806883e+00,5.822336e-01,5.565312e-01,3.612681e+00
394320,1,9.838324e-01,9.837403e-01,9.838324e-01,1.071914e+00,4.720966e-02,1.085379e+01,3.404823e-01,3.732583e+00,3.644495e-01,2.287713e+00,2.040997e+00,3.876294e+00,1.585417e+00
394321,1,8.855217e-01,9.658859e-01,8.855218e-01,2.709976e+00,5.088502e-02,2.728498e+00,4.376114e-01,2.329401e+00,1.748194e+00,3.051066e+00,2.881795e+00,4.550737e+00,8.216036e-01
394322,1,9.167944e-01,9.879268e-01,9.167945e-01,1.562114e+00,4.463349e-02,1.312804e+00,3.239455e-01,2.805065e+00,5.363906e-01,3.426708e+00,2.508882e+00,5.822955e+00,4.171248e+00
394323,1,8.232008e-01,9.723902e-01,8.232010e-01,1.097791e+00,2.521696e-02,4.025171e+00,4.321413e-01,1.965713e+00,2.338264e+00,2.599721e+00,2.048961e+00,5.914923e-01,2.384246e+00
394324,1,8.245198e-01,9.623306e-01,8.245199e-01,1.335203e+00,2.958649e-02,4.456800e-01,3.998496e-01,2.956258e+00,2.181087e+00,3.521708e+00,2.837146e+00,1.123274e+00,3.639390e+00
394325,1,8.297018e-01,9.683451e-01,8.297019e-01,8.318136e-01,3.122381e-02,4.114765e+00,3.330205e-01,2.350977e+00,9.859220e-01,3.040276e+00,2.156242e+00,9.040174e-01,3.679795e+00
394326,1,8.413142e-01,8.939434e-01,8.413142e-01,8.859453e-01,3.146780e-02,6.101623e-01,3.915607e-01,5.022357e-01,3.965913e-01,1.648616e+00,4.373895e-01,3.789158e-01,7.700662e-01
394327,1,8.536638e-01,9.809381e-01,8.536639e-01,8.520488e-01,2.994402e-02,4.433318e+00,3.256651e-01,1.784577e+00,6.223749e-01,2.788025e+00,2.215069e+00,7.024294e-02,2.795743e+00
394328,1,9.454257e-01,9.729524e-01,9.454257e-01,1.221417e+00,3.599815e-02,2.099176e+00,3.607520e-01,5.229508e-01,6.681109e-01,1.818117e+00,7.451082e-01,2.493108e+00,1.747191e+00
394329,1,9.365131e-01,9.594100e-01,9.365131e-01,6.585602e+00,4.000506e-02,3.504464e+00,3.231268e-01,4.967811e-01,1.012459e+00,1.004177e+00,4.563996e-01,4.354100e+00,1.415281e+00
394330,1,8.944926e-01,9.147750e-01,8.944926e-01,8.229236e-01,3.936267e-02,5.149725e+00,4.374268e-01,2.821508e-01,2.526370e+00,1.102943e+00,6.954960e-01,1.268843e+00,2.766004e+00
394331,1,8.517013e-01,9.525098e-01,8.517014e-01,2.588455e+00,4.233489e-02,3.048607e+00,4.024995e-01,3.653539e+00,6.793455e-01,4.402113e+00,3.558633e+00,1.915273e+00,6.105835e-01
394332,1,7.916205e-01,9.466455e-01,7.916206e-01,6.041439e-01,2.374526e-02,1.188695e+00,4.029862e-01,1.629146e+00,2.111675e+00,7.902087e-02,1.910359e+00,1.749238e+00,1.629254e-02
394333,1,8.297973e-01,9.683416e-01,8.297974e-01,5.938640e-01,2.131880e-02,2.622409e+00,4.443883e-01,2.540976e+00,3.160198e+00,5.519466e-01,1.431978e+00,7.431754e-01,5.434890e-01
394334,1,7.224750e-01,9.147750e-01,7.224752e-01,7.897226e-01,2.634829e-02,1.869788e+00,3.545371e-01,1.534763e+00,1.555093e+00,2.709907e+00,1.524463e+00,9.870104e-01,7.763388e-01
394335,1,8.999929e-01,9.617366e-01,8.999930e-01,7.922534e-01,2.589223e-02,3.375922e+00,3.613444e-01,1.109456e+00,1.063163e+00,4.162517e-01,1.507915e-01,9.992868e-01,2.877004e+00
394336,1,7.870661e-01,9.539312e-01,7.870662e-01,1.261061e+00,2.613668e-02,1.809392e+00,4.321466e-01,1.444342e+00,2.011136e-01,2.563361e+00,1.412918e+00,1.940679e+00,3.612951e+00
394337,1,8.279108e-01,9.151162e-01,8.279109e-01,4.466751e-01,2.373342e-02,4.090582e+00,3.071986e-01,7.350203e-01,5.377814e-01,1.772461e+00,1.768940e+00,4.708925e-01,1.353363e+00
394338,1,8.935679e-01,9.646466e-01,8.935680e-01,8.852808e-01,3.051575e-02,1.393300e-01,3.993810e-01,2.492027e+00,3.644438e-01,3.151992e+00,2.354427e+00,2.918155e+00,3.390304e-01
394339,1,8.517048e-01,9.814491e-01,8.517049e-01,7.625195e-01,3.369699e-02,1.139590e+00,2.807382e-01,1.842851e+00,3.934846e-01,3.839957e-01,1.252418e+00,3.225342e+00,4.402151e+00
394340,1,8.825992e-01,9.672366e-01,8.825992e-01,6.162687e-01,1.957999e-02,8.790733e-02,4.243933e-01,4.394862e+00,9.552307e-01,4.905633e+00,4.029179e+00,7.723447e-01,2.873796e+00
394341,1,7.268120e-01,8.846441e-01,7.268121e-01,3.272959e-01,2.235834e-02,1.743367e+00,3.290358e-01,2.198118e+00,8.578509e-01,3.022405e+00,2.194447e+00,1.429556e+00,3.705493e-01
394342,1,8.466200e-01,8.387927e-01,8.466200e-01,4.840504e-01,2.366302e-02,6.512391e-01,3.017127e-01,1.377600e+00,1.162958e-02,1.501278e-01,8.320422e-01,6.677469e-02,1.135509e+00
394343,1,7.484455e-01,9.379261e-01,7.484456e-01,1.807438e-01,2.071830e-02,3.206012e+00,3.336679e-01,1.191747e+00,3.206348e-02,2.367100e+00,1.546500e+00,1.774888e+00,8.264373e-01
394344,1,8.578345e-01,9.614537e-01,8.578346e-01,5.955108e-01,2.437650e-02,2.599425e+00,3.250888e-01,1.531934e+00,1.409929e-01,2.470743e+00,1.998827e+00,1.576196e+00,1.323752e+00
394345,1,8.163073e-01,8.911713e-01,8.163074e-01,1.001182e+00,3.492963e-02,5.479512e-02,2.568434e-01,1.400026e-03,2.465301e-01,1.202989e+00,7.340161e-01,2.341937e+00,1.439654e+00
394346,1,7.696688e-01,8.909415e-01,7.696689e-01,2.978476e-01,2.691230e-02,2.494424e+00,2.907603e-01,1.680079e+00,1.990102e-01,2.717730e+00,1.639639e+00,8.056400e-01,1.845730e-01
394347,1,7.876000e-01,9.311089e-01,7.876001e-01,3.334383e-01,2.480101e-02,1.769467e+00,3.641231e-01,3.618207e+00,2.979719e+00,1.616801e+00,2.608345e+00,1.344333e+00,3.144385e+00
394348,1,7.073161e-01,9.077121e-01,7.073162e-01,9.088769e-01,2.590590e-02,1.801162e+00,3.144991e-01,3.185112e-01,2.915018e-01,1.243779e+00,6.391659e-02,9.877703e-01,1.123041e-01
394349,1,8.908876e-01,9.570940e-01,8.908877e-01,7.748198e-01,2.457738e-02,2.508574e+00,3.190863e-01,1.168235e+00,4.151095e+00,2.504514e+00,1.160619e+00,6.773245e-01,1.871641e+00
394350,1,7.258378e-01,9.481005e-01,7.258380e-01,8.313192e-01,1.898956e-02,2.343461e-01,4.006732e-01,7.904288e-01,1.196904e+00,1.952258e+00,7.121329e-01,1.523738e+00,1.262941e-01
394351,1,8.107717e-01,9.365577e-01,8.107718e-01,4.820307e-01,1.292189e-02,3.870595e+00,4.368996e-01,1.638013e+00,1.365248e+00,2.654320e+00,1.505822e+00,8.500738e-01,5.312617e-01
394352,1,8.429443e-01,9.295673e-01,8.429444e-01,8.607241e-01,2.115658e-02,1.044500e+00,3.910671e-01,7.489598e-01,1.931873e+00,7.112427e-01,1.655679e-01,8.661233e-01,6.307648e-01
394353,1,7.450438e-01,9.321219e-01,7.450440e-01,7.766138e-01,2.320406e-02,6.266293e-01,3.428221e-01,2.167375e+00,9.716407e-01,2.936284e+00,2.308202e+00,7.295450e-01,1.853159e+00
394354,1,6.994555e-01,9.260137e-01,6.994557e-01,5.430217e-01,1.576449e-02,1.672296e+00,4.052465e-01,1.665968e+00,2.050388e+00,2.530930e+00,1.458866e+00,4.324572e-01,1.969331e+00
394355,1,9.740216e-01,9.107671e-01,9.740216e-01,6.172387e-02,1.548134e-02,9.275485e+00,3.522388e-01,2.955532e+00,7.198921e-01,1.005094e+00,2.901823e+00,3.349134e-01,9.849336e-01
394356,1,9.960476e-01,9.763097e-01,9.960476e-01,2.433140e-02,3.127201e-02,1.855628e+01,4.606140e-01,2.689496e-01,1.437034e-01,1.653528e+00,6.053291e-01,1.014422e+00,2.886964e-01
394357,1,9.651745e-01,9.133076e-01,9.651744e-01,3.370374e+00,6.795562e-02,2.989482e+00,5.574973e-01,3.221058e-01,9.352371e-01,1.036203e+00,2.783112e-01,1.145184e+00,2.038506e+00
394358,1,8.193306e-01,9.608403e-01,8.193308e-01,2.517141e+00,4.521551e-02,1.642646e+00,4.050611e-01,2.856420e+00,6.408159e-01,3.558048e+00,2.936552e+00,6.539672e-01,2.375750e+00
394359,1,9.893769e-01,9.888921e-01,9.893769e-01,1.758738e+00,3.700899e-02,1.341399e+01,4.285340e-01,8.604386e-02,1.815140e+00,1.106933e+00,3.856398e-01,4.931317e-01,1.385273e+00
394360,1,9.337285e-01,9.533884e-01,9.337285e-01,6.156934e+00,5.810961e-02,6.445020e+00,4.734779e-01,2.009758e+00,1.228949e+00,3.118190e-01,1.791140e+00,2.232932e+00,1.841704e+00
394361,1,9.508411e-01,9.427879e-01,9.508411e-01,5.792595e+00,6.278175e-02,6.769448e+00,5.375186e-01,1.903406e+00,8.526507e-01,3.248497e-01,2.945785e-01,1.430353e+00,9.343234e-01
394362,1,9.871828e-01,9.867794e-01,9.871828e-01,3.697315e+00,5.963529e-02,1.220687e+01,4.527090e-01,8.154127e-02,2.119115e+00,1.248263e+00,4.719113e-01,3.270154e+00,3.436891e-01
394363,1,8.890471e-01,9.755123e-01,8.890472e-01,2.966410e-01,2.004555e-02,5.033431e+00,3.020785e-01,8.865083e-01,1.199197e-01,1.943782e+00,1.525408e+00,5.746396e-01,1.855660e+00
394364,1,7.260535e-01,8.852399e-01,7.260537e-01,9.549928e-01,2.318582e-02,1.767135e+00,4.163970e-01,9.371573e-01,1.428760e+00,2.791875e-01,8.847334e-01,1.398656e+00,1.266162e+00
394365,1,8.982868e-01,9.230082e-01,8.982868e-01,8.953721e-01,2.173995e-02,2.074339e+00,4.057232e-01,3.294954e+00,1.754421e+00,3.857321e+00,3.391308e+00,2.166749e-01,2.065768e+00
394366,1,9.305478e-01,9.913460e-01,9.305479e-01,1.063463e+00,2.597185e-02,5.199194e+00,3.536614e-01,1.195745e+00,2.061856e+00,1.899649e+00,1.350751e+00,1.477931e+00,4.206579e+00
394367,1,7.488344e-01,9.526070e-01,7.488346e-01,1.406090e+00,3.010300e-02,2.141362e+00,3.670515e-01,9.541660e-01,6.258330e-04,2.014341e+00,4.926377e-01,1.341592e+00,3.159896e+00
394368,1,7.559737e-01,8.796444e-01,7.559738e-01,1.252207e+00,2.541961e-02,2.410170e-01,4.040568e-01,1.788944e-01,5.700875e-01,9.284844e-01,4.518243e-01,7.541063e-02,3.072844e-01
394369,1,9.714368e-01,9.681029e-01,9.714368e-01,8.303540e-01,2.134224e-02,9.043072e+00,4.039140e-01,2.024321e+00,4.976802e-03,2.805900e+00,2.188028e+00,1.304400e+00,1.882212e+00
394370,1,9.389830e-01,9.745683e-01,9.389831e-01,1.892759e+00,3.749718e-02,2.086335e+00,4.039523e-01,5.896468e-01,2.622922e+00,7.317235e-01,2.425944e-01,2.774799e+00,1.969942e+00
394371,1,9.089515e-01,9.564894e-01,9.089515e-01,1.903427e+00,3.877545e-02,5.541866e+00,3.537974e-01,4.784240e+00,7.265266e-01,2.560787e+00,3.890522e+00,1.775845e+00,4.821824e-01
394372,1,9.426464e-01,9.836661e-01,9.426464e-01,2.286915e+00,4.788656e-02,1.339716e+00,4.479070e-01,1.549250e+00,2.031065e-02,2.706104e+00,1.556789e+00,6.605719e-01,5.326636e+00
394373,1,9.585267e-01,9.835122e-01,9.585267e-01,2.031128e+00,4.608902e-02,3.238934e+00,3.375346e-01,8.036937e+00,1.920695e+00,5.087725e+00,7.526294e+00,1.925256e+00,3.175545e+00
394374,1,9.896456e-01,9.910808e-01,9.896456e-01,1.335499e+00,4.012628e-02,1.353838e+01,3.879946e-01,2.376445e+00,4.905126e-01,3.508297e+00,2.582537e+00,3.185536e+00,4.787647e+00
394375,1,9.380813e-01,9.802769e-01,9.380814e-01,2.515537e+00,5.659994e-02,4.197752e+00,5.532871e-01,3.150937e+00,3.323412e+00,1.379514e+00,2.392352e+00,2.122288e+00,3.997660e+00
394376,1,8.124955e-01,9.616040e-01,8.124956e-01,3.890002e+00,5.442003e-02,5.083141e-01,5.037346e-01,9.170398e-01,4.776573e-02,1.862134e+00,1.490526e+00,1.610773e-01,3.101153e+00
394377,1,7.148637e-01,8.828496e-01,7.148639e-01,2.159943e+00,4.412869e-02,3.680087e-01,4.219635e-01,1.963644e+00,1.634900e+00,2.613228e+00,1.556031e+00,1.240736e+00,1.145224e+00
394378,1,8.681456e-01,9.884466e-01,8.681457e-01,1.510861e+00,3.914937e-02,4.089200e+00,3.447662e-01,4.439435e+00,1.224584e+00,4.520339e+00,3.887642e+00,2.938032e+00,4.679371e+00
394379,1,8.737803e-01,9.240160e-01,8.737803e-01,1.522264e+00,3.175668e-02,4.767757e+00,4.284959e-01,1.009723e+00,9.213286e-01,1.756464e+00,8.551059e-01,1.095746e+00,1.415100e+00
394380,1,8.109237e-01,9.618745e-01,8.109238e-01,1.704038e+00,3.214021e-02,3.872192e+00,4.722810e-01,1.129210e-01,3.536793e-01,9.968815e-01,5.408054e-01,1.305309e+00,2.509235e+00
394381,1,7.157937e-01,9.213641e-01,7.157939e-01,1.904065e+00,4.331956e-02,2.217245e+00,3.666957e-01,7.417200e-02,7.786665e-01,1.176206e+00,6.513829e-01,3.361985e-01,1.881724e+00
394382,1,9.871386e-01,9.838340e-01,9.871385e-01,1.669242e+00,4.212188e-02,1.218590e+01,3.825228e-01,2.021047e-01,1.222807e+00,1.259790e+00,6.603905e-01,1.693340e+00,2.462059e+00
394383,1,9.143740e-01,9.715610e-01,9.143740e-01,3.520332e+00,5.825878e-02,4.179049e+00,4.663580e-01,1.137417e+00,1.804994e-01,1.893923e+00,1.950949e+00,7.407194e-01,2.032821e+00
394384,1,9.855314e-01,9.879073e-01,9.855314e-01,1.576941e+00,4.077786e-02,1.149680e+01,3.433187e-01,2.412689e+00,1.295596e+00,2.980061e+00,2.391762e+00,2.853612e-01,3.429953e+00
394385,1,8.491677e-01,9.008136e-01,8.491678e-01,3.176298e+00,5.058895e-02,4.066683e+00,4.715594e-01,1.036318e+00,1.326186e+00,1.849543e+00,1.252584e+00,3.722641e-01,1.303029e+00
394386,1,9.209988e-01,9.108537e-01,9.209987e-01,1.540525e+00,3.668520e-02,5.967018e+00,3.285619e-01,2.368102e-01,2.533321e-01,1.272968e+00,3.455305e-01,1.832595e-01,1.279219e-01
394387,1,9.165133e-01,9.431415e-01,9.165133e-01,2.085052e+00,4.212683e-02,3.694896e+00,3.789191e-01,2.092824e+00,7.713533e-01,3.747762e-01,1.550161e+00,1.275507e+00,4.413074e-01
394388,1,7.782825e-01,9.194476e-01,7.782827e-01,2.254102e+00,4.689949e-02,1.212260e+00,3.851003e-01,8.314995e-01,7.005658e-01,1.968005e+00,1.073023e+00,3.963996e-01,9.458781e-01
394389,1,9.685266e-01,9.815286e-01,9.685266e-01,1.660850e+00,4.054151e-02,7.100288e+00,3.555429e-01,2.931260e+00,9.581211e-01,3.499181e+00,2.956494e+00,1.208867e+00,4.839628e+00
394390,1,7.498086e-01,8.821124e-01,7.498087e-01,2.609365e+00,5.174861e-02,1.007444e+00,3.733609e-01,1.447080e+00,1.852031e+00,2.308168e+00,1.117297e+00,2.212608e+00,1.694475e+00
394391,1,9.803812e-01,9.795751e-01,9.803812e-01,1.382968e+00,4.519553e-02,9.992601e+00,3.428363e-01,3.811311e+00,1.503438e+00,2.162351e+00,1.581510e+00,1.870691e+00,1.492396e+00
394392,1,7.902220e-01,8.792148e-01,7.902221e-01,3.644613e+00,5.210509e-02,3.223143e+00,4.143718e-01,3.269788e+00,4.804966e-01,1.577333e+00,9.401455e-01,3.178708e-01,6.356165e-01
394393,1,8.268836e-01,9.081877e-01,8.268837e-01,2.092464e+00,4.498268e-02,3.082417e+00,3.612371e-01,3.546353e+00,9.690402e-01,4.075820e+00,3.692464e+00,1.088075e+00,9.578692e-01
394394,1,9.146038e-01,9.072842e-01,9.146038e-01,1.929189e+00,4.221896e-02,3.742237e+00,3.502502e-01,1.400234e+00,9.110163e-01,2.066729e+00,1.385028e+00,1.480751e-01,2.581897e+00
394395,1,8.732234e-01,9.484594e-01,8.732234e-01,1.857099e+00,4.214181e-02,4.760168e+00,3.667348e-01,2.086830e+00,1.439990e+00,2.800997e+00,1.756204e+00,1.075810e+00,1.376608e+00
394396,1,7.265008e-01,9.068317e-01,7.265010e-01,2.157271e+00,4.667911e-02,1.037416e+00,3.594810e-01,1.354086e+00,7.069473e-01,2.233868e+00,1.203770e+00,1.130597e+00,3.019737e+00
394397,1,8.880712e-01,8.764515e-01,8.880712e-01,1.555798e+00,3.789039e-02,4.312942e+00,3.820113e-01,3.948349e-01,5.430443e-01,8.392804e-01,7.651480e-02,1.055683e-01,9.635184e-01
394398,1,8.895103e-01,9.807914e-01,8.895104e-01,1.806635e+00,4.129551e-02,3.881956e+00,3.871057e-01,4.861989e+00,6.359121e-01,2.441099e+00,5.043524e+00,2.218657e+00,2.230066e+00
394399,1,8.377233e-01,9.690293e-01,8.377234e-01,2.029184e+00,4.463161e-02,7.755003e-01,4.321663e-01,3.317106e+00,7.253777e-01,4.221733e+00,3.293100e+00,1.817223e+00,2.861353e-01
394400,1,9.274114e-01,8.988388e-01,9.274113e-01,1.364316e+00,3.677643e-02,5.081853e+00,3.320644e-01,4.932191e-01,7.743610e-01,7.540978e-01,7.053738e-03,1.697532e+00,4.787349e-01
394401,1,7.263523e-01,9.343761e-01,7.263525e-01,1.847935e+00,4.271075e-02,3.018627e+00,3.390782e-01,1.107218e+00,2.594735e+00,2.240972e+00,6.007929e-01,6.293492e-01,1.013554e-01
394402,1,7.997516e-01,9.356454e-01,7.997517e-01,1.709248e+00,4.195448e-02,1.890837e+00,3.243651e-01,3.029500e-01,2.407199e+00,1.574101e+00,7.890623e-02,2.340189e+00,1.353179e-01
394403,1,9.780969e-01,9.922777e-01,9.780969e-01,5.961320e-01,2.840563e-02,9.673282e+00,3.141492e-01,2.005613e+00,2.759111e+00,1.239968e-01,2.733853e+00,5.666193e+00,2.094909e+00
394404,1,8.963738e-01,9.396056e-01,8.963738e-01,2.168984e+00,5.984767e-02,4.793477e+00,3.190520e-01,1.496677e+00,2.256643e+00,3.292718e-01,1.999412e+00,1.006199e+00,2.187487e+00
394405,1,9.125865e-01,9.396781e-01,9.125865e-01,3.232643e+00,6.008242e-02,1.222439e+00,3.705835e-01,1.435030e+00,5.669945e+00,2.668245e+00,1.080787e+00,4.294485e-01,1.558231e+00
394406,1,9.195861e-01,9.832276e-01,9.195862e-01,1.844432e+00,4.523072e-02,7.711802e-01,3.021996e-01,5.724952e+00,4.487670e+00,5.919229e+00,5.278008e+00,4.717094e-02,1.005934e+00
394407,1,9.062004e-01,9.816011e-01,9.062005e-01,1.025114e+00,3.825042e-02,6.760715e-01,2.788792e-01,1.380170e-01,5.448767e+00,1.066391e+00,3.249229e-01,9.214312e-01,3.711833e+00
394408,1,7.917884e-01,9.608845e-01,7.917886e-01,2.211085e-01,1.341121e+00,1.808597e+00,3.128070e-01,3.162679e+00,2.736405e+00,3.661339e+00,2.972012e+00,1.491414e+00,4.994461e-01
394409,1,6.773322e-01,9.237278e-01,6.773325e-01,8.377327e-01,2.998721e-02,6.805192e-01,2.616349e-01,6.250651e-01,4.948504e-01,6.144554e-01,4.741433e-01,1.350416e+00,3.502557e-01
394410,1,9.111916e-01,9.742925e-01,9.111916e-01,5.913649e-01,2.523576e-02,5.165070e+00,3.076234e-01,5.419734e-01,5.619010e+00,1.605656e+00,1.157124e+00,9.015355e-02,1.707499e+00
394411,1,9.836361e-01,9.886958e-01,9.836361e-01,9.714306e-01,2.703177e-02,9.984240e+00,3.310841e-01,1.187404e+00,4.634229e+00,2.216017e+00,1.309762e+00,4.555793e-01,2.311360e+00
394412,1,9.938429e-01,9.830667e-01,9.938429e-01,1.589668e+01,4.886199e-02,3.908846e+00,3.696863e-01,1.097684e+00,4.293154e-01,2.146839e+00,1.061884e+00,1.753769e+00,2.353410e+00
394413,1,9.968326e-01,9.901349e-01,9.968326e-01,2.016518e+01,5.631050e-02,1.236110e+01,4.921788e-01,1.617833e+00,5.977555e-03,2.413481e+00,1.500317e+00,2.161198e+00,9.934900e-01
394414,1,9.777822e-01,9.228527e-01,9.777821e-01,9.631756e+00,6.781613e-02,1.143862e+00,6.532478e-01,1.437295e+00,1.762253e+00,2.371987e+00,1.389970e+00,1.715174e+00,1.056995e-01
394415,1,9.713466e-01,9.594772e-01,9.713466e-01,2.061647e+00,4.946592e-02,9.034867e+00,3.330171e-01,1.889456e+00,3.895416e+00,3.265947e-01,1.397936e+00,1.654999e+00,3.715608e-01
394416,1,7.587548e-01,9.182030e-01,7.587549e-01,3.231964e+00,6.177982e-02,3.272080e+00,3.541854e-01,1.691618e+00,3.335401e-03,2.793451e+00,1.626326e+00,2.492371e+00,1.990794e+00
394417,1,8.101228e-01,9.358417e-01,8.101229e-01,1.421798e+00,4.202391e-02,1.034130e+00,2.677528e-01,1.802112e+00,2.460796e+00,2.669635e+00,1.821566e+00,9.776260e-01,3.863451e+00
394418,1,9.090487e-01,9.768843e-01,9.090488e-01,7.166968e-01,2.958160e-02,8.405858e-01,2.965536e-01,1.410944e+00,5.339884e+00,2.465664e+00,1.471248e+00,2.278153e+00,2.620375e+00
394419,1,9.422132e-01,9.239788e-01,9.422132e-01,6.831338e-05,1.419527e-02,6.916029e+00,3.226593e-01,2.141079e+00,3.268963e+00,4.661073e-01,1.940457e+00,1.154952e-01,1.097374e-01
394420,1,8.625764e-01,9.766880e-01,8.625765e-01,4.132563e+00,2.807032e-02,8.510503e-01,3.792680e-01,2.684771e+00,4.579365e+00,6.681678e-01,2.202379e+00,2.100461e+00,1.959530e+00
394421,1,7.964631e-01,9.171670e-01,7.964632e-01,2.150062e+00,2.614395e-02,1.031358e+00,3.601952e-01,2.705007e+00,1.170024e-02,3.698437e+00,2.118306e+00,3.243271e-01,7.433835e-01
394422,1,9.879872e-01,9.746637e-01,9.879872e-01,6.068446e-01,2.606958e-02,5.881422e+00,2.660577e-01,1.791101e-01,2.549421e+00,1.559034e+00,7.059114e-02,2.888296e-01,6.233937e-01
394423,1,9.393048e-01,9.656579e-01,9.393048e-01,1.523951e+00,2.901462e-02,1.439995e+00,3.675247e-01,3.518627e-01,6.736024e+00,1.496949e+00,3.762006e-01,1.076309e+00,5.687088e-01
394424,1,9.423034e-01,9.591201e-01,9.423034e-01,1.208397e+00,2.359564e-02,2.026631e+00,3.460092e-01,1.318304e+00,1.127838e+00,2.466031e+00,1.291035e+00,2.199236e+00,3.012753e+00
394425,1,9.050212e-01,9.882309e-01,9.050212e-01,4.054879e-01,1.840100e-02,3.381829e+00,2.545669e-01,4.745698e-01,5.412144e+00,1.719602e+00,8.711816e-02,3.660169e-02,3.341121e+00
394426,1,7.770944e-01,8.828390e-01,7.770945e-01,7.271224e-01,2.263048e-02,2.917762e-01,3.756697e-01,2.859601e+00,1.379129e+00,3.509810e+00,2.796366e+00,1.099217e-01,1.384867e+00
394427,1,8.801080e-01,9.318143e-01,8.801081e-01,5.187972e-01,2.349355e-02,9.237748e-01,2.941020e-01,9.130188e-02,2.689813e+00,1.261188e+00,6.685372e-03,1.710696e+00,8.317762e-01
394428,1,8.813085e-01,9.772608e-01,8.813086e-01,4.988066e-01,1.838506e-02,4.529066e+00,3.186945e-01,4.223485e+00,2.701992e-01,2.112371e+00,3.187350e+00,2.326320e+00,1.354827e+00
394429,1,8.990223e-01,9.894737e-01,8.990224e-01,1.200782e+00,2.994094e-02,5.248216e+00,3.978162e-01,3.034429e+00,3.389737e+00,1.068982e+00,2.219397e+00,1.922624e+00,3.412211e+00
394430,1,9.890038e-01,9.832435e-01,9.890038e-01,1.681225e+00,3.270608e-02,1.318914e+01,4.006570e-01,1.952394e+00,2.517001e+00,2.911791e+00,2.128999e+00,5.915313e-01,2.435040e+00
394431,1,9.764491e-01,9.615687e-01,9.764491e-01,3.531253e+00,4.943483e-02,2.066147e-02,5.252749e-01,3.265356e-01,2.609273e+00,6.934813e-01,6.946785e-01,1.341322e+00,2.540791e+00
394432,1,9.588149e-01,9.774659e-01,9.588149e-01,2.144280e+00,4.084842e-02,7.250014e+00,4.105525e-01,9.249002e-01,4.280810e+00,1.907044e+00,9.782274e-01,2.386292e+00,9.168332e-01
394433,1,8.775550e-01,9.806075e-01,8.775551e-01,3.055063e+00,5.413515e-02,4.321182e+00,4.382843e-01,1.210902e-01,3.670384e+00,8.561773e-01,1.777738e-01,1.490441e+00,3.346950e+00
394434,1,9.380018e-01,9.430195e-01,9.380018e-01,2.220547e+00,5.235852e-02,6.666090e+00,3.911148e-01,1.382811e+00,1.162196e+00,2.148313e+00,1.493628e+00,2.845752e+00,1.603267e+00
394435,1,9.421814e-01,9.785161e-01,9.421814e-01,3.380640e+00,6.143729e-02,6.914723e+00,3.725476e-01,2.233161e+00,1.629641e+00,2.826206e+00,1.956496e+00,4.094567e+00,1.419907e+00
394436,1,8.641552e-01,9.781642e-01,8.641553e-01,3.986609e-01,3.049348e-02,3.511037e+00,2.906223e-01,1.411590e+00,2.157310e+00,3.810838e-02,1.744306e+00,1.435828e+00,3.574311e+00
394437,1,9.367058e-01,9.711579e-01,9.367059e-01,1.226055e+00,2.609581e-02,6.595917e+00,3.879459e-01,7.754402e-01,3.548712e+00,1.809934e+00,1.162912e+00,1.015594e+00,1.600052e+00
394438,1,6.921359e-01,9.128833e-01,6.921360e-01,1.775577e+00,2.983526e-02,1.319237e-01,4.502545e-01,8.427467e-01,1.261148e+00,1.945259e+00,9.249716e-01,1.128479e+00,2.563151e+00
394439,1,8.808524e-01,8.951014e-01,8.808524e-01,9.043000e-01,2.618312e-02,1.533419e+00,3.440112e-01,3.252135e-01,1.734173e+00,1.392728e+00,7.702523e-01,4.673273e-01,1.621734e+00
394440,1,7.883373e-01,8.781734e-01,7.883373e-01,9.794488e-01,2.606256e-02,2.272270e+00,3.226458e-01,5.739367e-02,9.921956e-01,1.163298e+00,6.621156e-01,4.527556e-02,1.360925e+00
394441,1,7.981604e-01,8.672600e-01,7.981604e-01,1.048418e+00,3.173433e-02,3.730204e+00,3.192201e-01,2.085498e+00,3.011685e-01,2.760170e+00,1.701566e+00,7.432028e-01,1.173766e-01
394442,1,8.608349e-01,9.813695e-01,8.608350e-01,1.251694e+00,3.111264e-02,1.955299e+00,3.416937e-01,8.419315e-01,4.547514e+00,1.823276e+00,1.138271e+00,1.481682e+00,2.354958e+00
394443,1,8.478046e-01,9.530295e-01,8.478047e-01,1.019303e+00,2.637722e-02,9.304284e-02,4.322705e-01,1.942586e+00,2.004537e+00,2.626403e+00,1.826189e+00,4.582111e-01,3.681388e-01
394444,1,9.169129e-01,9.040065e-01,9.169129e-01,3.413430e-01,2.813988e-02,2.020631e+00,2.990001e-01,1.451000e-01,1.585306e+00,1.311690e+00,2.615761e-01,4.622094e-02,3.188743e+00
394445,1,6.873304e-01,8.792377e-01,6.873306e-01,8.548062e-01,2.448098e-02,1.230962e+00,3.382150e-01,6.782744e-01,1.023136e+00,1.838378e+00,3.066351e-01,8.661657e-01,9.297444e-01
394446,1,7.650065e-01,9.494707e-01,7.650067e-01,2.982550e-01,2.083237e-02,3.382583e+00,3.122585e-01,4.716590e-01,7.479504e-01,9.190201e-01,2.566180e-01,6.310828e-01,5.306143e-01
394447,1,9.329399e-01,9.735694e-01,9.329400e-01,6.770001e-01,2.347084e-02,2.504104e-01,4.000890e-01,7.065025e-01,1.473454e+00,1.863506e+00,6.644042e-01,1.166678e+00,1.429741e-01
394448,1,8.617931e-01,9.692804e-01,8.617932e-01,4.172161e-01,1.873520e-02,3.602974e+00,3.237821e-01,3.182744e+00,4.599308e-01,1.335737e+00,1.883714e+00,1.716174e+00,1.747053e-01
394449,1,6.472406e-01,8.780338e-01,6.472408e-01,1.052711e+00,3.124890e-02,7.049231e-01,3.254292e-01,4.034197e-01,1.230778e+00,1.595596e+00,1.686285e-01,2.195573e+00,2.665254e-01
394450,1,8.553204e-01,9.660185e-01,8.553205e-01,2.444592e-01,2.295190e-02,4.458067e+00,2.986405e-01,3.587708e+00,4.997974e-01,1.465247e+00,3.195781e+00,7.751117e-01,2.213600e+00
394451,1,9.412549e-01,9.796228e-01,9.412550e-01,1.772013e+00,2.637728e-02,5.916078e+00,4.100328e-01,2.275255e+00,1.117759e+00,3.183480e+00,2.165062e+00,6.102169e-01,5.289386e+00
394452,1,9.433341e-01,9.641162e-01,9.433341e-01,1.917553e+00,3.329612e-02,6.979071e+00,4.633828e-01,1.580590e+00,1.589106e+00,2.394677e+00,1.397541e+00,2.973288e-01,3.889237e+00
394453,1,9.676656e-01,9.560633e-01,9.676656e-01,3.247023e+00,4.548879e-02,8.954290e-01,5.213289e-01,9.407979e-01,3.386625e+00,3.407338e-01,7.765726e-01,2.256424e+00,1.420894e+00
394454,1,9.800152e-01,9.884466e-01,9.800152e-01,7.374303e-01,2.701147e-02,9.917326e+00,4.459578e-01,1.908198e+00,2.466382e+00,2.639990e+00,1.882062e+00,1.051711e-01,2.170493e+00
394455,1,9.445364e-01,9.162017e-01,9.445364e-01,2.374202e+00,4.538339e-02,7.040598e+00,4.134179e-01,2.200415e+00,2.016553e+00,7.270178e-01,1.146109e+00,2.949142e-01,5.323265e-01
394456,1,8.357608e-01,9.738222e-01,8.357609e-01,2.826215e+00,5.211963e-02,2.313044e+00,4.220174e-01,1.802176e+00,1.725234e-01,2.552692e+00,1.989475e+00,1.040366e+00,2.398039e+00
394457,1,9.243810e-01,9.784400e-01,9.243810e-01,2.091343e+00,4.271010e-02,6.071033e+00,4.463065e-01,2.818339e+00,1.183774e+00,3.260491e+00,2.696044e+00,3.021834e-01,3.330210e+00
394458,1,9.548333e-01,9.664853e-01,9.548333e-01,2.425719e+00,4.667148e-02,7.708870e+00,4.190279e-01,7.669859e-01,1.726574e+00,2.559909e-01,1.345967e-02,1.685078e+00,2.037568e+00
394459,1,7.704661e-01,9.422823e-01,7.704663e-01,3.103228e+00,5.831797e-02,2.476629e-01,4.127634e-01,4.195561e-01,1.750976e+00,7.787346e-01,5.603968e-02,2.414402e+00,6.048322e-02
394460,1,9.487089e-01,9.584270e-01,9.487089e-01,2.020993e+00,4.527858e-02,7.252684e+00,3.719157e-01,3.995834e-01,7.766435e-01,7.897357e-01,1.074531e-01,6.028962e-01,2.102585e+00
394461,1,8.244066e-01,9.195802e-01,8.244067e-01,2.431401e+00,5.111830e-02,1.492424e+00,4.094210e-01,3.695748e+00,5.902431e-01,4.040395e+00,3.626175e+00,1.076348e+00,1.690101e-02
394462,1,9.088613e-01,9.046306e-01,9.088613e-01,1.391058e+00,4.292111e-02,5.539137e+00,3.412942e-01,2.395340e+00,1.779798e-01,7.210920e-01,3.398107e+00,7.724080e-01,5.058664e-01
394463,1,9.871845e-01,9.774111e-01,9.871845e-01,1.927669e+00,4.459364e-02,3.616487e+00,3.703236e-01,1.183356e+00,1.178652e-01,3.736761e-01,8.977557e-03,2.256403e+00,2.177991e-01
394464,1,9.846509e-01,9.778283e-01,9.846509e-01,5.573959e+00,3.518361e-02,1.113536e+01,3.104573e-01,6.521703e-01,1.186657e+00,1.518128e+00,1.457243e+00,5.114896e-01,1.504847e+00
394465,1,7.861449e-01,7.947994e-01,7.861449e-01,3.603579e+00,4.825643e-02,7.664824e-01,4.539026e-01,8.780644e-01,1.532779e-01,1.829690e+00,1.164369e+00,1.146070e+00,2.472538e-01
394466,1,9.260871e-01,9.254568e-01,9.260871e-01,1.344463e+00,3.484560e-02,2.867545e+00,3.372961e-01,2.379338e+00,6.554493e-01,2.921325e+00,2.340907e+00,7.074826e-01,1.566728e+00
394467,1,8.596361e-01,9.046341e-01,8.596362e-01,1.219483e+00,3.430494e-02,2.512362e+00,3.353539e-01,1.591604e+00,1.150943e+00,2.337371e+00,1.613963e+00,5.795821e-01,1.576671e+00
394468,1,9.792072e-01,9.491277e-01,9.792072e-01,3.304536e-01,3.648809e-02,9.822546e+00,3.154808e-01,2.485822e-01,1.192550e+00,1.211413e+00,4.977450e-01,3.238830e-01,6.123187e-01
394469,1,9.221922e-01,9.049099e-01,9.221922e-01,2.081417e+00,4.610945e-02,3.621371e+00,3.947608e-01,4.887072e-01,1.128267e+00,1.457854e+00,8.798074e-01,6.557652e-01,2.757529e+00
394470,1,6.496999e-01,9.230489e-01,6.497001e-01,2.226276e+00,4.354673e-02,2.153682e+00,4.216406e-01,8.373611e-01,2.437621e+00,4.079738e-01,4.242100e-01,1.717635e+00,2.042136e+00
394471,1,9.369551e-01,8.889791e-01,9.369551e-01,1.069647e+00,2.726218e-02,3.541944e+00,3.394872e-01,1.698395e-01,7.927197e-01,1.381274e+00,8.403156e-01,5.465528e-01,3.095529e-02
394472,1,7.763112e-01,9.728498e-01,7.763114e-01,6.482759e-01,3.121075e-02,3.502039e+00,3.624679e-01,1.792336e+00,2.873343e+00,2.629896e+00,1.718318e+00,9.302369e-01,3.071354e+00
394473,1,8.818301e-01,9.285613e-01,8.818301e-01,1.465706e+00,3.094781e-02,4.893518e+00,3.818442e-01,1.391728e-01,7.175231e-01,1.071194e+00,1.233480e-01,4.787032e-01,1.271744e+00
394474,1,8.552497e-01,9.483074e-01,8.552498e-01,1.606916e+00,3.021759e-02,2.125871e+00,4.379065e-01,3.666764e-01,5.206764e-02,1.487116e+00,4.381697e-01,1.488051e+00,2.527399e+00
394475,1,9.875823e-01,9.845553e-01,9.875823e-01,1.377082e+00,2.782164e-02,1.243623e+01,3.859275e-01,1.788633e+00,9.173911e-01,2.633878e+00,1.740750e+00,5.015064e-01,7.105851e-01
394476,1,9.279754e-01,9.917084e-01,9.279754e-01,3.057555e+00,4.977785e-02,1.318411e+00,5.179801e-01,6.201168e+00,2.240009e+00,4.008909e+00,4.136646e+00,8.370167e-01,1.523935e+00
394477,1,9.464122e-01,9.597212e-01,9.464123e-01,1.827598e+00,4.039391e-02,7.133266e+00,4.004976e-01,3.056288e+00,8.657698e-01,3.725171e+00,3.144318e+00,7.314377e-01,4.460759e-01
394478,1,6.635965e-01,9.427119e-01,6.635967e-01,2.333283e+00,4.384307e-02,2.576042e+00,4.244694e-01,1.726924e+00,1.249672e+00,2.373099e+00,2.072721e+00,1.698399e-01,2.175009e+00
394479,1,9.145154e-01,9.138539e-01,9.145154e-01,1.873048e+00,4.261378e-02,5.742118e+00,4.020595e-01,4.791333e-01,1.227688e-01,5.619012e-01,1.626191e-01,7.347538e-01,6.279852e-01
394480,1,9.849710e-01,9.693635e-01,9.849709e-01,1.246875e+00,4.691167e-02,1.126639e+01,4.423682e-01,4.591028e+00,3.347182e+00,2.719530e+00,3.209191e+00,4.120317e-01,1.354485e+00
394481,1,9.777044e-01,9.729524e-01,9.777044e-01,2.762194e+00,6.374761e-02,9.620484e+00,4.988445e-01,1.652087e+00,1.889723e-01,1.345985e-01,2.620067e-01,2.319534e+00,1.206473e+00
394482,1,9.599111e-01,9.622475e-01,9.599111e-01,3.988306e+00,6.383276e-02,2.066644e+00,5.171163e-01,3.485349e+00,2.688872e-01,3.871191e+00,3.365393e+00,8.493796e-02,6.630050e-01
394483,1,9.593541e-01,9.635205e-01,9.593541e-01,3.039792e+00,5.262961e-02,8.106572e+00,4.521242e-01,2.288311e+00,2.748897e+00,2.654831e+00,2.653390e+00,1.609893e+00,5.772775e-01
394484,1,9.598403e-01,9.148581e-01,9.598403e-01,3.559430e+00,5.649879e-02,8.942119e-01,4.980865e-01,1.553932e+00,2.087785e+00,2.137007e+00,1.686356e+00,1.385084e+00,5.323793e-01
394485,1,7.138100e-01,9.379579e-01,7.138102e-01,2.491867e+00,5.040104e-02,1.237525e+00,4.307358e-01,9.953937e-01,1.814706e+00,1.739145e+00,1.288682e+00,2.248161e+00,2.512629e+00
394486,1,9.006383e-01,9.130035e-01,9.006383e-01,1.561749e+00,3.484137e-02,5.288346e+00,3.837401e-01,1.948605e+00,1.142592e+00,2.461349e+00,2.083857e+00,1.661918e+00,1.362803e+00
394487,1,8.914711e-01,9.369537e-01,8.914711e-01,1.761794e+00,3.248074e-02,5.084011e+00,4.243389e-01,1.169890e+00,9.497055e-02,9.242111e-02,6.518233e-01,1.022938e-01,1.329124e+00
394488,1,8.552462e-01,9.777612e-01,8.552463e-01,2.130628e+00,3.484798e-02,1.740891e+00,5.130102e-01,4.024559e+00,1.845966e+00,4.457019e+00,3.694586e+00,9.769817e-01,2.034972e+00
394489,1,7.170631e-01,9.165889e-01,7.170633e-01,1.795806e+00,2.956874e-02,9.004058e-01,4.944086e-01,2.754648e+00,7.830673e-02,1.191851e+00,2.247545e+00,1.839899e+00,1.162109e+00
394490,1,9.621052e-01,9.346006e-01,9.621052e-01,1.276165e+00,3.086887e-02,5.876754e+00,3.993323e-01,3.288228e+00,2.896869e-01,3.843206e+00,3.362322e+00,5.617792e-01,5.484759e-01
394491,1,8.695370e-01,8.757726e-01,8.695370e-01,1.713679e+00,3.119927e-02,3.852452e+00,4.371218e-01,3.838065e-01,1.964511e-01,6.865402e-01,2.049215e-01,2.710126e-01,1.817135e-01
394492,1,9.835919e-01,9.335946e-01,9.835919e-01,1.979828e+00,3.645741e-02,3.801892e+00,4.052026e-01,2.384882e+00,9.188604e-01,3.093568e+00,2.417611e+00,1.347307e+00,7.777555e-01
394493,1,9.710372e-01,8.888465e-01,9.710371e-01,1.736546e+00,3.737311e-02,1.380584e+00,4.177358e-01,3.262563e+00,2.143448e+00,1.451695e+00,2.613995e+00,6.210583e-01,1.102815e+00
394494,1,9.980614e-01,9.967364e-01,9.980614e-01,6.580829e+00,3.012252e-02,2.512634e+01,4.116334e-01,6.724800e+00,6.161325e-01,3.985611e+00,5.386682e+00,2.607814e+00,1.372244e+00
394495,1,9.829130e-01,9.390894e-01,9.829129e-01,6.490608e+00,9.107097e-02,5.006168e-01,6.443061e-01,5.865669e-01,2.275361e+00,9.030570e-01,4.973634e-01,2.253496e+00,1.211198e+00
394496,1,7.992548e-01,9.192885e-01,7.992549e-01,3.362932e+00,5.979204e-02,1.151585e+00,4.649073e-01,3.149342e+00,2.015966e-01,3.743008e+00,3.304182e+00,1.042430e+00,1.427158e+00
394497,1,8.030525e-01,9.742624e-01,8.030526e-01,1.849178e+00,3.886259e-02,3.769682e+00,4.263235e-01,3.784808e+00,1.438392e+00,2.012682e+00,3.002278e+00,5.307617e-03,3.602969e+00
394498,1,9.645751e-01,9.654563e-01,9.645751e-01,1.504034e+00,3.707195e-02,8.454630e+00,5.045167e-01,1.214321e+00,1.081505e+00,2.495837e-01,1.064963e+00,1.237464e+00,2.054948e+00
394499,1,9.059794e-01,9.673622e-01,9.059795e-01,2.703520e+00,4.417272e-02,5.441672e+00,5.500954e-01,8.439609e-01,3.265889e+00,5.020883e-01,7.205588e-02,7.044819e-01,2.688545e+00
394500,1,9.899921e-01,9.862154e-01,9.899921e-01,2.562076e+00,4.554754e-02,1.329867e+01,4.679798e-01,2.415381e+00,1.556518e+00,8.323358e-01,2.366341e+00,6.046480e-01,1.371972e+00
394501,1,9.855456e-01,9.668831e-01,9.855455e-01,4.067465e+00,6.442368e-02,2.918111e-01,6.223781e-01,5.715697e-02,1.322085e+00,1.041894e+00,7.448208e-02,8.800037e-01,1.262099e+00
394502,1,9.872994e-01,9.747981e-01,9.872994e-01,2.650826e+00,4.242977e-02,1.226823e+01,5.277092e-01,8.685054e-01,8.993304e-01,1.708508e+00,1.238376e+00,1.500163e-01,1.893407e+00
394503,1,8.837006e-01,8.925096e-01,8.837006e-01,3.805257e+00,5.616410e-02,1.901914e+00,5.902157e-01,4.516374e-01,1.136224e+00,8.578673e-01,1.729232e+00,1.606790e+00,2.597874e+00
394504,1,7.867407e-01,9.306033e-01,7.867409e-01,2.912489e+00,4.933371e-02,3.609613e+00,4.912412e-01,2.361245e+00,4.836023e-01,7.709163e-01,1.150867e+00,5.745626e-01,2.139668e+00
394505,1,9.322610e-01,9.702651e-01,9.322611e-01,2.457674e+00,4.578447e-02,5.604953e+00,4.630647e-01,1.847762e+00,2.484476e+00,4.394346e-01,5.830473e-01,2.196305e+00,1.528855e+00
394506,1,9.870466e-01,9.905380e-01,9.870466e-01,2.829762e+00,4.986310e-02,1.214006e+01,4.760121e-01,1.605558e+00,2.721313e+00,4.462451e-01,5.833681e-01,2.075355e+00,3.115994e+00
394507,1,8.177854e-01,8.929127e-01,8.177854e-01,3.954429e+00,5.630301e-02,2.693025e+00,5.880788e-01,7.982337e-01,1.118562e+00,1.408007e+00,2.276875e+00,1.488630e+00,3.687762e-01
394508,1,9.947534e-01,9.907042e-01,9.947534e-01,2.053611e+00,3.722263e-02,1.711483e+01,4.706749e-01,3.582817e+00,6.370602e-01,3.588167e+00,3.288803e+00,1.006753e+00,4.089488e-01
394509,1,8.691675e-01,9.661989e-01,8.691676e-01,4.541583e+00,6.201864e-02,4.081459e+00,5.713070e-01,4.696565e+00,3.069849e+00,4.499196e+00,4.408369e+00,1.528892e+00,5.792808e-01
394510,1,9.051697e-01,9.609375e-01,9.051697e-01,2.245997e+00,4.171640e-02,3.799137e+00,4.739344e-01,3.828671e+00,2.211977e+00,2.571464e+00,2.131995e+00,1.303610e+00,1.398933e-01
394511,1,9.314301e-01,9.753762e-01,9.314301e-01,2.100231e+00,3.852530e-02,6.345717e+00,4.614291e-01,2.798317e+00,1.102079e-01,3.311996e+00,2.268858e+00,7.365290e-01,3.636416e+00
394512,1,9.161933e-01,9.665525e-01,9.161933e-01,8.659142e-01,3.951414e-02,5.801035e+00,5.305072e-01,1.937916e+00,2.525088e-01,2.562641e+00,2.028516e+00,1.421684e+00,3.096833e+00
394513,1,9.420771e-01,9.773404e-01,9.420771e-01,5.585940e+00,4.472340e-02,6.909717e+00,4.721624e-01,3.015904e+00,1.179007e+00,3.381633e+00,2.868473e+00,9.729817e-01,4.702202e+00
394514,1,9.464282e-01,9.491613e-01,9.464282e-01,4.820310e+00,5.671380e-02,7.134190e+00,5.396010e-01,2.046567e+00,2.266107e+00,2.522975e+00,2.493466e+00,1.030438e+00,1.025047e+00
394515,1,8.564095e-01,8.967774e-01,8.564095e-01,3.100970e+00,5.832634e-02,1.580107e+00,4.680411e-01,7.346761e-01,9.753437e-01,2.163408e-01,1.334599e-01,7.463190e-01,2.302864e+00
394516,1,9.511806e-01,9.528209e-01,9.511806e-01,2.048341e+00,3.912164e-02,7.404134e+00,3.847739e-01,1.758266e+00,4.453453e-01,9.929605e-02,1.971561e+00,1.731070e+00,1.192142e-01
394517,1,8.065390e-01,9.275200e-01,8.065391e-01,2.683479e+00,4.493652e-02,2.133865e+00,4.601423e-01,1.219239e+00,1.202067e+00,3.047441e-01,2.052142e-02,1.730846e+00,9.856804e-01
394518,1,8.405681e-01,9.631315e-01,8.405682e-01,1.962541e+00,3.489642e-02,1.728877e+00,4.838356e-01,3.765864e+00,1.225464e+00,4.256547e+00,3.736847e+00,1.179670e+00,2.385037e+00
394519,1,9.476835e-01,9.717891e-01,9.476835e-01,1.492492e+00,2.716548e-02,7.199430e+00,4.999957e-01,1.751206e+00,1.176642e+00,3.619237e-01,1.253372e+00,8.197096e-01,1.894114e+00
394520,1,7.061845e-01,9.411030e-01,7.061847e-01,2.150089e+00,3.680871e-02,2.485798e+00,4.671858e-01,2.024451e+00,5.348702e-01,1.494172e-02,2.844315e+00,9.604995e-01,1.644549e+00
394521,1,8.100768e-01,9.346483e-01,8.100769e-01,1.805771e+00,3.207442e-02,2.460156e+00,5.093556e-01,3.046360e+00,9.810897e-01,3.863074e+00,3.393042e+00,1.378960e+00,3.844054e+00
394522,1,8.884849e-01,9.731822e-01,8.884850e-01,1.508442e+00,3.061413e-02,5.021537e+00,4.334741e-01,2.343302e+00,1.407211e-01,3.006535e+00,2.338866e+00,2.672701e-01,3.598664e+00
394523,1,6.672227e-01,8.772205e-01,6.672229e-01,1.742820e+00,3.716729e-02,1.355358e+00,4.294134e-01,1.076815e+00,7.501012e-01,1.963457e+00,7.243910e-01,1.077411e+00,4.396205e-01
394524,1,9.907488e-01,9.893959e-01,9.907488e-01,8.062525e-01,3.551967e-02,1.394936e+01,3.562032e-01,2.107070e+00,2.854983e+00,3.705479e-01,1.902952e+00,1.848611e+00,2.439953e+00
394525,1,9.591968e-01,9.733572e-01,9.591968e-01,3.833538e+00,6.040620e-02,8.094337e+00,4.615582e-01,3.293213e+00,7.230899e-01,3.871652e+00,3.499501e+00,2.237027e+00,2.638463e+00
394526,1,7.674552e-01,9.519529e-01,7.674554e-01,3.409807e+00,5.654824e-02,1.099155e-01,5.231273e-01,2.638640e+00,1.160771e+00,3.358723e+00,2.486527e+00,3.126331e-01,2.898537e+00
394527,1,9.808143e-01,9.604937e-01,9.808143e-01,2.250569e+00,4.722254e-02,1.008993e+01,4.237716e-01,9.926085e-01,1.681323e-01,1.830451e+00,1.343243e+00,4.908124e-01,4.367409e-01
394528,1,7.567746e-01,8.865906e-01,7.567747e-01,3.290400e+00,5.636260e-02,2.928037e+00,4.996960e-01,6.098709e-01,1.107401e+00,1.601568e+00,1.015644e+00,1.572014e+00,1.974176e-02
394529,1,9.777115e-01,9.710306e-01,9.777115e-01,2.296452e+00,4.611031e-02,9.621445e+00,4.671748e-01,2.204649e+00,1.825641e+00,4.344659e-01,1.591310e+00,1.363942e+00,1.876274e+00
394530,1,9.808762e-01,9.844210e-01,9.808762e-01,3.040597e+00,5.733217e-02,1.010236e+01,5.382365e-01,7.578921e-01,2.526150e-01,1.854193e+00,1.364848e+00,1.244118e+00,4.058941e+00
394531,1,8.661513e-01,9.084581e-01,8.661513e-01,4.232578e+00,6.777937e-02,4.643992e+00,5.139546e-01,3.512738e-01,2.968386e+00,1.566798e+00,7.784070e-01,1.403554e+00,1.375298e+00
394532,1,9.904766e-01,9.816029e-01,9.904766e-01,1.440641e+00,4.460106e-02,1.377098e+01,3.986043e-01,1.443339e-01,9.065879e-01,1.361740e+00,3.713162e-01,3.160650e-01,6.528972e-01
394533,1,8.278313e-01,8.909326e-01,8.278313e-01,3.672617e+00,6.224567e-02,6.983605e-01,5.156724e-01,2.678237e+00,3.385604e-02,3.212697e+00,3.128447e+00,3.910092e-01,8.128187e-01
394534,1,9.875540e-01,9.637238e-01,9.875540e-01,2.494823e+00,4.450872e-02,1.242174e+01,4.245363e-01,2.912836e-01,1.854513e-01,1.335516e+00,6.398939e-01,6.182612e-01,6.120470e-01
394535,1,8.660275e-01,9.637733e-01,8.660276e-01,4.021474e+00,6.037295e-02,4.641657e+00,4.978160e-01,1.643437e-01,4.496555e+00,1.297248e+00,4.370037e-01,1.185586e+00,1.202826e+00
394536,1,9.342996e-01,9.819954e-01,9.342996e-01,3.504311e+00,5.546247e-02,6.473049e+00,5.056950e-01,5.364202e+00,2.734662e+00,3.211813e+00,3.514096e+00,9.374933e-01,2.012733e+00
394537,1,9.355460e-01,9.787583e-01,9.355460e-01,3.413725e+00,4.995748e-02,6.537006e+00,5.978709e-01,3.542223e+00,8.126016e-01,4.135087e+00,3.786591e+00,6.098266e-01,2.642992e+00
394538,1,7.656359e-01,9.191807e-01,7.656360e-01,3.389857e+00,5.530013e-02,1.840658e-01,5.114148e-01,1.616584e+00,1.614116e+00,2.505100e+00,1.374557e+00,9.898754e-01,6.840562e-01
394539,1,8.518905e-01,9.107582e-01,8.518905e-01,2.220100e+00,4.555683e-02,4.404818e+00,4.225480e-01,1.395121e+00,9.364525e-01,2.286934e+00,1.211123e+00,5.814200e-01,8.352315e-01
394540,1,9.842089e-01,9.553827e-01,9.842089e-01,2.080195e+00,4.638705e-02,1.097105e+01,4.422075e-01,3.246137e-02,1.147955e+00,9.959533e-01,3.158428e-01,1.084779e+00,3.614410e-01
394541,1,8.186146e-01,9.035026e-01,8.186147e-01,3.518554e+00,5.869892e-02,3.964793e+00,5.066426e-01,1.084282e+00,8.284798e-01,1.948861e+00,1.733100e+00,3.920476e-01,3.533612e-01
394542,1,7.618630e-01,8.948893e-01,7.618631e-01,2.982706e+00,5.186948e-02,2.241200e+00,5.043983e-01,2.757004e+00,1.393031e+00,3.250323e+00,2.871314e+00,2.322863e+00,1.065539e+00
394543,1,9.824197e-01,9.894083e-01,9.824197e-01,2.291272e+00,4.406167e-02,1.048170e+01,4.264050e-01,1.769498e+00,2.072453e-01,4.463002e-01,8.031802e-01,4.839399e-01,4.217577e+00
394544,1,9.783763e-01,9.812581e-01,9.783763e-01,3.400648e+00,5.308980e-02,9.714676e+00,5.277574e-01,1.793853e-02,2.711276e+00,1.156309e+00,6.156561e-01,1.199041e+00,3.169869e+00
394545,1,9.061845e-01,8.833835e-01,9.061845e-01,3.831459e+00,5.728982e-02,5.448023e+00,5.460398e-01,1.311652e+00,1.968766e-01,2.267721e+00,1.469586e+00,5.297227e-01,8.552408e-01
394546,1,9.406025e-01,9.878808e-01,9.406026e-01,3.633740e+00,5.416518e-02,4.181622e+00,5.486823e-01,2.614812e+00,7.202110e-01,3.232169e+00,2.756643e+00,1.793891e+00,3.601201e+00
394547,1,9.681766e-01,9.684972e-01,9.681766e-01,1.569372e+00,2.704338e-02,8.742389e+00,5.229292e-01,4.097465e+00,1.484468e-01,2.203935e+00,3.218186e+00,8.020019e-01,1.432364e-03
394548,1,8.435896e-01,9.772060e-01,8.435897e-01,2.700788e+00,3.386238e-02,3.300277e+00,6.111734e-01,1.002954e+00,1.398446e+00,2.136989e+00,1.229722e+00,1.440107e+00,3.702570e+00
394549,1,7.697589e-01,9.493204e-01,7.697591e-01,2.450420e+00,3.509429e-02,3.435910e+00,4.958637e-01,9.113856e-01,5.220496e-01,6.133943e-01,1.441983e+00,2.271828e+00,1.174157e+00
394550,1,9.461753e-01,8.956088e-01,9.461753e-01,9.735352e-01,2.092016e-02,7.119466e+00,4.447045e-01,2.986421e+00,1.704830e-01,3.643087e+00,3.318278e+00,5.036555e-01,9.807985e-02
394551,1,9.674976e-01,9.667699e-01,9.674976e-01,1.677613e+00,3.006720e-02,8.675244e+00,4.754457e-01,1.757726e+00,3.350728e-01,2.367429e+00,1.838528e+00,2.883402e-03,3.131533e+00
394552,1,9.558057e-01,9.561977e-01,9.558057e-01,2.765189e+00,4.225541e-02,1.378869e+00,5.110874e-01,1.635961e+00,1.257744e+00,2.543123e-01,8.376326e-01,2.051851e+00,1.052674e+00
394553,1,9.945572e-01,9.838658e-01,9.945571e-01,1.410450e+00,2.332997e-02,1.676897e+01,4.817897e-01,2.521685e+00,1.356796e-01,3.140539e+00,2.500335e+00,4.572512e-01,1.122365e+00
394554,1,8.880341e-01,9.319010e-01,8.880341e-01,3.941277e+00,5.431261e-02,5.011700e+00,5.392279e-01,3.507041e-01,1.878545e+00,1.410387e+00,4.846639e-01,1.297224e+00,1.299470e+00
394555,1,9.352596e-01,9.132669e-01,9.352596e-01,3.167741e+00,4.686886e-02,6.521668e+00,5.714989e-01,8.401492e-01,1.518053e-01,4.255015e-01,1.224331e-01,6.587482e-01,7.537595e-01
394556,1,9.653778e-01,9.020635e-01,9.653777e-01,3.279597e+00,5.486654e-02,1.340948e+00,5.389699e-01,9.663095e-01,1.870007e+00,3.549851e-01,4.082557e-01,8.699862e-01,1.034885e+00
394557,1,9.052846e-01,9.585596e-01,9.052847e-01,2.043056e+00,4.189827e-02,3.566467e+00,4.238452e-01,6.489677e-01,2.390095e+00,6.991829e-01,1.104462e-01,1.965362e+00,4.661559e-01
394558,1,9.589387e-01,9.758288e-01,9.589387e-01,7.524105e-01,2.453598e-02,8.072459e+00,3.879158e-01,3.469920e+00,2.132798e+00,3.988818e+00,3.487723e+00,3.170718e-01,9.421997e-01
394559,1,7.935529e-01,9.418491e-01,7.935531e-01,1.792135e+00,3.321065e-02,1.017991e+00,4.443247e-01,3.474185e+00,5.922263e-02,3.679418e+00,3.042854e+00,1.977428e+00,2.252701e+00
394560,1,8.304833e-01,9.490269e-01,8.304834e-01,1.236162e+00,2.456399e-02,4.126673e+00,4.512290e-01,1.207267e+00,2.543229e+00,1.744966e-02,7.259175e-01,7.985301e-01,3.093023e+00
394561,1,9.020863e-01,9.700017e-01,9.020863e-01,1.455238e+00,2.494218e-02,3.326906e+00,5.219772e-01,6.771630e-01,3.169775e+00,8.203315e-01,9.325444e-01,9.881731e-01,3.608839e+00
394562,1,7.851301e-01,9.712675e-01,7.851302e-01,1.779694e+00,3.259342e-02,1.781290e+00,4.138570e-01,8.188367e-01,1.833128e+00,6.024448e-01,5.643035e-01,2.309308e+00,2.091964e+00
394563,1,9.130780e-01,9.857116e-01,9.130781e-01,1.333045e+00,3.009926e-02,2.248847e+00,3.946817e-01,2.268140e+00,5.751433e-01,5.238649e-01,1.687232e+00,1.075639e+00,4.571252e+00
394564,1,9.442676e-01,9.348675e-01,9.442676e-01,1.177938e+00,1.958905e-02,4.204548e+00,5.096640e-01,1.240532e+00,1.303294e+00,3.682042e-01,9.324723e-01,1.199913e+00,2.293220e-01
394565,1,9.868928e-01,9.833231e-01,9.868928e-01,1.706195e+00,2.782746e-02,1.206308e+01,4.579393e-01,2.985402e+00,2.802406e-01,3.551064e+00,3.055809e+00,3.769144e-01,6.382386e-01
394566,1,8.848269e-01,9.090716e-01,8.848269e-01,3.365500e+00,4.269512e-02,7.189309e-01,5.852699e-01,1.897613e-02,7.631045e-01,1.085002e+00,1.292795e-01,2.346294e+00,1.433959e+00
394567,1,8.511832e-01,9.661069e-01,8.511833e-01,2.063561e+00,3.350803e-02,2.586577e+00,4.870446e-01,2.414536e+00,6.114123e-01,1.090490e+00,5.184039e-01,2.711049e-02,3.685575e+00
394568,1,8.824241e-01,9.268712e-01,8.824242e-01,1.932041e+00,3.834969e-02,3.740172e+00,4.476501e-01,2.965056e+00,2.500813e-01,3.273185e+00,2.884709e+00,2.387917e+00,5.164833e-01
394569,1,9.658693e-01,9.626842e-01,9.658693e-01,3.292356e-01,1.614292e-02,8.542731e+00,4.204050e-01,2.439266e+00,1.504210e+00,1.166293e+00,1.034827e+00,3.002316e-01,2.851571e+00
394570,1,9.479769e-01,8.688670e-01,9.479769e-01,1.791961e+00,2.912099e-02,1.885416e+00,4.691561e-01,1.224763e+00,1.268656e-01,2.062925e+00,1.476506e+00,2.779862e+00,3.360057e-02
394571,1,9.164054e-01,9.764405e-01,9.164055e-01,2.446550e+00,3.188142e-02,5.703837e+00,4.542065e-01,9.018327e-01,1.250800e-01,1.604593e+00,1.163944e+00,6.251757e-01,2.500033e+00
394572,1,9.232088e-01,9.856285e-01,9.232088e-01,1.800637e+00,2.599522e-02,4.051370e+00,5.453248e-01,5.767669e+00,5.152253e-01,3.371608e+00,6.035652e+00,2.028225e-01,2.293188e+00
394573,1,9.014286e-01,9.659761e-01,9.014286e-01,1.999632e+00,3.189620e-02,1.971446e+00,5.094466e-01,2.747694e+00,2.442332e+00,3.562558e+00,3.347604e+00,8.052189e-01,1.469038e+00
394574,1,9.455035e-01,9.815923e-01,9.455035e-01,1.035644e+00,2.720164e-02,5.503023e+00,4.567330e-01,1.072459e+00,3.861058e-01,1.913805e+00,1.206805e+00,1.284254e+00,4.569648e+00
394575,1,9.619213e-01,9.784524e-01,9.619213e-01,2.013771e+00,2.613794e-02,8.276349e+00,5.761091e-01,1.720320e+00,1.227485e+00,2.284978e+00,2.207496e+00,1.032145e-01,6.627181e-01
394576,1,9.070721e-01,9.582060e-01,9.070721e-01,2.922581e+00,3.449280e-02,2.870910e+00,6.286520e-01,1.326395e+00,5.127693e-01,3.111177e-01,5.299752e-01,1.549951e+00,4.773592e+00
394577,1,8.454637e-01,9.410270e-01,8.454638e-01,2.546444e+00,3.788264e-02,4.316449e+00,5.536115e-01,4.588586e-01,2.003592e+00,1.348627e+00,1.025144e+00,1.120295e+00,1.280155e+00
394578,1,7.618753e-01,9.172801e-01,7.618755e-01,2.539596e+00,3.865385e-02,1.098988e+00,4.787915e-01,1.105077e+00,1.139038e+00,1.932120e+00,8.256238e-01,1.946012e+00,5.995262e-01
394579,1,9.256062e-01,9.204465e-01,9.256062e-01,1.712310e+00,3.272786e-02,6.110906e+00,4.201750e-01,6.663365e-01,3.598582e-01,1.518511e+00,8.182241e-01,6.513197e-01,9.308665e-01
394580,1,7.459932e-01,9.006050e-01,7.459934e-01,2.201634e+00,3.480580e-02,1.393085e+00,4.503069e-01,2.557061e+00,1.549800e-01,3.183499e+00,2.337141e+00,1.503416e+00,1.586221e-01
394581,1,8.709497e-01,9.239523e-01,8.709497e-01,1.579092e+00,3.004519e-02,4.725094e+00,4.415165e-01,2.333962e-01,7.624778e-01,8.230639e-01,1.387566e-01,7.375161e-01,1.782733e+00
394582,1,8.909548e-01,9.528740e-01,8.909549e-01,1.784973e+00,2.877124e-02,5.072496e+00,4.766994e-01,1.576964e+00,4.113018e-01,2.557155e-02,1.345760e+00,1.945538e-01,1.284750e+00
394583,1,8.444064e-01,9.776250e-01,8.444065e-01,2.168142e+00,2.954025e-02,4.303162e+00,5.668479e-01,1.750038e+00,2.476963e+00,2.545794e+00,2.030799e+00,1.947057e+00,2.969765e+00
394584,1,6.697757e-01,8.971646e-01,6.697759e-01,1.998341e+00,3.280121e-02,2.235154e+00,4.889352e-01,1.382079e+00,1.595857e+00,2.136869e+00,1.813431e+00,1.430534e+00,8.179389e-01
394585,1,9.822217e-01,9.691602e-01,9.822217e-01,1.305119e+00,2.798008e-02,1.044255e+01,4.890439e-01,1.967340e+00,2.183605e-01,6.651788e-01,5.708871e-01,7.744754e-01,1.351446e+00
394586,1,6.716640e-01,9.160550e-01,6.716642e-01,2.623877e+00,4.591104e-02,2.095937e+00,6.149978e-01,3.444048e-01,6.345993e-01,1.425041e+00,5.317615e-01,3.227165e-01,5.667463e-01
394587,1,9.488892e-01,9.504165e-01,9.488892e-01,2.334297e+00,4.133412e-02,7.261175e+00,4.579441e-01,3.712516e+00,2.502727e+00,4.065173e+00,3.351823e+00,1.038562e+00,7.930845e-01
394588,1,9.648491e-01,9.382478e-01,9.648491e-01,2.579425e+00,4.280369e-02,8.470751e+00,4.835791e-01,1.698745e+00,1.032750e+00,2.479758e+00,1.418216e+00,1.404673e-01,1.851867e+00
394589,1,8.456034e-01,9.504342e-01,8.456035e-01,3.400840e+00,4.856863e-02,4.064204e+00,4.941556e-01,4.185902e-01,2.166245e+00,1.367681e+00,7.412651e-01,1.751567e+00,2.023867e-01
394590,1,9.930720e-01,9.801249e-01,9.930720e-01,2.309010e+00,4.588896e-02,1.516446e+01,5.509675e-01,1.206653e+00,1.576669e+00,2.068835e+00,1.342617e+00,4.649591e-01,1.592651e+00
394591,1,9.508464e-01,9.733519e-01,9.508465e-01,4.070725e+00,6.640943e-02,1.503607e+00,6.415354e-01,8.911092e-01,7.968427e-01,3.793545e-01,5.115441e-01,9.274941e-01,3.050408e+00
394592,1,8.661177e-01,9.548788e-01,8.661178e-01,2.819356e+00,4.796107e-02,4.441134e+00,5.073830e-01,5.201102e-01,3.900541e+00,1.599147e+00,1.303661e+00,1.216136e+00,1.010344e+00
394593,1,9.838942e-01,9.897106e-01,9.838942e-01,2.483396e+00,4.264061e-02,1.087123e+01,4.725814e-01,1.836954e+00,1.581132e+00,2.124627e-01,1.597741e+00,6.220340e-01,3.495396e+00
394594,1,9.534101e-01,9.614325e-01,9.534101e-01,3.704711e+00,4.808209e-02,7.587944e+00,6.732073e-01,5.132398e-01,2.245868e+00,8.513582e-01,2.187359e-01,4.503479e-01,4.680098e+00
394595,1,9.102722e-01,9.282449e-01,9.102722e-01,3.942022e+00,5.455797e-02,2.237223e+00,6.222973e-01,5.586058e+00,6.011620e-01,3.377055e+00,3.530831e+00,2.472317e+00,1.119532e+00
394596,1,8.992786e-01,9.689922e-01,8.992787e-01,2.127533e+00,3.484182e-02,5.254804e+00,5.594192e-01,3.520959e+00,2.903149e-01,3.997481e+00,3.786520e+00,8.874947e-01,1.779532e+00
394597,1,9.862758e-01,9.851723e-01,9.862758e-01,2.174221e+00,3.156457e-02,1.180472e+01,5.792254e-01,2.208312e+00,1.882239e+00,7.299009e-01,1.677055e+00,1.253711e-01,1.456045e+00
394598,1,9.511700e-01,9.145151e-01,9.511700e-01,3.571990e+00,4.942329e-02,6.352646e+00,5.874673e-01,2.958904e-01,4.836477e-01,9.446771e-01,3.520950e-01,1.162548e+00,1.609125e-03
394599,1,9.825576e-01,9.806376e-01,9.825576e-01,3.290355e+00,4.618227e-02,1.051595e+01,5.786386e-01,2.606776e+00,8.868932e-01,3.129694e+00,2.753664e+00,7.482310e-01,3.806248e+00
394600,1,9.955649e-01,9.958012e-01,9.955649e-01,3.506317e+00,4.994025e-02,1.783697e+01,7.122821e-01,1.626744e+00,2.634633e+00,3.759256e-01,1.322640e+00,5.382575e+00,8.576563e-01
394601,1,9.851265e-01,9.862950e-01,9.851265e-01,2.941124e+00,9.508607e-02,1.132541e+01,8.061848e-01,4.570777e-01,1.590504e+00,1.351462e+00,9.205103e-01,2.231896e+00,5.633168e+00
394602,1,9.502648e-01,9.883829e-01,9.502648e-01,6.380078e+00,1.073353e-01,8.866423e-01,6.645380e-01,5.413685e-01,2.550146e+00,1.442114e+00,8.784572e-01,7.334910e+00,9.045654e-01
394603,1,8.595106e-01,9.542883e-01,8.595107e-01,3.704915e+00,5.731087e-02,2.570077e+00,5.352202e-01,4.380882e+00,1.238495e-01,4.526798e+00,4.390556e+00,4.839463e-01,9.660812e-01
394604,1,9.567445e-01,9.829607e-01,9.567446e-01,1.905326e+00,3.859054e-02,7.597894e+00,4.563173e-01,1.760216e+00,7.477279e-01,2.113284e+00,1.613764e+00,9.247262e-01,2.475714e+00
394605,1,9.858638e-01,9.497801e-01,9.858638e-01,2.518328e+00,4.185509e-02,1.165388e+01,5.373690e-01,1.083270e+00,1.186151e+00,1.812756e+00,1.338676e+00,3.988893e-01,1.509657e+00
394606,1,9.270277e-01,9.574087e-01,9.270277e-01,3.648527e+00,5.280548e-02,3.922690e+00,5.491920e-01,2.153639e-01,6.947703e-01,1.249735e+00,4.216923e-01,5.168605e-01,1.133415e+00
394607,1,9.055127e-01,9.713383e-01,9.055127e-01,2.014640e+00,3.646107e-02,3.325150e+00,4.326196e-01,1.896922e+00,1.155574e+00,2.617955e+00,2.053912e+00,3.254164e+00,2.152918e+00
394608,1,9.024682e-01,9.600182e-01,9.024682e-01,1.697354e+00,2.975737e-02,5.337528e+00,4.995497e-01,3.445874e+00,2.432677e-01,1.680516e+00,2.797502e+00,5.391821e-02,2.521095e+00
394609,1,9.212869e-01,9.554764e-01,9.212870e-01,2.218590e+00,3.071328e-02,2.767777e+00,5.421317e-01,8.315177e-01,2.539611e+00,2.023491e+00,8.597393e-01,2.100305e+00,7.842772e-01
394610,1,9.165999e-01,9.265317e-01,9.165999e-01,1.754679e+00,2.642573e-02,5.816171e+00,5.633776e-01,1.617276e+00,1.986538e+00,8.339433e-02,8.472808e-01,5.381550e-02,1.351048e+00
394611,1,9.487248e-01,9.915917e-01,9.487249e-01,2.328215e+00,2.942057e-02,4.452585e+00,6.226214e-01,4.425224e+00,1.051037e+00,4.651114e+00,4.202059e+00,5.789222e-01,3.574513e+00
394612,1,7.695114e-01,9.709917e-01,7.695116e-01,2.393414e+00,3.116480e-02,1.162597e+00,5.503826e-01,5.368412e-01,2.633254e+00,6.067282e-01,6.391943e-01,1.970986e+00,2.835070e+00
394613,1,9.239673e-01,9.830066e-01,9.239673e-01,1.730258e+00,2.440700e-02,3.202357e+00,5.294860e-01,2.036331e+00,4.770372e+00,4.077712e-01,1.757923e+00,2.410709e-01,5.134364e+00
394614,1,9.842089e-01,9.438946e-01,9.842089e-01,1.518355e+00,2.573012e-02,1.097014e+01,5.534670e-01,3.972350e-01,1.627846e-01,9.921452e-01,2.178509e-01,6.765378e-01,1.009677e+00
394615,1,8.902706e-01,9.683169e-01,8.902707e-01,3.161163e+00,4.237642e-02,1.420786e+00,5.778010e-01,5.058628e+00,1.024242e+00,2.697438e+00,4.587246e+00,2.451019e+00,1.557166e+00
394616,1,9.334615e-01,9.744268e-01,9.334616e-01,1.767440e+00,2.795400e-02,6.431995e+00,4.956655e-01,2.551398e+00,5.323911e-01,7.107231e-01,7.547971e-01,7.071715e-01,4.399384e+00
394617,1,9.125246e-01,9.221137e-01,9.125247e-01,2.166640e+00,3.040061e-02,6.425375e-01,5.993240e-01,2.364147e+00,3.020269e+00,2.971299e+00,3.086896e+00,1.227716e+00,1.311669e+00
394618,1,9.653566e-01,9.644964e-01,9.653566e-01,1.266847e+00,2.001090e-02,8.504274e+00,5.227192e-01,3.511414e+00,6.705657e-01,2.020565e+00,2.608479e+00,6.336884e-01,2.848349e+00
394619,1,8.947472e-01,9.140537e-01,8.947472e-01,2.353727e+00,2.396126e-02,5.155230e+00,6.621408e-01,4.379157e-01,1.043755e+00,1.459848e+00,3.468047e-01,8.019147e-01,1.126112e+00
394620,1,9.634241e-01,9.711579e-01,9.634241e-01,2.550053e+00,2.759797e-02,3.742389e+00,6.532496e-01,1.150684e+00,2.008396e-01,1.935993e+00,8.384659e-01,5.079774e-01,2.231450e+00
394621,1,9.128500e-01,9.930980e-01,9.128500e-01,2.705889e+00,2.833785e-02,1.245250e-01,6.178211e-01,2.058308e-01,4.003303e-01,9.859935e-01,1.478601e+00,2.986411e+00,5.679893e+00
394622,1,9.240504e-01,9.911780e-01,9.240504e-01,1.521764e+00,2.235562e-02,5.655599e-01,5.331954e-01,3.242499e+00,2.187896e+00,3.481882e+00,2.945663e+00,1.298638e+00,6.060735e+00
394623,1,9.556908e-01,9.251457e-01,9.556908e-01,1.087201e+00,1.543454e-02,7.784522e+00,5.415710e-01,7.745110e-01,4.169845e-01,1.358321e+00,8.045335e-01,1.386533e+00,1.137350e-01
394624,1,9.263947e-01,9.051185e-01,9.263947e-01,1.922583e+00,2.380390e-02,6.140289e+00,5.496162e-01,1.265915e+00,6.016046e-01,4.962036e-02,1.350820e+00,1.360538e-01,5.955851e-01
394625,1,7.861255e-01,9.754505e-01,7.861256e-01,2.515782e+00,2.959056e-02,1.091094e+00,5.834612e-01,2.567116e+00,1.078776e+00,3.196462e+00,2.322590e+00,2.229670e+00,3.087735e+00
394626,1,8.387187e-01,9.215727e-01,8.387188e-01,1.705319e+00,2.870381e-02,4.233989e+00,4.548387e-01,1.105544e+00,1.730565e+00,3.091680e-01,1.173661e+00,1.115509e+00,1.088983e+00
394627,1,9.212463e-01,9.915758e-01,9.212463e-01,1.780394e+00,3.109810e-02,5.858003e+00,4.511819e-01,4.908714e+00,1.799371e+00,2.687586e+00,4.139143e+00,8.796651e-01,4.597890e+00
394628,1,9.388893e-01,9.828157e-01,9.388894e-01,2.118938e+00,2.821450e-02,6.032765e+00,5.715393e-01,6.304459e+00,8.147554e-01,3.643035e+00,4.959359e+00,3.923629e-01,5.625409e-01
394629,1,9.649711e-01,9.708998e-01,9.649711e-01,2.751881e+00,3.234409e-02,8.480026e+00,6.138003e-01,2.119761e-01,6.213739e-01,1.196660e+00,6.265010e-01,1.429277e+00,3.009921e+00
394630,1,9.697872e-01,9.847799e-01,9.697872e-01,6.438645e-01,4.138069e-02,8.886156e+00,6.049336e-01,4.083241e+00,1.086558e+00,2.209093e+00,2.825665e+00,3.317500e+00,1.534657e-01
394631,1,9.967619e-01,9.981773e-01,9.967619e-01,1.665305e+00,5.485819e-02,1.992835e+01,7.007202e-01,6.818038e+00,6.390830e-01,4.435411e+00,5.090462e+00,7.571931e+00,4.808181e+00
394632,1,9.854041e-01,9.855648e-01,9.854041e-01,3.084099e+00,1.187710e-01,1.144908e+01,6.459800e-01,9.131711e+00,1.198358e+00,6.250897e+00,7.118121e+00,3.719618e+00,1.358687e-01
394633,1,9.949002e-01,9.951824e-01,9.949002e-01,5.668926e+00,9.735036e-02,1.733617e+01,6.948560e-01,3.746803e+00,2.484588e+00,4.066393e+00,4.387197e+00,4.870539e+00,1.254304e+00
394634,1,9.818274e-01,9.803865e-01,9.818274e-01,6.720131e-01,1.978568e-02,1.035573e+01,4.727499e-01,2.005603e+00,2.553498e-01,9.851063e-01,5.961862e-01,7.806447e-01,2.377913e+00
394635,1,9.822040e-01,9.872886e-01,9.822040e-01,1.043714e+01,2.899573e-02,6.099865e+00,5.895474e-01,3.875371e+00,9.011757e-01,3.652577e+00,3.781868e+00,2.215580e+00,1.667730e+00
394636,1,9.239178e-01,9.848223e-01,9.239178e-01,3.468330e+00,4.843841e-02,6.998053e-01,6.604771e-01,6.057088e+00,4.166517e+00,5.119702e+00,5.749272e+00,1.396227e+00,5.039794e-01
394637,1,8.295993e-01,9.763468e-01,8.295994e-01,2.125915e+00,2.443128e-02,8.260669e-01,5.091720e-01,1.276975e+00,1.135956e+00,1.249804e+00,2.014162e+00,1.279928e+00,3.610309e+00
394638,1,9.795838e-01,9.834415e-01,9.795838e-01,1.151190e+00,1.674404e-02,9.859358e+00,5.186704e-01,3.070910e+00,2.974253e+00,2.984482e+00,3.463651e+00,1.296125e-01,4.066861e-01
394639,1,9.288753e-01,9.940668e-01,9.288753e-01,2.521500e+00,3.021654e-02,6.242918e+00,6.473668e-01,4.113143e+00,4.085114e+00,3.920527e+00,3.713567e+00,2.921620e+00,4.959985e+00
394640,1,7.788023e-01,9.785956e-01,7.788025e-01,5.504260e-01,1.470140e-02,2.340762e+00,4.451782e-01,4.547290e-01,2.924805e+00,4.708636e-01,1.121187e+00,1.401945e+00,3.483789e+00
394641,1,9.821457e-01,9.845889e-01,9.821457e-01,5.930151e-01,1.573925e-02,1.042492e+01,5.263189e-01,4.411210e+00,6.139840e-01,4.683336e+00,3.954744e+00,2.830946e-01,7.480607e-01
394642,1,8.890259e-01,9.878207e-01,8.890260e-01,2.494255e+00,3.098055e-02,3.178239e+00,5.966688e-01,4.798823e+00,4.266175e-01,4.887285e+00,4.555151e+00,2.561416e+00,5.032856e+00
394643,1,9.856958e-01,9.811096e-01,9.856958e-01,9.234994e-01,2.300385e-02,7.962139e+00,4.127266e-01,3.551081e+00,1.139830e+00,1.584297e+00,4.253215e+00,7.934822e-01,1.692430e+00
394644,1,9.186119e-01,9.813235e-01,9.186120e-01,1.189412e+00,4.055066e-02,5.885016e+00,5.282142e-01,2.888148e+00,4.091016e+00,7.575494e-01,2.487460e+00,1.104761e-01,7.542016e-03
394645,1,8.749419e-01,9.784931e-01,8.749420e-01,2.258750e+00,4.456690e-02,3.357703e+00,4.920116e-01,4.030648e+00,2.938296e+00,4.784774e+00,4.401780e+00,6.649485e-01,9.500482e-02
394646,1,9.112623e-01,9.714408e-01,9.112623e-01,1.978507e+00,4.106944e-02,3.923990e+00,4.570446e-01,3.877186e+00,1.593020e-01,4.264688e+00,3.687105e+00,3.388572e-01,1.856377e+00
394647,1,9.804767e-01,9.171157e-01,9.804766e-01,1.659605e+00,4.223563e-02,5.554002e+00,4.070675e-01,2.153954e+00,1.767923e+00,2.826540e+00,2.103760e+00,1.306398e+00,5.835642e-01
394648,1,8.528028e-01,9.708185e-01,8.528029e-01,2.337477e+00,4.121681e-02,3.012227e+00,4.187063e-01,3.895768e+00,1.188101e+00,4.382670e+00,3.721905e+00,1.963211e-01,5.257499e-01
394649,1,7.621158e-01,9.271629e-01,7.621159e-01,2.152242e+00,3.936661e-02,6.820142e-01,4.488174e-01,2.218046e+00,3.349498e+00,6.285776e-01,1.587795e+00,2.191671e+00,5.451369e-01
394650,1,8.907975e-01,9.507825e-01,8.907975e-01,1.199089e+00,3.028802e-02,5.069924e+00,3.897753e-01,2.060721e-01,3.586268e-01,1.713996e+00,1.754595e-01,6.118460e-01,3.478016e+00
394651,1,9.358837e-01,9.145504e-01,9.358837e-01,1.299089e+00,3.085806e-02,6.555497e+00,4.210964e-01,5.749316e-01,1.534845e-02,2.092136e+00,9.081181e-01,6.272228e-01,5.904140e-01
394652,1,9.497184e-01,9.787795e-01,9.497185e-01,1.659787e+00,4.015083e-02,5.261781e+00,4.344055e-01,2.927386e+00,1.321029e+00,8.294477e-01,2.478431e+00,2.889053e-01,2.944827e+00
394653,1,9.681978e-01,9.664941e-01,9.681978e-01,2.434203e+00,3.682906e-02,8.744145e+00,5.550269e-01,3.408103e+00,1.029007e-01,1.417153e+00,1.043754e+00,1.029029e+00,1.584535e+00
394654,1,9.420099e-01,9.635894e-01,9.420099e-01,2.797285e+00,4.222894e-02,1.995473e+00,6.062152e-01,2.111421e+00,2.651233e+00,2.030849e-01,1.629052e+00,7.017572e-01,2.384618e+00
394655,1,9.855314e-01,9.852820e-01,9.855314e-01,2.293232e+00,3.653309e-02,1.149777e+01,5.276329e-01,1.827532e+00,5.371653e-02,2.703947e+00,2.657982e+00,6.352858e-02,2.528961e+00
394656,1,9.289920e-01,9.658294e-01,9.289920e-01,3.520086e+00,5.153965e-02,6.246646e+00,5.395025e-01,1.994856e+00,2.220934e+00,5.432689e-01,6.028127e-01,5.772046e-01,3.069481e+00
394657,1,9.292678e-01,9.675619e-01,9.292678e-01,3.529071e+00,5.006917e-02,6.258596e+00,6.137181e-01,2.333088e-01,1.135506e+00,1.421484e+00,7.510928e-01,7.415585e-01,7.688662e-01
394658,1,8.551029e-01,9.788255e-01,8.551031e-01,3.497592e+00,5.205242e-02,3.019852e+00,5.880591e-01,3.636121e+00,3.315162e+00,1.650523e+00,3.816367e+00,1.569985e+00,4.454436e+00
394659,1,9.997428e-01,9.988756e-01,9.997428e-01,5.224930e+01,3.775907e-02,2.279289e+01,4.481532e-01,4.686386e+00,2.236777e+00,2.319316e+00,3.695754e+00,2.781579e+00,1.356426e+00
394660,1,9.892177e-01,9.963474e-01,9.892177e-01,6.436587e+00,1.194471e-01,1.331415e+01,1.091321e+00,4.785460e+00,2.560821e+00,4.812655e+00,5.829157e+00,1.603050e+00,5.094554e+00
394661,1,9.862740e-01,9.760197e-01,9.862740e-01,1.132644e+01,1.004508e-01,5.606509e+00,7.192809e-01,3.815697e+00,3.688179e+00,3.918909e+00,3.329325e+00,1.576577e+00,2.725486e+00
394662,1,9.839826e-01,9.770027e-01,9.839826e-01,2.421168e+00,4.887666e-02,1.089546e+01,3.675012e-01,1.975207e+00,1.334092e+00,2.526497e+00,1.757414e+00,6.437301e-01,4.397620e-02
394663,1,8.479814e-01,8.925574e-01,8.479814e-01,3.601771e+00,6.254306e-02,3.391908e+00,4.426210e-01,4.113155e+00,7.047287e-01,4.349333e+00,3.585723e+00,4.113900e-01,9.587233e-01
394664,1,9.760195e-01,8.901600e-01,9.760194e-01,2.994669e+00,5.598269e-02,9.422252e+00,4.210296e-01,5.483598e-01,1.605522e-01,1.455510e+00,3.421306e-01,2.754490e-01,3.595980e-01
394665,1,8.410331e-01,9.368158e-01,8.410331e-01,3.628635e+00,6.380174e-02,4.261791e+00,4.126103e-01,3.433109e+00,4.166150e+00,3.899979e+00,3.693931e+00,8.060128e-01,5.247063e-01
394666,1,9.780686e-01,9.421709e-01,9.780686e-01,3.289344e+00,5.901761e-02,6.291765e+00,3.862928e-01,1.960260e+00,1.001147e+00,2.713151e+00,1.500432e+00,1.649399e+00,4.275987e-01
394667,1,7.902503e-01,8.370637e-01,7.902503e-01,3.238333e+00,5.513706e-02,3.683382e-01,4.113690e-01,5.232258e-01,8.979852e-01,1.704917e+00,1.155697e-01,2.055160e-01,1.944676e+00
394668,1,9.817779e-01,8.940654e-01,9.817778e-01,2.218218e+00,4.666789e-02,3.710471e+00,3.515899e-01,2.866177e+00,7.173327e-01,8.642674e-01,2.155416e+00,3.555838e-01,7.689477e-01
394669,1,9.200104e-01,9.873080e-01,9.200105e-01,2.080033e+00,4.772607e-02,4.291012e+00,3.414958e-01,1.662894e+00,1.414322e-01,2.163854e-01,1.069937e+00,1.459540e+00,5.932954e+00
394670,1,9.862846e-01,9.877518e-01,9.862846e-01,2.007411e+00,3.968296e-02,1.180901e+01,4.427349e-01,5.834921e-01,7.979731e-01,1.955848e+00,7.508172e-01,1.166985e+00,5.118666e-01
394671,1,9.186897e-01,9.695332e-01,9.186898e-01,3.397727e+00,5.352841e-02,1.472603e+00,5.621577e-01,5.888166e+00,2.513631e+00,3.253907e+00,5.354035e+00,1.705500e+00,1.344810e+00
394672,1,9.876442e-01,9.984831e-01,9.876442e-01,2.486034e+00,4.467506e-02,2.088760e+00,5.183783e-01,1.247203e+01,2.737556e+00,8.120462e+00,1.215906e+01,2.908632e-01,3.247585e+00
394673,1,9.510250e-01,9.230242e-01,9.510250e-01,2.102244e+00,3.295747e-02,2.296896e-02,5.987267e-01,2.496279e+00,8.155602e-01,3.866698e+00,4.099556e+00,8.213528e-01,4.589303e-01
394674,1,9.531449e-01,9.846968e-01,9.531449e-01,1.363106e+00,1.890353e-02,4.479333e+00,5.225545e-01,7.567154e+00,1.044451e+00,5.146883e+00,5.187074e+00,1.958567e+00,1.689220e+00
394675,1,9.669725e-01,9.917526e-01,9.669726e-01,1.333707e+00,2.126462e-02,8.629541e+00,5.247467e-01,4.221047e+00,1.837511e+00,4.627850e+00,4.357912e+00,1.981866e-01,2.277082e+00
394676,1,9.603708e-01,9.854464e-01,9.603708e-01,2.719204e+00,2.781328e-02,3.443353e+00,6.219073e-01,1.552965e+00,2.756783e+00,1.734805e+00,2.526156e+00,1.755457e+00,4.385731e+00
394677,1,8.616375e-01,9.614325e-01,8.616376e-01,2.294170e+00,2.491691e-02,3.260440e+00,5.652343e-01,1.946330e+00,2.267352e+00,2.181106e+00,1.907378e+00,9.842834e-01,3.352681e+00
394678,1,9.383589e-01,9.251527e-01,9.383589e-01,2.155200e+00,2.329480e-02,6.684810e+00,5.888996e-01,5.065916e-01,3.269310e-01,1.034862e+00,9.519448e-01,1.131003e+00,7.854911e-01
394679,1,9.819989e-01,9.613052e-01,9.819989e-01,2.419836e+00,3.382884e-02,1.039561e+01,5.558971e-01,2.619255e+00,2.065713e+00,1.523680e+00,3.638714e-01,6.692146e-01,1.153094e+00
394680,1,8.861706e-01,9.435127e-01,8.861706e-01,3.087753e+00,5.043120e-02,4.973235e+00,5.964894e-01,2.335477e+00,4.579235e+00,2.622281e+00,2.651259e+00,4.515656e-01,1.017168e+00
394681,1,9.498440e-01,9.350249e-01,9.498440e-01,3.208592e+00,4.759394e-02,7.309867e+00,5.629174e-01,6.116069e-01,6.333819e-01,1.380709e+00,5.293402e-01,9.549579e-01,2.109731e+00
394682,1,7.675542e-01,9.553190e-01,7.675544e-01,3.411037e+00,4.388057e-02,2.101270e+00,6.215642e-01,1.719770e+00,2.007012e+00,4.016610e-01,7.213393e-01,1.128805e+00,1.233606e+00
394683,1,9.869564e-01,9.741493e-01,9.869564e-01,1.886943e+00,3.115891e-02,1.209407e+01,5.174510e-01,5.062927e+00,4.498120e-02,3.077055e+00,3.636271e+00,3.209635e-01,6.758892e-01
394684,1,9.642516e-01,9.860934e-01,9.642516e-01,3.483836e+00,4.494056e-02,8.433591e+00,6.280101e-01,2.011259e+00,4.287934e-01,2.884405e+00,2.233977e+00,6.869681e-01,2.566224e+00
394685,1,9.532032e-01,9.463856e-01,9.532032e-01,3.668676e+00,5.007303e-02,4.520179e+00,6.195634e-01,1.155211e+00,1.146511e+00,1.917256e-02,2.571075e-01,2.966556e-01,8.594372e-01
394686,1,9.893521e-01,9.829288e-01,9.893521e-01,3.436374e+00,5.223955e-02,5.011768e+00,5.803274e-01,8.570179e-01,1.334972e+00,5.231584e-01,1.387594e+00,6.361335e-01,4.826045e-01
394687,1,9.805562e-01,9.845659e-01,9.805562e-01,3.341455e+00,5.686092e-02,5.573426e+00,5.477167e-01,3.997996e+00,2.264963e+00,4.314187e+00,4.463081e+00,3.623790e+00,2.791551e+00
394688,1,9.807896e-01,9.670015e-01,9.807896e-01,1.135294e+00,2.526657e-02,1.008514e+01,4.834163e-01,1.329318e+00,2.080085e+00,1.816564e+00,1.647706e+00,1.137625e-01,2.849798e+00
394689,1,9.434703e-01,9.718492e-01,9.434703e-01,1.340741e+00,3.329637e-02,2.750591e+00,6.143302e-01,2.997358e+00,8.429119e-02,3.354760e+00,2.646652e+00,1.852245e+00,2.255853e+00
394690,1,7.805491e-01,9.777947e-01,7.805493e-01,2.585078e+00,3.592465e-02,2.620657e+00,5.400281e-01,1.812116e+00,1.266244e+00,2.537957e+00,1.468357e+00,1.631866e+00,1.797000e+00
394691,1,7.219535e-01,8.901105e-01,7.219536e-01,1.794052e+00,3.416977e-02,1.442990e+00,4.749093e-01,7.669867e-01,1.745292e+00,1.825133e+00,1.331601e-01,1.121918e+00,3.300948e-01
394692,1,8.922685e-01,9.764370e-01,8.922685e-01,1.402336e+00,3.055603e-02,5.102026e+00,4.507232e-01,2.842557e-01,1.812896e+00,1.638320e+00,1.027027e-01,1.007080e+00,2.571200e+00
394693,1,9.574889e-01,9.573044e-01,9.574889e-01,1.712423e+00,2.862406e-02,7.944119e+00,5.212238e-01,1.796512e+00,1.773159e+00,2.740187e+00,1.899480e+00,1.071674e-02,1.899243e-02
394694,1,9.421018e-01,9.766067e-01,9.421019e-01,2.618570e+00,3.919975e-02,6.911241e+00,5.620997e-01,5.370881e-01,4.213810e-01,7.561307e-01,2.622486e-01,1.298383e+00,4.127489e+00
394695,1,9.675542e-01,9.269136e-01,9.675542e-01,3.000827e+00,4.625132e-02,9.715113e-01,5.288663e-01,1.241872e+00,5.834718e-01,4.230738e-01,1.425290e+00,9.563061e-01,4.366086e-01
394696,1,9.806358e-01,9.568783e-01,9.806358e-01,6.001121e+00,3.410710e-02,1.005041e+01,5.215635e-01,2.604478e+00,1.780927e-01,3.479909e+00,2.893359e+00,8.536797e-01,1.306366e+00
394697,1,9.597237e-01,9.547321e-01,9.597237e-01,2.253435e+00,4.988036e-02,8.135122e+00,6.579969e-01,2.198740e+00,1.233230e+00,2.884956e+00,2.182697e+00,1.089427e+00,9.603225e-01
394698,1,9.348565e-01,8.873419e-01,9.348564e-01,4.138357e+00,5.361808e-02,6.501131e+00,6.256006e-01,1.136070e+00,6.455451e-01,2.124142e+00,1.347639e+00,6.154918e-01,3.155139e-01
394699,1,9.050353e-01,9.432582e-01,9.050353e-01,3.522811e+00,5.171322e-02,5.412660e+00,5.917800e-01,1.446808e+00,1.473799e+00,2.471249e+00,1.347353e+00,3.754208e-01,1.575857e+00
394700,1,7.556148e-01,9.051521e-01,7.556149e-01,3.277824e+00,5.512503e-02,8.284186e-01,5.324672e-01,1.687892e+00,3.671967e-01,2.621172e+00,1.851894e+00,1.697688e+00,5.631445e-01
394701,1,9.907524e-01,9.812387e-01,9.907524e-01,1.845827e+00,4.115412e-02,1.395191e+01,4.688944e-01,1.366358e+00,4.245853e-01,1.562863e-01,5.095349e-01,6.565424e-01,9.239962e-01
394702,1,8.766851e-01,9.435622e-01,8.766852e-01,3.736743e+00,5.926649e-02,4.811861e+00,5.783365e-01,2.254967e+00,7.515338e-01,3.147092e+00,2.163013e+00,6.020733e-01,2.056578e+00
394703,1,9.836096e-01,9.970582e-01,9.836096e-01,3.466782e+00,6.277845e-02,2.060130e-01,4.720155e-01,2.283641e+00,4.976656e+00,3.117824e+00,2.174706e+00,7.368886e-01,1.077158e+01
394704,1,9.189249e-01,9.722328e-01,9.189249e-01,2.394411e+00,6.302987e-02,4.908726e+00,3.438481e-01,2.402161e-01,3.929990e+00,9.588119e-01,7.588062e-01,1.891613e+00,2.207052e+00
394705,1,8.702725e-01,9.557221e-01,8.702726e-01,3.817161e-01,6.551302e-02,3.004866e-01,3.207508e-01,1.217020e+00,1.097751e+00,2.185861e+00,1.696905e+00,4.714914e+00,2.831529e+00
394706,1,9.870095e-01,9.831481e-01,9.870095e-01,2.247223e+00,4.684816e-02,1.947785e+00,3.639930e-01,1.038321e+00,2.960717e+00,2.063669e+00,1.435214e+00,8.549017e-01,5.588375e+00
394707,1,8.460525e-01,9.825646e-01,8.460526e-01,1.386641e+00,3.098595e-02,2.786953e+00,3.861524e-01,2.364936e-01,4.324168e+00,1.170079e+00,9.290209e-01,1.285442e+00,3.140167e+00
394708,1,9.864243e-01,9.825699e-01,9.864243e-01,1.365064e+00,2.591391e-02,1.090932e+01,4.093597e-01,1.314386e+00,1.044444e+00,2.662343e+00,1.624301e+00,7.238123e-01,1.918381e+00
394709,1,9.947057e-01,9.891838e-01,9.947057e-01,2.872221e+00,4.637971e-02,1.702644e+01,5.099200e-01,1.119307e+00,1.233703e+00,3.499316e-01,7.136587e-01,4.121062e-01,1.535457e+00
394710,1,9.285358e-01,9.814650e-01,9.285359e-01,4.850904e+00,7.158712e-02,3.860455e+00,5.964058e-01,6.227686e+00,2.224879e+00,3.650205e+00,4.292451e+00,1.783716e+00,1.548679e+00
394711,1,9.849515e-01,9.839754e-01,9.849515e-01,2.378847e+00,4.907873e-02,1.125882e+01,4.531910e-01,7.058332e+00,4.136117e-01,4.118363e+00,4.746219e+00,1.158753e+00,2.158234e+00
394712,1,9.808179e-01,9.818875e-01,9.808179e-01,2.258951e+00,5.671495e-02,1.009028e+01,6.255996e-01,2.879431e+00,6.830341e-01,1.196677e+00,1.079331e-01,4.297752e-01,2.686829e+00
394713,1,8.208741e-01,9.689374e-01,8.208742e-01,3.994801e+00,6.619037e-02,2.312755e+00,6.150964e-01,2.962830e+00,3.374931e+00,3.398589e+00,3.471418e+00,7.283654e-01,8.206618e-03
394714,1,8.098823e-01,8.778517e-01,8.098824e-01,3.263412e+00,4.780028e-02,3.328122e+00,6.103848e-01,9.075512e-01,1.097548e+00,1.669344e-02,1.284230e-01,2.628592e+00,5.948295e-01
394715,1,9.599394e-01,9.511113e-01,9.599393e-01,2.654977e+00,3.998222e-02,8.151926e+00,5.640463e-01,2.486647e+00,4.363190e-01,1.248682e+00,8.154926e-01,8.194719e-01,2.773127e+00
394716,1,7.942619e-01,9.673922e-01,7.942620e-01,3.273632e+00,4.619523e-02,2.961596e+00,6.480832e-01,1.815529e+00,1.360744e+00,2.453434e+00,2.221945e+00,2.246549e+00,2.888390e+00
394717,1,9.843168e-01,9.885951e-01,9.843168e-01,2.569892e+00,4.057348e-02,1.100213e+01,5.056361e-01,2.195470e-01,1.772619e+00,1.074800e+00,2.890911e-01,5.794640e-01,1.962552e+00
394718,1,9.010042e-01,9.696181e-01,9.010043e-01,3.582220e+00,4.805326e-02,4.845934e+00,6.314580e-01,2.188565e+00,1.802554e+00,7.312586e-01,1.122013e+00,1.286117e+00,2.257699e+00
394719,1,8.823021e-01,9.664181e-01,8.823022e-01,3.309247e+00,4.891430e-02,4.271337e-01,5.692654e-01,3.245845e+00,1.524995e+00,1.543580e+00,2.098929e+00,2.583830e+00,7.907308e-01
394720,1,9.202544e-01,9.459313e-01,9.202544e-01,1.973282e+00,3.335923e-02,5.941615e+00,5.435882e-01,4.192873e-01,3.968455e-02,1.352100e+00,1.455534e+00,1.512533e+00,2.022264e+00
394721,1,9.946208e-01,9.771088e-01,9.946208e-01,3.327253e+00,3.802639e-02,1.687170e+01,5.714829e-01,4.190755e+00,1.153910e+00,2.416254e+00,3.386257e+00,1.700651e+00,1.615976e+00
394722,1,9.365980e-01,9.776374e-01,9.365980e-01,4.750229e+00,6.108903e-02,6.590640e+00,7.087731e-01,4.237308e+00,1.252927e+00,4.557220e+00,4.397062e+00,2.339977e+00,2.909451e+00
394723,1,9.861290e-01,9.690152e-01,9.861290e-01,1.927413e+00,3.147779e-02,1.176219e+01,5.244098e-01,3.539091e+00,1.291300e-01,3.559232e+00,3.457034e+00,4.540703e-01,1.229100e+00
394724,1,9.519373e-01,9.409793e-01,9.519373e-01,3.284876e+00,5.032128e-02,7.461973e+00,5.618619e-01,3.342993e+00,1.411587e+00,3.436893e+00,3.077369e+00,1.357501e+00,1.756850e-01
394725,1,9.486859e-01,9.422168e-01,9.486859e-01,3.406572e+00,5.208804e-02,7.251305e+00,5.499739e-01,3.978776e+00,8.328516e-01,4.011576e+00,3.652146e+00,5.281260e-01,8.630182e-01
394726,1,9.280372e-01,9.295461e-01,9.280372e-01,3.504934e+00,5.462709e-02,6.204370e+00,5.363454e-01,2.992446e+00,5.448034e-01,3.261171e+00,2.781631e+00,3.903141e-01,3.084181e-01
394727,1,7.901035e-01,8.955628e-01,7.901036e-01,3.643623e+00,5.726780e-02,1.513803e+00,5.333040e-01,2.884615e+00,1.260889e+00,3.336122e+00,2.880770e+00,1.648845e+00,2.892403e-01
394728,1,9.269375e-01,9.739583e-01,9.269376e-01,2.045974e+00,4.192616e-02,6.159222e+00,4.227219e-01,1.246372e+00,4.081420e-01,2.104292e+00,1.631865e+00,3.464733e-01,3.937176e+00
394729,1,9.761450e-01,9.881725e-01,9.761450e-01,2.555375e+00,4.219761e-02,3.032443e+00,5.301298e-01,8.505828e+00,1.449913e-01,5.230419e+00,9.434469e+00,1.843580e+00,3.010185e+00
394730,1,9.788289e-01,9.695809e-01,9.788289e-01,2.182019e+00,4.536097e-02,9.777684e+00,4.583564e-01,1.738163e+00,1.152457e+00,3.379754e+00,1.912442e+00,6.640410e-01,1.172347e-01
394731,1,9.496495e-01,9.833337e-01,9.496495e-01,3.128548e+00,5.136585e-02,7.298390e+00,5.556614e-01,8.320733e-01,1.384545e+00,7.001103e-01,3.482183e-02,1.579490e-01,5.552785e+00
394732,1,9.739350e-01,9.744640e-01,9.739350e-01,3.500591e+00,5.933959e-02,5.636875e-01,5.167594e-01,2.678340e+00,3.018858e+00,3.461345e+00,3.052561e+00,2.465284e+00,3.307919e+00
394733,1,9.848773e-01,9.896169e-01,9.848773e-01,2.055815e+00,4.158670e-02,1.122776e+01,4.399967e-01,1.662319e+00,5.233133e-01,2.451402e+00,1.609541e+00,8.948202e-01,5.077553e+00
394734,1,9.835070e-01,9.911533e-01,9.835070e-01,8.580936e+00,5.177184e-02,1.074189e+01,5.937632e-01,2.774974e+00,1.065359e+00,1.118740e+00,1.647470e+00,2.854260e+00,2.998224e+00
394735,1,9.316422e-01,9.579992e-01,9.316422e-01,6.352439e+00,6.849264e-02,1.650767e-01,6.884293e-01,1.988489e+00,4.690254e-01,2.773507e+00,2.500371e+00,3.267210e-01,2.693291e+00
394736,1,8.335101e-01,9.145787e-01,8.335102e-01,2.664130e+00,5.193027e-02,7.231349e-02,4.418276e-01,3.724129e+00,3.126279e-01,4.167155e+00,3.222397e+00,3.707711e-01,2.207524e-01
394737,1,9.403533e-01,9.233424e-01,9.403532e-01,1.780702e+00,4.047646e-02,6.802327e+00,3.764904e-01,2.615931e+00,1.150037e+00,3.201338e+00,2.348197e+00,1.612126e+00,1.440143e-01
394738,1,8.264717e-01,9.302073e-01,8.264717e-01,2.308019e+00,4.268411e-02,1.611719e+00,4.208208e-01,2.268033e+00,7.486032e-01,2.955920e+00,2.399564e+00,6.233565e-01,5.440637e-01
394739,1,8.346187e-01,9.284800e-01,8.346188e-01,1.947786e+00,3.665845e-02,4.183059e+00,3.844078e-01,2.024762e+00,5.787857e-02,2.657671e+00,2.088484e+00,1.529497e+00,1.807243e-01
394740,1,8.803626e-01,9.817302e-01,8.803627e-01,1.799804e+00,3.890660e-02,3.829194e-01,4.094701e-01,1.174351e+00,4.868226e+00,2.206914e+00,9.280443e-01,1.082787e+00,1.891923e-01
394741,1,7.686309e-01,9.029546e-01,7.686311e-01,1.226281e+00,2.729942e-02,2.173818e+00,4.724067e-01,1.427820e+00,2.645231e-01,2.582038e+00,1.437998e+00,1.156785e+00,1.868949e+00
394742,1,7.322027e-01,9.569738e-01,7.322029e-01,1.103460e+00,2.767528e-02,3.067166e+00,3.985052e-01,1.394608e+00,2.480259e+00,2.349443e-01,9.557007e-01,1.233262e+00,2.909189e+00
394743,1,9.266228e-01,9.512952e-01,9.266228e-01,1.217132e+00,2.747880e-02,6.148643e+00,4.186743e-01,1.967141e+00,5.057717e-01,3.009766e+00,1.972695e+00,1.083239e+00,2.105297e+00
394744,1,7.505583e-01,9.172978e-01,7.505584e-01,1.742768e+00,3.450391e-02,1.701141e+00,4.062009e-01,1.812600e+00,1.148477e+00,2.751748e+00,2.167496e+00,8.599629e-01,1.027346e+00
394745,1,9.918839e-01,9.926436e-01,9.918839e-01,9.313288e-01,3.182512e-02,1.436225e+01,3.883938e-01,2.076667e+00,2.356810e+00,3.865606e-01,1.510608e+00,1.336910e+00,1.378776e+00
394746,1,9.010962e-01,9.547886e-01,9.010962e-01,3.340629e+00,5.550527e-02,2.165300e+00,5.286902e-01,2.337503e-01,1.776574e+00,1.411748e+00,1.242509e+00,1.567433e+00,1.462451e+00
394747,1,8.711689e-01,9.447326e-01,8.711690e-01,2.083212e+00,3.995420e-02,9.490858e-01,4.124719e-01,1.638190e+00,5.406958e-01,2.675641e+00,1.723063e+00,1.808973e+00,1.937918e+00
394748,1,9.742957e-01,9.345387e-01,9.742956e-01,1.381345e+00,2.917477e-02,7.595926e+00,4.387728e-01,3.996907e-01,1.218100e+00,1.599891e+00,2.072142e-01,3.280110e-02,2.335565e+00
394749,1,9.007160e-01,9.787371e-01,9.007161e-01,1.780842e+00,3.369442e-02,5.290709e+00,5.287765e-01,1.134711e+00,4.198330e-01,2.136970e+00,1.355384e+00,1.435924e+00,4.914439e+00
394750,1,9.832012e-01,9.197588e-01,9.832011e-01,2.442737e+00,4.057391e-02,1.408238e+00,4.811589e-01,2.038245e+00,7.026213e-01,2.887655e+00,2.319068e+00,1.394049e+00,5.136136e-01
394751,1,8.231937e-01,9.168382e-01,8.231938e-01,1.230410e+00,3.061322e-02,4.025092e+00,4.279308e-01,3.646007e+00,2.161444e+00,1.883644e+00,2.700242e+00,1.074335e+00,2.163805e+00
394752,1,8.255700e-01,9.452948e-01,8.255701e-01,1.447874e+00,3.120398e-02,4.057181e+00,3.956763e-01,3.383880e+00,9.701539e-01,1.249183e+00,2.658912e+00,8.418889e-01,2.084352e+00
394753,1,9.361224e-01,9.696287e-01,9.361224e-01,9.621981e-01,2.907289e-02,5.005766e+00,4.810372e-01,4.694224e-01,6.566986e+00,1.792876e+00,1.026330e+00,8.632691e-01,1.233918e-01
394754,1,9.872270e-01,9.962626e-01,9.872270e-01,1.761776e+00,2.960608e-02,6.226065e+00,5.129302e-01,1.222874e+01,4.545239e+00,8.386638e+00,1.095248e+01,6.482423e-01,1.363612e+00
394755,1,8.799595e-01,9.342399e-01,8.799596e-01,2.464714e+00,3.811588e-02,4.861761e+00,5.045873e-01,2.248638e+00,1.154731e+00,1.028256e-01,1.174616e+00,8.999602e-01,2.778328e+00
394756,1,8.961864e-01,9.322033e-01,8.961864e-01,2.437270e+00,3.756119e-02,1.022353e+00,4.627935e-01,3.325261e+00,4.778010e-01,4.047975e+00,3.259551e+00,1.254167e+00,1.499339e+00
394757,1,9.912368e-01,9.868165e-01,9.912368e-01,8.483007e+00,2.370421e-02,1.411329e+01,4.452910e-01,1.499057e+00,5.265372e+00,3.638554e-01,3.340379e-01,1.036716e+00,9.571101e-01
394758,1,9.711504e-01,9.657021e-01,9.711504e-01,4.028447e+00,4.940196e-02,8.555053e+00,6.256513e-01,2.338891e+00,6.279052e-01,1.006256e+00,2.199286e+00,3.049385e-02,2.499025e+00
394759,1,9.054349e-01,9.742995e-01,9.054349e-01,3.870463e+00,5.805077e-02,1.778095e+00,5.286731e-01,4.957742e+00,3.256707e+00,4.857313e+00,5.424634e+00,1.041927e+00,1.240709e+00
394760,1,9.849851e-01,9.939926e-01,9.849851e-01,1.212123e+00,4.306526e-02,1.127400e+01,4.341971e-01,1.334299e+00,1.346534e+00,1.510603e+00,2.135869e+00,9.863000e-01,4.476512e+00
394761,1,9.177456e-01,9.475631e-01,9.177456e-01,3.241039e+00,5.333821e-02,5.853563e+00,5.692783e-01,3.172110e+00,1.686453e+00,1.620505e+00,4.447783e+00,1.831801e+00,1.247091e+00
394762,1,8.634816e-01,9.785868e-01,8.634817e-01,3.069605e+00,5.213689e-02,3.413206e+00,5.830174e-01,4.241344e+00,5.729449e-01,4.535333e+00,4.596704e+00,8.707610e-01,2.962844e+00
394763,1,9.062800e-01,9.779185e-01,9.062801e-01,2.554176e+00,5.039786e-02,3.582880e+00,4.582744e-01,5.366667e+00,2.669491e+00,4.994561e+00,5.037533e+00,6.062943e-01,2.087530e+00
394764,1,9.874232e-01,9.703217e-01,9.874232e-01,2.177618e+00,4.536790e-02,1.233798e+01,3.998518e-01,1.169553e+00,1.645213e+00,1.783535e+00,1.049191e+00,4.688430e-01,3.005816e-01
394765,1,8.951857e-01,9.590105e-01,8.951857e-01,5.165053e+00,6.393217e-02,1.846923e-01,4.581749e-01,3.808136e+00,4.366871e+00,3.968230e+00,3.594218e+00,2.671575e+00,6.584714e-01
394766,1,9.245737e-01,9.103622e-01,9.245737e-01,4.593278e+00,4.981483e-02,1.863311e+00,4.692688e-01,7.946527e-02,3.154211e+00,1.012528e+00,7.643790e-01,1.300162e+00,5.291392e-01
394767,1,9.527807e-01,9.551086e-01,9.527807e-01,1.910903e+00,4.748753e-02,7.533923e+00,3.427893e-01,8.953954e-01,3.317573e+00,2.026303e+00,8.877140e-01,1.240355e+00,3.976186e-01
394768,1,9.695185e-01,9.769479e-01,9.695185e-01,2.129093e+00,4.922813e-02,8.861237e+00,4.172766e-01,3.241299e+00,4.107030e-02,3.875518e+00,3.211595e+00,1.339817e+00,3.278103e+00
394769,1,9.875912e-01,9.633419e-01,9.875911e-01,3.248503e+00,6.394858e-02,6.690941e+00,4.230908e-01,2.874168e+00,2.915202e+00,3.432709e+00,2.705158e+00,2.864108e-01,4.535806e-01
394770,1,7.535409e-01,9.245764e-01,7.535410e-01,3.255413e+00,6.480696e-02,1.355534e+00,4.203946e-01,2.446168e+00,2.926361e+00,3.047078e+00,2.219891e+00,1.453780e+00,1.298675e+00
394771,1,9.094271e-01,9.206410e-01,9.094271e-01,2.546544e+00,5.308160e-02,5.557208e+00,3.683608e-01,1.256145e-01,1.349513e+00,1.328679e+00,2.075966e-01,2.066808e+00,1.163175e+00
394772,1,9.429505e-01,9.145611e-01,9.429504e-01,2.826900e+00,5.918894e-02,1.033223e+00,3.778940e-01,9.472005e-01,1.044217e+00,6.201818e-01,6.510950e-01,1.477339e+00,1.568325e+00
394773,1,9.890462e-01,9.862083e-01,9.890462e-01,6.953788e-01,4.801836e-02,1.322485e+01,3.427974e-01,1.873306e-01,1.652861e+00,1.253382e+00,3.721345e-01,9.943980e-01,1.771539e+00
394774,1,8.220145e-01,9.024560e-01,8.220146e-01,3.301106e+00,6.860382e-02,1.408638e+00,4.575726e-01,3.273251e+00,1.410101e-01,1.021606e+00,4.009182e+00,1.555588e+00,6.770615e-03
394775,1,9.517693e-01,9.346466e-01,9.517693e-01,2.322516e+00,5.115358e-02,7.448408e+00,3.659265e-01,2.961969e+00,9.006401e-01,3.972658e+00,3.265596e+00,3.443347e-01,5.826093e-02
394776,1,7.968768e-01,8.573295e-01,7.968768e-01,2.659975e+00,5.418448e-02,3.714765e+00,3.970796e-01,2.982563e+00,8.605310e-01,3.542341e+00,3.088209e+00,9.457586e-01,7.981694e-02
394777,1,9.786786e-01,9.553367e-01,9.786786e-01,2.286164e+00,4.842087e-02,9.761166e+00,3.952556e-01,1.183053e+00,2.551006e-01,2.076456e+00,1.356595e+00,1.370375e+00,1.967915e+00
394778,1,9.122205e-01,9.382885e-01,9.122206e-01,3.099155e+00,6.058734e-02,5.656662e+00,4.353611e-01,2.825658e+00,5.973765e-01,3.272697e+00,2.729210e+00,9.163287e-01,1.770791e+00
394779,1,8.531670e-01,9.153831e-01,8.531670e-01,3.270548e+00,6.447339e-02,4.425506e+00,4.041183e-01,1.849960e-01,1.047808e+00,1.317239e+00,3.566604e-01,1.216432e+00,3.239612e+00
394780,1,9.965639e-01,9.939378e-01,9.965639e-01,1.949559e+01,5.926517e-02,1.329649e+01,4.087845e-01,2.918447e+00,6.835640e-01,9.920931e-01,2.583238e+00,3.229926e+00,3.780116e-02
394781,1,9.787705e-01,8.781487e-01,9.787704e-01,9.772189e+00,7.918408e-02,8.872929e-01,6.969852e-01,9.904434e-01,1.110816e+00,5.393696e-01,8.550919e-01,4.808586e-01,1.986010e-01
394782,1,6.922685e-01,8.908248e-01,6.922686e-01,2.748274e+00,5.622099e-02,1.910750e+00,4.215687e-01,5.035064e-01,6.212221e-01,1.786909e+00,1.237812e+00,3.871415e-01,2.549988e-01
394783,1,9.113259e-01,9.511555e-01,9.113260e-01,1.469117e+00,3.931885e-02,5.624991e+00,3.517920e-01,4.082063e-01,4.190185e+00,8.429568e-01,3.696040e-01,1.365255e+00,5.756629e-01
394784,1,7.361896e-01,8.722314e-01,7.361897e-01,1.907917e+00,3.819148e-02,1.526471e+00,4.120003e-01,1.434078e+00,7.764973e-01,2.330798e+00,1.558318e+00,7.283506e-01,5.492715e-01
394785,1,8.634568e-01,9.449465e-01,8.634569e-01,1.436823e+00,3.103454e-02,4.404050e+00,4.010068e-01,1.237746e+00,8.574097e-01,2.064677e+00,1.323301e+00,9.333902e-01,1.856212e+00
394786,1,9.072913e-01,9.589680e-01,9.072914e-01,1.603240e+00,2.946470e-02,5.485507e+00,4.565747e-01,2.387407e+00,2.350491e+00,3.074790e+00,2.181871e+00,8.061315e-01,2.259778e+00
394787,1,9.585550e-01,9.589132e-01,9.585550e-01,1.917859e+00,3.845742e-02,2.329410e+00,4.348441e-01,2.421200e+00,6.921172e-01,2.903144e+00,2.306036e+00,4.194796e-01,2.759604e+00
394788,1,6.067087e-01,9.100245e-01,6.067090e-01,1.753133e+00,3.837479e-02,1.433316e+00,4.043538e-01,2.504339e-01,9.374362e-01,1.256647e+00,9.855078e-02,1.284639e+00,2.462640e-01
394789,1,9.572361e-01,9.327832e-01,9.572360e-01,1.302705e+00,3.582911e-02,7.919875e+00,3.239576e-01,1.611981e+00,1.999097e-02,2.469992e+00,1.489200e+00,7.281096e-01,1.365582e+00
394790,1,7.825116e-01,8.767184e-01,7.825117e-01,2.145737e+00,4.671848e-02,3.564704e+00,3.614402e-01,8.893801e-01,7.411703e-01,1.965278e+00,9.121259e-01,8.491831e-01,8.265070e-01
394791,1,9.573828e-01,9.232292e-01,9.573828e-01,7.430215e-01,2.984987e-02,7.933796e+00,2.907214e-01,1.532819e+00,5.088010e-01,2.415287e+00,1.330159e+00,5.965622e-01,3.967701e-01
394792,1,7.804289e-01,8.412873e-01,7.804290e-01,1.711384e+00,4.282791e-02,3.543323e+00,3.523699e-01,1.793378e+00,4.861395e-01,2.660523e+00,1.582715e+00,8.121436e-01,2.520404e-01
394793,1,8.343588e-01,8.941202e-01,8.343588e-01,1.332603e+00,4.059287e-02,4.179420e+00,3.398034e-01,5.707121e-01,1.650683e+00,1.587880e+00,6.995783e-01,2.153732e-01,1.072817e+00
394794,1,8.453612e-01,9.444303e-01,8.453612e-01,1.827033e+00,4.097798e-02,3.927029e+00,3.696340e-01,5.063865e-02,3.297124e+00,1.318427e+00,6.949008e-02,1.186155e+00,1.257106e+00
394795,1,9.172011e-01,9.455512e-01,9.172011e-01,1.748866e+00,3.802037e-02,5.836405e+00,3.655781e-01,5.443879e-01,1.880414e+00,8.046714e-01,3.472054e-01,5.518668e-01,1.998214e+00
394796,1,7.197205e-01,8.948486e-01,7.197206e-01,2.101346e+00,4.081904e-02,2.655380e+00,3.975425e-01,1.106494e-01,7.976011e-01,1.239217e+00,3.091175e-01,5.628883e-01,2.514400e+00
394797,1,6.454213e-01,9.325409e-01,6.454215e-01,1.742263e+00,3.765555e-02,2.181363e-01,3.934018e-01,3.774395e-01,1.257560e+00,8.245339e-01,3.084524e-01,1.312910e+00,5.490058e-01
394798,1,9.183927e-01,9.453991e-01,9.183927e-01,1.078638e+00,2.838409e-02,5.876143e+00,3.995481e-01,1.046829e+00,1.626813e+00,1.934387e+00,1.482361e+00,7.809744e-01,6.751788e-01
394799,1,9.154100e-01,9.031932e-01,9.154100e-01,1.703795e+00,3.610796e-02,5.404842e+00,3.748683e-01,9.570343e-01,4.369123e-01,1.917453e+00,1.071174e+00,1.023906e+00,1.226092e+00
394800,1,7.433730e-01,8.044152e-01,7.433731e-01,1.931724e+00,4.053523e-02,1.681286e+00,3.750506e-01,2.032063e+00,2.883007e-02,5.995728e-01,1.224579e+00,6.057671e-01,1.087684e+00
394801,1,6.704564e-01,8.022973e-01,6.704565e-01,1.568291e+00,3.976252e-02,2.617012e+00,3.500958e-01,1.255546e+00,7.241019e-02,2.028265e+00,1.592870e+00,7.969819e-01,1.333726e+00
394802,1,9.396955e-01,8.530069e-01,9.396955e-01,1.402330e+00,3.717777e-02,4.265318e+00,3.529722e-01,6.664543e-01,3.336350e-01,5.204240e-01,7.718793e-01,6.812858e-01,9.336815e-01
394803,1,6.964869e-01,8.540270e-01,6.964871e-01,1.607875e+00,3.572282e-02,2.775262e+00,3.609380e-01,1.641526e+00,1.713168e-01,2.442338e+00,1.934113e+00,5.819060e-01,1.057184e+00
394804,1,9.587583e-01,9.087004e-01,9.587583e-01,1.461323e+00,3.336820e-02,6.606941e+00,3.710195e-01,3.244850e-01,1.358395e+00,1.294716e+00,7.711650e-01,1.001696e+00,2.371416e-01
394805,1,9.020721e-01,7.846656e-01,9.020720e-01,1.552879e+00,3.921092e-02,3.271620e+00,4.017754e-01,3.562921e-01,2.845815e-01,7.722386e-01,9.779559e-02,1.636761e-01,1.182880e+00
394806,1,9.816824e-01,9.837262e-01,9.816824e-01,1.551124e+00,3.951511e-02,1.032102e+01,3.817847e-01,2.180272e+00,5.475173e-01,7.000272e-01,1.531452e+00,6.768980e-02,3.094870e+00
394807,1,9.483305e-01,9.572814e-01,9.483306e-01,3.021780e+00,5.271041e-02,3.989759e+00,4.420553e-01,3.363813e+00,6.105999e-01,3.814829e+00,3.612522e+00,4.873645e-01,3.302423e+00
394808,1,9.764049e-01,9.511431e-01,9.764049e-01,2.485397e+00,4.769219e-02,9.458042e+00,4.576439e-01,1.116097e+00,5.610163e-01,1.774214e+00,1.435040e+00,3.183322e-01,1.325209e+00
394809,1,7.917478e-01,8.536504e-01,7.917478e-01,3.274055e+00,5.868769e-02,3.660893e+00,4.491684e-01,1.902445e+00,6.833255e-01,2.366522e+00,2.261618e+00,3.149026e-01,2.665733e-01
394810,1,9.547697e-01,9.283598e-01,9.547696e-01,2.703723e+00,5.272869e-02,1.776249e-02,3.941125e-01,6.151041e+00,2.444873e-01,3.915899e+00,5.637896e+00,7.952373e-01,5.729493e-01
394811,1,9.862263e-01,9.674859e-01,9.862262e-01,1.891940e+00,4.738837e-02,1.179319e+01,3.488068e-01,1.789822e+00,2.616081e-02,2.851186e+00,2.067824e+00,6.740268e-01,9.416364e-01
394812,1,9.542375e-01,9.154981e-01,9.542375e-01,3.128345e+00,6.031578e-02,5.369377e+00,4.106794e-01,2.077326e+00,4.747020e-01,2.699812e+00,1.946568e+00,5.150444e-01,2.174334e+00
394813,1,7.265963e-01,8.840253e-01,7.265964e-01,3.020621e+00,6.021291e-02,1.479325e+00,4.060319e-01,7.885828e-01,1.399213e+00,4.465782e-01,1.417855e+00,1.545114e-01,1.291296e+00
394814,1,9.272929e-01,9.710996e-01,9.272929e-01,2.245744e+00,4.994614e-02,6.876979e-01,3.921269e-01,4.223237e+00,2.979780e+00,4.431233e+00,4.031396e+00,5.958581e-01,2.817568e-01
394815,1,9.450562e-01,9.705462e-01,9.450562e-01,1.534589e+00,1.234452e-01,5.598014e+00,2.801935e-01,7.063240e+00,1.867694e+00,4.956755e+00,4.371301e+00,2.745300e+00,5.251183e-01
394816,1,7.205214e-01,8.368356e-01,7.205215e-01,1.868429e+00,3.916694e-02,2.861794e+00,3.744511e-01,2.456590e+00,4.324552e-01,2.965103e+00,2.906873e+00,7.782444e-01,8.398434e-01
394817,1,9.025636e-01,8.877150e-01,9.025636e-01,1.655483e+00,3.670174e-02,1.393264e+00,3.424769e-01,1.308993e+00,8.484411e-01,1.914936e-01,6.803788e-01,7.042299e-01,2.851796e+00
394818,1,9.988694e-01,9.869314e-01,9.988693e-01,3.063969e+00,3.223548e-02,9.200730e+00,2.972258e+01,1.598218e+00,4.491697e-01,2.371266e+00,1.425689e+00,2.439235e-01,1.519458e+00
394819,1,9.948984e-01,9.938122e-01,9.948984e-01,2.384612e+00,3.729128e-01,1.733334e+01,1.091257e+00,3.871763e+00,3.312182e+00,2.457764e+00,2.139197e+00,4.553050e-02,2.205162e+00
394820,1,9.206840e-01,9.542883e-01,9.206841e-01,5.956641e+00,7.555730e-02,6.085766e-01,5.956316e-01,3.449748e+00,1.479247e+00,3.748181e+00,3.514321e+00,3.924334e-01,2.007113e+00
394821,1,9.706889e-01,9.583616e-01,9.706889e-01,2.806054e+00,5.363344e-02,8.971122e+00,4.212540e-01,2.831081e+00,2.675071e+00,3.087438e+00,2.733692e+00,8.198977e-01,6.257095e-01
394822,1,7.718310e-01,9.291500e-01,7.718312e-01,3.457574e+00,6.451052e-02,1.801889e+00,4.095811e-01,1.237756e+00,2.438456e+00,1.690985e+00,1.535443e+00,8.047292e-01,2.266588e+00
394823,1,9.755333e-01,9.211820e-01,9.755332e-01,1.918166e+00,4.369818e-02,9.381209e+00,3.660903e-01,5.292836e-01,6.619166e-01,5.639477e-01,1.990632e-01,2.397053e-01,2.704830e-02
394824,1,9.427118e-01,9.772060e-01,9.427118e-01,2.242759e+00,5.200006e-02,6.946652e+00,4.491027e-01,8.077512e-01,1.204314e+00,2.036146e-01,6.750391e-02,5.381876e-01,3.102439e+00
394825,1,9.867407e-01,9.777894e-01,9.867407e-01,7.585881e-01,6.304332e-02,1.197790e+01,4.003515e-01,1.645364e+00,3.402531e-03,2.317267e+00,1.821035e+00,1.303738e+00,1.973048e+00
394826,1,9.958849e-01,9.987536e-01,9.958849e-01,1.552477e+00,8.185136e-02,1.823281e+01,4.602655e-01,4.820438e+00,2.587518e-01,2.966941e+00,3.501682e+00,1.038561e+01,3.252750e-01
394827,1,9.670185e-01,9.849054e-01,9.670185e-01,6.392623e+00,1.324529e-01,3.656485e+00,4.803023e-01,2.981852e+00,1.914890e+00,3.376268e+00,3.290416e+00,8.633682e+00,1.075627e+00
394828,1,7.569974e-01,9.210865e-01,7.569975e-01,3.292698e+00,6.648494e-02,9.170905e-01,3.930747e-01,2.535275e+00,1.644447e+00,2.953917e+00,2.338036e+00,9.234904e-01,1.892806e+00
394829,1,9.894635e-01,9.839507e-01,9.894635e-01,1.706985e+00,4.986822e-02,1.346628e+01,3.163595e-01,2.958915e+00,5.283912e-01,1.179218e+00,4.302434e+00,1.189810e+00,1.468890e+00
394830,1,8.215689e-01,9.739583e-01,8.215691e-01,3.579927e+00,6.784842e-02,3.154328e+00,4.826367e-01,3.319631e+00,1.492030e+00,4.003320e+00,3.480163e+00,9.476412e-02,2.221288e+00
394831,1,7.684329e-01,8.898153e-01,7.684330e-01,3.152374e+00,6.172199e-02,1.800521e+00,3.886831e-01,2.733896e+00,1.047700e+00,3.114950e+00,2.754058e+00,1.737361e+00,5.517839e-01
394832,1,7.130727e-01,8.599319e-01,7.130729e-01,2.238677e+00,4.996563e-02,1.918098e+00,3.450021e-01,2.417120e+00,2.524971e-01,2.901232e+00,2.053785e+00,6.523272e-01,7.767265e-01
394833,1,7.257300e-01,8.597233e-01,7.257301e-01,1.133288e+00,3.872568e-02,3.012890e+00,2.910996e-01,1.712621e+00,6.041343e-02,2.442246e+00,1.485532e+00,1.670158e+00,8.543911e-01
394834,1,9.494550e-01,9.071287e-01,9.494550e-01,1.895162e+00,3.501935e-02,7.289490e+00,2.964288e-01,2.109455e+00,4.781147e-01,5.878441e-01,2.429545e+00,8.226786e-01,1.078799e+00
394835,1,6.508827e-01,8.625997e-01,6.508829e-01,1.975040e+00,5.053008e-02,9.619763e-01,3.695540e-01,7.851618e-01,1.956649e-01,6.940487e-01,6.731643e-02,1.502171e+00,9.365243e-01
394836,1,9.012482e-01,9.515745e-01,9.012483e-01,1.570510e+00,3.928917e-02,4.301930e+00,3.394777e-01,3.408340e+00,1.749531e+00,3.832827e+00,3.349538e+00,9.894496e-01,2.170075e+00
394837,1,9.262710e-01,9.226706e-01,9.262710e-01,1.554512e+00,4.091005e-02,6.135107e+00,3.219422e-01,5.645929e-01,1.287946e+00,5.954156e-01,3.082393e-01,4.375656e-01,2.924719e-03
394838,1,7.670362e-01,8.707357e-01,7.670363e-01,2.021495e+00,4.560194e-02,2.140641e+00,3.414500e-01,2.955432e+00,8.464615e-01,3.404715e+00,2.960087e+00,8.429611e-01,1.399170e-01
394839,1,8.509534e-01,8.768068e-01,8.509534e-01,1.532312e+00,4.003791e-02,4.390773e+00,3.335733e-01,6.037450e-01,4.284547e-01,1.543777e+00,6.669139e-01,5.147719e-01,7.299031e-02
394840,1,6.429195e-01,8.604888e-01,6.429197e-01,1.657642e+00,4.271141e-02,2.003508e+00,3.536528e-01,1.049277e+00,6.812110e-01,1.817791e+00,1.230761e+00,4.710805e-01,6.323964e-01
394841,1,7.395700e-01,8.811224e-01,7.395701e-01,1.450210e+00,3.960111e-02,2.935747e+00,3.142915e-01,2.276799e+00,4.361935e-02,3.125776e+00,1.985841e+00,1.154629e+00,1.997264e-01
394842,1,9.360605e-01,9.276915e-01,9.360605e-01,1.364345e+00,3.872739e-02,6.564148e+00,3.053590e-01,2.273895e+00,7.978926e-01,2.921144e+00,1.960185e+00,4.013960e-01,7.410456e-01
394843,1,6.262383e-01,8.053575e-01,6.262384e-01,1.933166e+00,4.574342e-02,1.301791e+00,3.206610e-01,1.101896e-01,1.962334e-01,1.170349e+00,2.851565e-01,5.414170e-01,2.614004e-02
394844,1,8.956418e-01,9.142764e-01,8.956419e-01,1.471354e+00,4.115125e-02,5.175253e+00,2.928580e-01,1.081993e+00,1.124466e-01,1.973642e+00,1.531266e+00,7.811897e-01,2.361270e+00
394845,1,7.602382e-01,9.582821e-01,7.602383e-01,1.746949e+00,4.509265e-02,9.416978e-01,3.252071e-01,2.756898e+00,2.039723e+00,1.053174e+00,2.722107e+00,6.969333e-01,3.328127e+00
394846,1,9.668824e-01,9.872497e-01,9.668824e-01,9.803676e-01,3.052280e-02,4.206249e+00,3.682015e-01,1.339282e+00,8.624961e+00,2.461954e+00,1.634302e+00,8.806622e-01,4.950195e-01
394847,1,7.972923e-01,8.818472e-01,7.972924e-01,1.299511e+00,3.272556e-02,3.720012e+00,3.569998e-01,1.963740e+00,1.987887e+00,2.737534e+00,1.982766e+00,4.824767e-01,1.246289e+00
394848,1,9.776301e-01,9.893606e-01,9.776302e-01,1.414322e+00,3.452994e-02,7.657275e+00,3.339679e-01,2.291086e+00,4.660326e+00,2.894844e+00,2.207656e+00,3.971985e-01,5.380821e-01
394849,1,9.824144e-01,9.815887e-01,9.824144e-01,2.188117e+00,4.841165e-02,1.245335e+00,3.901090e-01,8.981116e-01,2.986732e-01,1.746508e+00,7.815939e-01,5.632749e-01,1.330309e+00
394850,1,9.115399e-01,9.694978e-01,9.115399e-01,1.605303e+00,3.472587e-02,3.220403e+00,3.329463e-01,3.775471e+00,5.631922e+00,1.858503e+00,3.160962e+00,3.145423e-01,3.425991e-02
394851,1,9.190592e-01,9.273945e-01,9.190592e-01,1.611614e+00,3.955595e-02,4.511759e+00,3.354244e-01,2.155249e+00,3.688520e+00,3.049115e+00,2.427578e+00,6.635848e-01,1.064395e+00
394852,1,9.376376e-01,8.865305e-01,9.376375e-01,1.525286e+00,4.193774e-02,1.522078e+00,3.362397e-01,1.341634e+00,1.764450e+00,2.185608e+00,1.236676e+00,4.720779e-01,1.668802e+00
394853,1,9.934433e-01,9.811096e-01,9.934433e-01,1.561901e+00,4.010773e-02,1.550300e+01,2.787487e-01,9.789042e-01,3.212215e-01,1.756923e+00,7.268992e-01,1.414865e-01,1.210670e+00
394854,1,9.269358e-01,8.888359e-01,9.269357e-01,3.559603e+00,6.154161e-02,1.377179e+00,4.386827e-01,8.368775e-01,8.749535e-01,1.833063e+00,6.627420e-01,4.409264e-01,4.530996e-01
394855,1,7.589793e-01,8.134016e-01,7.589794e-01,2.006327e+00,4.942571e-02,3.314181e+00,3.511443e-01,2.317008e+00,8.436660e-02,2.975839e+00,2.217683e+00,1.404906e-01,1.791544e+00
394856,1,9.511859e-01,9.370280e-01,9.511859e-01,1.941053e+00,4.841776e-02,7.405463e+00,3.188634e-01,4.172999e+00,1.043908e+00,2.100195e+00,4.177753e+00,5.685792e-01,1.587655e+00
394857,1,7.357812e-01,8.461031e-01,7.357813e-01,2.499053e+00,5.506594e-02,2.554566e+00,3.793655e-01,2.203625e+00,1.872260e-01,3.096048e+00,2.436415e+00,3.648629e-01,1.725514e+00
394858,1,9.267395e-01,8.772329e-01,9.267395e-01,2.030986e+00,4.827912e-02,6.153153e+00,3.657636e-01,1.049018e+00,6.981373e-01,1.989751e+00,1.048522e+00,2.390467e-01,1.240105e+00
394859,1,6.816515e-01,8.992012e-01,6.816517e-01,2.244036e+00,5.132088e-02,2.684060e+00,3.660735e-01,1.005437e+00,1.052782e+00,1.788474e+00,1.433731e+00,2.054476e-02,2.165054e+00
394860,1,9.820113e-01,9.703394e-01,9.820113e-01,2.025917e+00,4.555751e-02,1.039859e+01,3.648064e-01,1.378181e+00,5.745911e-01,2.104159e+00,1.297171e+00,6.239638e-01,1.663551e+00
394861,1,7.446584e-01,9.206622e-01,7.446585e-01,2.983173e+00,5.998897e-02,1.032268e+00,3.951804e-01,6.400054e-01,8.400763e-01,1.499743e+00,1.182472e+00,3.112048e-01,1.501810e+00
394862,1,9.787104e-01,9.251810e-01,9.787104e-01,2.140100e+00,4.754220e-02,9.764704e+00,3.845199e-01,5.476477e+00,7.041677e-02,3.454131e+00,4.169597e+00,5.936559e-01,1.841920e-01
394863,1,7.755280e-01,9.229145e-01,7.755281e-01,3.019175e+00,5.536964e-02,1.337067e-01,4.585712e-01,1.875061e+00,3.316182e-01,2.834520e+00,1.604317e+00,4.572011e-01,3.494046e+00
394864,1,9.530335e-01,9.088135e-01,9.530334e-01,1.913169e+00,4.585543e-02,7.556646e+00,3.563565e-01,7.477094e-01,8.908439e-01,1.582072e+00,9.134256e-01,1.487413e-01,3.158558e-01
394865,1,8.015550e-01,9.182012e-01,8.015551e-01,2.542898e+00,5.257591e-02,3.767919e+00,3.780042e-01,1.428593e+00,7.157005e-01,5.528447e-02,8.578852e-01,7.039607e-01,1.320429e+00
394866,1,9.592569e-01,9.257203e-01,9.592569e-01,1.798049e+00,4.936980e-02,8.098994e+00,3.832793e-01,3.457930e+00,1.216522e+00,3.792742e+00,3.221313e+00,9.118456e-02,6.291682e-01
394867,1,9.074734e-01,8.845486e-01,9.074734e-01,2.657894e+00,5.298748e-02,5.492189e+00,4.087870e-01,2.034364e+00,3.467385e-01,2.429469e+00,1.923243e+00,2.181217e-01,7.211052e-01
394868,1,9.622325e-01,9.096656e-01,9.622324e-01,2.710986e+00,5.653635e-02,5.531276e+00,3.810937e-01,1.123581e+00,8.967835e-01,1.689030e+00,1.334918e+00,1.321706e+00,9.897336e-01
394869,1,8.429514e-01,9.345440e-01,8.429514e-01,2.710227e+00,5.553006e-02,4.285403e+00,3.853381e-01,6.099142e-01,4.537489e-01,1.514233e+00,5.794976e-01,5.196220e-01,1.682121e+00
394870,1,9.503991e-01,9.659089e-01,9.503991e-01,1.684265e+00,3.556560e-02,7.343166e+00,3.384623e-01,8.530649e-01,5.203564e-01,1.663903e+00,8.602951e-01,5.593578e-01,2.115899e+00
394871,1,8.810910e-01,9.560156e-01,8.810911e-01,2.605800e+00,4.996413e-02,4.881328e+00,3.557320e-01,1.859541e-01,2.889926e+00,9.283040e-01,8.413947e-02,2.101066e+00,8.437437e-01
394872,1,6.546309e-01,8.760731e-01,6.546311e-01,1.932401e+00,4.219122e-02,2.520983e+00,3.947132e-01,1.264673e+00,1.040423e+00,2.173152e+00,1.177811e+00,5.321334e-01,5.108754e-02
394873,1,8.394913e-01,9.805810e-01,8.394915e-01,1.709218e+00,3.901289e-02,3.007297e+00,4.095646e-01,1.527160e+00,2.241529e+00,2.272202e+00,1.402162e+00,9.990770e-01,4.243873e+00
394874,1,6.950053e-01,7.631835e-01,6.950054e-01,1.586298e+00,4.213197e-02,1.718883e+00,3.343909e-01,2.314015e+00,1.220441e-01,2.765998e+00,2.321333e+00,5.708605e-01,2.039614e+00
394875,1,9.427454e-01,9.807684e-01,9.427454e-01,7.682717e-01,3.605480e-02,4.025104e+00,2.462025e-01,6.908822e+00,3.270444e+00,4.417055e+00,6.947816e+00,1.049004e+00,1.001172e+00
394876,1,7.885229e-01,9.104807e-01,7.885230e-01,1.205334e+00,3.604351e-02,2.911616e+00,3.116054e-01,2.543516e+00,2.502719e+00,3.627476e+00,2.445357e+00,3.390208e-01,2.825466e-01
394877,1,7.994722e-01,9.277304e-01,7.994724e-01,1.216871e+00,3.514051e-02,3.745422e+00,3.011281e-01,4.428282e-01,3.472967e-01,1.438414e+00,6.413194e-01,3.351304e-01,2.079613e+00
394878,1,9.527258e-01,8.604729e-01,9.527258e-01,1.395066e+00,3.283365e-02,1.005941e+00,3.816589e-01,6.823799e-01,5.017652e-02,1.572759e+00,7.168374e-01,8.978122e-01,1.639391e+00
394879,1,6.896978e-01,9.421762e-01,6.896980e-01,8.504281e-01,2.973403e-02,2.732403e+00,3.593697e-01,1.163747e-02,2.643897e-01,1.038473e+00,3.549893e-03,1.340929e+00,1.419891e+00
394880,1,9.559436e-01,9.110287e-01,9.559436e-01,7.952144e-01,3.255941e-02,7.807389e+00,2.890985e-01,8.286364e-01,4.458258e-01,1.646510e+00,1.109519e+00,7.514650e-03,3.103909e-02
394881,1,9.089974e-01,8.626969e-01,9.089974e-01,2.056659e+00,4.387025e-02,6.367977e-01,3.478449e-01,1.688359e+00,1.131757e+00,2.315540e+00,1.952926e+00,8.176054e-01,9.119622e-01
394882,1,8.003775e-01,9.560156e-01,8.003776e-01,1.164194e+00,3.939598e-02,3.755216e+00,2.800314e-01,3.017563e+00,2.661641e-02,3.348676e+00,2.862534e+00,6.242467e-01,2.079552e+00
394883,1,7.808002e-01,8.925450e-01,7.808003e-01,1.354150e+00,3.877995e-02,1.476779e+00,2.869030e-01,1.243910e+00,7.011276e-01,1.917888e+00,1.241778e+00,3.962393e-01,7.960442e-01
394884,1,9.227031e-01,9.825275e-01,9.227032e-01,6.285331e-01,2.920708e-02,6.020154e+00,2.707691e-01,1.132187e+00,7.426263e-01,1.720878e+00,1.200126e+00,1.222426e+00,4.236362e+00
394885,1,8.990187e-01,9.697347e-01,8.990188e-01,1.323199e+00,3.214364e-02,3.050661e+00,3.613653e-01,9.726632e-01,5.248007e+00,1.803462e+00,1.046448e+00,9.653794e-01,1.957162e+00
394886,1,8.636637e-01,8.837619e-01,8.636637e-01,1.372280e+00,3.583174e-02,4.600417e+00,3.043012e-01,5.281796e-01,1.708281e+00,5.188783e-01,1.074191e-01,5.615204e-01,4.234640e-01
394887,1,9.729714e-01,9.870375e-01,9.729714e-01,1.631518e+00,3.892822e-02,2.814136e+00,3.083965e-01,2.541002e+00,9.184532e+00,8.819773e-01,1.625418e+00,6.839312e-01,5.822903e-01
394888,1,9.372857e-01,9.683982e-01,9.372858e-01,1.544379e+00,3.456506e-02,3.720670e+00,3.244250e-01,1.942423e+00,6.627691e+00,2.764735e+00,1.912197e+00,7.124381e-01,6.090425e-01
394889,1,7.320665e-01,9.676415e-01,7.320668e-01,1.508720e+00,3.890720e-02,3.065992e+00,3.170649e-01,1.270663e+00,2.388209e+00,2.053172e+00,1.427905e+00,7.639645e-01,1.844793e+00
394890,1,8.963473e-01,9.120329e-01,8.963473e-01,1.172066e+00,3.445334e-02,5.189868e+00,3.474515e-01,2.413965e+00,3.329133e+00,1.055049e+00,1.481515e+00,7.705633e-02,2.534376e-01
394891,1,9.153287e-01,9.582343e-01,9.153288e-01,1.880541e+00,3.798765e-02,3.565284e+00,3.444788e-01,4.621917e+00,4.870451e+00,2.363533e+00,4.830783e+00,9.274036e-01,7.936352e-01
394892,1,9.324679e-01,9.581937e-01,9.324679e-01,1.750938e+00,3.772044e-02,6.386271e+00,3.599736e-01,6.150804e-01,4.389560e+00,1.787536e+00,1.200535e+00,4.985406e-01,9.442237e-01
394893,1,8.992769e-01,9.503953e-01,8.992769e-01,1.642278e+00,4.062856e-02,2.450234e+00,3.982982e-01,9.007057e-01,3.238835e+00,5.587960e-01,1.041570e+00,1.498506e+00,6.944024e-02
394894,1,9.468083e-01,9.525999e-01,9.468083e-01,1.128059e+00,2.873659e-02,4.920592e+00,3.222490e-01,3.585174e+00,5.276195e+00,3.900451e+00,3.389409e+00,4.289542e-01,9.027228e-01
394895,1,9.270401e-01,9.425333e-01,9.270401e-01,9.393479e-01,3.328330e-02,6.163371e+00,3.322064e-01,2.088034e+00,1.885562e+00,2.425848e+00,2.222921e+00,3.250169e-01,1.799253e+00
394896,1,8.009238e-01,9.666302e-01,8.009239e-01,2.007390e+00,3.986400e-02,2.681183e+00,3.336693e-01,2.174578e+00,1.059289e+00,2.518787e+00,2.214018e+00,8.518490e-01,2.884489e+00
394897,1,9.294092e-01,9.660610e-01,9.294092e-01,1.576350e+00,3.135193e-02,6.263730e+00,3.911485e-01,5.640809e-01,4.063501e+00,1.322967e+00,8.458376e-01,2.126127e-01,1.560022e+00
394898,1,9.856958e-01,9.727455e-01,9.856958e-01,2.078758e+00,4.089664e-02,1.157035e+01,3.875256e-01,3.230047e-01,1.124311e+00,7.515146e-01,5.878067e-01,1.284948e+00,1.688829e+00
394899,1,9.102510e-01,9.116510e-01,9.102510e-01,3.435793e+00,5.696816e-02,4.795758e-02,4.391212e-01,1.869526e+00,2.059962e+00,2.606810e+00,1.888379e+00,1.784334e+00,3.361814e-01
394900,1,9.352773e-01,9.072842e-01,9.352772e-01,1.291400e+00,4.839863e-02,4.713760e+00,3.694348e-01,4.263901e+00,1.422981e+00,2.469207e+00,3.240692e+00,1.450103e-01,3.987822e-01
394901,1,9.112305e-01,9.344839e-01,9.112305e-01,2.531859e+00,5.153655e-02,3.908590e+00,3.754515e-01,8.627396e-01,5.620675e+00,4.328383e-01,2.050013e-01,2.916245e-01,7.118988e-01
394902,1,9.026927e-01,9.582096e-01,9.026927e-01,2.111991e+00,4.550782e-02,5.193052e+00,3.706065e-01,5.343619e+00,2.359641e+00,3.125319e+00,4.572692e+00,1.704033e-01,9.647917e-01
394903,1,6.482784e-01,8.562422e-01,6.482786e-01,2.358153e+00,4.832701e-02,1.599208e+00,3.878173e-01,1.106561e+00,9.403622e-02,2.121770e+00,1.566754e+00,1.093407e+00,1.535096e+00
394904,1,9.947622e-01,9.874441e-01,9.947622e-01,1.421624e+00,3.911283e-02,1.712920e+01,3.664630e-01,2.038013e+00,1.501051e+00,7.121113e-01,9.082080e-01,1.550423e+00,5.563337e-01
394905,1,9.034476e-01,9.569561e-01,9.034477e-01,3.265095e+00,7.025427e-02,5.366037e+00,4.855627e-01,2.437454e+00,4.322673e+00,9.724009e-01,2.611427e+00,1.475008e+00,3.552631e-01
394906,1,9.803936e-01,9.550962e-01,9.803935e-01,3.788741e+00,6.833263e-02,3.127464e+00,4.513953e-01,2.388231e+00,1.014316e-01,2.983880e+00,2.396692e+00,2.652700e+00,1.388980e+00
394907,1,8.641181e-01,9.317542e-01,8.641181e-01,3.094093e+00,5.362050e-02,3.752175e+00,4.322712e-01,9.659117e-01,1.117286e+00,2.939277e-02,5.437053e-01,4.509885e-01,2.341611e+00
394908,1,9.224291e-01,9.154114e-01,9.224291e-01,2.767939e+00,4.972003e-02,3.170036e+00,4.336636e-01,4.804231e-01,9.187424e-01,3.966789e-01,5.810226e-02,1.208444e+00,1.917044e+00
394909,1,9.454752e-01,9.027619e-01,9.454752e-01,2.272615e+00,4.370185e-02,4.726119e+00,4.302335e-01,1.259236e+00,1.901864e+00,1.937241e+00,1.783434e+00,2.660607e-01,1.482987e+00
394910,1,9.273477e-01,9.702793e-01,9.273477e-01,2.267325e+00,4.401978e-02,6.175972e+00,4.349326e-01,1.946976e+00,1.796060e+00,2.242701e+00,2.016510e+00,1.494821e+00,3.069132e+00
394911,1,8.340918e-01,9.606069e-01,8.340919e-01,2.571581e+00,5.523385e-02,2.934466e+00,4.025835e-01,2.251947e+00,3.577656e-01,2.401902e+00,2.343360e+00,1.483549e+00,2.494863e+00
394912,1,7.093210e-01,8.832580e-01,7.093211e-01,2.259773e+00,5.010604e-02,1.850139e+00,3.948458e-01,2.509943e+00,5.266752e-01,2.791998e+00,2.334453e+00,3.568016e-01,1.408676e+00
394913,1,9.856234e-01,9.803088e-01,9.856234e-01,1.796557e+00,4.511761e-02,1.153931e+01,3.464140e-01,7.567074e-01,1.741747e+00,1.448311e+00,7.316176e-01,3.150891e-01,1.572089e+00
394914,1,8.617100e-01,9.461753e-01,8.617101e-01,3.245912e+00,5.879948e-02,3.661012e-01,4.182668e-01,2.382008e+00,6.570362e-01,2.796561e+00,1.918506e+00,1.352956e+00,1.096651e+00
394915,1,9.869812e-01,9.774553e-01,9.869812e-01,6.396994e-01,5.109240e-02,1.210829e+01,3.569974e-01,4.029583e-01,2.006932e+00,6.153789e-01,9.162247e-02,1.992573e+00,1.292973e+00
394916,1,9.602152e-01,9.212810e-01,9.602151e-01,4.000159e+00,6.992417e-02,5.111397e+00,4.170861e-01,1.189652e+00,1.443702e+00,2.104323e+00,1.419934e+00,1.707630e+00,3.567778e-01
394917,1,7.650012e-01,8.878104e-01,7.650013e-01,3.382434e+00,6.139289e-02,2.282714e+00,4.121138e-01,2.795204e+00,7.012025e-02,3.122942e+00,2.891888e+00,4.728029e-01,2.261931e-01
394918,1,9.792762e-01,9.407353e-01,9.792761e-01,2.571048e+00,5.241743e-02,9.829784e+00,3.883394e-01,1.454427e+00,4.352874e-01,2.135767e+00,1.280055e+00,1.506053e-01,8.585586e-01
394919,1,7.756234e-01,8.728856e-01,7.756235e-01,3.494955e+00,6.425774e-02,3.209417e+00,4.291569e-01,2.011527e+00,7.247457e-01,2.675285e+00,1.963566e+00,5.735227e-01,8.901875e-01
394920,1,9.872429e-01,9.653768e-01,9.872428e-01,1.719613e+00,4.903217e-02,1.223914e+01,3.145788e-01,2.056653e+00,5.409900e-02,2.717426e+00,1.928102e+00,1.481567e-01,1.562425e+00
394921,1,8.297743e-01,8.920606e-01,8.297744e-01,3.301513e+00,6.389159e-02,5.549751e-01,3.896011e-01,1.363280e+00,1.460256e+00,2.084951e+00,1.508909e+00,1.133017e+00,1.193414e+00
394922,1,7.728706e-01,9.226847e-01,7.728708e-01,2.178693e+00,5.659808e-02,5.776792e-01,3.230404e-01,2.339486e+00,5.037655e-01,6.892011e-01,1.652341e+00,6.276465e-01,3.467660e+00
394923,1,9.936731e-01,9.872231e-01,9.936731e-01,1.568375e+00,4.347682e-02,1.568557e+01,3.420879e-01,1.057345e-01,3.037387e+00,1.189382e+00,8.910160e-02,3.947135e-01,9.072834e-01
394924,1,7.870501e-01,8.781911e-01,7.870502e-01,3.612748e+00,6.382748e-02,4.452239e-01,4.726126e-01,1.678629e+00,1.049147e+00,2.630128e+00,1.959428e+00,4.644996e-01,5.107482e-01
394925,1,9.466668e-01,9.876139e-01,9.466669e-01,2.609684e+00,5.191437e-02,7.145046e+00,4.317467e-01,6.269024e+00,2.380905e+00,3.737176e+00,6.068940e+00,5.145395e-01,3.964563e-01
394926,1,9.620557e-01,9.534362e-01,9.620557e-01,2.996335e+00,6.040885e-02,8.283773e+00,4.053019e-01,1.279088e+00,2.388019e+00,2.504113e+00,1.841800e+00,5.049249e-01,7.936183e-01
394927,1,7.846509e-01,8.946577e-01,7.846510e-01,3.507145e+00,6.205683e-02,3.587959e+00,4.374187e-01,4.394732e-01,9.042206e-01,1.479532e+00,1.098084e+00,7.974892e-02,6.666980e-01
394928,1,9.647112e-01,9.040242e-01,9.647112e-01,3.013414e+00,6.032085e-02,8.462278e+00,3.988924e-01,5.309464e-01,1.152886e+00,1.428823e+00,7.390086e-01,1.972800e-02,1.551803e-01
394929,1,8.299104e-01,9.062429e-01,8.299105e-01,3.608970e+00,6.621142e-02,4.117663e+00,4.207944e-01,8.531906e-01,8.144311e-01,1.643941e+00,1.035290e+00,1.803720e+00,7.417758e-01
394930,1,9.671122e-01,9.624721e-01,9.671122e-01,3.826370e+00,4.373906e-02,8.642317e+00,3.338841e-01,8.076406e-01,1.324926e-01,2.525432e-01,2.983253e-01,1.175691e+00,2.667341e+00
394931,1,9.645150e-01,9.615174e-01,9.645150e-01,3.817840e+00,5.473015e-02,5.225857e+00,4.395322e-01,3.147083e+00,5.892313e-01,1.346104e+00,2.968130e+00,3.496461e+00,1.682915e+00
394932,1,7.930437e-01,9.021148e-01,7.930438e-01,2.801812e+00,5.849918e-02,2.682955e+00,4.056912e-01,3.209444e+00,9.723788e-01,3.673891e+00,3.323509e+00,1.059953e+00,2.551197e-01
394933,1,8.535984e-01,9.077227e-01,8.535984e-01,2.360838e+00,5.156255e-02,1.193271e+00,3.590966e-01,3.645411e+00,6.060812e-02,3.805892e+00,3.340399e+00,2.389580e-01,4.655115e-01
394934,1,7.292024e-01,9.168488e-01,7.292025e-01,1.760973e+00,4.517518e-02,2.579663e+00,3.043438e-01,2.666872e+00,1.035851e+00,3.042769e+00,2.236340e+00,6.545327e-01,7.501995e-01
394935,1,9.863040e-01,9.544792e-01,9.863040e-01,1.588045e+00,4.459268e-02,1.181350e+01,3.010882e-01,1.980418e+00,1.027813e+00,2.471488e+00,1.958531e+00,8.862541e-01,7.851686e-01
394936,1,9.264743e-01,8.933582e-01,9.264743e-01,3.254314e+00,6.077750e-02,6.143214e+00,3.780916e-01,2.293108e+00,2.899282e-02,2.777607e+00,2.002761e+00,8.367946e-01,6.144213e-02
394937,1,7.526092e-01,9.491666e-01,7.526093e-01,3.246081e+00,6.400633e-02,7.805510e-01,3.503404e-01,6.690410e-01,4.445269e-01,5.037764e-01,1.022624e+00,3.043503e-01,1.087399e+00
394938,1,9.570646e-01,9.759119e-01,9.570646e-01,2.337215e+00,5.581354e-02,7.903144e+00,3.077673e-01,4.211219e+00,1.985837e-01,2.147144e+00,3.494460e+00,2.055062e+00,2.741623e-02
394939,1,8.507023e-01,9.702987e-01,8.507025e-01,3.206737e+00,6.531684e-02,1.697703e+00,3.738349e-01,3.215982e+00,1.353350e+00,3.964896e+00,3.353089e+00,2.996747e+00,2.281778e+00
394940,1,7.555953e-01,8.233498e-01,7.555954e-01,1.391538e+00,4.895410e-02,1.228735e+00,2.807421e-01,1.168663e+00,3.042657e-01,1.981405e+00,9.712980e-01,1.463367e+00,9.145623e-01
394941,1,9.881693e-01,9.689586e-01,9.881693e-01,1.273983e+01,3.865266e-02,4.725110e+00,2.813689e-01,1.644794e+00,7.447803e-02,2.411652e+00,1.639543e+00,2.214520e+00,2.131071e+00
394942,1,9.738961e-01,9.714196e-01,9.738961e-01,4.450990e+00,4.300907e-02,9.266022e+00,4.012512e-01,1.144963e+00,9.563511e-02,5.134534e-02,7.130273e-01,2.001391e+00,1.381673e-01
394943,1,8.885680e-01,9.115662e-01,8.885680e-01,2.371142e+00,5.664697e-02,3.658630e+00,3.100631e-01,1.361918e+00,1.055597e-01,2.349332e+00,1.313346e+00,4.141829e+00,1.321321e+00
394944,1,9.934769e-01,9.897637e-01,9.934769e-01,1.137642e+01,6.333015e-02,1.554438e+01,2.586088e-01,3.611653e+00,2.456833e-02,1.941371e+00,2.918221e+00,3.082221e+00,8.140112e-02
394945,1,9.988552e-01,9.998656e-01,9.988552e-01,1.498671e+00,8.818671e-02,1.893081e+01,5.328548e-01,2.957899e+01,3.166178e+00,2.287597e+01,2.250192e+01,2.000753e+01,7.072707e+00
394946,1,9.858249e-01,9.971024e-01,9.858249e-01,2.564636e+00,1.677990e-01,1.163061e+01,3.515183e-01,6.198509e+00,4.613258e+00,6.589294e+00,6.962837e+00,4.440245e+00,1.087350e+00
394947,1,9.917778e-01,9.956085e-01,9.917778e-01,6.986607e+00,1.220225e-01,1.429267e+01,4.489625e-01,7.279387e+00,2.640315e+00,6.541825e+00,7.236226e+00,5.239891e+00,3.213469e+00
394948,1,9.015382e-01,9.727703e-01,9.015382e-01,1.567154e+00,4.628598e-02,5.312424e+00,2.532686e-01,5.271213e+00,9.373243e-01,4.477248e+00,4.655123e+00,1.446944e+00,2.468707e+00
394949,1,8.233281e-01,9.470663e-01,8.233282e-01,1.948936e+00,5.176455e-02,3.325849e+00,3.188063e-01,4.026526e+00,2.736635e+00,3.530117e+00,3.186184e+00,1.201540e+00,1.477462e-01
394950,1,7.282600e-01,8.656653e-01,7.282601e-01,1.837591e+00,4.831798e-02,1.530171e+00,3.488407e-01,2.277594e+00,2.854571e-01,2.223928e+00,2.439623e+00,1.761714e+00,6.636040e-01
394951,1,9.788465e-01,9.764882e-01,9.788465e-01,1.097931e+00,4.142774e-02,9.780120e+00,2.900931e-01,2.149483e+00,2.604508e+00,2.436512e+00,1.682373e+00,5.775717e-01,1.911233e+00
394952,1,8.209802e-01,9.344061e-01,8.209803e-01,2.545225e+00,5.615973e-02,3.434973e+00,3.715662e-01,1.785097e+00,3.311351e+00,6.202779e-01,1.834418e+00,1.735765e+00,3.579397e-01
394953,1,9.905491e-01,9.823207e-01,9.905491e-01,2.157812e+00,5.268877e-02,1.382001e+01,3.637338e-01,4.136937e+00,1.088439e+00,2.095979e+00,4.839869e+00,1.146334e-01,2.797826e-01
394954,1,8.926521e-01,9.166790e-01,8.926521e-01,3.971323e+00,6.670123e-02,3.118269e-01,4.761286e-01,2.683278e+00,1.104257e+00,3.585555e+00,2.806646e+00,1.398607e-01,6.901735e-01
394955,1,9.393225e-01,9.130053e-01,9.393225e-01,2.312634e+00,5.709102e-02,6.737213e+00,3.907730e-01,6.341407e-01,2.299980e-01,5.130176e-01,2.732406e-01,1.822403e-01,9.645030e-01
394956,1,9.680139e-01,9.744905e-01,9.680139e-01,2.370363e+00,6.077773e-02,8.727273e+00,4.020429e-01,3.363797e+00,2.922755e-01,3.713232e+00,3.226697e+00,6.294671e-02,1.304361e+00
394957,1,8.381795e-01,9.051061e-01,8.381795e-01,3.427802e+00,7.258820e-02,4.227829e+00,4.727665e-01,1.223256e+00,1.115762e+00,1.768614e+00,1.152994e+00,8.767609e-03,3.234631e-01
394958,1,9.600879e-01,9.295249e-01,9.600878e-01,3.370802e+00,6.087711e-02,8.162460e+00,4.204358e-01,2.930125e+00,3.788028e-01,3.374562e+00,2.795548e+00,4.520918e-01,4.982951e-02
394959,1,7.654467e-01,9.078111e-01,7.654469e-01,3.319550e+00,6.781143e-02,1.897323e+00,4.204509e-01,7.192597e-01,2.041136e+00,1.403962e+00,1.019880e+00,1.341463e+00,1.879500e+00
394960,1,8.022746e-01,9.106044e-01,8.022747e-01,1.736421e+00,4.808765e-02,1.084784e+00,3.490850e-01,3.012761e+00,9.169333e-01,3.498870e+00,3.022204e+00,1.258861e+00,1.252233e+00
394961,1,9.859770e-01,9.770398e-01,9.859770e-01,1.575087e+00,4.313529e-02,1.170146e+01,3.432426e-01,2.353091e+00,2.682899e-01,2.786461e+00,1.868312e+00,5.764940e-01,3.058475e+00
394962,1,8.427074e-01,9.025144e-01,8.427074e-01,3.071948e+00,6.084706e-02,3.309014e+00,4.391031e-01,2.860996e+00,1.091487e+00,1.216328e+00,2.304632e+00,2.659530e+00,1.164938e+00
394963,1,8.583915e-01,9.095596e-01,8.583915e-01,2.525794e+00,5.431548e-02,1.944260e+00,4.059900e-01,4.000982e+00,6.441879e-01,4.507147e+00,3.885341e+00,7.206879e-01,3.328906e-01
394964,1,9.554468e-01,8.780674e-01,9.554468e-01,2.010503e+00,4.856524e-02,6.260244e+00,3.746559e-01,1.765280e+00,6.342593e-01,2.377411e+00,1.943264e+00,4.377399e-01,9.471835e-03
394965,1,9.166176e-01,8.705961e-01,9.166176e-01,2.436416e+00,5.469470e-02,5.816937e+00,3.905092e-01,7.500688e-01,9.147829e-02,5.172801e-01,3.772523e-01,6.181643e-01,1.279211e+00
394966,1,9.334155e-01,9.343036e-01,9.334155e-01,2.700833e+00,5.641181e-02,6.429988e+00,3.876722e-01,1.731702e+00,9.232078e-01,2.533820e+00,1.790795e+00,5.345601e-01,1.524880e-02
394967,1,9.322115e-01,8.668109e-01,9.322115e-01,3.032709e+00,6.252222e-02,4.483397e+00,3.918050e-01,1.922974e-02,6.439448e-01,1.213771e+00,1.071045e-01,1.517584e-01,2.465750e-01
394968,1,8.797845e-01,8.846565e-01,8.797845e-01,3.039143e+00,5.857370e-02,4.859146e+00,3.842354e-01,1.254509e+00,5.196949e-01,2.394745e-01,8.993847e-01,2.477933e-01,7.434472e-01
394969,1,9.113595e-01,9.344043e-01,9.113595e-01,2.865939e+00,6.417942e-02,5.130062e+00,3.584826e-01,1.150444e+00,6.953841e-01,2.237075e+00,1.302260e+00,1.792067e+00,2.091293e+00
394970,1,8.693107e-01,9.344415e-01,8.693108e-01,2.951939e+00,6.634826e-02,1.568298e+00,3.634053e-01,2.360757e+00,1.037531e+00,3.028116e+00,2.239658e+00,3.694009e+00,1.682845e-01
394971,1,7.264177e-01,9.299934e-01,7.264179e-01,1.679663e+00,5.371492e-02,2.963974e+00,3.295863e-01,4.396728e-01,2.618210e-02,1.471644e+00,5.274585e-01,6.962054e-01,3.019199e+00
394972,1,7.365715e-01,9.156324e-01,7.365716e-01,1.850420e+00,4.892064e-02,2.770943e+00,3.396626e-01,1.563249e+00,5.233907e-01,2.489322e+00,1.260750e+00,1.140934e+00,8.154220e-02
394973,1,9.559242e-01,9.330607e-01,9.559242e-01,1.593495e+00,4.714244e-02,7.805096e+00,3.403585e-01,2.376194e+00,3.405966e-01,2.976255e+00,2.293830e+00,1.004206e+00,8.578615e-02
394974,1,6.716905e-01,8.304958e-01,6.716906e-01,2.529782e+00,5.390724e-02,1.914922e+00,3.781480e-01,1.666008e+00,9.953010e-01,2.829853e-01,1.360448e+00,7.733005e-01,5.903363e-01
394975,1,9.817337e-01,9.610383e-01,9.817337e-01,1.978151e+00,4.993426e-02,1.033408e+01,3.560511e-01,6.312864e-01,3.081426e+00,7.874899e-01,1.075274e-01,1.107809e+00,7.218008e-03
394976,1,7.403727e-01,9.265070e-01,7.403729e-01,3.020842e+00,5.738103e-02,3.133168e+00,4.209436e-01,8.406145e-01,3.923595e-01,2.018745e+00,5.972443e-01,8.044640e-02,9.105874e-01
394977,1,7.217519e-01,9.429594e-01,7.217521e-01,2.458266e+00,4.887345e-02,2.116105e+00,4.455399e-01,2.977344e+00,1.920873e+00,1.252782e+00,1.850060e+00,1.677329e-01,7.082633e-01
394978,1,9.838677e-01,9.703889e-01,9.838677e-01,2.010789e+00,4.766221e-02,1.086246e+01,3.942131e-01,2.707305e+00,2.132964e+00,3.408726e+00,2.658714e+00,4.255247e-02,2.093781e+00
394979,1,8.737838e-01,8.996538e-01,8.737838e-01,3.204774e+00,5.958266e-02,5.736917e-01,4.200589e-01,2.600196e+00,2.359190e-01,3.036221e+00,2.601357e+00,6.513680e-01,1.670089e+00
394980,1,9.732313e-01,9.116475e-01,9.732313e-01,1.969021e+00,5.236092e-02,6.667229e+00,3.402727e-01,1.401087e-01,7.411432e-01,7.512747e-01,3.732358e-01,7.777886e-01,8.361984e-01
394981,1,6.703945e-01,8.819621e-01,6.703947e-01,2.518616e+00,5.414308e-02,2.616703e+00,3.782732e-01,2.002397e+00,1.173403e+00,2.568287e+00,1.777650e+00,2.244824e-01,3.242511e-01
394982,1,9.298070e-01,8.748939e-01,9.298070e-01,2.099028e+00,4.749024e-02,4.174490e+00,3.776532e-01,7.021569e-03,1.370981e-01,1.057069e+00,4.214812e-01,2.103157e+00,4.969384e-01
394983,1,7.685638e-01,9.313989e-01,7.685639e-01,2.340348e+00,5.388480e-02,4.280546e-01,3.598937e-01,5.323241e-01,7.920197e-01,6.502867e-01,4.364938e-01,1.792456e+00,9.290970e-01
394984,1,9.639952e-01,9.229252e-01,9.639952e-01,1.510941e+00,4.476357e-02,8.419093e+00,3.244825e-01,5.766407e-01,3.062770e-01,6.628836e-01,6.529500e-02,8.724968e-01,7.852329e-02
394985,1,7.120066e-01,8.702124e-01,7.120068e-01,2.369376e+00,5.371835e-02,1.901864e+00,3.898336e-01,2.311285e+00,1.119729e+00,2.892459e+00,2.225430e+00,4.537969e-03,1.221203e+00
394986,1,9.510710e-01,9.787424e-01,9.510710e-01,1.843465e+00,4.706110e-02,6.171539e+00,3.704782e-01,2.161147e+00,5.052758e-01,2.793887e+00,2.225689e+00,3.212242e+00,1.040471e+00
394987,1,8.820033e-01,9.094712e-01,8.820034e-01,2.558947e+00,5.512695e-02,4.407310e+00,3.559432e-01,1.237694e+00,1.203165e+00,1.882934e+00,1.142352e+00,2.573625e+00,4.676833e-01
394988,1,6.374263e-01,8.760502e-01,6.374265e-01,2.353021e+00,5.360927e-02,2.414858e+00,3.739071e-01,1.402110e+00,3.959085e-01,2.133636e+00,1.248726e+00,1.460644e+00,2.032882e+00
394989,1,8.780094e-01,8.894387e-01,8.780094e-01,1.889517e+00,4.864827e-02,4.511349e+00,3.530031e-01,3.623428e-01,2.476340e-01,7.697829e-01,3.671374e-01,1.379121e+00,9.167023e-02
394990,1,9.202049e-01,9.123724e-01,9.202049e-01,1.963328e+00,5.132412e-02,5.940164e+00,3.798081e-01,1.724990e+00,2.698011e-02,1.801781e-01,1.703558e+00,3.645468e-01,1.045525e+00
394991,1,7.382228e-01,8.268839e-01,7.382229e-01,2.644271e+00,5.492907e-02,1.756559e+00,3.701953e-01,8.588925e-01,8.589126e-01,2.029757e+00,9.547120e-01,1.023173e-02,1.015543e+00
394992,1,9.215097e-01,8.668003e-01,9.215097e-01,2.008546e+00,5.110869e-02,5.983498e+00,3.234551e-01,9.165847e-01,4.553327e-01,4.007201e-01,8.867460e-01,8.199569e-02,1.183415e-01
394993,1,9.880243e-01,9.700989e-01,9.880243e-01,2.371450e+00,5.333008e-02,1.265966e+01,3.593933e-01,1.629857e+00,5.666910e-01,2.362078e+00,2.123880e+00,1.914823e+00,4.504851e-01
394994,1,9.367182e-01,9.248204e-01,9.367182e-01,4.073342e+00,7.096235e-02,6.596838e+00,4.314020e-01,2.078963e+00,1.049828e+00,2.556116e+00,2.157355e+00,8.201742e-01,5.710342e-01
394995,1,8.553116e-01,9.074575e-01,8.553116e-01,1.351386e+00,4.617016e-02,4.457838e+00,2.861066e-01,3.191056e+00,9.889504e-02,3.514120e+00,2.929144e+00,4.096357e-01,1.980477e-02
394996,1,9.257583e-01,8.609661e-01,9.257582e-01,1.732926e+00,4.984184e-02,6.116358e+00,3.025670e-01,1.013836e+00,3.589678e-01,1.710220e+00,7.260623e-01,4.984532e-01,2.951713e-01
394997,1,7.747518e-01,8.376913e-01,7.747519e-01,2.134587e+00,5.378030e-02,2.556089e+00,3.302415e-01,1.730010e+00,1.434255e-01,2.377271e+00,1.701722e+00,4.615781e-01,5.166761e-01
394998,1,7.431874e-01,9.036830e-01,7.431875e-01,1.784967e+00,4.697504e-02,1.873736e+00,3.354194e-01,2.096206e+00,1.333641e+00,2.780722e+00,1.963769e+00,1.439224e+00,1.005428e+00
394999,1,9.046499e-01,8.867762e-01,9.046499e-01,1.489191e+00,4.510882e-02,5.400318e+00,3.418140e-01,1.104452e+00,9.103043e-02,1.820563e+00,9.124415e-01,1.414566e-01,1.017996e-01
395000,1,8.089541e-01,8.997069e-01,8.089542e-01,1.945037e+00,5.033087e-02,3.850351e+00,3.031438e-01,1.897390e+00,1.897228e-02,2.657093e+00,1.663647e+00,3.758078e-01,1.371063e+00
395001,1,9.031718e-01,9.700123e-01,9.031719e-01,1.857311e+00,5.412791e-02,5.358490e+00,2.845192e-01,2.436077e-01,4.761710e+00,9.598631e-01,4.753377e-02,6.137707e-01,3.010601e+00
395002,1,9.803812e-01,9.631845e-01,9.803812e-01,2.218133e+00,5.586388e-02,9.992824e+00,3.317714e-01,3.482138e+00,7.315227e-01,1.494841e+00,3.488897e+00,5.123883e-01,1.652552e+00
395003,1,9.290627e-01,9.467728e-01,9.290627e-01,3.273953e+00,6.450343e-02,1.581963e+00,3.757478e-01,2.980240e+00,1.135506e-01,3.605331e+00,3.062857e+00,4.407810e+00,5.557714e-01
395004,1,8.157239e-01,9.234025e-01,8.157240e-01,1.938308e+00,6.482358e-02,1.260296e+00,2.789973e-01,2.717307e-01,2.218323e+00,1.314119e+00,2.925493e-01,2.529834e+00,4.604242e-01
395005,1,9.383218e-01,9.073161e-01,9.383218e-01,1.798478e+00,5.038753e-02,6.682986e+00,2.592080e-01,1.178795e+00,1.192282e+00,1.998222e+00,1.295729e+00,1.108371e-01,3.709746e-01
395006,1,9.109069e-01,9.321573e-01,9.109069e-01,2.165151e+00,5.241835e-02,5.609974e+00,2.972205e-01,1.532292e+00,1.753324e-02,1.146408e-01,8.859601e-01,6.857968e-01,9.585453e-01
395007,1,8.055984e-01,8.927094e-01,8.055985e-01,2.405350e+00,5.810169e-02,5.639502e-01,3.125543e-01,3.199915e-01,4.624621e-01,7.962585e-01,1.601709e-01,1.173427e+00,6.307229e-01
395008,1,9.568595e-01,9.302532e-01,9.568594e-01,1.699632e+00,4.927972e-02,6.670578e+00,2.878302e-01,9.859387e-01,9.147962e-01,3.043859e-01,3.810959e-01,3.455562e+00,1.425871e-01
395009,1,9.475491e-01,9.121761e-01,9.475491e-01,2.587034e+00,5.887153e-02,7.192605e+00,3.122637e-01,1.910639e+00,2.986292e-01,2.618917e+00,1.870900e+00,1.528318e+00,1.893095e+00
395010,1,7.543471e-01,8.682836e-01,7.543472e-01,3.041203e+00,6.081148e-02,1.624382e+00,3.458922e-01,2.076588e+00,1.168299e+00,2.703111e+00,1.699185e+00,6.516574e-02,5.399025e-01
395011,1,7.457210e-01,9.236588e-01,7.457211e-01,1.802385e+00,4.654111e-02,1.643490e+00,3.093833e-01,2.875279e+00,4.471115e-01,3.181186e+00,2.636391e+00,9.191919e-01,6.951474e-01
395012,1,9.538185e-01,9.696905e-01,9.538185e-01,1.469637e+00,4.633219e-02,7.622978e+00,2.663876e-01,3.375028e-01,1.278416e-01,1.208441e+00,1.028007e-01,1.790897e+00,1.847737e+00
395013,1,9.700648e-01,9.294506e-01,9.700648e-01,2.130635e+00,5.035884e-02,8.911894e+00,3.574702e-01,1.378041e-01,6.426344e-01,1.097829e+00,9.127101e-02,2.224890e+00,5.918139e-02
395014,1,9.379912e-01,9.862861e-01,9.379912e-01,3.215665e+00,6.322592e-02,1.662486e+00,3.753935e-01,6.665497e+00,6.150704e-01,4.146353e+00,6.504890e+00,2.587780e+00,2.671624e-01
395015,1,9.090027e-01,9.078111e-01,9.090027e-01,2.380326e+00,5.235794e-02,5.543350e+00,3.608563e-01,3.197682e+00,1.091365e+00,4.052562e+00,3.517461e+00,8.071035e-01,5.810475e-01
395016,1,9.806676e-01,9.295195e-01,9.806676e-01,2.495852e+00,5.245778e-02,1.005604e+01,3.632769e-01,2.002008e+00,5.757248e-02,2.573500e+00,1.731363e+00,2.686850e-01,1.108230e-01
395017,1,9.214832e-01,8.749098e-01,9.214831e-01,2.712586e+00,5.866205e-02,1.599688e+00,4.455358e-01,3.427118e-01,2.106347e+00,5.490832e-01,1.808103e-01,2.659372e-01,1.891650e+00
395018,1,9.303622e-01,9.600783e-01,9.303622e-01,1.738387e+00,5.413480e-02,5.698970e+00,3.892754e-01,1.842992e+00,4.120723e-01,2.436112e+00,1.832334e+00,2.357221e+00,2.143439e+00
395019,1,6.990559e-01,8.845663e-01,6.990560e-01,9.488264e-01,3.128429e-02,2.584573e+00,3.191051e-01,1.010116e+00,5.572652e-01,1.775159e+00,8.467515e-01,1.651663e+00,4.953384e-01
395020,1,8.656934e-01,8.578387e-01,8.656934e-01,3.153941e+00,3.137459e-02,4.635590e+00,2.934744e-01,1.430562e+00,4.507171e-01,2.115212e+00,1.078521e+00,1.251282e+00,2.525738e-01
395021,1,9.321355e-01,8.908248e-01,9.321355e-01,2.300803e+00,3.503256e-02,6.371787e+00,3.487620e-01,8.631386e-01,2.925211e-01,1.720769e+00,9.615409e-01,4.986308e-01,4.173302e-01
395022,1,8.330911e-01,8.935403e-01,8.330912e-01,1.930210e+00,4.121644e-02,7.308613e-02,3.478109e-01,2.454221e+00,9.177397e-01,8.992214e-01,2.395918e+00,1.771849e+00,1.981824e-01
395023,1,8.481865e-01,9.753921e-01,8.481866e-01,1.251390e+00,3.459560e-02,3.566725e+00,3.119015e-01,1.268056e+00,3.105136e-01,2.153587e+00,1.499008e+00,8.406063e-01,2.065747e+00
395024,1,7.463203e-01,9.344379e-01,7.463205e-01,1.368180e+00,3.003791e-02,1.476477e+00,3.838921e-01,2.771279e+00,4.734452e-01,3.186544e+00,2.800676e+00,1.728270e-01,1.713799e+00
395025,1,9.393278e-01,9.633525e-01,9.393278e-01,6.390547e-01,2.882574e-02,6.737776e+00,2.843037e-01,5.862494e-01,6.107162e-01,3.741252e-01,3.483838e-02,1.119859e+00,1.434938e+00
395026,1,7.453886e-01,9.409952e-01,7.453887e-01,1.461144e+00,3.534739e-02,2.129158e+00,3.800677e-01,2.719477e+00,1.276237e+00,3.177932e+00,2.468969e+00,6.133688e-01,3.172979e+00
395027,1,7.143050e-01,9.306882e-01,7.143052e-01,1.275939e+00,3.621090e-02,4.627988e-01,3.151697e-01,1.671676e+00,2.719919e+00,1.493949e-01,1.822718e+00,8.840906e-01,6.740277e-01
395028,1,8.536355e-01,9.227431e-01,8.536355e-01,7.790934e-01,3.002138e-02,3.339870e-01,2.993429e-01,1.687578e+00,8.878048e-01,2.377347e+00,1.463669e+00,4.740260e-01,2.393042e+00
395029,1,9.580299e-01,9.810318e-01,9.580299e-01,5.692637e-01,3.055210e-02,7.994560e+00,2.667459e-01,4.325913e+00,1.625399e+00,2.319989e+00,4.394728e+00,8.062193e-01,2.313675e+00
395030,1,9.940710e-01,9.940368e-01,9.940710e-01,6.092537e-01,3.548340e-02,1.616797e+01,4.048244e-01,3.245475e+00,2.546407e+00,1.434862e+00,1.519531e+00,2.884051e+00,3.026861e+00
395031,1,9.512690e-01,9.045386e-01,9.512690e-01,3.894998e+00,7.255940e-02,3.699248e+00,4.606181e-01,5.337048e-01,8.876278e-01,1.489887e+00,1.302711e+00,2.094609e+00,1.189714e+00
395032,1,9.884487e-01,9.817956e-01,9.884486e-01,2.019802e+00,4.496287e-02,1.289144e+01,3.534939e-01,5.504713e+00,5.638525e-01,3.318693e+00,5.925844e+00,1.537363e+00,1.670805e-01
395033,1,7.957470e-01,9.061528e-01,7.957471e-01,3.702961e+00,6.730132e-02,2.129250e+00,4.456519e-01,6.528922e-03,1.205322e+00,1.230820e+00,1.085173e+00,1.614017e+00,1.006003e-01
395034,1,9.662989e-01,9.412993e-01,9.662989e-01,1.956107e+00,4.526169e-02,8.575052e+00,3.695598e-01,1.570714e+00,2.232798e-01,4.657762e-01,6.121298e-01,1.466078e+00,6.351351e-01
395035,1,6.231796e-01,8.332980e-01,6.231798e-01,6.601952e-01,5.498114e-02,2.160243e+00,4.441795e-01,4.001191e-02,5.242993e-01,7.282777e-01,8.860526e-01,4.424948e-01,9.763849e-01
395036,1,7.642675e-01,9.490252e-01,7.642676e-01,2.879024e+00,5.066328e-02,1.416007e+00,4.163719e-01,1.255238e+00,5.793812e-02,1.701983e+00,1.364071e+00,6.800338e-01,2.642135e+00
395037,1,9.906445e-01,9.905433e-01,9.906445e-01,1.801680e+00,4.379099e-02,1.388030e+01,3.545334e-01,2.869100e+00,2.563211e-01,1.700746e+00,2.376776e+00,2.605806e-01,2.607979e+00
395038,1,7.947782e-01,9.069094e-01,7.947783e-01,3.692637e+00,6.378501e-02,2.439690e+00,4.982294e-01,1.356928e+00,1.521342e+00,1.762679e+00,2.373626e+00,1.142622e+00,5.215643e-01
395039,1,9.079596e-01,8.893167e-01,9.079596e-01,2.006817e+00,4.673447e-02,5.508686e+00,3.592077e-01,1.768914e+00,3.728869e-01,2.184085e+00,1.365027e+00,8.098998e-02,4.083505e-01
395040,1,7.602930e-01,8.505177e-01,7.602930e-01,2.262545e+00,4.909048e-02,3.328645e+00,3.743641e-01,2.627402e+00,4.369640e-01,2.865930e+00,2.229506e+00,2.499080e-01,2.023505e-01
395041,1,9.619178e-01,9.356578e-01,9.619177e-01,2.043608e+00,4.818323e-02,8.275685e+00,3.491761e-01,3.752685e-01,3.126001e-01,4.282279e-01,2.138990e-01,3.173600e-01,2.979542e-01
395042,1,8.427056e-01,9.267457e-01,8.427057e-01,2.803321e+00,5.461511e-02,4.282438e+00,4.107474e-01,2.745417e+00,5.701413e-01,1.596741e+00,8.499996e-01,1.607318e-01,1.063962e+00
395043,1,9.840392e-01,9.431839e-01,9.840392e-01,2.686597e+00,5.023886e-02,1.091110e+01,4.080973e-01,6.483715e-01,3.402508e-01,1.278469e+00,1.082977e+00,2.552980e-01,8.683903e-01
395044,1,9.163223e-01,9.056100e-01,9.163223e-01,3.829691e+00,6.511515e-02,5.805639e+00,4.440437e-01,8.282275e-01,1.235028e+00,1.488013e-01,8.724382e-02,2.110815e-01,2.915053e-01
395045,1,9.774180e-01,9.541575e-01,9.774180e-01,3.517320e+00,6.618157e-02,5.615761e+00,4.257108e-01,7.767652e-01,7.199443e-03,2.708073e-01,6.970588e-01,6.637526e-01,2.700548e+00
395046,1,9.783586e-01,9.085147e-01,9.783585e-01,3.545437e+00,6.453343e-02,2.470687e+00,4.342645e-01,2.763915e-01,1.505748e+00,7.384984e-01,1.712980e-01,1.425074e+00,1.038057e-01
395047,1,9.815269e-01,9.413329e-01,9.815268e-01,2.907004e+00,5.864662e-02,5.010898e+00,3.952041e-01,2.908837e+00,1.093735e+00,3.080429e+00,3.206965e+00,2.518268e+00,2.145997e+00
395048,1,8.349210e-01,8.687521e-01,8.349210e-01,2.703110e+00,5.395895e-02,2.335420e+00,4.005825e-01,3.441735e+00,4.385512e-01,3.441411e+00,3.368877e+00,2.696858e-01,9.910766e-02
395049,1,9.024381e-01,8.569865e-01,9.024381e-01,2.188908e+00,5.261918e-02,5.336886e+00,3.462978e-01,2.177858e+00,1.561992e-01,2.365188e+00,2.358898e+00,1.456480e+00,4.346501e-01
395050,1,9.596317e-01,9.427861e-01,9.596317e-01,5.199023e-01,3.193257e-02,8.128194e+00,2.593632e-01,1.391821e+00,1.443418e-02,1.898805e+00,1.788328e+00,8.686531e-01,3.921898e-01
395051,1,7.606006e-01,8.811365e-01,7.606007e-01,1.653332e+00,4.353684e-02,2.548994e-01,3.139678e-01,3.072065e+00,7.905026e-01,3.332127e+00,2.784933e+00,9.564741e-01,3.639698e-01
395052,1,7.922304e-01,8.992631e-01,7.922305e-01,1.110629e+00,3.706416e-02,6.447299e-01,3.022704e-01,2.170767e+00,1.376410e+00,2.580906e+00,2.056042e+00,4.927335e-01,9.527924e-01
395053,1,9.400863e-01,9.288230e-01,9.400863e-01,8.318376e-01,3.991465e-02,6.786332e+00,2.520519e-01,3.036611e+00,1.816299e+00,3.433976e+00,2.922640e+00,7.873666e-01,5.264069e-01
395054,1,6.892628e-01,9.118031e-01,6.892630e-01,1.569261e+00,4.011309e-02,5.387892e-01,3.127523e-01,2.139023e+00,1.512160e+00,2.591927e+00,2.045466e+00,3.860838e-01,1.111392e-01
395055,1,7.786980e-01,8.910246e-01,7.786981e-01,9.483507e-01,3.571191e-02,2.574301e+00,2.701940e-01,1.819698e+00,1.646837e+00,2.612248e+00,1.582516e+00,8.264472e-01,2.311578e+00
395056,1,8.153049e-01,9.393404e-01,8.153050e-01,1.001104e+00,3.882476e-02,1.420630e+00,2.688731e-01,1.892105e-01,3.089166e+00,1.323135e+00,2.874820e-01,9.379786e-02,2.582088e+00
395057,1,9.384120e-01,9.660787e-01,9.384120e-01,4.183966e-01,3.322299e-02,6.687372e+00,2.851317e-01,1.581862e+00,2.742738e+00,2.537271e+00,1.548241e+00,1.284650e+00,8.085903e-02
395058,1,9.297770e-01,8.685205e-01,9.297769e-01,1.296964e+00,4.313713e-02,6.278554e+00,2.812834e-01,1.075664e+00,1.677446e-01,2.010398e+00,1.093156e+00,4.769430e-01,1.042123e-01
395059,1,9.835919e-01,9.514914e-01,9.835919e-01,1.866496e+00,4.785341e-02,1.076556e+01,3.009755e-01,1.704485e+00,1.671580e-01,2.679496e+00,1.748237e+00,5.115254e-01,9.255823e-01
395060,1,9.493312e-01,8.967845e-01,9.493312e-01,2.358921e+00,6.452633e-02,7.282800e+00,3.575362e-01,3.624365e-02,1.427706e+00,1.190474e+00,2.405701e-01,9.515377e-01,6.212007e-02
395061,1,9.565766e-01,9.154698e-01,9.565765e-01,3.253923e+00,7.295304e-02,7.864412e+00,3.615350e-01,9.244994e-01,6.170870e-01,3.924816e-01,3.979745e-02,1.034490e+00,1.325964e+00
395062,1,8.838686e-01,9.182896e-01,8.838686e-01,2.039573e+00,7.450158e-02,2.245415e-01,3.659458e-01,2.697511e-01,1.043925e+00,9.542931e-01,5.660826e-01,5.682617e-01,5.028651e-01
395063,1,9.771581e-01,9.734032e-01,9.771581e-01,9.546970e+00,6.322806e-02,7.986335e+00,3.030676e-01,5.243077e+00,1.180422e-02,3.085842e+00,4.098533e+00,1.445218e+00,9.369901e-01
395064,1,9.656748e-01,9.786045e-01,9.656748e-01,1.203995e+00,7.614369e-02,8.529452e+00,4.472014e-01,3.122528e-01,1.292847e+00,9.980967e-01,2.823458e-01,1.320035e+00,4.798086e-01
395065,1,9.047277e-01,9.615192e-01,9.047277e-01,5.402392e+00,7.088319e-02,2.516882e+00,4.512844e-01,2.254682e-01,1.656529e+00,1.305723e+00,5.951457e-01,1.082822e-01,4.952225e-01
395066,1,8.127200e-01,9.095879e-01,8.127201e-01,1.952879e+00,5.010164e-02,3.892263e+00,3.073669e-01,1.654423e+00,4.812210e-01,2.381209e+00,1.894115e+00,7.639513e-01,1.854300e+00
395067,1,8.428806e-01,9.088082e-01,8.428807e-01,1.870233e+00,4.720752e-02,4.284609e+00,3.176190e-01,2.019745e+00,4.267707e-02,2.561245e+00,2.329293e+00,1.253279e+00,4.995653e-01
395068,1,8.015338e-01,9.039676e-01,8.015338e-01,2.104344e+00,5.049011e-02,3.767653e+00,3.065033e-01,2.848713e+00,1.087454e+00,3.148219e+00,2.618284e+00,4.466970e-01,5.069427e-02
395069,1,8.176015e-01,8.392453e-01,8.176015e-01,1.958592e+00,5.303807e-02,3.951988e+00,2.950719e-01,1.303312e+00,1.918911e-01,1.826082e+00,1.284745e+00,9.496090e-01,3.510653e-01
395070,1,9.727893e-01,9.162265e-01,9.727893e-01,1.934697e+00,4.960928e-02,8.858390e+00,3.182801e-01,1.986615e+00,2.643702e-01,2.597645e+00,1.754056e+00,4.733334e-01,3.140304e-01
395071,1,9.725807e-01,9.291819e-01,9.725806e-01,2.722014e+00,5.948328e-02,9.145378e+00,3.501287e-01,4.929687e-01,9.073681e-01,1.311178e+00,9.090778e-01,2.868842e+00,1.451915e-01
395072,1,9.134033e-01,9.048905e-01,9.134033e-01,3.763314e+00,7.304627e-02,3.389897e+00,3.780868e-01,1.536547e+00,1.101601e+00,2.351852e-01,7.577434e-01,2.568117e+00,1.688712e-01
395073,1,7.367288e-01,8.287597e-01,7.367289e-01,3.103364e+00,6.460930e-02,2.267261e-01,3.611532e-01,7.760582e-01,5.657378e-01,1.684867e+00,1.128182e+00,7.720644e-01,3.001361e-01
395074,1,9.832012e-01,9.735694e-01,9.832012e-01,2.008149e+00,5.355534e-02,1.064836e+01,2.991836e-01,3.807173e+00,6.084290e-01,1.977100e+00,3.220304e+00,2.257002e+00,2.751887e-01
395075,1,9.814933e-01,9.475825e-01,9.814932e-01,3.379710e+00,6.868826e-02,2.658695e+00,3.777079e-01,1.403803e+00,1.875512e-01,2.397996e+00,1.387466e+00,3.509764e+00,2.043783e+00
395076,1,9.698915e-01,9.216752e-01,9.698915e-01,3.040464e+00,6.456876e-02,2.483089e-01,3.488670e-01,3.254615e+00,1.341099e+00,3.568529e+00,3.173486e+00,2.564895e+00,1.152272e+00
395077,1,9.794158e-01,9.276137e-01,9.794158e-01,2.043553e+00,5.265128e-02,6.611366e+00,2.913334e-01,1.972709e+00,3.242499e-01,2.494994e+00,2.081615e+00,1.343020e+00,1.059827e+00
395078,1,8.636602e-01,9.392998e-01,8.636602e-01,2.306076e+00,6.058086e-02,1.615825e+00,3.271203e-01,7.662112e-01,2.482749e+00,1.334342e+00,6.939187e-01,2.969126e+00,4.685321e-01
395079,1,9.806941e-01,9.701095e-01,9.806941e-01,1.425766e+00,4.821964e-02,1.006348e+01,3.281999e-01,1.602958e+00,2.142454e+00,2.383288e+00,1.748883e+00,2.432383e+00,3.323700e-01
395080,1,6.424793e-01,8.639274e-01,6.424795e-01,1.273806e+00,6.279981e-02,1.621806e+00,3.850379e-01,1.223185e-01,9.535698e-01,1.113236e+00,1.939621e-02,2.010402e+00,1.607345e+00
395081,1,7.672713e-01,9.158375e-01,7.672715e-01,3.057318e+00,4.912262e-02,1.758099e+00,3.349187e-01,1.874384e+00,1.980453e+00,2.649128e+00,2.019742e+00,1.969612e+00,9.667441e-02
395082,1,9.429770e-01,9.599298e-01,9.429770e-01,1.620799e+00,4.506248e-02,6.959803e+00,2.538606e-01,1.481392e+00,4.254390e+00,2.161397e+00,1.178586e+00,1.046351e+00,5.976762e-01
395083,1,9.406803e-01,9.680693e-01,9.406804e-01,2.104121e+00,5.024935e-02,6.823622e+00,3.224353e-01,2.254060e+00,2.218635e+00,8.559792e-01,1.932308e+00,2.767685e+00,2.590777e-01
395084,1,9.009388e-01,8.515519e-01,9.009388e-01,2.831988e+00,6.305134e-02,9.698195e-01,3.364805e-01,7.438774e-01,3.915426e-02,6.173021e-01,2.733440e-02,9.834405e-01,1.057203e+00
395085,1,8.442402e-01,9.208920e-01,8.442403e-01,1.832616e+00,5.548498e-02,4.301200e+00,2.743869e-01,1.480357e+00,7.030828e-01,2.412556e+00,1.623181e+00,4.458761e-01,1.234804e+00
395086,1,9.761874e-01,9.574883e-01,9.761874e-01,1.979479e+00,5.697282e-02,9.439132e+00,2.899316e-01,1.225177e+00,3.542674e-01,1.749352e+00,1.417810e+00,7.408977e-01,1.823544e+00
395087,1,7.499059e-01,9.123564e-01,7.499060e-01,3.108234e+00,6.852984e-02,4.608999e-01,3.480203e-01,3.949390e-02,8.626722e-01,9.632708e-01,3.840042e-01,2.984528e-01,5.669427e-01
395088,1,9.380937e-01,9.155865e-01,9.380937e-01,2.012122e+00,5.769160e-02,6.671615e+00,2.804672e-01,1.455838e+00,6.802660e-01,2.282646e+00,1.386234e+00,4.638216e-01,7.184894e-01
395089,1,9.084476e-01,9.201442e-01,9.084476e-01,2.465452e+00,5.829996e-02,5.524930e+00,3.334470e-01,4.798146e-01,4.213739e-01,6.439221e-01,7.252215e-01,2.725796e+00,9.635727e-01
395090,1,7.787970e-01,8.678328e-01,7.787971e-01,7.585901e-01,3.244339e-02,2.798462e+00,2.716818e-01,1.239626e+00,1.247655e-01,2.067361e+00,1.565597e+00,9.607190e-01,3.640234e-03
395091,1,8.674119e-01,8.871828e-01,8.674119e-01,9.085003e-01,3.405276e-02,3.156035e+00,2.747267e-01,1.307555e+00,8.478375e-01,2.056671e+00,1.266145e+00,9.640448e-02,1.176812e+00
395092,1,9.737882e-01,9.657180e-01,9.737882e-01,1.082596e+00,3.612782e-02,1.608598e+00,2.893003e-01,9.256598e+00,3.019353e-01,6.516319e+00,7.303258e+00,1.097145e+00,3.525823e-01
395093,1,9.262869e-01,9.181199e-01,9.262869e-01,1.026331e+00,3.020895e-02,6.447154e-01,3.282146e-01,2.333172e+00,1.180342e-01,3.130619e+00,2.905660e+00,1.630889e-01,2.060982e+00
395094,1,7.994174e-01,8.533039e-01,7.994175e-01,3.068812e-01,3.231516e-02,7.368022e-02,2.806749e-01,8.062658e-01,5.498039e-01,1.548064e+00,1.320245e+00,1.844704e-01,8.186483e-01
395095,1,6.577055e-01,8.701576e-01,6.577057e-01,6.204425e-01,2.828049e-02,2.540516e+00,2.729821e-01,5.360158e-01,3.192671e-02,1.135675e+00,1.490646e+00,9.398477e-01,9.182072e-01
395096,1,7.717285e-01,8.966943e-01,7.717286e-01,7.098169e-01,2.956201e-02,4.830782e-01,3.009424e-01,2.070281e+00,1.196927e-01,2.463891e+00,1.647581e+00,1.088334e+00,2.200745e+00
395097,1,8.016717e-01,9.129628e-01,8.016718e-01,5.245617e-01,2.570880e-02,8.587453e-01,3.277457e-01,3.240883e+00,6.927376e-03,3.428217e+00,2.869223e+00,4.109085e-01,1.358827e-01
395098,1,7.477011e-01,8.734124e-01,7.477012e-01,4.897205e-01,3.100937e-02,7.552184e-01,2.527959e-01,3.130468e+00,6.024215e-02,3.199140e+00,2.813890e+00,2.125448e-01,5.347806e-01
395099,1,7.533252e-01,9.176832e-01,7.533253e-01,4.488100e-01,3.035973e-02,3.253632e+00,2.157805e-01,7.441192e-01,5.963163e-02,1.524687e+00,8.446534e-01,5.010787e-01,1.553904e+00
395100,1,8.597369e-01,9.219935e-01,8.597370e-01,7.702304e-01,3.048144e-02,1.705733e+00,3.250200e-01,2.155358e+00,4.750564e-01,8.663280e-01,1.689064e+00,3.061820e-01,1.006645e+00
395101,1,7.396054e-01,8.849871e-01,7.396055e-01,7.691141e-01,3.297995e-02,3.042732e-01,2.826116e-01,2.117416e+00,3.147414e-01,2.756514e+00,2.136862e+00,1.189172e+00,4.561769e-01
395102,1,7.345400e-01,8.840889e-01,7.345401e-01,5.302388e-01,2.735470e-02,2.067107e-01,2.725801e-01,2.522704e+00,2.613382e-01,3.085893e+00,2.372054e+00,1.347492e-01,1.185362e+00
395103,1,9.398405e-01,9.755760e-01,9.398406e-01,2.890060e-01,2.580627e-02,6.769228e+00,2.708527e-01,7.896541e-01,1.140759e+00,1.584510e+00,4.049955e-01,1.274601e+00,2.363573e+00
395104,1,6.926610e-01,8.904906e-01,6.926611e-01,1.265975e+00,3.986681e-02,1.305107e+00,2.636401e-01,1.909868e+00,2.397220e+00,2.750667e+00,1.678826e+00,2.036030e-01,5.710312e-01
395105,1,9.394887e-01,9.363226e-01,9.394887e-01,9.428005e-01,3.507083e-02,6.747016e+00,2.698425e-01,1.094854e+00,1.607461e+00,1.278265e-01,6.785446e-01,3.773441e-02,1.332352e+00
395106,1,9.662282e-01,9.563674e-01,9.662282e-01,1.721644e+00,4.528636e-02,8.569187e+00,3.306848e-01,1.479788e+00,2.231095e+00,1.030714e-01,9.756065e-01,1.942567e+00,2.101470e-01
395107,1,9.382086e-01,9.635487e-01,9.382087e-01,2.961588e+00,5.902062e-02,5.686719e+00,4.042814e-01,2.257489e+00,1.004022e-01,3.026388e+00,2.246850e+00,2.514777e-03,1.593963e-01
395108,1,8.889304e-01,9.310523e-01,8.889305e-01,3.164166e+00,6.061825e-02,6.790191e-01,3.587974e-01,1.283750e-01,3.656128e+00,1.200411e+00,3.907726e-02,1.335478e+00,1.716775e-01
395109,1,9.520416e-01,9.334691e-01,9.520416e-01,1.856023e+00,4.763941e-02,7.472998e+00,3.253561e-01,2.643902e+00,2.548965e+00,2.994398e+00,2.568619e+00,7.156652e-01,6.629207e-02
395110,1,9.244075e-01,8.915549e-01,9.244075e-01,2.076589e+00,5.446587e-02,6.071787e+00,3.397846e-01,1.082841e+00,6.266057e-01,1.509554e-01,6.054302e-01,9.207872e-01,2.269047e-01
395111,1,9.776885e-01,9.139511e-01,9.776884e-01,2.818065e+00,6.190916e-02,6.003869e+00,3.252012e-01,5.248130e-01,1.399748e-01,1.446532e+00,5.771165e-01,9.356588e-01,5.629768e-01
395112,1,7.229206e-01,8.958669e-01,7.229207e-01,2.987698e+00,5.790529e-02,1.816043e-03,3.825665e-01,1.920066e+00,1.477248e+00,2.532650e+00,1.926600e+00,3.821128e-01,3.085118e-01
395113,1,9.699534e-01,9.091689e-01,9.699534e-01,1.938823e+00,5.294076e-02,3.066595e+00,2.929301e-01,2.588985e-01,8.047982e-02,1.225308e+00,1.933602e-01,9.891827e-01,7.635728e-01
395114,1,9.033486e-01,8.663177e-01,9.033486e-01,1.784557e+00,5.562549e-02,5.363620e+00,2.602736e-01,1.016041e+00,8.639621e-02,1.923233e+00,6.919191e-01,1.451608e+00,9.525669e-02
395115,1,8.744663e-01,8.901317e-01,8.744663e-01,2.107698e+00,5.314970e-02,2.334507e+00,3.068977e-01,5.469508e-01,6.952829e-02,1.510831e+00,7.721603e-01,1.551342e-01,1.537067e+00
395116,1,9.002599e-01,9.367716e-01,9.002599e-01,1.788490e+00,5.206598e-02,2.950690e+00,2.870492e-01,1.410715e+00,1.278340e-01,2.095201e+00,1.462600e+00,1.564722e+00,4.625626e-01
395117,1,8.233405e-01,9.622422e-01,8.233406e-01,1.725145e+00,4.897651e-02,4.026758e+00,2.922565e-01,1.373482e-01,1.168952e+00,1.209584e+00,8.595483e-02,4.065164e-01,3.791660e+00
395118,1,9.851672e-01,9.750898e-01,9.851672e-01,1.567071e+00,5.010163e-02,1.134589e+01,3.196989e-01,1.236077e+00,2.077138e-01,2.058395e+00,1.237073e+00,1.683567e+00,5.226036e-01
395119,1,9.813571e-01,9.745117e-01,9.813571e-01,3.373037e+00,6.989518e-02,1.023086e+01,3.340924e-01,6.467342e-01,1.655877e-01,1.406244e+00,9.098001e-01,3.811048e+00,1.114179e+00
395120,1,8.779281e-01,8.526533e-01,8.779280e-01,4.344210e-01,3.512141e-02,3.295035e+00,1.962000e-01,9.123696e-01,1.299207e-01,1.900464e+00,1.244562e+00,6.236726e-01,1.523899e-01
395121,1,9.026803e-01,8.900363e-01,9.026803e-01,7.623390e-01,3.747155e-02,4.183913e-01,2.055101e-01,2.821724e+00,7.177740e-01,1.598838e+00,1.897124e+00,9.966104e-02,1.883742e-01
395122,1,7.412178e-01,8.737624e-01,7.412179e-01,2.513166e-01,3.469521e-02,2.553755e+00,1.905011e-01,2.475250e+00,1.214500e+00,3.140394e+00,2.645474e+00,5.191669e-01,1.671030e+00
395123,1,6.710735e-01,8.521919e-01,6.710736e-01,6.769365e-01,4.004725e-02,2.591325e-02,1.925843e-01,2.204570e+00,8.855110e-01,2.620719e+00,2.073864e+00,6.515809e-01,2.681826e-01
395124,1,9.853228e-01,9.549672e-01,9.853228e-01,7.082774e+00,3.955616e-02,1.141312e+01,1.560512e-01,7.537573e-01,5.738027e-01,1.516722e+00,6.831651e-01,7.371603e-01,8.635886e-01
395125,1,9.986254e-01,9.994166e-01,9.986254e-01,2.730627e+01,6.394459e-02,2.663828e+01,2.999296e-01,6.264476e+00,2.513146e+00,4.120014e+00,5.019566e+00,6.940288e-01,2.709401e+00
395126,1,9.993149e-01,9.965525e-01,9.993149e-01,3.374063e+01,1.498285e-01,1.190089e+01,7.298731e-01,5.332157e+00,2.740596e+00,3.283329e+00,4.378151e+00,3.520995e+00,2.914824e+00
395127,1,9.995854e-01,9.943249e-01,9.995854e-01,4.001505e+01,1.549146e-01,9.564898e+00,9.205340e-01,5.140009e+00,3.496078e+00,3.006203e+00,2.091863e+00,5.081017e+00,7.846248e-01
395128,1,9.963764e-01,9.863728e-01,9.963764e-01,1.915410e+01,1.366732e-01,4.384299e-02,9.761901e-01,5.665604e+00,5.192974e+00,5.333426e+00,6.150258e+00,1.230457e+00,1.962288e+00
395129,1,9.154702e-01,9.757298e-01,9.154702e-01,3.311688e+00,6.207291e-02,3.445438e+00,3.489743e-01,1.758141e+00,1.909989e+00,6.943339e-01,1.723963e+00,2.073644e+00,4.098513e+00
395130,1,9.054985e-01,9.487016e-01,9.054986e-01,3.114115e+00,5.920327e-02,1.152806e-01,3.728670e-01,9.824299e-01,4.369551e+00,1.650477e+00,1.289478e+00,2.474717e+00,6.662101e-01
395131,1,8.104799e-01,9.544510e-01,8.104801e-01,1.740629e+00,4.327689e-02,2.414731e+00,3.225956e-01,3.639286e+00,2.902602e+00,3.574817e+00,3.285092e+00,1.674585e+00,4.305366e-01
395132,1,9.918839e-01,9.924244e-01,9.918839e-01,5.442437e-01,3.146944e-02,1.436257e+01,2.761480e-01,2.318371e+00,4.458260e+00,2.537366e+00,1.965532e+00,1.257928e+00,2.186987e-01
395133,1,7.340379e-01,8.762393e-01,7.340380e-01,3.081588e+00,6.133633e-02,2.690378e-01,3.364690e-01,1.129171e-01,2.832965e+00,6.276832e-01,4.254537e-01,6.774844e-01,5.341010e-01
395134,1,8.393587e-01,9.337626e-01,8.393588e-01,1.978107e+00,5.038296e-02,3.097072e+00,2.664721e-01,1.802262e+00,3.691208e+00,2.397223e+00,1.523424e+00,1.620734e-01,1.781962e+00
395135,1,9.627187e-01,9.854145e-01,9.627187e-01,1.855407e+00,4.483034e-02,8.326732e+00,2.775875e-01,1.650074e+00,3.738564e+00,2.251571e+00,1.573752e+00,2.801910e+00,1.845380e+00
395136,1,7.817638e-01,8.928314e-01,7.817639e-01,2.869239e+00,6.111437e-02,1.330345e+00,2.797341e-01,1.530783e+00,1.514635e+00,2.192775e+00,9.878648e-01,1.303129e+00,1.481180e+00
395137,1,8.663352e-01,8.925697e-01,8.663352e-01,2.147411e+00,5.337415e-02,4.646805e+00,2.619033e-01,1.515923e+00,1.042918e+00,2.317925e+00,1.027468e+00,6.583557e-01,2.105807e+00
395138,1,9.814526e-01,9.546808e-01,9.814526e-01,2.183450e+00,5.528681e-02,5.533884e+00,2.732208e-01,3.111782e+00,1.473107e+00,3.429194e+00,3.009691e+00,4.550589e+00,7.243624e-01
395139,1,9.961696e-01,9.961547e-01,9.961696e-01,1.535987e+01,5.911933e-02,1.876961e+01,2.743762e-01,1.548335e+00,4.181406e-04,3.096327e-01,1.610197e+00,2.537472e+00,1.583134e+00
395140,1,9.997587e-01,9.975161e-01,9.997587e-01,5.379482e+01,1.018419e-01,1.075847e+01,5.728938e-01,4.919257e+00,9.102021e-02,2.743248e+00,4.437992e+00,4.358800e+00,2.485128e+00
395141,1,9.968255e-01,9.839808e-01,9.968255e-01,2.013587e+01,1.404024e-01,2.028581e+00,9.369486e-01,3.629440e+00,4.615297e+00,3.988911e+00,3.735577e+00,7.615466e-01,2.969321e-02
395142,1,7.856057e-01,9.191294e-01,7.856058e-01,2.666100e+00,5.565490e-02,1.575318e+00,3.122870e-01,3.597824e+00,1.716638e+00,1.866386e+00,2.717330e+00,1.338477e+00,3.129386e+00
395143,1,7.746404e-01,9.156377e-01,7.746406e-01,2.325480e+00,5.274853e-02,2.279658e+00,2.830365e-01,1.898285e-01,3.485582e+00,1.284072e+00,9.307438e-01,8.816229e-01,5.354544e-01
395144,1,8.748552e-01,9.807773e-01,8.748553e-01,1.946976e+00,4.771348e-02,3.140272e+00,2.578321e-01,4.783313e+00,2.749270e+00,2.918998e+00,2.909945e+00,1.295554e+00,7.548106e-01
395145,1,9.808161e-01,9.768277e-01,9.808161e-01,1.721219e+00,5.100627e-02,1.009003e+01,2.556849e-01,1.855047e+00,1.275799e+00,4.643220e-01,1.602697e+00,5.323345e+00,2.782502e+00
395146,1,8.723853e-01,9.702810e-01,8.723854e-01,3.229697e+00,7.056813e-02,1.631382e+00,2.996771e-01,2.943670e-01,3.386540e+00,7.418463e-01,6.646621e-01,2.760929e+00,5.732885e-02
395147,1,9.701444e-01,9.880010e-01,9.701444e-01,2.372543e+00,5.429772e-02,8.918663e+00,2.969493e-01,6.872113e+00,1.781294e+00,4.619891e+00,6.200076e+00,1.790838e+00,2.658003e+00
395148,1,8.408121e-01,9.713259e-01,8.408122e-01,3.160937e+00,5.569588e-02,2.782035e+00,4.117644e-01,3.723325e+00,4.189953e+00,4.033178e+00,4.259157e+00,1.013243e+00,7.129374e-01
395149,1,9.032355e-01,9.397382e-01,9.032355e-01,1.609443e+00,3.985095e-02,5.154174e+00,2.965724e-01,5.360485e+00,7.998122e-01,4.935338e+00,5.047902e+00,8.480040e-01,1.084417e+00
395150,1,9.658251e-01,9.754876e-01,9.658251e-01,1.960123e+00,4.740676e-02,7.389483e+00,2.825811e-01,4.231823e-01,1.859678e-01,8.673937e-01,1.165891e-01,4.907284e+00,1.853265e-01
395151,1,8.886670e-01,9.304265e-01,8.886670e-01,2.888579e+00,6.318163e-02,2.071625e+00,2.913316e-01,2.405883e-01,6.958442e-01,6.313659e-01,6.204370e-01,3.170977e+00,1.238596e+00
395152,1,9.529893e-01,9.407636e-01,9.529893e-01,2.227210e+00,5.247584e-02,7.552617e+00,2.985619e-01,8.296431e-01,1.342982e+00,1.571554e+00,6.501205e-01,1.363667e+00,1.619810e-01
395153,1,7.796917e-01,8.895625e-01,7.796918e-01,2.985380e+00,5.812129e-02,2.335290e+00,3.254493e-01,4.453228e-01,1.518134e+00,6.487604e-01,4.298578e-01,1.329789e+00,2.735725e-01
395154,1,9.835972e-01,9.843414e-01,9.835972e-01,2.318047e+00,5.247712e-02,8.655359e+00,2.927681e-01,2.643435e+00,1.364696e+00,1.146802e+00,1.782338e+00,2.663855e+00,2.165114e+00
395155,1,8.680448e-01,9.186768e-01,8.680449e-01,6.505097e-01,6.522817e-02,6.057634e-01,3.264498e-01,3.008884e+00,7.764756e-01,3.559201e+00,2.893007e+00,2.485059e+00,1.235116e-01
395156,1,8.882798e-01,9.607625e-01,8.882799e-01,2.671594e+00,5.261163e-02,5.017005e+00,3.227671e-01,2.747204e+00,7.453948e-01,3.002240e+00,2.616639e+00,3.271586e-02,3.374191e+00
395157,1,9.075229e-01,9.542087e-01,9.075230e-01,2.186208e+00,4.955083e-02,4.222999e+00,3.352240e-01,9.643405e-01,5.493604e+00,4.013496e-02,2.438841e-01,1.977394e+00,5.041694e-01
395158,1,9.397344e-01,9.658435e-01,9.397345e-01,2.190173e+00,5.393782e-02,6.762737e+00,3.052839e-01,3.305640e+00,2.183740e+00,3.560734e+00,2.821040e+00,7.511844e-02,1.475800e+00
395159,1,8.912094e-01,9.296345e-01,8.912094e-01,2.772662e+00,5.802657e-02,1.865783e+00,3.058282e-01,1.530182e+00,1.122906e+00,2.156566e+00,1.385849e+00,1.442446e-01,7.786135e-01
395160,1,8.253366e-01,9.140431e-01,8.253367e-01,2.219106e+00,5.719184e-02,4.053898e+00,2.507395e-01,8.234481e-01,3.076541e+00,1.775887e+00,1.343470e-01,1.033817e+00,1.005278e-01
395161,1,7.965037e-01,8.807440e-01,7.965038e-01,2.148993e+00,5.315129e-02,1.241913e-01,2.611059e-01,2.775020e+00,7.111083e-01,3.406957e+00,2.449536e+00,2.048440e+00,5.596251e-01
395162,1,9.349785e-01,9.825363e-01,9.349785e-01,1.517263e+00,5.013997e-02,6.508520e+00,2.125644e-01,8.237893e-01,4.323773e+00,1.702289e+00,6.181450e-01,1.778067e+00,1.327758e-01
395163,1,8.259448e-01,9.515162e-01,8.259449e-01,2.090948e+00,5.495494e-02,4.062894e+00,2.583587e-01,3.119533e+00,2.551143e-01,3.618539e+00,2.904847e+00,2.881566e+00,2.123984e+00
395164,1,9.400509e-01,9.592014e-01,9.400509e-01,2.123440e+00,6.188908e-02,5.365545e+00,2.276919e-01,1.457068e+00,1.946772e+00,1.379388e-01,1.648425e+00,2.742921e+00,1.014788e+00
395165,1,9.850983e-01,9.633843e-01,9.850982e-01,2.636808e+00,6.737774e-02,7.063058e+00,2.485887e-01,1.175035e+00,4.902896e-01,4.398917e-01,1.514286e+00,1.728958e+00,2.466656e+00
395166,1,9.816754e-01,9.441209e-01,9.816753e-01,2.994758e+00,6.638738e-02,3.071415e+00,2.906212e-01,2.505403e+00,5.446036e-01,6.132090e-01,1.854067e+00,2.936521e+00,5.623013e-03
395167,1,9.745237e-01,9.625375e-01,9.745237e-01,2.613019e+00,6.239067e-02,8.556405e+00,2.764479e-01,2.322820e+00,2.574268e-01,3.070971e+00,2.817679e+00,7.726870e-01,2.792677e-01
395168,1,8.081179e-01,9.240248e-01,8.081180e-01,3.347896e+00,7.047885e-02,2.077906e+00,3.072401e-01,1.894029e+00,1.175827e+00,2.505870e+00,1.901557e+00,1.250429e+00,9.124182e-01
395169,1,7.604468e-01,9.022828e-01,7.604469e-01,1.786131e+00,4.938078e-02,2.818998e+00,2.711234e-01,6.932874e-01,1.015462e-01,5.123843e-01,6.165714e-01,2.564026e+00,9.384970e-01
395170,1,9.775612e-01,9.143878e-01,9.775611e-01,5.221785e-01,5.582858e-02,9.601773e+00,2.156138e-01,1.111989e+00,3.800547e-01,2.084466e+00,9.850508e-01,1.103606e-02,1.223029e-01
395171,1,8.806048e-01,9.220394e-01,8.806049e-01,3.319255e+00,6.377627e-02,1.582941e+00,3.183916e-01,2.689066e+00,6.303187e-01,3.177925e+00,2.479579e+00,3.303113e+00,7.839616e-01
395172,1,8.575658e-01,9.203104e-01,8.575658e-01,2.088915e+00,5.167144e-02,2.574695e+00,2.805907e-01,2.573315e+00,2.778611e-01,3.172388e+00,2.584566e+00,5.448284e-01,9.884769e-01
395173,1,9.027652e-01,9.211431e-01,9.027652e-01,1.842266e+00,5.335735e-02,2.577893e+00,2.689678e-01,2.196986e+00,5.152037e-01,2.692671e+00,2.126106e+00,6.238440e-01,2.503290e+00
395174,1,9.122948e-01,9.527873e-01,9.122948e-01,1.640315e+00,5.061031e-02,5.660063e+00,2.472477e-01,3.596992e+00,2.124494e+00,1.873778e+00,3.328963e+00,8.548381e-02,2.471934e+00
395175,1,9.235288e-01,9.463397e-01,9.235288e-01,2.057445e+00,5.315161e-02,6.045843e+00,2.636697e-01,1.167719e+00,2.490191e-01,2.257783e+00,1.627899e+00,3.776898e-01,1.635784e-01
395176,1,8.042512e-01,8.139037e-01,8.042512e-01,2.222462e+00,5.755139e-02,2.557081e+00,2.852451e-01,4.430316e-01,8.317810e-01,1.491600e+00,9.495284e-01,2.078915e-01,1.227668e-01
395177,1,8.778609e-01,8.385523e-01,8.778608e-01,1.957021e+00,4.983229e-02,4.829307e+00,2.800932e-01,1.089775e+00,2.297568e-01,1.929784e+00,1.137587e+00,7.205754e-01,4.829811e-02
395178,1,9.497414e-01,8.760767e-01,9.497414e-01,2.100905e+00,5.167325e-02,7.303789e+00,2.661765e-01,2.419355e-02,2.113881e-01,1.247674e+00,9.959819e-02,2.043218e-01,9.517380e-01
395179,1,7.303975e-01,8.675924e-01,7.303977e-01,2.617622e+00,5.958035e-02,7.049914e-01,2.991282e-01,1.761765e+00,7.933043e-01,2.567799e+00,1.534573e+00,6.554186e-01,2.967725e-01
395180,1,9.822747e-01,9.080162e-01,9.822747e-01,1.881470e+00,5.297071e-02,8.950630e+00,2.529624e-01,3.298259e-02,1.830364e-01,1.094544e+00,3.894341e-01,7.961880e-03,6.284092e-01
395181,1,9.076944e-01,9.210759e-01,9.076944e-01,2.520644e+00,5.792252e-02,2.018967e+00,2.992157e-01,1.919416e+00,4.942301e-02,2.661357e+00,2.318530e+00,1.151834e+00,1.900646e+00
395182,1,9.865604e-01,9.560014e-01,9.865604e-01,2.196142e+00,5.793883e-02,3.836827e+00,2.576540e-01,2.242784e+00,2.474357e+00,2.769027e+00,2.183891e+00,7.679822e-01,1.694711e+00
395183,1,9.584931e-01,9.268447e-01,9.584931e-01,2.086343e+00,6.137553e-02,4.099924e+00,2.515553e-01,1.946186e-01,1.025174e+00,1.062383e+00,3.927941e-01,2.852745e+00,1.197489e+00
395184,1,9.092538e-01,8.787321e-01,9.092538e-01,2.347410e+00,6.499401e-02,2.408514e-01,2.195523e-01,1.269891e-01,1.326096e+00,1.172007e+00,5.701892e-01,2.338877e-01,8.915333e-02
395185,1,9.571247e-01,9.694802e-01,9.571247e-01,2.001685e+00,5.947112e-02,7.908381e+00,1.940573e-01,1.645536e+00,9.922548e-02,1.785629e-01,1.556352e+00,1.547995e+00,3.871335e-02
395186,1,9.448723e-01,9.643991e-01,9.448723e-01,5.345879e+00,6.311381e-02,7.055606e+00,2.898731e-01,4.495254e-01,2.763042e+00,8.012417e-01,5.183318e-01,9.261426e-01,1.429964e-01
395187,1,8.819963e-01,9.029899e-01,8.819963e-01,4.896349e+00,6.640445e-02,3.749433e+00,3.672654e-01,2.822870e-01,2.187790e+00,7.908224e-01,5.523974e-01,2.627522e-01,7.891453e-01
395188,1,8.799454e-01,8.673519e-01,8.799454e-01,2.412697e+00,6.048429e-02,1.498544e+00,2.556306e-01,1.845586e+00,8.247934e-01,2.385996e+00,2.194415e+00,1.912127e-01,3.396005e-01
395189,1,9.816931e-01,9.802257e-01,9.816931e-01,1.304601e+00,4.604183e-02,1.032369e+01,2.086913e-01,4.724833e-01,5.509167e-02,1.507632e+00,2.657701e-01,2.495146e+00,1.983400e+00
395190,1,9.135908e-01,9.625004e-01,9.135908e-01,2.938080e+00,6.088816e-02,5.706646e+00,3.122369e-01,1.863781e+00,6.620282e-01,4.534832e-01,1.763063e+00,6.285807e-01,2.671334e+00
395191,1,9.446672e-01,9.894437e-01,9.446673e-01,3.070115e+00,6.549903e-02,1.689956e+00,2.971364e-01,6.686931e+00,5.661537e-01,4.295598e+00,5.167573e+00,2.212677e+00,2.350965e+00
395192,1,8.124530e-01,9.541327e-01,8.124532e-01,2.692464e+00,6.303942e-02,4.459189e-01,2.757182e-01,6.323156e-01,1.861813e+00,9.195388e-01,5.752256e-01,2.701596e-01,3.219227e+00
395193,1,9.840463e-01,9.826230e-01,9.840463e-01,1.735271e+00,5.453460e-02,9.639555e+00,2.344203e-01,5.045948e+00,1.011371e+00,5.071545e+00,4.870389e+00,2.437755e-01,8.515436e-01
395194,1,8.437823e-01,8.710345e-01,8.437823e-01,2.900326e+00,6.069847e-02,1.644576e+00,2.902575e-01,1.239421e+00,2.205016e+00,1.679140e+00,1.624226e+00,1.103327e+00,4.970351e-01
395195,1,9.711362e-01,9.409068e-01,9.711362e-01,1.668741e+00,4.352244e-02,5.749571e+00,2.415981e-01,2.668981e+00,1.789379e-02,2.854053e+00,2.727519e+00,3.694946e-01,7.579908e-02
395196,1,9.446195e-01,9.570268e-01,9.446195e-01,2.013248e+00,5.325874e-02,2.215232e+00,2.468107e-01,2.343917e+00,9.193343e-02,9.112214e-01,2.923512e+00,4.427111e+00,6.093863e-01
395197,1,8.883930e-01,9.331138e-01,8.883930e-01,2.029383e+00,5.989492e-02,4.445953e+00,1.923013e-01,4.238787e+00,8.288174e-01,4.472862e+00,3.851639e+00,2.678739e+00,8.948091e-01
395198,1,8.290565e-01,8.361497e-01,8.290565e-01,2.031825e+00,5.271846e-02,2.387619e+00,2.488682e-01,7.002812e-01,7.533700e-01,1.455265e+00,5.320643e-01,1.096844e-01,7.312831e-02
395199,1,9.532244e-01,9.327867e-01,9.532244e-01,1.768321e+00,5.163143e-02,7.573965e+00,2.306509e-01,3.687027e-01,1.343753e+00,6.029477e-01,5.135959e-01,1.361022e+00,6.320127e-01
395200,1,7.890392e-01,9.176496e-01,7.890393e-01,2.275233e+00,5.307978e-02,2.648553e+00,2.892034e-01,3.190895e+00,5.547695e-01,3.632818e+00,3.135538e+00,1.424822e+00,1.586824e+00
395201,1,7.977042e-01,8.770031e-01,7.977043e-01,1.514212e+00,5.488150e-02,2.839786e+00,2.533614e-01,3.417075e+00,6.485307e-02,3.580083e+00,3.182446e+00,1.111153e+00,8.418442e-01
395202,1,9.811485e-01,9.771937e-01,9.811485e-01,1.923208e+00,5.118805e-02,1.018140e+01,2.406507e-01,1.666292e+00,6.264430e-02,2.280193e+00,1.526342e+00,1.191007e-01,1.591126e-01
395203,1,8.066840e-01,9.510989e-01,8.066841e-01,2.710698e+00,6.389813e-02,3.134898e+00,2.990430e-01,3.825826e+00,5.747571e-01,2.025221e+00,3.605776e+00,2.101695e+00,4.729654e-01
395204,1,7.372787e-01,9.274599e-01,7.372788e-01,2.694862e+00,6.400864e-02,2.905809e+00,2.582264e-01,2.254210e+00,1.921800e+00,3.107496e+00,2.605435e+00,3.346145e-01,1.209022e+00
395205,1,9.132159e-01,9.106168e-01,9.132159e-01,2.267740e+00,5.700836e-02,5.692976e+00,2.460094e-01,3.644026e-01,6.602778e-01,1.249550e+00,1.295310e+00,1.090766e+00,1.069413e+00
395206,1,7.419268e-01,8.681722e-01,7.419269e-01,2.658916e+00,6.020645e-02,3.014775e-01,2.635571e-01,1.094019e+00,1.484639e+00,1.916198e+00,1.298921e+00,1.149096e+00,2.630095e-02
395207,1,9.477789e-01,8.838697e-01,9.477789e-01,1.777023e+00,5.084876e-02,7.203510e+00,2.228730e-01,5.919944e-01,2.175430e-01,1.526136e+00,3.503110e-01,2.926727e-01,2.956917e-01
395208,1,6.950495e-01,8.852876e-01,6.950497e-01,2.343405e+00,5.883394e-02,2.446275e+00,2.664412e-01,5.620417e-01,2.766318e+00,1.474628e+00,8.716240e-01,9.830649e-01,9.679717e-01
395209,1,9.142538e-01,9.155440e-01,9.142538e-01,1.963030e+00,5.248266e-02,4.443426e+00,2.578753e-01,7.759686e-01,1.300242e+00,1.804066e+00,9.580672e-01,2.532287e+00,1.187590e+00
395210,1,7.325810e-01,9.100634e-01,7.325812e-01,2.294701e+00,5.827490e-02,2.202167e+00,2.592839e-01,7.015206e-01,2.223104e+00,1.532767e+00,8.316059e-01,2.225994e-01,2.184839e+00
395211,1,9.003271e-01,8.640247e-01,9.003271e-01,1.896988e+00,5.471452e-02,3.118921e+00,2.229545e-01,8.814570e-01,1.524382e-01,1.818019e+00,9.394189e-01,2.947345e-01,4.996314e-01
395212,1,8.695052e-01,8.643517e-01,8.695052e-01,1.755634e+00,5.401104e-02,4.581908e+00,2.286751e-01,7.394986e-01,2.606562e+00,1.564323e+00,1.164219e+00,3.229133e-01,1.227974e-01
395213,1,8.889959e-01,9.804891e-01,8.889959e-01,1.650454e+00,5.209133e-02,4.979159e+00,2.532122e-01,7.116667e-01,3.140530e+00,3.846552e-01,1.890337e-01,5.032103e+00,2.110152e+00
395214,1,9.418189e-01,9.453638e-01,9.418189e-01,2.279042e+00,7.138252e-02,6.571068e+00,1.892847e-01,2.451431e+00,1.249823e+00,3.047694e+00,2.434820e+00,1.108072e+00,1.105803e+00
395215,1,7.981144e-01,9.163378e-01,7.981145e-01,1.960329e+00,6.864396e-02,1.046745e+00,2.407651e-01,1.221678e+00,9.665115e-01,1.810926e+00,1.345443e+00,3.865574e-01,1.253937e-01
395216,1,9.311861e-01,8.905985e-01,9.311860e-01,2.056783e+00,5.947167e-02,4.791907e+00,1.991718e-01,1.555458e-01,9.102999e-01,1.191027e+00,2.904526e-01,2.093293e+00,5.648006e-02
395217,1,9.085961e-01,9.636690e-01,9.085962e-01,2.217457e+00,6.516449e-02,2.277395e+00,1.893952e-01,1.536528e+00,2.486929e-01,2.208355e+00,1.469425e+00,1.454683e+00,1.685575e+00
395218,1,7.998329e-01,8.799732e-01,7.998330e-01,1.966887e+00,6.244719e-02,1.290694e+00,1.725917e-01,2.052096e+00,1.721654e-01,2.658806e+00,1.912657e+00,1.137304e+00,8.910431e-01
395219,1,9.868468e-01,9.727279e-01,9.868468e-01,1.605283e+00,5.830098e-02,1.196422e+01,1.754596e-01,1.340645e+00,5.191245e-01,2.047185e+00,1.418403e+00,4.575499e+00,2.280841e+00
395220,1,9.203269e-01,9.580399e-01,9.203269e-01,3.531722e+00,8.041897e-02,2.507366e+00,2.382833e-01,4.816943e-01,6.992772e-01,6.672008e-01,8.029385e-01,4.505703e+00,1.589249e-01
395221,1,7.338310e-01,9.164174e-01,7.338312e-01,1.801293e+00,5.726457e-02,3.079835e+00,2.131654e-01,2.092656e+00,1.506848e-01,2.831736e+00,2.096214e+00,1.655187e+00,3.957054e-01
395222,1,9.696069e-01,9.701184e-01,9.696069e-01,1.697487e+00,5.863477e-02,8.869045e+00,1.948058e-01,2.460265e-01,4.269071e-01,1.202098e+00,1.721856e-01,4.345086e-01,7.512877e-01
395223,1,9.041230e-01,9.528633e-01,9.041231e-01,2.866525e+00,6.204160e-02,7.253534e-01,2.557250e-01,3.874846e+00,9.412737e-01,1.762970e+00,4.457386e+00,8.531219e-01,1.121644e+00
395224,1,9.666136e-01,9.742995e-01,9.666136e-01,1.367812e+00,5.184415e-02,6.714557e+00,2.318940e-01,2.333662e+00,5.924949e-01,3.150042e+00,2.744963e+00,3.964394e+00,1.109484e-01
395225,1,8.814924e-01,9.231355e-01,8.814924e-01,2.709294e+00,6.195859e-02,1.619062e+00,2.450938e-01,2.476461e+00,4.680042e-01,3.055941e+00,2.374729e+00,2.952059e+00,6.337255e-01
395226,1,9.655811e-01,9.715062e-01,9.655811e-01,1.919121e+00,5.439151e-02,8.522717e+00,2.206094e-01,1.598227e+00,2.712391e-01,2.241913e+00,1.430741e+00,1.167137e+00,1.188197e+00
395227,1,9.448316e-01,9.335487e-01,9.448316e-01,2.811327e+00,6.550242e-02,4.986847e+00,2.578085e-01,1.691608e+00,6.872795e-02,4.728354e-01,8.226302e-01,3.808627e+00,2.145315e+00
395228,1,8.559304e-01,9.525522e-01,8.559305e-01,3.019640e+00,7.471323e-02,5.136424e-01,2.197179e-01,2.252357e+00,1.945481e+00,2.841140e+00,2.327736e+00,3.251361e+00,2.156953e+00
395229,1,8.756455e-01,9.290493e-01,8.756456e-01,1.699284e+00,5.559595e-02,4.795575e+00,1.962791e-01,9.305931e-01,2.822867e-01,1.599315e-01,6.653374e-01,1.589668e+00,9.797668e-01
395230,1,9.702840e-01,9.466155e-01,9.702840e-01,1.373239e+00,5.877402e-02,4.149893e+00,2.071235e-01,1.639522e+00,3.294671e-01,1.593108e-01,1.287000e+00,1.158630e+00,8.143781e-02
395231,1,8.334978e-01,8.878104e-01,8.334978e-01,2.235035e+00,5.679231e-02,4.167026e+00,2.603290e-01,1.187573e+00,7.953113e-01,1.958769e+00,1.250187e+00,1.930682e+00,4.735198e-01
395232,1,9.541102e-01,8.841385e-01,9.541101e-01,2.115203e+00,5.884911e-02,2.891103e+00,2.212203e-01,1.310140e+00,1.181798e-01,2.064923e+00,1.240999e+00,2.741286e-01,9.793048e-01
395233,1,8.265052e-01,7.972639e-01,8.265052e-01,1.888828e+00,5.726202e-02,4.070381e+00,2.147137e-01,9.789511e-01,2.940840e-02,1.793017e+00,1.231797e+00,2.205809e-01,1.796637e-01
395234,1,8.722103e-01,9.190640e-01,8.722103e-01,1.952485e+00,5.686889e-02,3.823308e+00,2.195501e-01,5.338233e-01,3.449043e+00,1.346566e+00,8.944481e-01,7.253444e-01,1.692686e-01
395235,1,8.862395e-01,8.542374e-01,8.862395e-01,1.917267e+00,5.320552e-02,2.803994e+00,2.395973e-01,6.900812e-01,1.702363e+00,5.691388e-01,1.213079e+00,1.085494e+00,7.906105e-01
395236,1,9.214266e-01,9.815092e-01,9.214267e-01,1.816057e+00,5.258337e-02,5.670751e+00,2.250629e-01,1.190173e+00,3.814700e+00,2.005308e+00,1.408331e+00,7.068704e-01,2.942067e+00
395237,1,8.018750e-01,9.140006e-01,8.018751e-01,2.428922e+00,6.044394e-02,2.297436e+00,2.281877e-01,1.212787e+00,1.380503e+00,1.782696e+00,1.654964e+00,4.802833e-01,2.669491e+00
395238,1,9.835495e-01,9.672649e-01,9.835495e-01,1.919788e+00,5.349552e-02,1.075579e+01,2.227739e-01,1.706128e+00,3.495352e+00,2.304927e+00,1.332843e+00,4.143240e+00,3.609362e-01
395239,1,8.556157e-01,8.975659e-01,8.556157e-01,3.523981e+00,7.196216e-02,5.570749e-03,2.737202e-01,9.117867e-01,2.833776e+00,1.655469e+00,7.109635e-01,1.311813e-02,4.253466e-03
395240,1,9.561752e-01,9.480404e-01,9.561752e-01,2.425027e+00,6.311056e-02,3.621182e+00,2.062260e-01,1.906768e+00,8.397004e-01,2.631254e+00,1.812502e+00,4.454071e-01,7.539628e-01
395241,1,7.632791e-01,9.021502e-01,7.632793e-01,2.257875e+00,6.345145e-02,5.629441e-01,1.986203e-01,1.663440e+00,5.069207e-01,2.095985e+00,1.440866e+00,1.609133e-01,1.308053e+00
395242,1,8.491765e-01,8.930860e-01,8.491766e-01,1.713883e+00,5.651052e-02,4.364811e+00,1.712013e-01,1.035626e+00,3.752104e-01,1.851274e+00,1.014031e+00,4.405018e-01,1.167648e+00
395243,1,9.422627e-01,9.230754e-01,9.422627e-01,1.841954e+00,5.762829e-02,4.319214e+00,1.816077e-01,2.154775e+00,2.909008e-01,2.734790e+00,1.956847e+00,2.803423e+00,3.671500e-01
395244,1,9.813536e-01,9.796776e-01,9.813536e-01,2.151635e+00,6.107679e-02,1.022910e+01,1.917322e-01,4.616938e+00,7.099690e-01,2.699096e+00,4.153643e+00,2.197715e+00,4.412879e-01
395245,1,7.475827e-01,8.956548e-01,7.475828e-01,3.198042e+00,6.908785e-02,6.451964e-01,2.753176e-01,6.244015e-01,5.061032e-01,1.777722e+00,8.168408e-01,1.348312e+00,2.008452e+00
395246,1,9.827857e-01,9.672048e-01,9.827857e-01,1.393579e+00,6.301799e-02,8.710271e+00,2.058147e-01,2.458699e+00,5.563778e-01,3.014048e+00,2.406051e+00,2.203368e+00,8.557488e-02
395247,1,7.987739e-01,8.979778e-01,7.987740e-01,3.737263e+00,6.871073e-02,2.785975e+00,2.695451e-01,1.497523e+00,3.587825e-01,2.113317e+00,1.500425e+00,2.717618e+00,1.759834e+00
395248,1,9.632809e-01,8.695300e-01,9.632808e-01,4.181917e+00,6.256099e-02,1.636438e+00,3.118340e-01,1.153886e+00,9.614460e-01,1.773452e+00,1.424713e+00,1.542319e-01,4.303576e-02
395249,1,7.927202e-01,8.785217e-01,7.927203e-01,1.959508e+00,5.259697e-02,3.670345e+00,2.154948e-01,1.578925e+00,6.316483e-01,2.185299e+00,1.518327e+00,3.047901e+00,6.190557e-01
395250,1,8.586337e-01,8.894104e-01,8.586337e-01,1.988076e+00,6.006120e-02,2.137433e+00,1.794835e-01,5.399090e-01,3.277076e-01,4.713263e-01,2.058312e-01,9.928846e-01,2.142704e-01
395251,1,8.932373e-01,8.707959e-01,8.932373e-01,1.662122e+00,5.748775e-02,5.122969e+00,1.848614e-01,8.039490e-02,5.412582e-02,1.035452e+00,4.648970e-01,2.095064e+00,3.897935e-02
395252,1,8.281071e-01,8.744643e-01,8.281071e-01,2.041842e+00,6.177318e-02,4.092939e+00,1.916344e-01,1.809167e+00,7.878113e-01,2.469427e+00,1.806175e+00,3.161917e-02,2.083516e-02
395253,1,8.955800e-01,8.621330e-01,8.955799e-01,2.113750e+00,5.731976e-02,3.093318e+00,1.997953e-01,6.494816e-01,2.911728e-01,1.481060e+00,6.074320e-01,5.242782e-01,5.063877e-01
395254,1,9.354382e-01,9.482384e-01,9.354382e-01,1.994260e+00,6.097851e-02,6.530349e+00,1.995873e-01,1.287093e+00,3.496398e-01,1.959206e+00,1.129110e+00,2.863913e+00,2.470680e+00
395255,1,9.503178e-01,9.076378e-01,9.503178e-01,2.668300e+00,7.336567e-02,1.387106e+00,2.073660e-01,1.471213e+00,2.053185e+00,2.117908e+00,1.341462e+00,8.899915e-01,9.969708e-02
395256,1,9.830279e-01,9.760180e-01,9.830279e-01,1.553262e+00,5.055123e-02,1.061265e+01,1.896188e-01,7.585928e-01,7.604534e-01,1.665194e+00,7.076702e-01,6.241680e-01,2.137463e+00
395257,1,9.176324e-01,9.322139e-01,9.176325e-01,1.973421e+00,6.101941e-02,4.033305e+00,2.744576e-01,1.083792e+00,6.363213e-01,1.960035e+00,1.052452e+00,5.849200e+00,3.744368e-01
395258,1,9.573262e-01,8.810852e-01,9.573262e-01,1.930517e+00,7.212356e-02,4.720408e+00,2.349737e-01,5.318043e-01,5.932980e-01,5.230446e-01,2.641697e-01,8.305055e-01,3.075077e-01
395259,1,9.576339e-01,9.254604e-01,9.576338e-01,4.732677e-01,6.764649e-02,5.417072e+00,2.390225e-01,2.708171e-01,1.809043e-01,1.013375e+00,3.435802e-01,7.590892e-01,4.285933e-01
395260,1,9.978793e-01,9.992557e-01,9.978793e-01,4.683167e+00,6.715062e-02,2.428641e+01,2.651592e-01,7.973528e+00,1.187203e+00,5.458643e+00,6.591813e+00,1.069943e+01,9.575193e-01
395261,1,9.860813e-01,9.917278e-01,9.860813e-01,8.878927e-01,1.414777e-01,1.174218e+01,4.303336e-01,4.048164e+00,3.541146e+00,1.978861e+00,2.640741e+00,2.409431e+00,1.680292e+00
395262,1,9.858249e-01,9.941216e-01,9.858249e-01,1.042279e+00,1.337392e-01,1.163226e+01,4.234704e-01,2.989515e+00,2.751327e+00,1.323005e+00,2.135836e+00,6.321426e+00,9.395761e-01
395263,1,9.541438e-01,9.404595e-01,9.541438e-01,3.525212e+00,1.427554e-01,2.555366e+00,3.875407e-01,4.190249e+00,2.390375e+00,4.260315e+00,4.344906e+00,7.650970e+00,1.117442e+00
395264,1,8.879757e-01,9.519458e-01,8.879758e-01,4.311725e+00,7.672247e-02,4.798622e+00,3.439070e-01,5.010022e+00,1.922604e+00,4.624451e+00,4.631459e+00,2.425758e+00,1.072115e+00
395265,1,9.430106e-01,9.386014e-01,9.430106e-01,1.468435e+00,4.604509e-02,6.962170e+00,2.172130e-01,1.173782e+00,1.654019e+00,1.420581e+00,1.296760e+00,1.954026e-02,1.591273e+00
395266,1,9.184723e-01,9.276968e-01,9.184723e-01,2.121317e+00,5.380607e-02,5.879341e+00,2.558553e-01,2.384738e-03,1.506029e+00,6.808933e-01,2.525269e-01,2.217796e+00,3.963020e-01
395267,1,9.547325e-01,9.473103e-01,9.547325e-01,2.696101e+00,6.083847e-02,7.700214e+00,2.745823e-01,2.829812e+00,2.166070e+00,2.963570e+00,2.597991e+00,1.196401e+00,5.666846e-01
395268,1,7.189991e-01,8.737377e-01,7.189993e-01,2.725280e+00,6.610583e-02,6.733002e-01,2.836701e-01,2.815543e+00,8.013080e-01,2.951872e+00,2.858299e+00,1.521718e+00,1.273556e+00
395269,1,9.357670e-01,9.121443e-01,9.357670e-01,2.058551e+00,6.093919e-02,5.618329e+00,2.175788e-01,1.151694e+00,2.071440e+00,1.647542e+00,9.314180e-01,5.793710e-01,1.899431e+00
395270,1,9.649146e-01,9.524921e-01,9.649145e-01,2.414994e+00,6.008665e-02,6.071679e+00,2.328995e-01,1.707329e+00,6.123252e-01,2.183397e+00,1.777856e+00,3.036966e+00,1.150440e+00
395271,1,9.225299e-01,9.288265e-01,9.225299e-01,2.950368e+00,7.077126e-02,9.939216e-01,2.291742e-01,2.487643e+00,7.178894e-01,2.857780e+00,2.149286e+00,3.337497e+00,1.669909e-01
395272,1,9.777769e-01,9.855277e-01,9.777769e-01,1.940708e+00,5.799061e-02,9.630652e+00,2.184639e-01,4.440196e-01,5.670425e-01,1.305180e+00,4.729789e-01,1.013722e+00,7.076044e-01
395273,1,7.565324e-01,8.780355e-01,7.565325e-01,3.100046e+00,7.111520e-02,2.321043e+00,2.508492e-01,2.945552e+00,1.506143e+00,3.287759e+00,2.767754e+00,9.811701e-01,1.424221e+00
395274,1,9.350191e-01,9.472820e-01,9.350191e-01,1.126898e+00,5.870656e-02,6.510453e+00,1.834645e-01,1.586299e+00,3.896260e-02,2.225383e+00,1.609577e+00,2.101574e+00,6.635668e-01
395275,1,7.132902e-01,8.474432e-01,7.132903e-01,2.321062e+00,6.912190e-02,2.480626e+00,1.908728e-01,3.239560e-01,1.993919e-01,1.226386e+00,3.193138e-01,2.959989e-01,1.671207e+00
395276,1,9.112623e-01,8.872518e-01,9.112623e-01,1.997846e+00,6.106484e-02,1.380379e+00,1.943666e-01,9.523543e-01,8.787446e-01,1.845698e+00,1.018852e+00,2.570003e+00,2.906263e-01
395277,1,9.282335e-01,9.602515e-01,9.282335e-01,1.583736e+00,6.225969e-02,5.579964e+00,1.503548e-01,2.361160e+00,5.915919e-02,7.958730e-01,2.110978e+00,2.751435e+00,8.078631e-01
395278,1,7.782967e-01,9.619753e-01,7.782969e-01,1.993085e+00,5.636862e-02,3.522138e+00,2.398676e-01,1.189885e+00,1.379878e+00,2.130811e+00,1.651297e+00,4.904795e-01,2.565969e+00
395279,1,9.393066e-01,9.554534e-01,9.393066e-01,1.899206e+00,5.147156e-02,6.736069e+00,2.530011e-01,1.126835e+00,2.277350e-01,1.992298e+00,1.146451e+00,5.167522e-01,1.374361e+00
395280,1,9.369781e-01,9.342647e-01,9.369781e-01,1.947629e+00,5.986005e-02,4.739418e+00,2.815928e-01,1.514470e+00,1.095567e-01,2.405252e+00,1.459207e+00,3.793256e+00,1.685594e+00
395281,1,8.635894e-01,8.697545e-01,8.635894e-01,2.770780e+00,6.666628e-02,4.598308e+00,2.447266e-01,7.447555e-01,1.845269e+00,1.309694e+00,8.925211e-01,1.441161e+00,2.828002e-01
395282,1,9.452012e-01,9.304512e-01,9.452011e-01,2.585236e+00,6.055283e-02,3.849081e+00,2.497904e-01,1.127825e+00,7.825779e-01,2.150838e+00,1.157259e+00,1.370132e+00,2.015556e+00
395283,1,7.571777e-01,8.717841e-01,7.571778e-01,2.576250e+00,6.344492e-02,6.142471e-02,2.269968e-01,1.306858e+00,1.446582e+00,1.885658e+00,9.280823e-01,1.048368e+00,4.310664e-01
395284,1,9.166901e-01,9.350337e-01,9.166901e-01,1.688883e+00,5.408255e-02,5.818901e+00,2.004191e-01,6.760451e-01,1.049913e+00,1.677914e+00,3.005688e-01,3.238142e-01,2.350250e+00
395285,1,9.449589e-01,9.161557e-01,9.449589e-01,2.292027e+00,6.089033e-02,5.718010e+00,2.158918e-01,7.865762e-01,9.134452e-01,1.690584e+00,6.885612e-01,3.469229e+00,3.972386e-01
395286,1,9.709965e-01,9.890229e-01,9.709966e-01,2.670670e+00,6.746982e-02,9.001287e+00,2.458807e-01,1.365744e+00,4.882264e+00,2.072825e+00,1.434565e+00,7.776073e-01,1.114590e-01
395287,1,7.951105e-01,9.062535e-01,7.951106e-01,3.596958e+00,7.018149e-02,3.696285e+00,3.043660e-01,1.779608e-01,3.037560e-01,1.222410e+00,3.461807e-02,1.057261e+00,1.449767e+00
395288,1,9.842496e-01,9.821350e-01,9.842496e-01,1.117020e+00,5.037608e-02,1.098088e+01,2.265168e-01,2.022751e+00,1.717289e+00,2.640671e+00,2.102068e+00,2.381079e+00,1.752896e+00
395289,1,9.810849e-01,9.889964e-01,9.810849e-01,2.009799e+00,6.854938e-02,1.015963e+01,2.798322e-01,2.015674e-01,5.035186e-01,8.268117e-01,7.329314e-02,2.329765e+00,1.673823e+00
395290,1,8.392332e-01,9.431592e-01,8.392333e-01,2.840677e+00,8.736103e-02,1.793266e+00,3.061940e-01,1.731310e+00,2.608938e+00,5.702973e-01,3.766900e-01,4.240703e+00,5.229670e-01
395291,1,8.841550e-01,8.712644e-01,8.841550e-01,4.642476e+00,6.895861e-02,1.399417e+00,3.388449e-01,5.493194e-01,1.772128e+00,1.565552e+00,1.034309e+00,2.247154e+00,9.232779e-02
395292,1,7.620044e-01,9.468329e-01,7.620046e-01,2.309854e+00,6.102764e-02,1.248043e+00,2.184587e-01,2.793840e+00,1.053438e+00,3.091402e+00,2.519848e+00,2.156523e+00,2.674659e+00
395293,1,8.933240e-01,9.732034e-01,8.933240e-01,1.792178e+00,6.186383e-02,5.063705e+00,1.653476e-01,4.061841e+00,3.649862e-01,2.363317e+00,3.045072e+00,8.057948e-01,9.440533e-01
395294,1,8.190743e-01,9.045157e-01,8.190743e-01,2.267707e+00,6.603424e-02,3.971259e+00,2.094324e-01,1.108083e+00,6.988504e-01,1.940708e+00,1.451390e+00,6.742870e-01,5.429442e-01
395295,1,7.512301e-01,9.246471e-01,7.512303e-01,2.180316e+00,6.180238e-02,2.471270e+00,2.050650e-01,3.046887e+00,1.036439e+00,3.231796e+00,2.775314e+00,1.906624e+00,7.461686e-01
395296,1,9.441792e-01,9.101518e-01,9.441792e-01,1.805969e+00,5.399083e-02,4.719879e+00,2.049860e-01,1.526119e+00,2.947386e-01,2.062462e+00,1.138428e+00,2.355034e+00,2.040678e-01
395297,1,8.420391e-01,8.983137e-01,8.420391e-01,2.052638e+00,5.964425e-02,4.274059e+00,1.984717e-01,1.453744e+00,5.385767e-01,2.073718e+00,1.590256e+00,4.844393e-01,3.608106e-01
395298,1,9.339336e-01,9.107494e-01,9.339336e-01,2.157782e+00,5.725850e-02,3.176046e+00,2.216303e-01,1.629694e+00,1.100861e+00,2.151124e+00,1.361621e+00,1.530777e-01,3.468775e-01
395299,1,9.023957e-01,8.885671e-01,9.023957e-01,2.031209e+00,5.727657e-02,4.522900e+00,2.059515e-01,1.709349e-01,1.147886e-01,8.254201e-01,1.505397e-02,1.705809e+00,1.825742e-01
395300,1,7.816064e-01,9.165535e-01,7.816065e-01,2.333750e+00,6.367336e-02,2.979270e+00,2.031484e-01,1.481255e-01,1.574045e-02,1.249117e+00,2.833411e-01,4.360131e-01,1.102115e+00
395301,1,8.312046e-01,9.182384e-01,8.312047e-01,2.040273e+00,5.995854e-02,4.136564e+00,2.050596e-01,3.482702e-01,1.352586e+00,1.125404e+00,7.080873e-02,6.180099e-02,8.009427e-01
395302,1,8.938791e-01,9.050160e-01,8.938791e-01,2.025073e+00,6.013566e-02,3.162903e+00,2.226635e-01,9.876409e-01,1.409362e-01,1.921635e+00,8.993053e-01,1.668106e+00,9.584920e-01
395303,1,8.016275e-01,8.988052e-01,8.016275e-01,2.102131e+00,6.022379e-02,3.768621e+00,1.987379e-01,8.131720e-01,2.751844e-01,1.576387e+00,7.528228e-01,1.590096e-01,1.503022e+00
395304,1,9.122488e-01,9.572248e-01,9.122489e-01,2.055357e+00,5.833837e-02,3.668180e+00,2.212135e-01,7.168614e-01,1.574188e+00,1.687467e+00,6.268725e-01,1.117533e+00,7.612319e-01
395305,1,9.322610e-01,9.130123e-01,9.322610e-01,1.978606e+00,5.775474e-02,3.170944e+00,2.030545e-01,1.053268e+00,8.270186e-01,1.744291e+00,1.078123e+00,1.249508e+00,2.754994e-01
395306,1,9.373052e-01,9.733678e-01,9.373052e-01,1.873371e+00,5.406144e-02,6.556391e+00,2.341192e-01,1.662887e+00,1.020344e+00,2.300891e+00,1.640408e+00,6.594780e-01,4.010926e-02
395307,1,9.117573e-01,8.789637e-01,9.117573e-01,2.302373e+00,6.110217e-02,2.662609e+00,2.689075e-01,4.575861e-01,7.335939e-01,1.304803e+00,4.571028e-01,4.044364e-01,6.615600e-01
395308,1,7.437266e-01,9.207400e-01,7.437268e-01,1.128884e+00,5.511085e-02,3.162314e+00,2.306588e-01,1.276208e+00,4.109102e-01,1.988384e+00,1.413840e+00,2.054509e+00,2.665029e-01
395309,1,7.297169e-01,8.922126e-01,7.297170e-01,2.102666e+00,5.962367e-02,3.047412e+00,2.228859e-01,1.350039e+00,1.208428e+00,2.023081e-01,8.900497e-01,2.132608e+00,1.655121e+00
395310,1,7.887970e-01,8.769288e-01,7.887970e-01,1.738553e+00,5.051301e-02,3.630436e+00,2.399228e-01,1.108157e+00,2.930862e-01,2.061650e+00,1.241418e+00,4.898512e-01,2.091621e+00
395311,1,9.048461e-01,9.388808e-01,9.048462e-01,1.765065e+00,5.283738e-02,5.406081e+00,2.161927e-01,2.122925e+00,3.966356e-01,2.538762e+00,2.007324e+00,1.475188e+00,1.856243e+00
395312,1,9.585302e-01,9.789598e-01,9.585303e-01,2.147291e+00,5.987721e-02,8.037193e+00,2.357403e-01,1.240803e+00,4.385152e+00,2.031205e+00,9.922033e-01,9.421936e-01,2.707021e+00
395313,1,8.284430e-01,8.870237e-01,8.284430e-01,2.896589e+00,5.994626e-02,3.268406e-01,2.932782e-01,1.696492e+00,1.420911e-01,2.330037e+00,1.463773e+00,4.098489e+00,9.520393e-01
395314,1,9.567658e-01,9.779928e-01,9.567658e-01,1.967454e+00,6.213853e-02,7.877943e+00,2.005258e-01,9.347255e-01,9.251975e-01,1.465346e+00,8.696637e-01,3.558363e+00,6.274408e-01
395315,1,8.242280e-01,8.895961e-01,8.242281e-01,2.531494e+00,5.988915e-02,1.760932e+00,2.611803e-01,1.482117e+00,3.489960e-01,2.215364e+00,1.355054e+00,2.682803e+00,2.088840e-01
395316,1,8.205064e-01,9.657092e-01,8.205065e-01,2.176197e+00,5.969813e-02,3.734343e+00,2.189299e-01,9.287922e-01,3.990184e+00,1.726611e+00,7.241071e-01,1.502543e+00,1.237252e-01
395317,1,9.228675e-01,9.487918e-01,9.228676e-01,2.003231e+00,5.464258e-02,2.624748e+00,2.101710e-01,1.184965e+00,3.071370e+00,2.601497e-01,1.611752e+00,9.200912e-02,3.790496e-01
395318,1,9.884416e-01,9.307819e-01,9.884415e-01,1.749000e+00,5.316811e-02,9.982112e+00,2.082274e-01,6.967835e-02,6.376354e-01,1.179242e+00,4.977411e-01,3.153016e-01,3.348033e-01
395319,1,6.669663e-01,8.790291e-01,6.669665e-01,2.596893e+00,6.163591e-02,5.570239e-01,2.907739e-01,5.701093e-01,2.435355e+00,5.637470e-01,5.546870e-02,7.274259e-01,4.791678e-01
395320,1,9.809098e-01,9.708644e-01,9.809098e-01,1.963687e+00,5.097381e-02,1.011246e+01,2.518190e-01,2.167584e-01,1.360881e+00,1.271049e+00,5.548361e-01,3.112142e+00,2.052355e+00
395321,1,7.556289e-01,9.050849e-01,7.556291e-01,3.277950e+00,7.028848e-02,8.618503e-01,2.885644e-01,1.467040e+00,2.112042e+00,1.998173e+00,1.680249e+00,1.712090e+00,4.676528e-01
395322,1,9.069253e-01,8.979283e-01,9.069253e-01,2.072851e+00,5.335875e-02,5.472180e+00,2.387465e-01,7.505064e-01,1.973837e-01,3.094042e-01,1.098726e+00,1.339413e+00,1.737863e+00
395323,1,7.188488e-01,8.672830e-01,7.188490e-01,2.462376e+00,5.905405e-02,2.672307e+00,2.479766e-01,7.876897e-01,2.180355e+00,1.643778e+00,1.121157e+00,1.474258e-02,6.850428e-01
395324,1,9.143121e-01,8.615672e-01,9.143121e-01,1.682833e+00,5.667193e-02,5.734566e+00,2.220580e-01,2.155681e+00,4.859891e-01,2.768840e+00,1.984575e+00,9.491252e-01,8.721470e-01
395325,1,9.653866e-01,9.505615e-01,9.653866e-01,1.944953e+00,5.713678e-02,7.953190e+00,2.605760e-01,1.408893e+00,1.005699e+00,1.891087e+00,1.208809e+00,5.700559e+00,2.468566e-01
395326,1,9.636840e-01,9.515869e-01,9.636840e-01,7.123864e+00,7.655093e-02,8.395519e+00,2.257780e-01,1.201134e+00,4.575391e-01,1.228751e-02,1.146483e+00,4.061717e+00,5.045056e-01
395327,1,9.996314e-01,9.904213e-01,9.996314e-01,4.270259e+01,8.067055e-02,5.819093e+00,3.885337e-01,1.493195e+00,1.490958e+00,4.437988e-01,2.362076e-01,4.242872e+00,7.413016e-01
395328,1,9.928599e-01,9.858424e-01,9.928599e-01,1.499946e+01,9.262381e-02,1.497100e+00,6.808197e-01,2.308606e+00,7.200872e-02,2.552234e+00,2.304859e+00,6.696410e+00,7.501662e-01
395329,1,8.974240e-01,9.792321e-01,8.974241e-01,2.603280e+00,6.641924e-02,2.293491e+00,2.159713e-01,1.601937e+00,2.726699e+00,2.145883e+00,1.394512e+00,4.483548e+00,5.888475e-01
395330,1,9.356609e-01,9.804502e-01,9.356610e-01,1.939011e+00,5.312954e-02,4.671442e+00,2.203325e-01,2.522387e+00,2.998767e+00,2.858040e+00,2.208893e+00,3.675811e+00,2.727055e+00
395331,1,7.827556e-01,9.445894e-01,7.827558e-01,2.334349e+00,6.437637e-02,1.769921e+00,2.129604e-01,2.014197e+00,2.069861e+00,2.423745e+00,1.877253e+00,1.595495e+00,2.397820e+00
395332,1,9.541827e-01,8.897021e-01,9.541826e-01,1.945794e+00,6.091112e-02,1.000656e+00,1.799692e-01,1.197624e+00,1.497321e-01,1.673390e+00,1.140019e+00,2.067843e+00,6.270866e-01
395333,1,9.844264e-01,9.765802e-01,9.844264e-01,1.398667e+00,4.893036e-02,1.104653e+01,1.800687e-01,2.155646e-01,1.989497e+00,1.150676e+00,3.625252e-01,2.231755e+00,1.190180e+00
395334,1,9.474289e-01,9.035009e-01,9.474288e-01,3.033210e+00,6.809839e-02,1.180838e-01,2.435459e-01,9.829686e-01,6.859384e-01,1.137172e-01,6.985733e-01,1.513876e+00,1.224256e+00
395335,1,9.114868e-01,8.911006e-01,9.114868e-01,1.558732e+00,5.685702e-02,2.412146e+00,2.132604e-01,1.966624e-01,1.449923e+00,1.226239e+00,1.743910e-01,3.907926e-01,7.965394e-01
395336,1,9.410569e-01,9.700989e-01,9.410569e-01,1.958587e+00,5.111355e-02,5.133333e+00,2.140650e-01,1.335324e+00,3.406883e+00,2.170526e+00,1.394084e+00,1.248048e+00,1.954334e+00
395337,1,8.556616e-01,8.858693e-01,8.556617e-01,1.979263e+00,5.273683e-02,4.462585e+00,2.386629e-01,2.102970e+00,2.002963e+00,2.582776e+00,1.972614e+00,2.834592e-01,1.383380e+00
395338,1,8.382573e-01,9.370792e-01,8.382574e-01,2.069399e+00,5.136894e-02,3.377150e+00,2.255559e-01,4.228827e+00,2.605000e+00,2.651766e+00,2.237003e+00,6.477977e-01,9.541609e-01
395339,1,9.669902e-01,9.682886e-01,9.669902e-01,2.076184e+00,5.130254e-02,8.630944e+00,2.464815e-01,2.332429e-01,4.018667e+00,8.933217e-01,1.387794e-01,1.247700e+00,2.433588e-01
395340,1,8.863898e-01,9.772962e-01,8.863899e-01,2.967862e+00,6.011431e-02,9.933682e-01,3.092935e-01,2.600944e+00,4.425466e+00,2.955118e+00,2.524162e+00,4.977775e+00,3.504578e+00
395341,1,9.475951e-01,9.708821e-01,9.475951e-01,2.003961e+00,6.119478e-02,5.055061e+00,1.949313e-01,1.083376e+00,3.478056e-01,1.570407e+00,1.379351e+00,3.414630e+00,2.434594e+00
395342,1,8.670300e-01,9.162813e-01,8.670300e-01,2.181619e+00,5.799851e-02,4.659842e+00,2.272003e-01,5.779997e-01,2.066650e+00,3.523239e-01,3.926958e-01,1.351963e+00,5.340490e-01
395343,1,8.221418e-01,8.734071e-01,8.221418e-01,1.747245e+00,5.610786e-02,4.011187e+00,2.675080e-01,2.244634e+00,1.898432e-01,9.101744e-01,1.469744e+00,4.413830e-01,4.638954e-01
395344,1,8.178349e-01,8.741744e-01,8.178349e-01,2.244106e+00,5.722876e-02,3.954965e+00,2.560199e-01,2.058906e+00,8.918247e-01,2.770527e+00,2.217737e+00,7.014779e-01,4.197188e-01
395345,1,9.810672e-01,9.879091e-01,9.810672e-01,2.050672e+00,5.136118e-02,1.015450e+01,2.529871e-01,1.430071e+00,1.761086e+00,1.789184e+00,1.399751e+00,1.368075e+00,8.402065e-02
395346,1,7.562778e-01,8.312878e-01,7.562779e-01,3.284840e+00,6.675596e-02,3.588658e-01,3.047003e-01,1.622869e+00,8.988498e-01,2.199308e+00,1.406458e+00,1.011928e+00,6.695770e-01
395347,1,8.178384e-01,9.260120e-01,8.178385e-01,2.156156e+00,6.089824e-02,3.955088e+00,2.144881e-01,1.158744e+00,9.596127e-01,1.762196e+00,1.315379e+00,1.732153e+00,1.114231e+00
395348,1,8.078191e-01,8.985188e-01,8.078191e-01,2.012728e+00,5.464965e-02,3.837512e+00,2.449614e-01,7.369624e-01,2.131239e+00,1.398445e+00,9.542779e-01,1.107214e+00,8.703454e-01
395349,1,8.212542e-01,8.907258e-01,8.212543e-01,1.983782e+00,5.759718e-02,3.999587e+00,2.114869e-01,1.397698e-01,1.472465e+00,7.760393e-01,3.570001e-01,8.377327e-01,7.819815e-01
395350,1,9.846368e-01,9.863038e-01,9.846368e-01,1.703433e+00,5.416187e-02,1.112425e+01,2.473620e-01,3.274958e+00,1.017804e+00,1.874862e+00,2.133839e+00,2.035232e+00,1.644701e+00
395351,1,9.808692e-01,9.853898e-01,9.808692e-01,3.373877e+00,7.607198e-02,8.923970e+00,3.001699e-01,3.245728e+00,4.864821e-01,3.592349e+00,3.315913e+00,2.969907e+00,4.663977e-01
395352,1,8.881225e-01,9.445664e-01,8.881225e-01,4.154042e+00,8.070232e-02,4.883541e+00,3.164415e-01,3.976072e-01,2.242639e+00,1.173859e+00,3.543294e-01,3.483524e+00,6.680746e-01
395353,1,9.049275e-01,9.417536e-01,9.049275e-01,1.323269e+00,5.301987e-02,5.409167e+00,2.200468e-01,1.153652e+00,5.592118e-01,9.571212e-02,6.071619e-01,6.872117e-01,1.349543e-01
395354,1,9.352119e-01,9.667133e-01,9.352119e-01,2.262685e+00,5.583872e-02,6.519383e+00,2.576800e-01,1.942764e+00,1.903367e+00,2.487835e+00,1.734150e+00,1.674971e+00,3.458432e-01
395355,1,8.332149e-01,9.163255e-01,8.332149e-01,2.316818e+00,6.313636e-02,4.163298e+00,2.527696e-01,1.472147e+00,4.887749e-01,1.982761e+00,1.315009e+00,1.076119e+00,6.254781e-01
395356,1,6.438053e-01,8.940742e-01,6.438055e-01,2.454056e+00,6.095484e-02,1.977115e+00,2.583784e-01,2.063620e+00,1.096932e+00,6.577561e-01,1.944712e+00,2.399939e-01,1.311349e+00
395357,1,8.427746e-01,9.304194e-01,8.427746e-01,1.978528e+00,5.700848e-02,4.283468e+00,2.259515e-01,7.034965e-01,1.243276e+00,1.546403e+00,1.121992e+00,5.053179e-01,6.569549e-01
395358,1,8.633048e-01,9.144355e-01,8.633048e-01,1.979227e+00,5.765905e-02,1.161528e+00,2.548959e-01,3.349234e+00,1.065461e+00,3.601248e+00,3.227029e+00,1.486312e+00,8.001685e-01
395359,1,9.414477e-01,9.574883e-01,9.414477e-01,1.362679e+00,4.554911e-02,6.870000e+00,1.877383e-01,2.086838e+00,9.549266e-01,2.523142e+00,1.816065e+00,3.913119e-01,4.158648e-01
395360,1,9.406061e-01,9.381807e-01,9.406061e-01,1.982458e+00,5.585373e-02,6.817863e+00,2.278306e-01,1.690267e+00,1.225649e-01,2.066577e+00,1.332351e+00,2.122255e+00,1.981536e+00
395361,1,9.528903e-01,9.060608e-01,9.528902e-01,2.611288e+00,6.590194e-02,2.198939e+00,2.222002e-01,1.093314e+00,1.741524e-01,1.965628e+00,7.450189e-01,1.525819e+00,4.990152e-01
395362,1,9.549429e-01,9.535281e-01,9.549429e-01,2.110278e+00,5.623713e-02,7.716586e+00,2.094922e-01,2.825628e-01,4.257362e-01,6.310201e-01,5.858475e-01,2.950149e+00,6.479581e-01
395363,1,9.561346e-01,9.893871e-01,9.561346e-01,3.776512e-01,7.092782e-02,7.823677e+00,2.433946e-01,8.252884e-01,3.162602e+00,1.736938e+00,1.103696e+00,1.430520e+00,1.082413e+00
395364,1,9.461135e-01,9.668742e-01,9.461135e-01,3.090190e+00,8.118618e-02,4.050688e-01,3.040446e-01,8.338077e-01,4.950477e+00,1.676069e-01,4.567466e-01,2.088386e+00,6.371962e-01
395365,1,8.259306e-01,8.997422e-01,8.259307e-01,4.062725e+00,5.560153e-02,1.743320e+00,3.109422e-01,4.670820e-01,2.729699e+00,1.451956e+00,7.803790e-01,2.240710e+00,1.204372e+00
395366,1,8.738846e-01,9.664146e-01,8.738847e-01,1.828331e+00,5.043738e-02,4.769127e+00,2.190436e-01,2.082746e-01,3.078834e+00,1.380333e+00,2.274561e-02,1.566515e+00,1.183679e+00
395367,1,9.737264e-01,9.724414e-01,9.737264e-01,1.773369e+00,5.036497e-02,9.251304e+00,2.408418e-01,2.252431e+00,2.364064e+00,2.684562e+00,2.122663e+00,1.963103e+00,6.161847e-01
395368,1,9.413504e-01,9.767941e-01,9.413504e-01,2.185768e+00,6.228085e-02,5.639974e+00,2.805283e-01,1.316649e+00,6.863806e+00,7.615908e-02,1.341187e+00,1.318159e+00,1.412833e-01
395369,1,9.850328e-01,9.222639e-01,9.850328e-01,1.128894e+01,6.058142e-02,5.671788e+00,3.190246e-01,1.346329e-02,6.425050e-01,1.212833e+00,3.353543e-01,1.827646e-01,5.072907e-01
395370,1,9.103411e-01,9.083521e-01,9.103411e-01,4.263421e+00,6.905547e-02,1.984655e+00,3.970827e-01,1.526230e+00,1.775933e+00,2.107470e+00,1.541468e+00,6.289384e-01,7.062125e-01
395371,1,8.180647e-01,9.227431e-01,8.180648e-01,2.985900e+00,6.262427e-02,3.958076e+00,2.353500e-01,1.401240e+00,1.416549e+00,2.110968e+00,1.274491e+00,3.311018e-01,2.126677e+00
395372,1,9.602152e-01,8.970691e-01,9.602151e-01,1.558992e+00,5.850198e-02,8.170114e+00,2.262774e-01,1.399942e+00,1.181684e-01,1.959667e+00,1.047010e+00,2.139015e+00,2.561982e-01
395373,1,8.266838e-01,8.966324e-01,8.266839e-01,3.328205e+00,7.202307e-02,5.152907e-01,2.286924e-01,1.223104e+00,2.506730e+00,1.855210e+00,1.060558e+00,8.098638e-01,5.185194e-01
395374,1,6.950478e-01,9.119763e-01,6.950480e-01,2.285685e+00,5.653043e-02,2.702770e+00,2.072808e-01,1.392187e+00,5.480463e-01,2.141426e+00,1.137800e+00,1.090084e+00,5.438838e-01
395375,1,7.553885e-01,9.454981e-01,7.553886e-01,2.045833e+00,5.854112e-02,3.275256e+00,1.669099e-01,8.285680e-01,2.624007e+00,1.749637e+00,4.576985e-01,9.404499e-01,3.378069e-01
395376,1,7.213188e-01,9.245340e-01,7.213189e-01,1.845726e+00,5.599074e-02,2.916589e+00,1.842673e-01,1.335067e+00,1.976208e+00,2.067719e+00,1.194229e+00,1.305801e+00,4.290531e-01
395377,1,8.515545e-01,8.698023e-01,8.515545e-01,1.792645e+00,5.641352e-02,4.400147e+00,1.674991e-01,3.437434e-01,1.052127e+00,7.866085e-01,5.462325e-01,9.252332e-01,3.086814e-01
395378,1,9.411577e-01,9.209009e-01,9.411577e-01,1.841169e+00,5.377276e-02,5.409476e+00,1.814889e-01,1.231004e+00,1.769582e+00,2.094482e+00,1.169986e+00,9.402892e-01,7.686408e-01
395379,1,9.868857e-01,9.631244e-01,9.868857e-01,9.290886e-01,5.666655e-02,1.206038e+01,2.069307e-01,4.405629e+00,2.996594e-01,2.297482e+00,4.117194e+00,3.112926e+00,7.936572e-01
395380,1,9.970695e-01,9.989870e-01,9.970695e-01,1.232146e+00,7.480820e-02,2.084436e+01,2.841453e-01,1.294777e+00,3.197148e-01,1.762676e-01,7.562220e-01,1.138265e+01,3.457778e+00
395381,1,9.861661e-01,9.814738e-01,9.861661e-01,1.257788e+00,1.340539e-01,1.177174e+01,3.746971e-01,1.287234e-01,2.160685e+00,9.049905e-01,1.465371e-02,3.622867e+00,2.166620e+00
395382,1,9.965144e-01,9.739442e-01,9.965143e-01,1.937138e+01,1.297051e-01,3.061427e+00,3.648794e-01,1.241718e+00,2.062655e-01,1.965535e+00,1.515822e+00,1.214411e+01,7.998048e-01
395383,1,9.797641e-01,9.182666e-01,9.797641e-01,9.877966e+00,7.437387e-02,3.004964e-01,5.144969e-01,1.328582e+00,1.420156e+00,1.916738e+00,1.786925e+00,3.836240e-01,2.326022e+00
395384,1,8.650109e-01,9.032127e-01,8.650110e-01,1.560933e+00,4.738025e-02,4.623754e+00,2.404882e-01,1.834239e+00,1.340701e+00,2.288485e+00,1.816159e+00,5.767588e-01,2.168868e-01
395385,1,9.876177e-01,9.833319e-01,9.876177e-01,8.219729e-01,5.410038e-02,1.245929e+01,2.260911e-01,3.384752e-01,2.804995e+00,4.344800e-01,2.266858e-01,1.831016e+00,7.579107e-01
395386,1,8.524898e-01,9.091918e-01,8.524899e-01,2.231827e+00,7.303962e-02,4.414288e+00,3.007206e-01,1.982557e+00,8.310334e-01,2.468143e+00,1.892537e+00,1.644617e+00,1.553579e+00
395387,1,6.036766e-01,7.279150e-01,6.036767e-01,2.219890e+00,7.277620e-02,8.516464e-01,2.644154e-01,1.134896e+00,5.139237e-01,1.815270e+00,9.638220e-01,2.474797e-01,2.229904e-02
395388,1,5.629538e-01,8.525490e-01,5.629541e-01,1.968506e+00,6.265079e-02,1.027019e-01,2.173682e-01,3.171696e-01,1.104369e+00,1.096852e+00,2.552455e-01,1.240283e+00,2.108874e-01
395389,1,7.406308e-01,9.504749e-01,7.406310e-01,1.567485e+00,4.796946e-02,1.268947e+00,1.757096e-01,2.479738e+00,9.426965e-01,2.925896e+00,2.178465e+00,1.951898e+00,1.602025e+00
395390,1,7.367642e-01,9.399981e-01,7.367644e-01,1.089808e+00,3.799125e-02,8.357597e-01,1.868818e-01,2.761604e+00,2.638909e+00,3.103576e+00,2.574471e+00,3.888726e-01,2.809353e+00
395391,1,6.936793e-01,7.972074e-01,6.936794e-01,5.495654e-01,3.054462e-02,1.088533e+00,1.669365e-01,2.009272e+00,4.829227e-01,2.757237e+00,1.771109e+00,1.251826e+00,1.329653e-01
395392,1,8.482943e-01,9.262277e-01,8.482944e-01,4.574975e-01,2.980042e-02,3.530010e+00,1.674653e-01,6.157201e-01,4.353186e+00,1.365656e+00,3.281991e-01,3.976075e-01,7.918379e-01
395393,1,9.038472e-01,9.202768e-01,9.038472e-01,8.023898e-01,4.177854e-02,5.377208e+00,1.316748e-01,5.072911e-01,1.215532e+00,1.532780e+00,2.583461e-02,2.222861e+00,1.872627e+00
395394,1,9.516102e-01,9.448316e-01,9.516102e-01,1.105498e+00,5.529931e-02,7.436658e+00,1.497814e-01,1.485245e-01,4.053622e+00,1.114964e+00,2.759876e-01,1.200915e-01,1.474285e+00
395395,1,9.839349e-01,9.786999e-01,9.839349e-01,3.909895e+00,5.776151e-02,1.088258e+01,2.067460e-01,6.263403e-01,3.539175e+00,1.759748e+00,7.661278e-01,6.917861e-01,1.790219e+00
395396,1,9.761008e-01,9.848258e-01,9.761008e-01,4.718114e+00,7.358595e-02,4.177960e-01,3.167441e-01,4.258895e+00,1.843535e+00,2.536527e+00,2.799362e+00,5.501531e+00,5.296542e-02
395397,1,9.231345e-01,9.483799e-01,9.231345e-01,2.673912e+00,6.702652e-02,5.519835e+00,1.830063e-01,3.587307e+00,5.072816e-01,4.024671e+00,3.299928e+00,2.434577e+00,1.635468e+00
395398,1,9.519179e-01,9.420613e-01,9.519178e-01,2.852905e+00,5.931424e-02,7.460299e+00,2.376164e-01,6.345489e-01,2.212860e+00,1.595800e+00,4.633275e-01,2.121878e-01,7.188349e-01
395399,1,7.648244e-01,9.686757e-01,7.648246e-01,3.350374e+00,6.570614e-02,9.905226e-01,2.565925e-01,2.439289e+00,2.661303e+00,2.888777e+00,2.110691e+00,1.010581e-01,2.143999e+00
395400,1,8.621839e-01,9.744021e-01,8.621840e-01,1.992448e+00,5.904510e-02,4.571656e+00,2.018147e-01,2.684458e+00,3.167259e+00,3.068440e+00,2.364276e+00,1.614927e+00,3.013760e+00
395401,1,8.737626e-01,9.710501e-01,8.737627e-01,2.058049e+00,5.507794e-02,2.801086e+00,1.971380e-01,1.255947e+00,4.767531e+00,1.839157e+00,9.287554e-01,3.315885e+00,9.072848e-01
395402,1,9.112092e-01,9.718580e-01,9.112093e-01,1.982092e+00,6.232443e-02,5.619817e+00,1.790177e-01,1.198905e+00,2.541168e+00,6.915548e-02,1.106874e+00,2.034892e+00,4.120673e-01
395403,1,8.048594e-01,8.898347e-01,8.048595e-01,2.254296e+00,5.822067e-02,1.409099e+00,2.075566e-01,9.117908e-01,1.119424e+00,1.991072e+00,6.490352e-01,3.061199e+00,8.709218e-01
395404,1,9.877167e-01,9.708662e-01,9.877167e-01,1.880072e+00,5.802954e-02,1.250600e+01,1.866216e-01,3.126901e-01,1.740843e+00,8.058524e-01,1.256002e-01,8.278315e-01,1.438612e+00
395405,1,8.613158e-01,9.497589e-01,8.613158e-01,3.695220e+00,7.728496e-02,5.067126e-01,2.573665e-01,2.263190e+00,1.040162e+00,2.719389e+00,2.344464e+00,6.268495e-01,1.680992e+00
395406,1,9.060944e-01,9.416723e-01,9.060944e-01,2.599121e+00,6.603619e-02,5.444974e+00,2.034289e-01,1.030711e+00,1.580970e+00,1.764334e+00,9.376736e-01,1.973465e+00,1.123420e+00
395407,1,7.924939e-01,9.028503e-01,7.924940e-01,2.557525e+00,6.449654e-02,1.780152e+00,2.301104e-01,1.860354e+00,1.229798e-01,2.493234e+00,1.824231e+00,1.332223e-02,1.286646e+00
395408,1,8.587539e-01,8.816298e-01,8.587539e-01,1.971920e+00,5.612159e-02,3.719442e+00,2.029310e-01,4.171559e-01,1.102638e+00,1.244124e+00,4.604704e-01,8.843165e-01,8.348623e-01
395409,1,9.224521e-01,8.663707e-01,9.224520e-01,2.000190e+00,6.093117e-02,4.620535e+00,1.916504e-01,7.298745e-02,6.884321e-01,9.185752e-01,1.265441e-01,3.081899e+00,8.381361e-01
395410,1,9.290627e-01,9.272548e-01,9.290627e-01,2.351778e+00,6.338365e-02,3.726241e+00,1.921505e-01,1.255302e+00,5.310438e-01,2.042192e+00,1.241800e+00,2.832399e+00,2.144301e-01
395411,1,8.129463e-01,8.698535e-01,8.129464e-01,2.050045e+00,5.429501e-02,3.894594e+00,2.029810e-01,1.697795e+00,1.310479e-01,2.474226e+00,1.674708e+00,2.725349e-01,9.940251e-01
395412,1,8.549102e-01,8.675163e-01,8.549102e-01,1.999131e+00,5.407316e-02,4.451202e+00,2.169110e-01,6.686530e-01,1.334234e-01,1.454031e+00,4.271387e-01,2.775122e-01,2.634323e-01
395413,1,9.883037e-01,9.775472e-01,9.883037e-01,1.822665e+00,5.455712e-02,1.282207e+01,2.197325e-01,8.748718e-01,1.773707e+00,1.689561e+00,9.264207e-01,3.154444e+00,6.556087e-01
395414,1,9.874550e-01,9.479503e-01,9.874550e-01,3.449628e+00,7.787245e-02,7.629708e-01,2.779791e-01,1.190420e+00,4.802470e-01,2.027739e+00,1.171577e+00,1.623905e+00,1.728606e+00
395415,1,9.904677e-01,9.499286e-01,9.904677e-01,2.639054e+00,7.053278e-02,4.439252e+00,2.135289e-01,6.054475e-01,5.574618e-01,1.312101e+00,5.754514e-01,1.465438e-01,4.636535e-01
395416,1,9.630352e-01,9.415503e-01,9.630351e-01,2.371702e+00,5.876352e-02,8.346871e+00,2.231191e-01,1.536057e+00,2.037759e+00,7.559914e-02,1.072517e+00,1.794170e+00,2.629196e-01
395417,1,7.739102e-01,8.468368e-01,7.739103e-01,3.204176e+00,6.653700e-02,1.331631e+00,2.794977e-01,1.288382e+00,1.904247e+00,1.909510e+00,1.122587e+00,1.120024e+00,9.659235e-01
395418,1,9.868026e-01,9.820802e-01,9.868026e-01,2.306482e+00,5.691718e-02,8.287767e+00,2.326563e-01,1.512608e+00,2.569787e+00,2.480691e+00,1.420744e+00,4.350583e+00,6.093342e-01
395419,1,9.203764e-01,9.403729e-01,9.203764e-01,3.417949e+00,7.288057e-02,8.002631e-01,2.127857e-01,1.701771e-02,1.017376e+00,8.090662e-01,1.168563e-01,3.548676e+00,6.741424e-01
395420,1,7.513114e-01,9.135144e-01,7.513116e-01,1.906923e+00,5.843081e-02,3.232635e+00,1.966885e-01,3.028350e+00,2.598217e+00,1.463899e+00,2.211344e+00,1.131752e+00,1.566602e+00
395421,1,8.211782e-01,9.152187e-01,8.211783e-01,1.851532e+00,5.716630e-02,3.998603e+00,1.871212e-01,7.566357e-01,1.892780e+00,1.885093e+00,8.758518e-01,1.456579e+00,1.765347e-01
395422,1,8.213745e-01,9.337078e-01,8.213746e-01,1.997848e+00,5.923896e-02,4.000846e+00,1.826828e-01,2.188195e+00,1.183355e+00,2.722035e+00,1.914480e+00,4.731598e-01,1.257450e+00
395423,1,8.957815e-01,8.567867e-01,8.957815e-01,2.006805e+00,5.807364e-02,5.177985e+00,1.888039e-01,9.357142e-01,3.274694e-01,1.074965e-01,9.200100e-01,5.912887e-01,1.112473e-01
395424,1,8.984459e-01,9.626595e-01,8.984460e-01,2.387586e+00,6.310796e-02,5.235235e+00,2.067227e-01,1.012118e+00,2.757228e+00,1.749284e+00,1.030154e+00,4.679132e-01,1.180376e+00
395425,1,9.212533e-01,9.247072e-01,9.212534e-01,1.464411e+00,6.694702e-02,2.292621e+00,2.013523e-01,3.405808e+00,8.423018e-01,1.679258e+00,3.815695e+00,5.125781e-01,1.211409e+00
395426,1,9.357546e-01,9.002196e-01,9.357546e-01,2.414742e+00,6.279196e-02,4.291369e+00,2.203784e-01,2.131644e+00,9.718366e-01,2.793543e+00,2.368751e+00,9.765864e-01,1.180923e+00
395427,1,9.316670e-01,8.961427e-01,9.316669e-01,2.321372e+00,5.693696e-02,6.353692e+00,2.223238e-01,2.521585e+00,3.647464e-01,2.871230e+00,2.295198e+00,1.116530e+00,5.886031e-01
395428,1,8.685558e-01,9.481942e-01,8.685559e-01,2.768357e+00,6.434119e-02,1.095506e+00,2.285110e-01,3.356178e+00,3.168176e-01,3.410046e+00,2.916379e+00,4.303033e-01,2.927065e+00
395429,1,9.837899e-01,9.801408e-01,9.837899e-01,1.656015e+00,5.814976e-02,1.083838e+01,1.524667e-01,3.253879e-01,5.990386e-02,5.135708e-01,5.797821e-01,1.135066e+00,3.613843e+00
395430,1,9.556625e-01,9.670086e-01,9.556625e-01,4.378070e+00,7.207658e-02,7.782172e+00,2.489805e-01,4.994163e-01,1.576402e+00,1.394140e+00,1.796502e-01,4.786583e-01,7.504395e-02
395431,1,9.171993e-01,9.296415e-01,9.171993e-01,3.329935e+00,8.495712e-02,2.123388e+00,3.202096e-01,1.264050e+00,3.586213e-01,2.015158e+00,8.941555e-01,5.436638e-01,2.264725e-01
395432,1,9.453214e-01,8.729828e-01,9.453213e-01,2.416512e+00,5.745904e-02,3.013709e+00,2.196364e-01,2.449944e-01,6.280375e-01,1.237432e+00,1.454241e-03,4.281329e-01,6.623959e-02
395433,1,9.424466e-01,8.949105e-01,9.424465e-01,1.847409e+00,5.372432e-02,4.249709e+00,1.996701e-01,1.885821e+00,8.654836e-01,2.423673e+00,1.695539e+00,3.355572e+00,1.174477e+00
395434,1,7.295843e-01,9.122185e-01,7.295844e-01,2.022703e+00,5.776349e-02,2.009983e+00,1.763737e-01,9.852603e-01,1.057099e+00,1.840862e+00,8.384047e-01,2.804389e+00,1.019367e+00
395435,1,9.903192e-01,9.910277e-01,9.903192e-01,1.225679e-01,4.222773e-02,1.367654e+01,1.643245e-01,1.277638e+00,9.085700e-01,1.971880e+00,1.346493e+00,4.249715e-01,4.237974e-01
395436,1,7.657508e-01,8.807051e-01,7.657509e-01,2.375999e+00,6.258074e-02,2.143194e+00,2.694621e-01,2.200501e+00,1.333677e+00,2.651349e+00,1.982800e+00,1.693222e+00,7.264376e-02
395437,1,8.140743e-01,8.514653e-01,8.140743e-01,2.539735e+00,6.136020e-02,3.908118e+00,2.136770e-01,6.961210e-01,5.283220e-01,1.473745e+00,8.132922e-01,1.308328e+00,1.359946e+00
395438,1,7.485604e-01,8.856359e-01,7.485605e-01,1.934655e+00,5.540364e-02,3.207007e+00,2.393041e-01,1.633647e-01,3.072684e+00,8.154394e-01,2.030525e-01,7.469015e-01,1.944886e-01
395439,1,7.812440e-01,9.287929e-01,7.812441e-01,1.115798e+00,5.535453e-02,3.551439e+00,2.128149e-01,1.959358e-01,2.553833e+00,1.267760e+00,1.821655e-01,7.084558e-01,2.278760e-01
395440,1,7.462284e-01,8.764055e-01,7.462285e-01,2.590808e+00,5.502792e-02,3.185543e+00,2.641428e-01,9.326438e-01,1.615574e+00,1.762260e+00,1.227066e+00,1.412346e+00,6.833211e-01
395441,1,9.502630e-01,9.191824e-01,9.502630e-01,1.962759e+00,5.578211e-02,7.334864e+00,1.929793e-01,6.385446e-01,3.642367e-01,1.462724e+00,6.160026e-01,1.908416e+00,2.773531e-01
395442,1,7.716825e-01,9.080321e-01,7.716827e-01,2.773291e+00,6.261381e-02,1.262206e+00,2.346046e-01,1.172427e+00,2.704025e+00,2.089781e-01,1.071293e+00,8.795409e-01,1.154407e+00
395443,1,9.258290e-01,9.123794e-01,9.258290e-01,1.556010e+00,5.293448e-02,6.118477e+00,1.847076e-01,1.676758e+00,1.942277e+00,2.147326e+00,1.682014e+00,1.059420e+00,8.959364e-02
395444,1,7.720379e-01,9.302196e-01,7.720380e-01,2.005675e+00,5.048169e-02,2.977611e+00,2.382234e-01,7.006489e-01,3.459409e+00,1.614882e+00,6.602548e-01,1.348730e-01,1.009652e+00
395445,1,9.113595e-01,9.003168e-01,9.113595e-01,1.664797e+00,5.175082e-02,5.626295e+00,2.111441e-01,9.261308e-02,3.763554e-01,1.039720e+00,1.457903e-01,2.623957e+00,6.622354e-01
395446,1,8.984424e-01,8.766813e-01,8.984424e-01,1.361730e+00,6.170698e-02,5.235170e+00,2.024805e-01,1.232212e-01,1.307511e+00,7.609999e-01,2.309801e-01,4.684382e-01,1.374496e+00
395447,1,8.152889e-01,8.730075e-01,8.152890e-01,2.496283e+00,6.118468e-02,2.113001e+00,2.405916e-01,1.065881e+00,1.890211e-01,1.900092e+00,1.025348e+00,2.301420e+00,8.927706e-01
395448,1,8.649437e-01,9.369166e-01,8.649438e-01,2.074285e+00,6.009213e-02,4.622514e+00,1.981107e-01,2.031155e+00,1.614244e-01,2.594612e+00,1.858520e+00,1.801395e+00,1.609061e+00
395449,1,8.606439e-01,8.825703e-01,8.606439e-01,2.072099e+00,5.607507e-02,4.544998e+00,2.261770e-01,6.508934e-01,5.375400e-02,3.278896e-01,7.854056e-01,9.325391e-01,1.713073e+00
395450,1,9.187516e-01,8.652569e-01,9.187516e-01,2.155914e+00,5.607251e-02,3.244327e+00,2.297330e-01,2.139097e-01,7.684470e-01,7.442639e-01,4.653052e-01,1.373602e+00,4.319786e-01
395451,1,9.765959e-01,9.141049e-01,9.765958e-01,1.940772e+00,5.385198e-02,9.476633e+00,2.195871e-01,6.746038e-01,6.955526e-01,5.626088e-01,6.016193e-01,2.423537e+00,2.354236e-01
395452,1,8.050274e-01,9.035026e-01,8.050274e-01,3.342892e+00,6.743903e-02,1.352166e+00,2.577291e-01,2.629244e+00,7.128585e-01,3.069675e+00,2.550983e+00,9.751945e-01,1.207838e+00
395453,1,9.144023e-01,9.547321e-01,9.144023e-01,2.093319e+00,5.782587e-02,4.747731e+00,1.888509e-01,3.814988e-01,1.820713e+00,1.094630e+00,6.392283e-02,2.908305e+00,1.612434e+00
395454,1,7.778123e-01,8.801800e-01,7.778123e-01,1.511656e+00,5.391807e-02,3.517042e+00,2.132903e-01,1.074336e-01,4.609152e-01,1.058483e+00,1.794113e-01,1.144758e+00,9.178740e-01
395455,1,8.712007e-01,9.498225e-01,8.712008e-01,2.153250e+00,5.726740e-02,3.904127e+00,1.909526e-01,2.461410e+00,1.172790e+00,2.872825e+00,2.280178e+00,4.545004e-01,1.263622e+00
395456,1,8.619823e-01,8.664750e-01,8.619823e-01,1.984559e+00,5.317644e-02,4.568097e+00,2.246376e-01,9.969174e-01,1.206679e+00,1.578083e+00,1.099672e+00,4.357380e-01,3.207429e-01
395457,1,8.607659e-01,8.854485e-01,8.607659e-01,2.092097e+00,5.500957e-02,4.546528e+00,1.984135e-01,1.777584e+00,8.865423e-01,2.303128e+00,1.533481e+00,8.714918e-01,1.699969e+00
395458,1,7.260694e-01,9.150614e-01,7.260696e-01,2.159272e+00,5.729343e-02,8.458013e-01,2.216180e-01,2.418619e-01,2.171521e+00,8.853279e-01,5.740766e-02,2.146398e+00,7.237542e-01
395459,1,9.262710e-01,8.722703e-01,9.262709e-01,1.627951e+00,5.578317e-02,6.134999e+00,1.584486e-01,2.106950e+00,1.130793e-01,8.488725e-01,1.760124e+00,6.221006e-01,9.154396e-01
395460,1,9.494886e-01,9.487370e-01,9.494886e-01,2.150065e+00,5.787576e-02,1.491413e+00,2.075220e-01,2.692542e+00,1.020359e+00,3.388477e+00,2.679299e+00,3.995940e+00,1.380844e+00
395461,1,9.369869e-01,9.339146e-01,9.369869e-01,1.873600e+00,6.666961e-02,6.612695e+00,1.654868e-01,2.060262e+00,1.711209e+00,2.275556e+00,1.960373e+00,2.678171e+00,1.708183e+00
395462,1,9.602116e-01,9.645123e-01,9.602116e-01,7.685946e-01,5.838351e-02,8.169605e+00,2.219533e-01,2.723432e-02,2.061361e+00,1.054312e+00,9.305475e-02,2.492692e+00,2.049105e+00
395463,1,8.948427e-01,9.465518e-01,8.948427e-01,3.509398e+00,6.921625e-02,4.153192e+00,2.692702e-01,1.244440e+00,2.987528e+00,1.799128e+00,1.343081e+00,4.393306e-01,7.291447e-01
395464,1,8.281513e-01,8.446340e-01,8.281513e-01,2.847024e+00,6.548634e-02,1.297327e+00,2.469538e-01,2.812012e-01,9.828926e-02,5.700173e-01,4.928350e-01,2.956685e+00,3.738610e-02
395465,1,9.174114e-01,8.672529e-01,9.174114e-01,2.297097e+00,6.363577e-02,2.305494e+00,1.929835e-01,2.243457e-01,5.982480e-01,1.109188e+00,6.136362e-01,1.599627e+00,4.323061e-01
395466,1,8.111164e-01,9.250467e-01,8.111165e-01,1.931493e+00,5.542063e-02,3.874264e+00,1.994139e-01,3.210864e-01,1.522505e-01,1.084190e+00,5.729229e-01,1.165854e+00,1.630825e+00
395467,1,7.452984e-01,8.855121e-01,7.452985e-01,2.003586e+00,5.874819e-02,3.176974e+00,1.947274e-01,1.169521e-01,9.730166e-01,8.044163e-01,4.237347e-01,9.319854e-01,1.533429e+00
395468,1,9.272735e-01,9.087004e-01,9.272734e-01,1.924380e+00,5.310621e-02,6.172448e+00,2.140360e-01,7.462734e-01,2.499862e+00,1.506932e+00,9.636219e-01,6.396536e-01,4.412516e-01
395469,1,9.940179e-01,9.949225e-01,9.940179e-01,4.610295e-01,5.813991e-02,1.610261e+01,2.230058e-01,5.121477e-02,7.800971e-01,9.112784e-01,6.885445e-02,9.880656e-01,1.092260e+00
395470,1,9.650525e-01,9.342417e-01,9.650524e-01,8.486454e+00,8.623401e-02,4.878289e+00,3.605033e-01,6.163914e-01,1.984522e+00,1.462913e+00,6.664137e-01,1.883314e+00,7.403247e-01
395471,1,9.996314e-01,9.898255e-01,9.996314e-01,4.276771e+01,8.244300e-02,6.249135e+00,3.952942e-01,1.231556e+00,1.032099e+00,1.940297e+00,1.331265e+00,3.705803e+00,3.635186e-01
395472,1,9.931003e-01,9.802416e-01,9.931003e-01,1.519332e+01,9.501057e-02,2.969483e+00,6.926143e-01,2.690245e+00,1.659933e+00,2.842600e+00,2.671448e+00,2.336865e+00,1.019711e+00
395473,1,6.694486e-01,8.470384e-01,6.694488e-01,2.611091e+00,6.614351e-02,1.128857e+00,2.310614e-01,5.226318e-01,1.800865e+00,1.150538e+00,4.297360e-01,3.601961e-01,2.776274e-01
395474,1,8.794256e-01,9.368724e-01,8.794256e-01,1.899589e+00,5.849971e-02,4.826700e+00,1.900951e-01,1.593533e+00,7.063115e-01,2.335793e+00,1.713956e+00,1.102805e+00,1.206767e+00
395475,1,9.398759e-01,9.429771e-01,9.398759e-01,5.765671e-01,6.150710e-02,6.772076e+00,1.989277e-01,1.263702e+00,2.290337e+00,1.623620e+00,1.274331e+00,1.867725e+00,5.307810e-01
395476,1,9.163842e-01,9.486875e-01,9.163843e-01,3.051734e+00,7.179139e-02,5.708846e-02,2.157839e-01,1.933689e+00,1.068734e+00,2.552897e+00,1.753736e+00,3.384176e+00,2.296561e+00
395477,1,8.487964e-01,9.188607e-01,8.487965e-01,1.750816e+00,6.879148e-02,3.077117e+00,1.491565e-01,1.148102e-01,1.410093e+00,6.979301e-01,3.382503e-01,3.113006e+00,7.920467e-01
395478,1,9.724605e-01,9.520748e-01,9.724604e-01,1.398788e+00,6.058223e-02,9.135763e+00,1.743809e-01,1.049073e+00,1.504549e-01,1.896623e+00,1.184270e+00,3.697714e+00,9.468498e-01
395479,1,9.904996e-01,9.941623e-01,9.904996e-01,2.262378e-01,7.273241e-02,1.378621e+01,2.142141e-01,9.641889e-01,4.283339e-01,2.079804e-01,6.062268e-01,5.408857e+00,8.188085e-01
395480,1,9.452560e-01,9.392856e-01,9.452560e-01,5.015721e+00,1.017153e-01,7.073362e+00,3.032295e-01,2.030780e+00,1.883066e+00,2.633878e+00,2.127613e+00,2.902377e+00,1.867824e-01
395481,1,8.655802e-01,9.051044e-01,8.655803e-01,1.777240e+00,5.885074e-02,4.633485e+00,1.635640e-01,8.787110e-01,4.425706e-01,1.412362e+00,8.443188e-01,1.389514e+00,1.821496e-01
395482,1,8.937023e-01,9.274245e-01,8.937023e-01,1.971489e+00,5.881063e-02,3.277395e+00,1.963539e-01,1.027707e+00,9.300984e-01,2.928853e-01,7.245900e-01,2.732044e+00,5.602622e-02
395483,1,8.265371e-01,9.542529e-01,8.265372e-01,2.053368e+00,6.094112e-02,4.026641e+00,1.808760e-01,1.023749e+00,1.607142e+00,1.736393e+00,7.562688e-01,2.062793e+00,1.511594e+00
395484,1,8.472211e-01,8.848492e-01,8.472212e-01,2.755890e-01,5.451533e-02,4.339745e+00,2.069200e-01,1.336503e-01,6.477997e-01,9.496716e-01,3.467127e-02,1.183936e-01,1.452343e+00
395485,1,8.709656e-01,9.094747e-01,8.709656e-01,2.423788e+00,5.893866e-02,4.725357e+00,2.316038e-01,1.496555e+00,9.403907e-03,2.266301e+00,1.724329e+00,1.063539e+00,4.870349e-01
395486,1,8.989127e-01,9.412657e-01,8.989127e-01,2.247545e+00,5.905019e-02,4.505837e+00,2.185596e-01,2.366702e+00,7.184228e-01,2.685338e+00,2.182804e+00,1.766358e-01,1.798744e+00
395487,1,7.842178e-01,9.050124e-01,7.842179e-01,2.434179e+00,5.723143e-02,2.833967e+00,2.365974e-01,1.289820e+00,2.185647e+00,1.858002e+00,1.216425e+00,1.096571e+00,2.043945e+00
395488,1,9.157654e-01,9.133058e-01,9.157654e-01,2.056410e+00,5.372889e-02,3.654831e+00,2.171408e-01,1.575026e+00,9.941333e-01,2.124446e+00,1.494140e+00,1.816699e+00,2.781630e-01
395489,1,7.418278e-01,8.739145e-01,7.418279e-01,2.203457e+00,5.682991e-02,3.124244e+00,1.899695e-01,3.764635e-01,3.275668e-01,4.996378e-01,1.252695e-03,1.232086e+00,5.624924e-01
395490,1,7.111014e-01,8.872624e-01,7.111015e-01,2.022341e+00,5.893035e-02,2.884448e+00,1.861231e-01,9.526331e-01,4.397888e-01,3.087277e-01,5.678551e-01,8.250205e-01,9.972347e-01
395491,1,9.810460e-01,9.818734e-01,9.810460e-01,1.817734e+00,5.327283e-02,1.014745e+01,1.932873e-01,7.603405e-01,1.269258e+00,1.572928e+00,1.087709e+00,3.980409e-01,5.394385e-02
395492,1,9.178994e-01,8.939929e-01,9.178994e-01,2.132626e+00,6.816410e-02,5.118154e+00,2.954173e-01,4.217988e-01,1.986601e+00,1.211241e+00,8.033585e-01,9.629323e-01,1.961591e-01
395493,1,9.422327e-01,9.024613e-01,9.422326e-01,3.616866e+00,7.005947e-02,6.917737e+00,2.655270e-01,1.083626e+00,9.233166e-01,1.814467e+00,1.127448e+00,2.044877e-01,2.658288e-01
395494,1,8.361197e-01,9.033966e-01,8.361198e-01,3.317373e+00,7.174188e-02,2.848896e+00,2.721057e-01,1.161044e+00,4.202289e+00,1.691741e+00,1.031070e+00,3.589705e-01,5.453132e-02
395495,1,9.321231e-01,9.258864e-01,9.321231e-01,1.695130e+00,5.478939e-02,6.370941e+00,2.001380e-01,1.967665e+00,7.611150e-01,2.565232e+00,1.691382e+00,9.183125e-01,2.072058e-02
395496,1,8.044563e-01,8.781894e-01,8.044564e-01,2.275456e+00,5.757422e-02,3.800533e+00,2.211183e-01,1.785631e+00,2.345450e+00,2.333414e+00,1.675262e+00,2.875917e-01,3.855540e-01
395497,1,9.592127e-01,9.250025e-01,9.592127e-01,8.285428e-01,4.303209e-02,2.195513e+00,1.414607e-01,3.332322e-01,2.243518e+00,1.162018e+00,3.206778e-01,2.617522e+00,1.614516e+00
395498,1,9.907718e-01,9.959497e-01,9.907718e-01,7.665280e-01,3.287767e-02,1.396744e+01,1.738966e-01,1.442516e+00,2.154379e+00,2.101239e+00,1.604256e+00,3.993614e+00,2.152930e+00
395499,1,9.951671e-01,9.933738e-01,9.951671e-01,6.721900e-01,6.714477e-02,1.765662e+01,2.619969e-01,1.253671e+00,1.705658e+00,1.500735e-01,8.895690e-01,4.927150e+00,6.585108e-01
395500,1,8.398927e-01,8.782088e-01,8.398927e-01,7.543984e-01,1.099990e-01,1.015714e+00,3.483273e-01,2.012581e+00,9.411831e-01,7.682389e-01,9.589846e-01,3.604948e+00,1.877805e+00
395501,1,9.022436e-01,8.961357e-01,9.022436e-01,4.161981e+00,7.580132e-02,4.264401e+00,3.006864e-01,1.703677e+00,2.676155e-01,2.424100e+00,1.846954e+00,2.467759e+00,5.281803e-01
395502,1,7.595840e-01,8.735397e-01,7.595841e-01,3.095067e+00,7.018092e-02,3.940365e-01,2.251180e-01,8.340691e-01,1.573053e+00,1.519554e+00,5.321640e-01,1.434227e+00,7.655637e-01
395503,1,7.765817e-01,8.932292e-01,7.765818e-01,1.985642e+00,5.824271e-02,3.325320e+00,1.850915e-01,4.702441e-01,2.510493e+00,1.285098e+00,5.916802e-01,1.829096e+00,4.069277e-01
395504,1,8.136906e-01,8.826675e-01,8.136907e-01,1.941782e+00,5.600374e-02,3.903665e+00,1.916090e-01,6.347452e-01,5.768460e-01,1.589889e+00,2.445975e-01,4.446788e-01,5.955892e-01
395505,1,8.488583e-01,9.398107e-01,8.488584e-01,2.044687e+00,5.690672e-02,4.360311e+00,1.835648e-01,2.208667e+00,1.750593e+00,2.767425e+00,2.015452e+00,1.753698e+00,7.383493e-01
395506,1,9.433041e-01,9.173173e-01,9.433040e-01,1.679560e+00,5.374164e-02,6.977491e+00,2.287778e-01,2.083740e-01,1.657725e+00,9.539630e-01,2.875001e-01,4.935503e+00,8.190149e-01
395507,1,8.238055e-01,8.890020e-01,8.238055e-01,1.686215e+00,7.072932e-02,3.435229e+00,1.970443e-01,6.434956e-01,3.002656e-01,1.452847e+00,4.958580e-01,1.810324e+00,3.375120e-01
395508,1,7.792143e-01,8.808607e-01,7.792144e-01,2.680448e+00,6.353333e-02,8.586115e-01,2.319441e-01,1.790673e+00,1.897925e-01,2.280445e+00,1.786142e+00,2.436813e+00,5.740544e-01
395509,1,8.676347e-01,9.217742e-01,8.676347e-01,1.878089e+00,5.673585e-02,4.670920e+00,1.889702e-01,1.217658e+00,1.279658e-01,1.851506e+00,1.170311e+00,3.336073e+00,6.767370e-01
395510,1,9.048302e-01,8.908142e-01,9.048302e-01,1.910284e+00,5.283430e-02,1.789983e+00,2.112333e-01,1.753676e+00,4.912096e-01,6.377952e-01,7.632713e-01,4.850689e+00,1.122729e-01
395511,1,9.033663e-01,9.423707e-01,9.033663e-01,1.766674e+00,6.015422e-02,5.221205e+00,1.547891e-01,6.832767e-01,1.487104e+00,3.674701e-01,3.490849e-01,3.046713e+00,9.902691e-01
395512,1,7.027546e-01,9.373480e-01,7.027548e-01,1.966547e+00,5.566168e-02,2.818214e+00,1.899386e-01,1.164994e+00,1.498861e+00,2.077346e+00,1.241268e+00,1.997349e+00,1.162926e+00
395513,1,8.854510e-01,8.955116e-01,8.854510e-01,1.798696e+00,5.726216e-02,4.960103e+00,1.888602e-01,1.712093e+00,2.041532e+00,2.132882e+00,1.655122e+00,1.627837e+00,6.946543e-01
395514,1,8.921907e-01,9.204553e-01,8.921907e-01,1.846495e+00,5.311665e-02,4.628664e+00,2.053969e-01,4.597498e+00,3.897507e-01,2.606142e+00,5.100306e+00,1.717048e+00,1.128156e+00
395515,1,7.140911e-01,9.442747e-01,7.140913e-01,2.256274e+00,6.085691e-02,2.439386e+00,2.215289e-01,2.077141e+00,2.097212e+00,2.909850e+00,2.122903e+00,8.726324e-01,2.832667e+00
395516,1,7.268314e-01,8.746853e-01,7.268316e-01,1.832362e+00,5.393669e-02,2.568279e+00,2.113005e-01,2.474683e+00,2.154262e+00,3.022490e+00,2.263048e+00,8.855145e-01,1.176000e+00
395517,1,9.554769e-01,9.254109e-01,9.554769e-01,1.624596e+00,5.281520e-02,7.765765e+00,1.788604e-01,2.067393e+00,1.811595e-01,2.475873e+00,1.704784e+00,5.576058e-01,6.767923e-01
395518,1,6.389574e-01,8.258196e-01,6.389576e-01,2.424443e+00,6.075023e-02,2.104149e+00,2.137221e-01,1.494358e+00,6.548823e-01,1.905790e+00,1.284997e+00,8.073391e-01,1.010702e+00
395519,1,9.541632e-01,9.398567e-01,9.541632e-01,1.952066e+00,5.911621e-02,7.653097e+00,1.843500e-01,4.363770e-01,2.318337e+00,5.815187e-01,1.464554e-01,3.865763e-01,1.015951e+00
395520,1,8.740773e-01,9.387888e-01,8.740774e-01,4.029314e-02,3.484185e-02,4.771802e+00,1.030951e-01,2.173178e+00,6.543579e-01,2.537765e+00,2.030707e+00,1.910647e+00,1.158138e+00
395521,1,8.957479e-01,8.953754e-01,8.957479e-01,7.094646e-01,3.612250e-02,2.542751e+00,1.585711e-01,5.177283e+00,2.799774e-01,3.051674e+00,4.689240e+00,1.508508e-01,1.005252e+00
395522,1,7.341051e-01,9.271028e-01,7.341052e-01,9.250900e-01,4.083877e-02,1.745407e+00,1.708834e-01,2.486415e+00,2.496160e+00,3.082230e+00,2.582942e+00,1.063055e+00,1.104176e+00
395523,1,9.456219e-01,9.699434e-01,9.456220e-01,1.976561e-01,3.013423e-02,7.091848e+00,1.549400e-01,2.407138e+00,4.332820e+00,2.821148e+00,2.335005e+00,1.034341e+00,1.902631e+00
395524,1,9.772836e-01,9.917084e-01,9.772836e-01,8.141248e-01,4.500290e-02,9.561713e+00,1.920692e-01,7.449004e-01,3.560424e+00,2.594981e-01,8.272010e-01,3.100443e+00,1.981154e+00
395525,1,7.556996e-01,9.120506e-01,7.556998e-01,2.692797e+00,6.692364e-02,2.856188e+00,2.324002e-01,3.181908e+00,1.149553e+00,1.720006e+00,1.563033e+00,2.364534e+00,6.062229e-01
395526,1,7.839190e-01,9.116351e-01,7.839191e-01,2.137942e+00,5.674829e-02,3.579998e+00,2.091189e-01,2.257086e+00,1.437078e+00,2.657957e+00,2.261415e+00,1.722076e+00,1.264167e+00
395527,1,8.169739e-01,8.765399e-01,8.169739e-01,1.988160e+00,5.850654e-02,3.193899e+00,2.000368e-01,2.800392e-01,1.332369e+00,1.064367e+00,1.522798e-01,9.945323e-01,1.205367e+00
395528,1,8.845687e-01,8.729704e-01,8.845687e-01,1.920765e+00,5.223292e-02,8.011437e-01,2.055597e-01,2.248199e+00,6.830450e-02,2.651275e+00,2.136380e+00,2.513697e+00,5.183480e-01
395529,1,9.671458e-01,9.769921e-01,9.671458e-01,4.513145e+00,5.585808e-02,8.645717e+00,1.456357e-01,2.348701e+00,1.105168e+00,2.776502e+00,2.041834e+00,2.070082e+00,8.234609e-02
395530,1,9.539440e-01,9.337714e-01,9.539440e-01,3.898958e+00,6.488673e-02,1.819225e+00,2.707922e-01,6.243278e-02,1.434558e+00,8.058408e-01,1.907575e-01,6.816965e-01,1.277392e+00
395531,1,9.662918e-01,9.448953e-01,9.662918e-01,1.926994e+00,5.774997e-02,8.574059e+00,1.978267e-01,1.833040e+00,2.002438e+00,2.327173e+00,1.576590e+00,1.552476e+00,1.278457e+00
395532,1,8.628645e-01,8.838220e-01,8.628646e-01,2.917657e+00,6.815975e-02,6.060160e-01,2.274101e-01,2.078011e-01,5.480413e-02,1.147268e+00,4.601163e-02,2.868267e-01,1.146069e+00
395533,1,7.502559e-01,8.844761e-01,7.502560e-01,1.837784e+00,5.757023e-02,3.222625e+00,1.823961e-01,2.583884e+00,3.428304e-01,3.055487e+00,2.431166e+00,2.071494e+00,6.724127e-01
395534,1,8.035440e-01,9.461417e-01,8.035441e-01,6.267881e-01,3.936129e-02,1.522024e+00,1.219687e-01,4.646046e-01,1.188623e+00,1.176493e+00,6.582156e-01,1.334507e+00,8.814398e-01
395535,1,7.438504e-01,8.982024e-01,7.438505e-01,6.005379e-01,3.544652e-02,1.564530e+00,1.382384e-01,2.303655e+00,1.206997e-01,8.021499e-01,1.007470e+00,3.707878e-01,9.482089e-01
395536,1,7.259315e-01,8.894900e-01,7.259317e-01,6.395958e-01,3.791351e-02,3.014529e+00,1.486598e-01,2.548819e+00,2.861012e-01,2.848629e+00,2.450159e+00,9.300871e-01,3.066524e-01
395537,1,7.148178e-01,8.926228e-01,7.148179e-01,8.775675e-01,3.760333e-02,2.764854e+00,1.478087e-01,1.983171e+00,1.198760e+00,2.620039e+00,1.868507e+00,2.690433e-01,9.005080e-01
395538,1,5.873914e-01,8.463807e-01,5.873916e-01,9.863597e-01,4.154358e-02,1.868480e+00,1.673417e-01,1.825990e+00,1.597909e+00,2.132868e+00,1.833130e+00,2.932623e-01,7.270817e-01
395539,1,9.032797e-01,8.592831e-01,9.032796e-01,9.498248e-01,4.119691e-02,2.900598e+00,1.414877e-01,5.361546e+00,3.499891e-01,3.451195e+00,4.216942e+00,5.775734e-01,3.488978e-01
395540,1,8.749507e-01,9.003433e-01,8.749507e-01,1.101701e+00,4.346329e-02,2.016240e+00,1.812948e-01,2.480774e+00,1.236009e+00,3.141873e+00,2.603322e+00,1.937558e-01,4.169410e-01
395541,1,6.775073e-01,8.136774e-01,6.775074e-01,9.995465e-01,4.227066e-02,3.522026e-01,1.617847e-01,2.117852e+00,4.797034e-01,2.658769e+00,1.882344e+00,9.498296e-01,1.795854e-01
395542,1,9.072312e-01,9.119074e-01,9.072312e-01,4.861390e-01,3.837284e-02,5.483500e+00,1.350280e-01,8.660374e-01,8.155084e-02,1.565224e+00,7.347033e-01,2.077008e-01,2.258623e-01
395543,1,7.189213e-01,8.692631e-01,7.189215e-01,1.238539e+00,4.538585e-02,5.203693e-01,1.750183e-01,5.600434e-01,1.877378e-01,1.389529e+00,6.865797e-01,5.705156e-01,2.651865e-01
395544,1,8.138392e-01,9.625994e-01,8.138393e-01,3.928044e-01,3.790804e-02,3.905408e+00,1.535711e-01,8.401897e-01,1.308299e+00,1.785725e+00,6.809855e-01,2.639134e-01,1.583157e+00
395545,1,9.562460e-01,9.094270e-01,9.562459e-01,1.255371e+00,4.396637e-02,7.834644e+00,1.731178e-01,8.776224e-01,2.488739e-01,1.585693e+00,9.555752e-01,1.183140e+00,1.244204e-01
395546,1,8.669893e-01,9.353856e-01,8.669894e-01,2.124821e+00,5.618182e-02,3.356679e+00,2.189461e-01,4.659320e+00,3.596509e+00,2.857315e+00,3.690176e+00,1.851761e-01,3.423793e-01
395547,1,7.351871e-01,9.109951e-01,7.351873e-01,2.062788e+00,5.172995e-02,3.091066e+00,2.403877e-01,2.616504e-01,2.967370e+00,1.333129e+00,8.952853e-01,2.397702e-01,7.876656e-01
395548,1,7.921067e-01,8.949617e-01,7.921068e-01,1.858904e+00,5.352983e-02,3.664668e+00,2.197686e-01,2.682215e+00,1.878167e+00,1.034757e+00,2.638963e+00,1.555740e+00,1.763645e+00
395549,1,9.386029e-01,9.211943e-01,9.386029e-01,1.967319e+00,5.727957e-02,4.655458e+00,2.000024e-01,1.230950e+00,1.083957e+00,2.082510e+00,1.211071e+00,6.896341e-01,4.892130e-01
395550,1,8.081744e-01,9.393758e-01,8.081745e-01,2.347952e+00,5.524689e-02,2.362501e+00,2.470667e-01,2.203714e+00,1.480588e+00,1.018850e+00,1.251656e+00,7.379338e-01,9.612177e-01
395551,1,8.444789e-01,9.062588e-01,8.444790e-01,1.896979e+00,5.185364e-02,4.304041e+00,2.162361e-01,9.872624e-01,7.505891e-01,1.861666e+00,9.467753e-01,9.145427e-01,4.127342e-01
395552,1,9.211703e-01,9.164156e-01,9.211702e-01,5.724980e+00,5.603783e-02,5.972288e+00,2.213466e-01,4.832236e+00,2.906382e-01,3.221375e+00,3.550370e+00,1.367034e+00,4.828986e-01
395553,1,8.101458e-01,8.780921e-01,8.101458e-01,1.135227e+00,5.927955e-02,2.303475e+00,3.528288e-01,3.761602e+00,1.983779e+00,3.838142e+00,3.863815e+00,9.762973e-01,1.154633e+00
395554,1,6.795069e-01,8.578192e-01,6.795071e-01,2.000575e+00,4.433025e-02,1.123538e+00,2.159592e-01,2.515541e+00,1.079676e+00,2.671138e+00,1.987876e+00,1.527850e+00,1.443815e-01
395555,1,6.375465e-01,8.607505e-01,6.375467e-01,5.481824e-01,3.026361e-02,2.083404e+00,1.856627e-01,1.562829e+00,8.742487e-01,2.139205e+00,1.398352e+00,1.052357e+00,5.874055e-01
395556,1,6.303259e-01,7.982699e-01,6.303261e-01,6.883191e-01,3.196769e-02,8.434228e-01,1.795245e-01,2.103336e+00,8.138953e-02,2.249900e+00,1.929716e+00,1.595545e-01,5.912236e-01
395557,1,8.679918e-01,8.831272e-01,8.679918e-01,5.768556e-01,3.263719e-02,4.676789e+00,1.495108e-01,2.148114e+00,4.908798e-01,2.553677e+00,1.768636e+00,9.295346e-01,1.307974e-01
395558,1,8.186729e-01,8.342208e-01,8.186729e-01,1.097021e+00,4.015569e-02,3.965538e+00,1.758736e-01,8.675664e-01,7.307855e-01,1.425095e+00,1.102333e+00,6.755236e-01,2.914090e-01
395559,1,7.277066e-01,9.006439e-01,7.277068e-01,1.318926e+00,4.023574e-02,1.875860e+00,1.924181e-01,6.856963e-01,3.945435e-01,1.453407e+00,6.733670e-01,5.067602e-01,1.833498e-01
395560,1,9.564316e-01,9.234449e-01,9.564316e-01,1.159983e+00,4.229686e-02,7.850779e+00,1.591119e-01,7.714315e-01,5.838175e-01,1.605382e+00,9.231666e-01,3.854399e-01,5.908352e-01
395561,1,9.795679e-01,9.464617e-01,9.795679e-01,2.017450e+00,5.104359e-02,9.857901e+00,2.345121e-01,2.644606e-01,6.359129e-01,7.242551e-01,2.165328e-01,9.415078e-01,3.964022e-01
395562,1,8.024478e-01,9.080391e-01,8.024479e-01,3.102539e+00,6.435075e-02,1.064881e-01,2.669269e-01,2.263107e+00,8.435698e-01,2.937917e+00,2.335692e+00,2.283937e+00,2.308548e+00
395563,1,9.099522e-01,9.590423e-01,9.099522e-01,2.177082e+00,5.830940e-02,5.574799e+00,2.136469e-01,1.772797e+00,2.727279e+00,2.277383e+00,1.655511e+00,2.243537e+00,2.156571e+00
395564,1,8.053262e-01,8.548155e-01,8.053262e-01,2.319125e+00,5.755462e-02,2.084737e+00,2.278106e-01,7.668198e-01,5.815078e-01,1.490234e+00,6.686790e-01,1.399088e+00,3.558605e-02
395565,1,8.209590e-01,9.318249e-01,8.209591e-01,1.927088e+00,5.540083e-02,3.995873e+00,1.884073e-01,1.275827e-01,2.374824e+00,1.000260e+00,9.435049e-02,5.081766e-01,1.584886e+00
395566,1,9.728459e-01,9.489332e-01,9.728459e-01,1.947825e+00,5.563358e-02,9.171806e+00,2.104879e-01,1.760688e+00,1.966286e+00,3.483639e-01,1.452844e+00,4.963545e+00,3.593354e-01
395567,1,9.645999e-01,9.430831e-01,9.645998e-01,2.563025e+00,7.482454e-02,8.455963e+00,2.234562e-01,4.916462e+00,6.576732e-01,2.922915e+00,3.316032e+00,2.971849e+00,3.215135e-01
395568,1,9.773968e-01,9.036582e-01,9.773967e-01,7.790869e-01,6.893255e-02,5.028007e+00,3.216153e-01,6.143975e-02,1.769050e+00,9.924971e-01,1.578200e+00,1.427681e+00,5.840482e-01
395569,1,9.152721e-01,9.097045e-01,9.152721e-01,3.926995e+00,6.972522e-02,5.099864e+00,3.073441e-01,9.411759e-01,1.268013e+00,1.698784e+00,5.748486e-01,1.394220e+00,6.503204e-01
395570,1,9.677593e-01,9.318320e-01,9.677593e-01,1.401733e+00,5.435387e-02,8.703757e+00,1.594824e-01,7.688131e-01,1.366359e+00,1.370687e+00,1.414531e+00,1.263688e+00,3.860775e-01
395571,1,9.271355e-01,9.080533e-01,9.271355e-01,2.474299e+00,5.914892e-02,5.837328e+00,2.315066e-01,9.767431e-01,1.423156e+00,1.521749e+00,9.725784e-01,1.265472e+00,9.134998e-01
395572,1,7.607845e-01,9.378023e-01,7.607846e-01,2.825620e+00,6.292627e-02,6.625859e-01,2.570413e-01,2.179206e+00,3.147697e+00,1.098098e+00,5.032156e-01,3.334150e+00,1.134005e+00
395573,1,9.643983e-01,9.428551e-01,9.643983e-01,1.820715e+00,5.970542e-02,8.443869e+00,1.914414e-01,1.205927e+00,1.404717e+00,1.814430e+00,8.402834e-01,1.998865e+00,4.553074e-01
395574,1,7.871527e-01,8.819268e-01,7.871528e-01,9.786750e-01,6.150524e-02,3.613654e+00,2.668358e-01,1.144664e+00,7.267666e-01,1.613439e+00,1.458181e+00,4.472119e-01,4.552108e-01
395575,1,9.595911e-01,9.026293e-01,9.595910e-01,2.891713e+00,6.443993e-02,1.648787e+00,2.298026e-01,3.008113e+00,2.981795e+00,3.234663e+00,2.707110e+00,2.832512e-01,1.354654e+00
395576,1,7.957470e-01,9.195820e-01,7.957471e-01,1.901737e+00,5.796446e-02,3.675167e+00,1.990296e-01,2.921404e+00,3.702941e+00,3.032825e+00,2.525627e+00,3.917754e-01,7.378873e-02
395577,1,9.835053e-01,9.894366e-01,9.835053e-01,1.880162e+00,5.412529e-02,1.074069e+01,2.214778e-01,1.790478e+00,1.794362e+00,2.262962e+00,1.537416e+00,5.344260e-01,6.171585e-01
395578,1,9.496141e-01,8.949529e-01,9.496141e-01,3.257165e+00,7.108476e-02,2.746709e+00,2.626860e-01,3.860775e-01,6.513935e-01,1.156313e+00,5.385263e-01,2.919308e+00,2.981592e-01
395579,1,9.008098e-01,9.450579e-01,9.008098e-01,2.931306e+00,6.965187e-02,6.971832e-01,2.267064e-01,2.170592e+00,9.534748e-01,2.675964e+00,2.054109e+00,1.786967e-01,4.348359e-01
395580,1,9.721263e-01,9.691354e-01,9.721263e-01,2.194167e+00,6.518798e-02,9.107808e+00,1.944577e-01,7.073894e-01,6.800550e-01,1.446972e+00,1.003903e+00,5.561896e-01,1.182077e-01
395581,1,7.286861e-01,8.383331e-01,7.286862e-01,3.038380e+00,7.130927e-02,1.312889e+00,2.357864e-01,2.827425e-01,3.607946e-01,1.199560e+00,2.086130e-01,2.696243e-01,4.563626e-01
395582,1,8.043838e-01,9.094623e-01,8.043839e-01,1.833758e+00,5.800353e-02,3.799722e+00,1.898475e-01,9.359951e-01,1.137942e+00,1.758376e+00,1.353061e+00,8.589344e-01,3.938576e-01
395583,1,9.819954e-01,9.769338e-01,9.819954e-01,1.458167e+00,5.477715e-02,1.039364e+01,1.937649e-01,2.751057e-01,3.231277e-01,1.472973e+00,1.026943e-01,3.083633e+00,1.836697e-01
395584,1,8.486125e-01,9.314625e-01,8.486126e-01,3.247501e+00,7.303755e-02,3.457827e-02,2.587937e-01,1.686697e+00,5.561457e-02,2.326460e+00,1.578634e+00,2.378974e+00,9.293010e-01
395585,1,7.113100e-01,8.887368e-01,7.113102e-01,2.121555e+00,6.072457e-02,2.609461e+00,2.123961e-01,2.279316e+00,6.347305e-01,2.886297e+00,2.269444e+00,5.225747e-01,6.258067e-01
395586,1,9.779466e-01,9.854393e-01,9.779466e-01,1.795883e+00,5.628885e-02,9.653819e+00,1.947851e-01,5.071765e-01,2.449869e-02,1.257493e+00,5.537010e-01,2.600605e+00,5.500376e-01
395587,1,8.200184e-01,8.699950e-01,8.200184e-01,2.825516e+00,7.137551e-02,1.810069e-01,2.384706e-01,5.383453e-01,9.858743e-01,6.696870e-01,2.303761e-01,1.386074e+00,8.959902e-01
395588,1,7.618859e-01,8.657749e-01,7.618860e-01,1.836294e+00,6.039084e-02,3.346743e+00,2.015444e-01,3.066282e-01,3.457203e-02,1.392783e+00,3.014538e-01,1.001855e-01,2.535383e-01
395589,1,9.960953e-01,9.962591e-01,9.960953e-01,3.148509e+00,5.873783e-02,1.864444e+01,2.056538e-01,4.328087e+00,1.849083e-01,2.650909e+00,2.467400e+00,4.627122e+00,7.852282e-01
395590,1,8.958664e-01,8.406119e-01,8.958663e-01,5.179509e+00,9.897364e-02,3.515715e+00,3.636329e-01,3.564515e-02,4.419772e-01,9.737851e-01,7.198095e-01,8.537571e-01,1.210480e+00
395591,1,9.543312e-01,9.024154e-01,9.543312e-01,2.774663e+00,7.124534e-02,3.165812e+00,2.072114e-01,3.260803e+00,1.374960e+00,3.677095e+00,2.983062e+00,1.394862e+00,6.463121e-01
395592,1,7.286224e-01,8.890993e-01,7.286226e-01,1.152361e+00,4.908954e-02,1.463206e+00,1.573703e-01,2.507238e+00,2.697698e-01,2.709234e+00,2.241997e+00,3.037813e+00,7.121928e-01
395593,1,9.182778e-01,9.212651e-01,9.182778e-01,4.760144e-01,3.295167e-02,6.209043e-01,1.503297e-01,7.196871e-01,2.493435e-01,4.257219e-01,1.040408e+00,8.868931e-01,1.772258e+00
395594,1,7.513379e-01,8.513468e-01,7.513380e-01,2.554437e-01,3.688388e-02,3.233079e+00,1.410535e-01,2.339209e+00,1.902989e-01,2.903554e+00,2.222082e+00,2.031346e+00,1.052246e+00
395595,1,7.666455e-01,8.242868e-01,7.666455e-01,6.158710e-01,3.434822e-02,3.400989e+00,1.568630e-01,2.663781e+00,1.546960e-01,3.033071e+00,2.560999e+00,8.186069e-03,2.410234e-01
395596,1,7.006259e-01,7.605581e-01,7.006259e-01,9.149895e-01,4.034514e-02,2.752151e+00,1.780229e-01,2.353190e+00,2.875664e-02,2.802584e+00,2.079081e+00,9.191928e-02,6.561831e-01
395597,1,9.719672e-01,9.617773e-01,9.719672e-01,1.653779e-01,3.345216e-02,9.094041e+00,1.107880e-01,1.484177e+00,1.211813e+00,2.023413e+00,1.312138e+00,1.054308e+00,6.441438e-01
395598,1,6.012880e-01,9.057532e-01,6.012883e-01,1.523101e+00,4.548529e-02,2.206070e+00,1.952964e-01,9.865837e-01,2.021343e+00,1.996786e-01,4.249884e-01,5.953765e-01,1.374205e-01
395599,1,9.504769e-01,9.498384e-01,9.504769e-01,6.393794e-01,3.647506e-02,1.519449e+00,1.786147e-01,1.789826e+00,1.797151e+00,2.524121e+00,1.532508e+00,8.738666e-02,1.318703e+00
395600,1,5.877450e-01,9.074575e-01,5.877453e-01,6.435228e-01,3.590722e-02,1.158829e+00,1.613878e-01,1.067921e+00,2.001829e+00,2.036998e+00,9.558766e-01,1.549830e+00,1.545928e+00
395601,1,9.364495e-01,9.220094e-01,9.364495e-01,5.242787e-01,3.290750e-02,4.775579e+00,1.641030e-01,1.067414e+00,3.210606e+00,2.039863e+00,9.711762e-01,3.693513e-02,1.048339e+00
395602,1,7.225422e-01,9.224354e-01,7.225424e-01,1.014314e+00,3.995882e-02,2.138750e+00,2.129010e-01,1.744163e+00,2.361105e+00,2.341722e+00,1.585144e+00,1.004803e+00,1.282945e+00
395603,1,5.627540e-01,8.460094e-01,5.627543e-01,1.066017e+00,4.061395e-02,2.043875e+00,1.795568e-01,6.789815e-01,1.560899e+00,1.712642e+00,5.771521e-01,4.552376e-01,1.479894e+00
395604,1,9.302791e-01,8.031476e-01,9.302790e-01,1.001383e+00,3.912150e-02,2.657314e+00,1.660618e-01,9.476982e-01,8.800294e-02,1.677293e+00,1.057574e+00,3.963154e-01,8.472608e-01
395605,1,7.149026e-01,8.919085e-01,7.149028e-01,8.126437e-01,4.047028e-02,2.012855e+00,1.797517e-01,7.321243e-01,2.916142e+00,1.783915e+00,1.090470e+00,3.318081e-01,3.310410e-01
395606,1,9.593701e-01,8.761032e-01,9.593700e-01,1.020185e+00,3.707353e-02,3.819654e+00,1.949147e-01,1.365110e+00,2.377537e-01,1.851262e-01,1.306301e+00,7.756409e-01,4.898705e-01
395607,1,5.913623e-01,8.036303e-01,5.913625e-01,1.255012e+00,4.058440e-02,1.677918e-01,1.929988e-01,1.402188e+00,7.700692e-01,1.430136e-01,8.990305e-01,3.755602e-01,3.115988e-01
395608,1,8.213550e-01,9.030182e-01,8.213551e-01,7.815313e-01,3.848572e-02,4.000650e+00,1.560562e-01,1.197978e+00,1.920568e+00,2.090923e+00,1.559736e+00,1.050270e+00,2.107350e-01
395609,1,7.870466e-01,9.308420e-01,7.870467e-01,1.044277e+00,3.905925e-02,1.419896e+00,1.850558e-01,3.612713e+00,1.502567e+00,1.935159e+00,2.807246e+00,7.420761e-01,9.468349e-01
395610,1,7.217661e-01,9.246489e-01,7.217663e-01,8.931501e-01,3.627477e-02,1.051896e+00,2.005151e-01,2.316185e+00,2.238354e+00,2.977416e+00,2.225066e+00,8.447024e-02,1.991551e+00
395611,1,6.148045e-01,7.738388e-01,6.148046e-01,7.710668e-01,3.423300e-02,1.023995e+00,1.746523e-01,2.170298e-01,2.236814e-02,7.847612e-01,8.085115e-02,1.340135e+00,4.681919e-01
395612,1,9.054172e-01,8.879784e-01,9.054172e-01,6.403341e-01,3.000949e-02,1.134273e+00,1.832892e-01,6.939538e-01,7.816611e-01,1.656495e+00,5.977009e-01,7.762580e-01,4.352999e-01
395613,1,9.081046e-01,9.385077e-01,9.081046e-01,5.255393e+00,3.417661e-02,4.753485e+00,1.626939e-01,3.786658e+00,8.565285e-02,1.995830e+00,3.951506e+00,1.348304e+00,6.619684e-01
395614,1,9.623951e-01,9.541681e-01,9.623951e-01,8.305278e+00,3.970433e-02,5.959841e+00,2.449377e-01,1.694461e+00,2.465516e+00,2.589995e-01,6.521189e-01,1.181657e+00,5.638638e-02
395615,1,8.938544e-01,9.111419e-01,8.938544e-01,4.384343e+00,4.640907e-02,2.765699e-01,3.426917e-01,3.827330e-01,8.605338e-01,1.433793e+00,9.300445e-02,4.997571e-02,5.879558e-01
395616,1,7.607226e-01,9.043194e-01,7.607227e-01,8.397418e-01,3.264051e-02,3.333553e+00,2.198543e-01,2.428616e+00,9.115611e-01,2.955123e+00,2.271265e+00,3.038887e-01,1.003925e+00
395617,1,6.157097e-01,8.396166e-01,6.157099e-01,1.134819e+00,3.383795e-02,1.107639e+00,2.167514e-01,7.042194e-01,1.138177e+00,2.961364e-01,5.051021e-02,6.574634e-01,2.455032e-01
395618,1,8.531210e-01,8.786702e-01,8.531210e-01,9.423540e-01,3.153112e-02,2.099267e+00,2.153748e-01,1.669200e+00,5.469412e-01,7.445708e-01,3.312562e-01,1.123181e+00,4.584476e-01
395619,1,7.622484e-01,9.423424e-01,7.622485e-01,9.099457e-01,2.681479e-02,2.532005e+00,2.267078e-01,3.817760e-01,2.924228e+00,6.886136e-01,3.159726e-01,1.166703e-01,1.796381e+00
395620,1,8.358740e-01,9.399062e-01,8.358741e-01,9.437957e-01,2.909380e-02,3.301567e-01,2.766313e-01,2.487831e+00,9.482291e-01,1.347755e+00,7.417195e-01,1.560596e+00,1.819662e+00
395621,1,9.338611e-01,9.666585e-01,9.338611e-01,1.496605e-01,2.579915e-02,6.451599e+00,2.247513e-01,2.919014e+00,2.907255e+00,3.237640e+00,2.730209e+00,3.166491e-01,1.731711e-01
395622,1,7.456591e-01,9.502698e-01,7.456593e-01,1.535704e+00,3.779992e-02,1.694982e+00,2.561109e-01,1.300601e+00,2.515094e+00,1.877390e+00,1.063724e+00,1.368702e+00,1.333481e+00
395623,1,7.898807e-01,9.127825e-01,7.898809e-01,1.155801e+00,3.122185e-02,1.975526e+00,2.728775e-01,7.702834e-01,2.354340e+00,1.400791e+00,6.515066e-01,1.928418e-01,1.356655e-01
395624,1,9.638591e-01,9.652212e-01,9.638591e-01,1.054043e-01,3.274796e-02,8.407673e+00,2.360501e-01,2.537184e+00,2.771462e+00,2.811102e+00,2.359753e+00,9.636043e-01,1.260536e+00
395625,1,8.178119e-01,9.047225e-01,8.178120e-01,2.358386e+00,4.858623e-02,3.954671e+00,2.827886e-01,5.226730e-01,2.535618e+00,3.405842e-01,1.514646e-01,4.948947e-01,6.260536e-02
395626,1,8.693938e-01,9.560333e-01,8.693939e-01,1.994594e+00,4.661320e-02,1.637700e+00,2.830344e-01,2.631874e+00,2.047360e+00,3.121988e+00,2.288276e+00,3.646321e+00,1.075533e+00
395627,1,9.866488e-01,9.795698e-01,9.866488e-01,1.753672e+00,5.133540e-02,1.193434e+01,2.297813e-01,1.305216e+00,4.179801e+00,1.746864e+00,9.281885e-01,1.184159e+00,8.251366e-01
395628,1,8.208564e-01,8.144766e-01,8.208564e-01,3.034940e+00,6.551633e-02,3.994555e+00,3.195014e-01,2.915502e-01,8.444807e-01,6.877032e-01,2.493435e-01,1.006848e-01,3.013896e-02
395629,1,8.211340e-01,9.072789e-01,8.211341e-01,2.203180e+00,6.082786e-02,3.750335e+00,2.993702e-01,2.336813e-01,4.307366e-01,1.315746e+00,2.171706e-01,1.179258e+00,2.485993e-01
395630,1,8.284731e-01,9.071287e-01,8.284731e-01,2.728062e+00,5.870220e-02,4.098971e+00,2.983082e-01,1.054247e+00,1.501367e+00,2.681278e-01,1.116505e+00,4.833989e-01,1.344738e+00
395631,1,7.747854e-01,9.354492e-01,7.747855e-01,2.395905e+00,5.610783e-02,2.910195e+00,2.840066e-01,1.268042e+00,2.949423e+00,2.063626e+00,1.758148e+00,4.842134e-01,8.498826e-01
395632,1,8.107045e-01,9.540532e-01,8.107046e-01,1.999746e+00,4.878247e-02,3.869887e+00,2.713895e-01,2.698842e+00,6.102372e-01,3.193198e+00,2.504529e+00,1.854358e+00,5.362614e-01
395633,1,9.878670e-01,9.838393e-01,9.878670e-01,1.816545e+00,5.225128e-02,1.257032e+01,2.523654e-01,5.620616e+00,7.549659e-01,3.333310e+00,6.482999e+00,2.327479e-01,4.195093e-01
395634,1,9.428108e-01,9.727703e-01,9.428108e-01,2.187281e+00,7.002381e-02,6.951266e+00,3.590148e-01,2.856379e+00,1.156680e+00,8.815375e-01,2.869049e+00,6.810927e+00,4.118835e-01
395635,1,9.872199e-01,9.880629e-01,9.872199e-01,6.732595e+00,9.070857e-02,1.222150e+01,3.121905e-01,1.839247e+00,1.140449e+00,2.824227e+00,2.111655e+00,3.929484e+00,1.038114e+00
395636,1,9.423423e-01,8.641749e-01,9.423422e-01,6.924085e+00,8.871372e-02,5.169954e+00,4.843074e-01,1.678932e+00,5.139477e-01,2.164840e+00,2.156406e+00,7.861891e-02,4.637740e-01
395637,1,8.853308e-01,8.887634e-01,8.853308e-01,2.160125e+00,5.195401e-02,1.675908e+00,2.471507e-01,2.116681e+00,6.827580e-01,2.570705e+00,2.202078e+00,2.867953e-01,1.094326e+00
395638,1,9.848543e-01,9.782031e-01,9.848543e-01,1.603335e+00,4.725406e-02,1.121815e+01,2.562267e-01,1.537844e+00,1.798724e+00,2.029019e+00,1.303924e+00,2.326938e+00,1.254021e+00
395639,1,9.549359e-01,9.387234e-01,9.549359e-01,3.232667e+00,6.456627e-02,5.832976e+00,3.029087e-01,7.759940e-01,5.978253e-01,2.962420e-01,9.434261e-01,3.352714e+00,1.990685e+00
395640,1,8.325978e-01,9.128744e-01,8.325979e-01,3.432811e+00,7.542309e-02,3.257783e+00,2.893202e-01,2.452868e+00,1.469163e+00,2.927562e+00,2.231122e+00,2.297224e+00,7.327574e-01
395641,1,8.688086e-01,9.613919e-01,8.688087e-01,1.651010e+00,5.023247e-02,4.690997e+00,2.286244e-01,2.657282e+00,1.579719e+00,3.014163e+00,2.471928e+00,1.128007e+00,4.304587e-01
395642,1,9.572467e-01,9.545747e-01,9.572467e-01,1.746505e+00,5.069155e-02,7.920972e+00,2.499966e-01,1.678371e+00,6.073999e-01,2.225701e+00,1.660457e+00,3.469957e+00,2.108556e-01
395643,1,8.935114e-01,9.306793e-01,8.935114e-01,2.840462e+00,6.554665e-02,3.444897e+00,2.652895e-01,2.339599e+00,8.179179e-01,2.765076e+00,1.933014e+00,4.633773e-01,9.608056e-01
395644,1,9.087871e-01,8.912526e-01,9.087870e-01,2.624306e+00,5.887232e-02,2.768462e+00,2.716771e-01,1.047702e+00,2.349206e-01,1.816454e+00,8.200082e-01,1.734886e+00,1.451475e-02
395645,1,7.991098e-01,9.220765e-01,7.991099e-01,2.388949e+00,6.004257e-02,3.000369e+00,2.464048e-01,8.656480e-01,6.872572e-01,1.766590e+00,6.631610e-01,4.347770e-01,8.807360e-01
395646,1,9.441262e-01,9.642665e-01,9.441262e-01,2.069894e+00,5.774882e-02,4.222159e+00,2.267314e-01,4.157765e+00,1.938016e-01,2.272216e+00,3.043431e+00,4.332621e+00,1.356971e+00
395647,1,9.500685e-01,9.506004e-01,9.500685e-01,2.365408e+00,6.707761e-02,7.324164e+00,2.270726e-01,1.716817e+00,1.119772e+00,2.614678e+00,1.712482e+00,2.258122e+00,2.337996e+00
395648,1,7.892672e-01,9.353626e-01,7.892674e-01,2.941209e+00,6.078018e-02,1.135935e+00,2.997950e-01,8.105034e-01,1.309199e+00,1.655388e+00,7.380438e-01,1.159921e+00,4.194543e-01
395649,1,9.062906e-01,9.544757e-01,9.062907e-01,2.076274e+00,5.182108e-02,4.063978e+00,2.766471e-01,1.272392e+00,1.696573e+00,2.052197e+00,1.485942e+00,1.586018e+00,1.172245e+00
395650,1,7.273548e-01,8.769642e-01,7.273549e-01,2.298550e+00,5.403218e-02,1.472285e+00,2.798189e-01,2.262893e-01,1.184040e+00,1.357794e+00,1.122170e-01,1.944482e-02,7.192397e-01
395651,1,9.210589e-01,9.361564e-01,9.210589e-01,1.686975e+00,4.757483e-02,5.968941e+00,2.861695e-01,1.823764e+00,1.628745e+00,3.838986e-01,1.748728e+00,6.027248e-01,6.418043e-01
395652,1,7.189726e-01,8.928066e-01,7.189728e-01,2.179284e+00,5.424374e-02,2.319285e+00,2.817147e-01,4.574000e-01,1.122355e+00,1.441905e+00,6.302447e-01,7.689213e-01,1.119423e+00
395653,1,8.914446e-01,9.185831e-01,8.914446e-01,1.868034e+00,5.054674e-02,5.083283e+00,2.434535e-01,1.303522e+00,1.947839e+00,2.177774e+00,1.538894e+00,4.055101e-01,7.643769e-01
395654,1,9.395983e-01,9.847339e-01,9.395983e-01,2.066275e+00,5.019781e-02,5.186499e+00,2.793126e-01,6.753981e+00,1.384031e+00,4.362377e+00,5.819889e+00,3.608044e-01,2.692257e+00
395655,1,7.867885e-01,9.455689e-01,7.867886e-01,2.239252e+00,5.471744e-02,4.428217e-01,2.960187e-01,3.028638e+00,6.274699e-01,3.610104e+00,3.230663e+00,5.839109e-01,2.864203e+00
395656,1,9.764385e-01,9.325498e-01,9.764385e-01,1.562519e+00,4.354165e-02,9.461879e+00,2.653079e-01,2.499401e+00,3.662181e-01,3.006248e+00,2.209084e+00,1.208656e+00,3.937986e-01
395657,1,7.289601e-01,8.934643e-01,7.289603e-01,2.516611e+00,5.151488e-02,2.670991e+00,3.219362e-01,3.941663e-01,1.093174e+00,5.074413e-01,2.874580e-02,6.328437e-01,1.718469e+00
395658,1,7.384067e-01,8.964114e-01,7.384068e-01,2.213745e+00,5.188678e-02,1.309113e-01,3.211644e-01,1.306333e+00,2.471467e+00,2.000319e+00,1.531476e+00,1.520269e+00,3.377500e-01
395659,1,9.594638e-01,9.002337e-01,9.594637e-01,1.549034e+00,4.512820e-02,8.115179e+00,2.533877e-01,3.606466e-01,2.214042e-01,5.234550e-01,2.953036e-01,1.984729e-01,4.344321e-01
395660,1,9.524377e-01,9.131803e-01,9.524376e-01,2.464778e+00,5.462170e-02,7.504609e+00,2.940925e-01,1.098338e+00,9.290827e-02,6.774088e-02,3.248176e-01,5.516792e-01,1.567332e+00
395661,1,9.415290e-01,9.142587e-01,9.415290e-01,2.884260e+00,5.874844e-02,6.875803e+00,3.484472e-01,2.251595e+00,7.450383e-01,2.829357e+00,2.345502e+00,1.444072e+00,9.019847e-01
395662,1,7.516191e-01,8.515042e-01,7.516192e-01,3.235978e+00,6.582495e-02,1.273967e+00,3.374484e-01,4.938923e-01,8.555437e-01,1.248171e+00,4.445546e-01,1.287141e+00,2.560482e+00
395663,1,9.279842e-01,9.333347e-01,9.279842e-01,2.405725e+00,5.281383e-02,4.598765e+00,3.041199e-01,1.854448e+00,8.073539e-01,2.375760e+00,1.992226e+00,2.612198e+00,7.387074e-01
395664,1,9.151183e-01,9.129681e-01,9.151183e-01,1.697337e+00,5.874571e-02,4.162983e+00,2.855987e-01,1.626149e+00,6.850268e-01,2.216930e+00,1.456389e+00,2.491021e+00,9.223701e-01
395665,1,6.934831e-01,8.937861e-01,6.934833e-01,2.585463e+00,5.540138e-02,2.062619e+00,3.009717e-01,7.825926e-01,8.260477e-01,1.653552e+00,6.391494e-01,4.624241e-02,2.756016e+00
395666,1,9.342589e-01,8.954002e-01,9.342589e-01,1.933286e+00,4.987079e-02,6.470338e+00,2.743107e-01,2.102269e-01,3.580671e-01,1.207997e+00,4.496266e-02,1.111249e+00,2.660879e-01
395667,1,6.390794e-01,8.347936e-01,6.390796e-01,2.425182e+00,5.745631e-02,2.329627e+00,2.843718e-01,2.101855e-01,9.399033e-01,1.275794e+00,5.074010e-01,4.082716e-01,6.035885e-02
395668,1,6.549138e-01,8.652463e-01,6.549140e-01,1.853750e+00,5.269000e-02,2.372628e+00,2.718323e-01,5.630365e-01,1.250527e-04,1.603565e+00,1.667022e-01,5.131892e-01,1.600757e+00
395669,1,9.868539e-01,9.750103e-01,9.868539e-01,1.656212e+00,5.068818e-02,1.204315e+01,2.505053e-01,3.594200e+00,5.644365e-01,1.694791e+00,3.670822e+00,1.375642e+00,1.935424e+00
395670,1,8.567967e-01,9.148634e-01,8.567968e-01,3.353455e+00,6.805641e-02,1.450375e+00,3.560166e-01,3.179299e+00,1.221825e+00,3.789435e+00,3.373708e+00,2.753997e+00,2.550866e-01
395671,1,8.783913e-01,9.301719e-01,8.783913e-01,1.987194e+00,4.808912e-02,4.837172e+00,2.977867e-01,9.336710e-01,4.170728e-01,1.875934e+00,8.812974e-01,4.994119e-01,2.146959e+00
395672,1,6.699366e-01,9.068723e-01,6.699368e-01,1.343625e+00,5.063611e-02,1.278341e+00,3.033406e-01,2.156540e+00,1.473124e-01,2.613905e+00,2.090023e+00,1.875225e+00,2.100323e+00
395673,1,6.933629e-01,8.864403e-01,6.933630e-01,1.285209e+00,4.580775e-02,2.927180e-01,2.402489e-01,8.685558e-01,2.801579e-02,1.634865e+00,9.604861e-01,2.755231e+00,3.219825e-01
395674,1,9.512177e-01,9.825187e-01,9.512178e-01,2.938209e+00,3.222072e-02,7.408731e+00,2.406387e-01,4.716373e+00,1.566973e+00,2.743160e+00,3.707842e+00,9.624300e-01,3.250286e+00
395675,1,9.895413e-01,9.901862e-01,9.895413e-01,1.351009e+01,4.078118e-02,1.267749e+01,3.846840e-01,1.345382e+00,1.342214e+00,2.213341e+00,1.430369e+00,7.732496e-01,3.160727e+00
395676,1,9.353851e-01,9.173968e-01,9.353851e-01,6.527245e+00,6.549193e-02,1.324256e+00,5.491173e-01,1.901201e+00,2.367381e+00,2.528352e+00,2.131266e+00,2.194116e+00,1.577970e-01
395677,1,9.132548e-01,9.203723e-01,9.132548e-01,2.367782e+00,5.109833e-02,5.694446e+00,3.169796e-01,1.518450e-01,2.203793e+00,9.747889e-01,4.451486e-01,1.559910e+00,3.129908e-01
395678,1,8.063357e-01,8.759052e-01,8.063358e-01,2.498464e+00,5.133508e-02,3.821632e+00,3.314131e-01,2.608272e+00,9.889387e-01,3.096124e+00,2.596621e+00,1.036124e+00,3.925324e-02
395679,1,9.814667e-01,9.665507e-01,9.814667e-01,5.625418e+00,4.682362e-02,1.025633e+01,3.390132e-01,1.648855e+00,1.748743e+00,2.309614e+00,1.433964e+00,1.015646e-01,2.095063e+00
395680,1,8.962642e-01,8.582046e-01,8.962641e-01,5.187624e+00,6.054964e-02,2.858885e+00,4.837361e-01,1.935469e+00,1.102855e+00,2.502380e+00,1.860849e+00,6.958708e-02,1.556701e+00
395681,1,9.547025e-01,9.075123e-01,9.547024e-01,1.756574e+00,4.421818e-02,7.697930e+00,2.661042e-01,1.897947e+00,4.374211e-01,2.576358e+00,1.743383e+00,1.248246e+00,1.692647e+00
395682,1,9.755015e-01,9.562684e-01,9.755014e-01,1.904386e+00,5.057735e-02,9.378434e+00,3.126831e-01,4.963726e-01,8.664035e-02,1.362094e+00,7.849176e-01,1.541308e+00,1.552345e-01
395683,1,7.541296e-01,8.710257e-01,7.541298e-01,3.261675e+00,6.265621e-02,1.140396e+00,3.854669e-01,1.360196e+00,1.787397e+00,2.166339e+00,1.243673e+00,1.812468e+00,5.519549e-01
395684,1,7.565076e-01,9.209486e-01,7.565078e-01,2.516731e+00,5.823043e-02,1.440796e+00,3.064928e-01,2.814361e+00,1.121430e+00,3.287523e+00,2.583570e+00,2.244755e+00,1.658383e+00
395685,1,9.956551e-01,9.829836e-01,9.956551e-01,1.772313e+00,4.743408e-02,1.787591e+01,2.771085e-01,4.099614e-02,1.967609e-02,1.118360e+00,1.062700e-01,1.690489e+00,8.036354e-01
395686,1,9.032903e-01,9.244208e-01,9.032903e-01,4.503225e+00,7.471538e-02,3.393326e+00,4.292408e-01,4.652504e+00,1.569444e+00,2.499591e+00,4.126223e+00,2.914474e+00,4.793296e-01
395687,1,9.626250e-01,9.148068e-01,9.626249e-01,2.455429e+00,5.351479e-02,8.319822e+00,3.300924e-01,1.054921e+00,8.357816e-01,4.644875e-01,6.372647e-02,3.775704e-01,5.338764e-01
395688,1,9.326977e-01,9.346925e-01,9.326977e-01,2.941259e+00,5.494239e-02,6.398067e+00,3.767574e-01,2.435923e+00,1.162947e+00,3.110534e+00,2.650680e+00,1.063717e+00,1.307574e+00
395689,1,9.483235e-01,9.012998e-01,9.483234e-01,3.099681e-01,5.769799e-02,7.234493e+00,3.782785e-01,1.545944e+00,4.443724e-01,2.327902e+00,1.546923e+00,6.349985e-01,7.024769e-01
395690,1,9.667020e-01,9.462424e-01,9.667020e-01,2.975289e+00,6.201297e-02,8.606627e+00,4.308261e-01,2.501457e-01,6.993247e-01,7.704003e-01,5.249307e-02,1.136069e-01,2.307536e+00
395691,1,9.126095e-01,9.520695e-01,9.126095e-01,5.350247e+00,7.315137e-02,2.811085e-01,4.793212e-01,1.706506e+00,4.629173e-01,3.161127e-01,1.872684e+00,1.705177e+00,1.965644e+00
395692,1,9.835265e-01,9.731239e-01,9.835265e-01,2.762468e+00,6.073969e-02,1.074878e+01,3.419236e-01,1.132525e+00,2.990578e+00,2.151838e+00,1.223889e+00,3.939066e-01,1.150341e+00
395693,1,8.388283e-01,9.546755e-01,8.388284e-01,3.779117e+00,6.578713e-02,1.561558e+00,3.935404e-01,8.842107e-01,8.333425e-02,3.669073e-01,8.063513e-01,1.546136e+00,3.260702e+00
395694,1,9.045686e-01,9.220147e-01,9.045686e-01,2.658986e+00,5.094822e-02,5.056206e+00,4.150544e-01,1.410625e-01,1.745821e+00,9.904266e-01,3.281215e-01,1.071645e+00,1.074814e+00
395695,1,9.885583e-01,9.618197e-01,9.885582e-01,1.294533e+01,5.300582e-02,8.488594e+00,3.714245e-01,5.134488e-01,2.149263e-01,5.718516e-01,3.103313e-02,1.902491e+00,1.485004e+00
395696,1,9.446460e-01,9.179679e-01,9.446460e-01,7.044716e+00,6.062717e-02,4.250296e+00,5.392073e-01,1.617839e+00,5.724163e-01,2.057692e-01,1.406870e+00,3.256964e-01,5.155607e-01
395697,1,9.386577e-01,9.330448e-01,9.386577e-01,2.640844e+00,5.109140e-02,6.700384e+00,3.759800e-01,2.755106e+00,1.003078e+00,3.290009e+00,3.082176e+00,3.775892e-01,4.828695e-01
395698,1,9.862068e-01,9.818168e-01,9.862068e-01,1.842338e+00,5.377551e-02,1.178564e+01,3.994576e-01,6.159919e-01,1.024759e+00,1.343921e+00,5.481545e-01,9.840262e-01,8.728154e-01
395699,1,9.460268e-01,9.588001e-01,9.460268e-01,4.314488e+00,6.732799e-02,7.110172e+00,4.778217e-01,1.139761e+00,8.764037e-01,4.755832e-02,5.592301e-01,1.249443e+00,3.033064e+00
395700,1,8.796943e-01,8.961038e-01,8.796943e-01,3.907453e+00,6.570961e-02,2.976152e+00,4.515403e-01,5.797060e-01,1.941962e+00,4.549672e-01,2.761636e-01,1.355504e+00,5.929526e-01
395701,1,9.055958e-01,9.729683e-01,9.055958e-01,2.447021e+00,5.197642e-02,1.790193e+00,3.479594e-01,3.977763e-01,3.347579e+00,1.263124e+00,4.549250e-01,4.087686e+00,3.101936e+00
395702,1,9.513539e-01,9.011760e-01,9.513538e-01,9.205540e-01,2.468006e-02,4.473177e-01,3.945833e-01,1.744030e+00,5.091938e-01,2.378144e+00,1.317556e+00,2.991083e-01,9.807870e-01
395703,1,9.963075e-01,9.862897e-01,9.963075e-01,8.015444e-01,2.301792e-02,1.906355e+01,3.458219e-01,6.974415e-01,6.252475e-01,1.570210e+00,6.852089e-01,4.782855e-01,3.475728e-02
395704,1,9.822977e-01,9.676291e-01,9.822977e-01,3.576508e+00,5.688846e-02,3.636240e+00,5.183256e-01,3.622825e+00,1.950122e+00,1.963214e+00,2.604832e+00,4.454932e-01,2.778194e+00
395705,1,8.464467e-01,9.260367e-01,8.464468e-01,3.089215e+00,5.748752e-02,3.168171e+00,4.280472e-01,4.002355e+00,3.733416e-02,4.207827e+00,4.046796e+00,6.915740e-01,1.113951e+00
395706,1,9.667144e-01,9.559855e-01,9.667144e-01,2.465387e+00,4.601793e-02,8.608200e+00,3.891723e-01,6.507077e-01,3.357436e-01,1.481087e+00,6.488361e-01,8.325324e-01,7.542897e-01
395707,1,8.318270e-01,9.111136e-01,8.318271e-01,3.005074e+00,5.355054e-02,4.145529e+00,4.152564e-01,5.043707e-01,7.458090e-01,1.387128e+00,5.185069e-01,3.703344e-01,1.466981e+00
395708,1,9.746245e-01,9.341763e-01,9.746245e-01,2.696434e+00,4.997099e-02,9.319042e+00,4.038731e-01,1.729813e+00,4.727277e-01,2.281812e+00,2.063314e+00,7.366615e-02,1.030025e+00
395709,1,9.917725e-01,9.803247e-01,9.917725e-01,1.369438e+00,5.745556e-02,1.427818e+01,4.578445e-01,3.841469e-01,1.103268e+00,5.850065e-01,8.404528e-02,3.851499e+00,3.042193e+00
395710,1,8.970280e-01,8.924919e-01,8.970280e-01,5.971428e-01,8.426239e-02,4.817159e-01,5.225255e-01,1.008847e+00,1.480086e+00,2.066483e-01,6.285528e-01,3.336861e+00,2.720641e-01
395711,1,8.494824e-01,8.871846e-01,8.494824e-01,4.369003e+00,5.663517e-02,2.756465e-02,4.617183e-01,1.443282e+00,1.006800e+00,7.098501e-02,1.447538e+00,4.719317e-01,1.492314e+00
395712,1,9.265910e-01,8.908283e-01,9.265910e-01,2.054029e+00,4.499598e-02,6.147377e+00,3.773920e-01,9.079419e-01,7.575282e-02,1.917878e+00,1.412362e+00,2.111857e-02,1.073911e+00
395713,1,9.699234e-01,9.324685e-01,9.699233e-01,2.393456e+00,4.705631e-02,8.898349e+00,4.027973e-01,2.008248e+00,5.983982e-01,5.961870e-01,1.432272e+00,6.671386e-01,1.407666e+00
395714,1,9.581784e-01,9.164740e-01,9.581784e-01,3.013515e+00,5.390818e-02,8.009341e+00,4.425994e-01,1.051254e+00,2.623354e+00,1.637355e-01,1.649307e-01,1.497648e+00,2.780171e-01
395715,1,7.783409e-01,8.546193e-01,7.783410e-01,3.522599e+00,5.955371e-02,7.710376e-01,4.481985e-01,2.747972e-01,1.826223e-02,9.492661e-01,8.800654e-01,5.567429e-02,9.045109e-01
395716,1,7.850346e-01,8.921260e-01,7.850347e-01,2.279401e+00,4.879089e-02,3.592000e+00,3.756541e-01,1.844620e+00,9.506252e-01,3.131672e-01,1.302303e+00,1.814460e-01,7.755739e-01
395717,1,9.836273e-01,9.367221e-01,9.836272e-01,2.083524e+00,4.392279e-02,1.077566e+01,4.043633e-01,1.135316e+00,2.247471e-01,6.345108e-02,3.983760e-01,2.152790e+00,1.319779e+00
395718,1,9.583464e-01,9.668512e-01,9.583464e-01,3.461453e+00,5.943923e-02,8.021555e+00,4.309044e-01,3.887871e+00,1.376878e+00,3.887735e+00,3.808860e+00,2.115541e-01,1.524888e+00
395719,1,8.506139e-01,9.310347e-01,8.506140e-01,3.837421e+00,6.355244e-02,4.385407e+00,4.552513e-01,9.183459e-01,6.869538e-01,1.526574e+00,1.122703e+00,3.196622e+00,1.784152e+00
395720,1,9.078164e-01,9.399769e-01,9.078164e-01,1.684313e+00,4.017357e-02,5.503624e+00,3.440856e-01,1.754333e+00,6.125606e-01,2.212924e+00,1.528362e+00,3.933887e-01,1.544584e+00
395721,1,9.130886e-01,8.946647e-01,9.130886e-01,1.993915e+00,4.223323e-02,5.688752e+00,3.612467e-01,2.629486e+00,2.411694e-01,3.103222e+00,2.030132e+00,4.671035e-01,1.097474e+00
395722,1,6.174477e-01,8.149486e-01,6.174479e-01,2.274210e+00,4.884753e-02,1.259514e+00,3.687011e-01,9.611640e-01,2.917523e-01,1.703249e+00,9.671594e-01,5.823286e-01,6.934144e-01
395723,1,9.602470e-01,9.304760e-01,9.602470e-01,1.782685e+00,4.240221e-02,7.266672e+00,3.344727e-01,2.519930e+00,5.151680e-01,2.987780e+00,2.238276e+00,1.055787e+00,5.251332e-02
395724,1,9.518188e-01,9.511007e-01,9.518188e-01,2.176448e+00,4.650894e-02,7.452197e+00,4.033017e-01,1.056090e+00,6.453609e-01,2.278083e-01,1.083168e+00,3.833440e-01,1.437969e+00
395725,1,8.871359e-01,8.926846e-01,8.871359e-01,2.517812e+00,5.408174e-02,3.876316e+00,3.704722e-01,2.502278e+00,8.622804e-01,5.444618e-01,3.304158e+00,3.363454e-01,2.025042e-01
395726,1,9.794512e-01,9.421638e-01,9.794512e-01,1.950801e+00,5.118432e-02,9.846225e+00,3.656495e-01,3.396208e+00,1.813573e+00,4.227094e+00,3.450771e+00,1.357956e-01,7.688015e-01
395727,1,9.789261e-01,9.661989e-01,9.789261e-01,3.462516e+00,6.491695e-02,9.794138e+00,4.061151e-01,1.591176e+00,5.162944e+00,2.231060e+00,1.770984e+00,1.604094e-02,5.747100e-02
395728,1,8.260226e-01,8.971204e-01,8.260226e-01,4.063966e+00,6.724871e-02,3.815284e+00,4.499339e-01,1.987646e+00,3.852038e-01,2.678086e+00,2.031635e+00,9.990606e-01,1.217260e+00
395729,1,6.230116e-01,8.791034e-01,6.230119e-01,1.915171e+00,4.422768e-02,1.582978e+00,3.437737e-01,6.768538e-01,1.739659e+00,5.651397e-01,4.006971e-01,1.621527e+00,5.216124e-01
395730,1,9.727787e-01,9.713029e-01,9.727787e-01,1.594861e+00,4.636957e-02,9.163694e+00,2.954973e-01,1.120491e+00,3.190012e+00,2.019566e+00,1.143324e+00,1.831368e+00,1.937525e+00
395731,1,8.460754e-01,8.737960e-01,8.460755e-01,2.580398e+00,5.155550e-02,4.114429e+00,3.742738e-01,1.460141e+00,1.314330e+00,2.328824e+00,1.790739e+00,7.629087e-01,5.826611e-01
395732,1,9.917725e-01,9.861093e-01,9.917725e-01,1.865522e+00,4.576373e-02,1.427848e+01,3.477215e-01,5.925383e+00,6.118579e-01,3.859023e+00,3.936203e+00,2.166316e+00,2.042819e+00
395733,1,8.402852e-01,9.267121e-01,8.402853e-01,4.253271e+00,6.804518e-02,1.562400e+00,4.994346e-01,2.334397e+00,1.153279e+00,5.846637e-01,1.382071e+00,7.395316e-01,2.149678e+00
395734,1,9.809240e-01,9.278824e-01,9.809239e-01,2.618575e+00,5.280306e-02,1.011769e+01,3.860496e-01,1.382992e+00,1.227004e+00,1.305834e-01,9.145862e-01,2.887050e-01,1.773306e-02
395735,1,8.364663e-01,9.303487e-01,8.364663e-01,2.355433e+00,6.373081e-02,2.255894e-02,4.363962e-01,3.694181e+00,1.028111e+00,4.206487e+00,3.422435e+00,2.252203e+00,1.791352e-01
395736,1,9.869971e-01,9.638404e-01,9.869971e-01,1.211375e+01,4.595437e-02,9.272869e+00,3.966661e-01,1.167619e+00,6.770633e-01,1.827549e+00,1.273861e+00,1.162525e+00,1.911645e+00
395737,1,9.132230e-01,8.932981e-01,9.132230e-01,5.381767e+00,6.436859e-02,9.894158e-01,5.583702e-01,1.505158e+00,1.620743e+00,2.091632e+00,1.578706e+00,6.895978e-01,3.737907e-01
395738,1,9.371019e-01,9.668247e-01,9.371019e-01,2.143357e+00,3.882912e-02,6.619313e+00,3.818826e-01,3.587926e-01,3.979254e-01,1.232068e+00,3.735755e-01,2.029048e-01,4.966163e+00
395739,1,9.860123e-01,9.838588e-01,9.860123e-01,4.843359e-02,4.242087e-02,1.171228e+01,4.593892e-01,8.869729e-01,9.706253e-01,3.677150e-01,2.151668e-01,1.102913e+00,1.842586e+00
395740,1,8.666092e-01,8.539634e-01,8.666092e-01,4.223608e+00,6.034694e-02,1.902492e+00,4.989273e-01,7.366610e-01,8.499876e-01,1.639900e+00,1.031068e+00,1.465415e+00,1.763387e-01
395741,1,9.811962e-01,9.124254e-01,9.811962e-01,2.631130e+00,4.750723e-02,1.751567e+00,4.136711e-01,1.444770e+00,9.748917e-02,2.070651e+00,1.772069e+00,2.475265e-01,1.079100e+00
395742,1,7.856021e-01,8.606550e-01,7.856022e-01,1.949012e+00,4.087572e-02,2.781140e+00,4.241443e-01,1.036005e+00,7.228331e-01,1.751813e-01,1.762444e-01,2.241366e-01,1.185920e+00
395743,1,9.966876e-01,9.965737e-01,9.966876e-01,9.750598e-01,3.741343e-02,1.980141e+01,3.640883e-01,5.514336e+00,1.053616e+00,3.101023e+00,6.311021e+00,3.893105e+00,1.947169e-01
395744,1,9.472008e-01,9.844404e-01,9.472008e-01,3.623888e+00,7.729140e-02,7.173223e+00,5.966557e-01,4.414667e+00,3.435740e+00,5.004907e+00,4.526910e+00,1.850281e+00,2.607667e+00
395745,1,9.769141e-01,9.330978e-01,9.769141e-01,2.295612e+00,4.475672e-02,3.613862e+00,3.774319e-01,2.204402e+00,3.476126e-02,2.634176e+00,2.291823e+00,2.195556e+00,6.310779e-01
395746,1,7.829607e-01,9.165464e-01,7.829608e-01,2.043990e+00,4.048341e-02,1.268585e+00,3.628533e-01,2.696238e+00,4.448457e-01,3.085789e+00,2.612808e+00,2.169470e+00,1.169779e+00
395747,1,9.841382e-01,9.749307e-01,9.841382e-01,1.367139e+00,3.319144e-02,1.380482e+00,3.530063e-01,5.991213e+00,6.227188e-01,3.782186e+00,5.509336e+00,2.514312e-01,4.105795e+00
395748,1,9.560533e-01,9.646219e-01,9.560533e-01,1.159039e+00,2.466323e-02,7.815776e+00,4.258756e-01,2.763724e+00,1.357542e+00,3.489093e+00,3.230806e+00,9.956720e-02,3.230644e+00
395749,1,9.837121e-01,9.434615e-01,9.837121e-01,2.173036e+00,2.949326e-02,9.752069e-01,5.243010e-01,9.547974e-01,3.005861e-01,1.817750e+00,1.090117e+00,1.713932e+00,3.425122e+00
395750,1,8.965948e-01,9.434367e-01,8.965948e-01,1.265406e+00,3.305962e-02,5.195240e+00,3.874597e-01,1.539992e+00,1.041695e+00,4.100638e-01,5.060705e-01,3.882629e-01,3.392795e+00
395751,1,8.214841e-01,9.800259e-01,8.214842e-01,6.254750e-01,3.372296e-02,1.965887e-01,4.624173e-01,3.667846e+00,5.789303e-01,4.002185e+00,3.457971e+00,1.385079e+00,2.536158e+00
395752,1,7.887581e-01,9.512757e-01,7.887582e-01,1.481519e+00,3.572297e-02,1.716750e+00,3.368456e-01,1.263804e+00,3.766667e-01,2.072508e+00,8.707344e-01,1.148985e+00,1.714362e+00
395753,1,9.408730e-01,9.447821e-01,9.408731e-01,1.762096e-01,2.191529e-02,6.836434e+00,3.639577e-01,3.663907e+00,2.009120e+00,3.968827e+00,3.355446e+00,1.530921e+00,7.118344e-01
395754,1,9.790463e-01,9.762955e-01,9.790463e-01,3.007635e+00,3.033109e-02,9.807246e+00,3.977070e-01,1.227634e+00,2.178168e-01,4.373561e-02,1.078055e+00,8.245577e-01,2.284793e+00
395755,1,9.029650e-01,9.450243e-01,9.029650e-01,3.588987e+00,4.781025e-02,5.352324e+00,4.429718e-01,8.475779e-01,5.861924e-01,1.837306e+00,1.102376e+00,1.061700e+00,2.533614e+00
395756,1,9.920059e-01,9.924739e-01,9.920059e-01,3.137590e-01,2.344794e-02,1.447185e+01,3.274652e-01,1.820764e+00,1.884624e+00,3.705909e-01,1.038050e+00,3.285315e+00,5.015457e+00
395757,1,9.471053e-01,9.544810e-01,9.471053e-01,3.054246e+00,5.516474e-02,7.167275e+00,4.942061e-01,3.223169e-02,1.188025e+00,1.130429e+00,4.251556e-01,6.412890e-01,2.638203e+00
395758,1,9.845007e-01,9.624544e-01,9.845006e-01,3.368224e+00,6.094909e-02,7.246524e+00,4.137607e-01,4.488496e-02,1.248050e+00,1.266678e+00,2.746865e-01,3.426864e+00,3.030215e-01
395759,1,9.192184e-01,9.540037e-01,9.192184e-01,3.950410e+00,6.461421e-02,5.905870e+00,4.391631e-01,2.017870e+00,7.588487e-01,4.801714e-01,1.216569e+00,5.093390e+00,7.465135e-01
395760,1,7.170419e-01,9.044007e-01,7.170421e-01,1.436966e+00,3.380324e-02,7.025694e-01,3.622840e-01,2.311658e+00,1.131348e+00,2.934981e+00,2.566756e+00,2.563141e+00,1.438250e+00
395761,1,9.525066e-01,9.464829e-01,9.525066e-01,8.180664e-01,2.108827e-02,7.513753e+00,3.186003e-01,1.966522e+00,2.403496e-01,2.695532e+00,1.612327e+00,2.908603e-02,3.601985e-01
395762,1,7.115186e-01,9.149641e-01,7.115188e-01,1.838578e+00,3.181592e-02,1.528280e+00,3.828524e-01,1.402767e+00,7.998994e-01,2.193121e+00,1.322330e+00,1.443098e+00,1.012446e+00
395763,1,8.412258e-01,9.100139e-01,8.412258e-01,1.407144e+00,3.088805e-02,5.925484e-01,3.520225e-01,4.264088e+00,1.052804e+00,2.417752e+00,2.712883e+00,7.229533e-01,1.020975e-01
395764,1,8.892964e-01,9.478707e-01,8.892965e-01,8.481025e-01,2.413329e-02,4.855229e+00,3.450813e-01,6.539099e-01,2.466875e+00,1.737285e+00,4.596900e-01,7.827152e-01,8.609813e-01
395765,1,8.416837e-01,9.576704e-01,8.416838e-01,1.266653e+00,2.683598e-02,6.314635e-01,3.704986e-01,3.772318e+00,3.623194e-01,4.269671e+00,3.575612e+00,1.444990e+00,2.948483e+00
395766,1,9.650595e-01,9.570251e-01,9.650595e-01,8.012204e-01,2.160553e-02,8.486937e+00,3.894778e-01,1.200459e+00,1.433259e-01,6.117069e-02,1.093378e+00,2.102115e+00,1.505162e+00
395767,1,8.339309e-01,8.651031e-01,8.339310e-01,2.120343e+00,4.094681e-02,4.173527e+00,3.789128e-01,6.942333e-01,9.401402e-01,1.722067e+00,8.602545e-01,6.245570e-01,1.104055e-02
395768,1,7.691207e-01,9.117500e-01,7.691208e-01,2.210968e+00,4.335348e-02,2.517909e+00,3.656106e-01,2.993032e+00,6.187067e-01,3.428366e+00,2.992716e+00,2.694104e-01,1.130453e-01
395769,1,8.773906e-01,8.328790e-01,8.773905e-01,1.750304e+00,4.362894e-02,4.822531e+00,3.379271e-01,1.110360e+00,1.502060e-03,1.966037e+00,1.056813e+00,8.060693e-02,1.170403e-01
395770,1,9.954924e-01,9.910649e-01,9.954924e-01,2.954304e+00,4.863645e-02,1.779959e+01,3.336339e-01,1.990525e+00,1.568398e-01,4.416598e-01,2.225579e+00,3.223492e+00,1.577032e+00
395771,1,9.946403e-01,9.966851e-01,9.946403e-01,7.589653e-01,8.329207e-02,1.691957e+01,5.128546e-01,2.557100e+00,3.866870e-01,6.804788e-01,2.469080e+00,5.831166e+00,3.162530e+00
395772,1,9.860813e-01,9.918198e-01,9.860813e-01,1.001235e+00,1.210118e-01,1.174258e+01,4.942443e-01,2.158219e+00,1.544350e+00,3.084501e+00,2.370574e+00,3.661129e+00,2.751774e+00
395773,1,9.446319e-01,9.840320e-01,9.446319e-01,4.216651e+00,1.209830e-01,5.875294e+00,4.943781e-01,2.884572e+00,1.147432e+00,3.416015e+00,2.636165e+00,7.044060e+00,2.536892e+00
395774,1,9.852344e-01,9.914397e-01,9.852344e-01,3.317531e+00,5.625602e-02,1.137615e+01,4.453165e-01,8.829414e-02,1.426392e+00,9.801682e-01,3.592092e-01,2.939642e+00,5.799867e+00
395775,1,9.054985e-01,9.136134e-01,9.054985e-01,4.157993e+00,7.252003e-02,3.965082e-03,4.380004e-01,1.070738e+00,1.447788e+00,1.999505e+00,8.121922e-01,2.678779e+00,7.697780e-01
395776,1,8.901221e-01,8.950678e-01,8.901221e-01,2.820811e+00,5.612446e-02,2.996106e+00,3.809570e-01,1.782583e+00,2.530878e-01,2.499459e+00,1.946317e+00,3.730727e-01,3.356421e-01
395777,1,9.468613e-01,9.272301e-01,9.468613e-01,2.357051e+00,4.981355e-02,7.153994e+00,3.539990e-01,3.196754e+00,9.143368e-01,1.361112e+00,3.582855e+00,1.018604e+00,8.197268e-01
395778,1,8.455044e-01,9.086296e-01,8.455044e-01,2.808742e+00,5.385533e-02,2.134144e+00,4.041275e-01,7.915996e-01,2.057522e+00,1.909151e+00,1.656777e+00,1.769750e+00,7.177455e-01
395779,1,8.341625e-01,9.839878e-01,8.341627e-01,2.375926e+00,4.992539e-02,1.518270e+00,3.363033e-01,7.229693e-02,3.182922e+00,1.234205e+00,2.002428e-01,2.073710e+00,4.176554e+00
395780,1,9.408412e-01,9.713170e-01,9.408413e-01,1.838737e+00,3.591895e-02,6.834907e+00,4.105049e-01,1.058055e+00,3.084629e+00,4.091833e-01,6.896169e-01,2.700875e-02,2.298044e+00
395781,1,9.258343e-01,9.303629e-01,9.258343e-01,2.210439e+00,4.702624e-02,6.118654e+00,4.089794e-01,2.211407e+00,1.514738e-01,4.011455e-01,2.969894e+00,3.809694e-01,1.543910e+00
395782,1,8.515333e-01,9.753338e-01,8.515334e-01,2.510801e+00,5.045893e-02,3.138495e+00,3.815758e-01,1.628424e+00,3.816056e+00,2.503665e+00,2.221996e+00,3.540228e+00,2.627084e+00
395783,1,9.868097e-01,9.796157e-01,9.868097e-01,2.453660e+00,5.471976e-02,1.201727e+01,3.423753e-01,3.082077e+00,2.841132e+00,3.583598e+00,2.527649e+00,1.877109e-01,2.085030e-01
395784,1,9.485445e-01,9.014890e-01,9.485444e-01,3.601074e+00,6.805876e-02,4.891921e+00,3.974438e-01,4.249058e-02,9.415430e-01,9.468794e-01,1.067622e-01,6.399515e-01,5.583922e-01
395785,1,8.661071e-01,9.310400e-01,8.661071e-01,2.916104e+00,6.475690e-02,2.700440e-01,3.855953e-01,4.643231e+00,2.275478e+00,2.806805e+00,2.427564e+00,6.732818e-02,7.962882e-01
395786,1,8.986634e-01,8.688989e-01,8.986634e-01,2.576916e+00,5.569744e-02,1.103044e+00,3.422645e-01,1.837482e+00,7.212171e-01,2.483989e+00,2.205054e+00,1.147346e+00,1.207797e+00
395787,1,9.107531e-01,9.588001e-01,9.107531e-01,1.367776e+00,3.950842e-02,4.778055e+00,2.756542e-01,4.560475e+00,5.875181e-01,2.374930e+00,5.603697e+00,2.458457e+00,1.779981e+00
395788,1,8.517384e-01,9.214648e-01,8.517385e-01,1.706070e+00,3.175342e-02,3.238233e+00,3.888765e-01,6.076429e-01,7.850329e-01,1.814379e+00,1.641016e+00,4.018158e-01,9.459264e-01
395789,1,8.575499e-01,9.349612e-01,8.575499e-01,1.750877e+00,3.221761e-02,2.313754e+00,4.001184e-01,4.387114e+00,8.769780e-01,4.494343e+00,4.137200e+00,2.021756e+00,2.643815e-01
395790,1,8.428912e-01,9.620884e-01,8.428913e-01,1.460919e+00,2.841637e-02,2.833494e+00,3.723000e-01,4.272452e+00,4.053785e-01,4.284813e+00,3.824085e+00,7.406372e-01,1.182328e+00
395791,1,9.618117e-01,9.081187e-01,9.618116e-01,1.496005e+00,2.958348e-02,1.310450e+00,3.853115e-01,2.958380e+00,1.130266e+00,3.178565e+00,2.346405e+00,2.610977e-01,1.547666e+00
395792,1,9.507633e-01,9.325162e-01,9.507633e-01,5.863084e-01,3.210710e-02,7.369054e+00,2.627019e-01,2.765944e+00,8.558456e-01,3.171499e+00,2.404034e+00,1.528226e+00,3.228170e+00
395793,1,8.561284e-01,9.576686e-01,8.561285e-01,1.757015e+00,3.615121e-02,1.550829e+00,3.339931e-01,3.933075e-02,9.716728e-01,9.821793e-01,1.560269e-01,1.196364e+00,9.481476e-01
395794,1,8.157203e-01,9.441457e-01,8.157204e-01,1.294777e+00,3.134936e-02,2.632354e+00,4.019992e-01,3.906127e+00,3.030659e+00,2.181817e+00,1.692279e+00,6.915573e-01,7.906421e-01
395795,1,8.965877e-01,8.824023e-01,8.965877e-01,1.306942e+00,3.057592e-02,3.577867e+00,4.251701e-01,1.353704e+00,8.087451e-01,2.205823e+00,1.774195e+00,1.373310e+00,1.416384e+00
395796,1,8.076458e-01,9.747963e-01,8.076459e-01,1.633519e+00,3.148408e-02,3.057483e+00,3.916916e-01,2.281137e+00,5.821914e-01,2.962515e+00,1.832033e+00,2.434282e+00,2.320674e+00
395797,1,9.924974e-01,9.505597e-01,9.924974e-01,1.474690e+01,3.134818e-02,4.396132e+00,3.721939e-01,2.843427e+00,1.189940e+00,3.445707e+00,2.738547e+00,2.444805e+00,2.860747e-01
395798,1,9.833886e-01,9.841628e-01,9.833886e-01,9.680431e-01,4.348254e-02,1.070534e+01,5.394258e-01,9.737764e-01,9.665044e-01,2.082300e-01,1.415632e+00,1.240574e+00,2.495355e+00
395799,1,8.217670e-01,9.193009e-01,8.217670e-01,3.870048e+00,5.455032e-02,9.441959e-01,4.683529e-01,6.442705e-01,4.005903e+00,8.314706e-01,7.003243e-01,1.333165e-01,1.164728e-01
395800,1,9.335817e-01,9.125757e-01,9.335817e-01,1.602952e+00,4.696653e-02,6.436536e+00,3.827021e-01,1.214990e+00,1.995137e-01,2.433213e+00,9.736848e-01,1.473431e+00,5.158797e-01
395801,1,8.817028e-01,9.393440e-01,8.817028e-01,3.112579e+00,5.530345e-02,4.457973e+00,4.133256e-01,6.849858e-01,1.427047e+00,1.805670e+00,6.618939e-01,1.429195e+00,7.817941e-01
395802,1,9.816771e-01,9.423530e-01,9.816771e-01,2.228078e+00,4.549178e-02,1.031787e+01,4.389909e-01,3.056969e-01,6.014641e-01,1.418250e+00,8.961191e-01,1.884791e+00,4.862716e-02
395803,1,9.319163e-01,9.614714e-01,9.319163e-01,3.006211e+00,5.857628e-02,5.199958e+00,4.464834e-01,2.051222e+00,2.298214e+00,2.776275e+00,2.052455e+00,2.599767e-01,2.246698e+00
395804,1,9.535639e-01,9.859980e-01,9.535639e-01,3.602695e+00,5.808079e-02,2.980716e+00,4.813176e-01,3.600542e+00,1.550775e+00,1.888020e+00,2.470994e+00,2.001581e+00,7.602311e+00
395805,1,8.335526e-01,9.677440e-01,8.335527e-01,2.069659e+00,4.530769e-02,1.459389e-02,4.474471e-01,2.892364e+00,2.336736e+00,3.448105e+00,2.654521e+00,1.625278e-01,1.973431e+00
395806,1,8.649119e-01,9.510707e-01,8.649120e-01,1.272341e+00,3.463246e-02,1.265763e+00,4.693938e-01,2.890405e+00,2.684690e+00,3.419145e+00,2.563826e+00,4.314993e-02,8.769320e-01
395807,1,8.772315e-01,9.365577e-01,8.772315e-01,1.075014e+00,3.347768e-02,2.780358e+00,4.821395e-01,1.575533e+00,1.144155e+00,2.191466e+00,1.463666e+00,2.861543e+00,9.280193e-01
395808,1,7.843964e-01,9.450261e-01,7.843965e-01,1.272546e-01,2.175995e-02,1.082309e+00,4.153708e-01,2.659686e+00,3.088680e+00,3.163077e+00,2.389839e+00,1.476648e+00,3.906150e-01
395809,1,9.084953e-01,9.887648e-01,9.084954e-01,1.210585e-01,2.277293e-02,1.940757e+00,4.402143e-01,2.764362e-01,2.343318e+00,1.221952e+00,2.229381e-02,5.526620e+00,2.140779e+00
395810,1,7.675047e-01,9.387358e-01,7.675049e-01,1.783721e-01,1.154965e-02,4.336674e-01,4.049742e-01,2.445581e+00,3.954128e-02,3.191556e+00,2.419486e+00,1.374445e+00,1.528579e+00
395811,1,6.209519e-01,8.752846e-01,6.209521e-01,8.402705e-01,8.551181e-03,2.009425e+00,4.658072e-01,6.205014e-01,1.298917e-01,1.610311e+00,2.220782e-01,3.137480e-01,2.956535e-01
395812,1,9.946155e-01,9.967399e-01,9.946155e-01,5.163430e+00,1.724052e-02,1.686611e+01,4.822533e-01,5.046603e-01,1.364421e-01,1.665312e+00,3.968700e-01,4.664006e+00,3.402855e+00
395813,1,9.487867e-01,9.479432e-01,9.487867e-01,4.479096e+00,6.446316e-02,7.256348e+00,5.361604e-01,5.514567e-01,9.033229e-01,1.600992e+00,5.650581e-01,2.823197e+00,6.990881e-01
395814,1,9.674923e-01,9.811043e-01,9.674923e-01,2.358318e+00,3.041998e-02,8.674823e+00,3.996624e-01,5.351073e-01,1.016335e+00,1.572569e+00,1.094486e+00,1.232524e+00,3.011860e-01
395815,1,9.204683e-01,8.940654e-01,9.204683e-01,2.843622e+00,4.771908e-02,1.595694e+00,4.773621e-01,3.826788e-01,1.358115e-01,9.879452e-01,4.805423e-01,1.078609e+00,3.320083e-01
395816,1,9.197824e-01,9.615174e-01,9.197824e-01,1.889098e+00,4.401025e-02,5.937592e-01,4.301197e-01,2.880302e+00,8.047256e-01,3.461006e+00,2.694650e+00,2.004436e-01,1.232115e-01
395817,1,9.450650e-01,9.892386e-01,9.450651e-01,1.475636e+00,3.757961e-02,5.716954e+00,4.248241e-01,1.467545e+00,1.069895e+00,2.172769e+00,1.286514e+00,7.063538e+00,9.620819e-01
395818,1,7.568789e-01,9.698090e-01,7.568791e-01,8.199701e-01,1.293401e-02,2.046871e+00,3.733005e-01,3.848226e-01,3.955446e-01,7.947459e-01,2.948203e-01,2.386496e+00,1.792768e+00
395819,1,9.760301e-01,9.822270e-01,9.760301e-01,1.914287e-01,2.438249e-02,9.424208e+00,4.290560e-01,8.574977e-01,3.840539e-01,1.949741e+00,1.134328e+00,2.390712e+00,1.056748e+00
395820,1,8.208812e-01,9.591254e-01,8.208813e-01,2.005627e+00,3.936843e-02,4.981853e-01,4.741593e-01,1.010265e+00,8.085801e-01,2.099142e+00,8.450108e-01,6.299811e-01,1.973267e+00
395821,1,9.359385e-01,9.601437e-01,9.359385e-01,1.166158e+00,3.012882e-02,2.909629e+00,5.115084e-01,2.109049e+00,3.134796e-01,2.694177e+00,1.864822e+00,9.864255e-02,4.487985e-01
395822,1,7.630829e-01,8.942935e-01,7.630830e-01,1.338969e+00,3.165851e-02,1.724419e+00,5.016615e-01,4.719461e-02,7.569950e-01,1.053978e+00,6.255882e-02,1.624241e-01,1.393486e+00
395823,1,7.842832e-01,9.131449e-01,7.842833e-01,8.995608e-01,3.482752e-02,1.919812e+00,4.658930e-01,3.356440e+00,3.962756e-01,1.527344e+00,2.614221e+00,1.047091e+00,1.905073e+00
395824,1,9.223407e-01,9.386757e-01,9.223407e-01,1.310793e+00,3.555764e-02,1.377268e+00,4.285987e-01,7.483785e-01,2.175067e+00,1.997065e+00,4.648293e-01,1.567316e-01,4.613892e-02
395825,1,7.818504e-01,8.954090e-01,7.818505e-01,1.306172e+00,3.121046e-02,3.156632e+00,4.340775e-01,2.800453e+00,4.708942e-02,3.368236e+00,2.617078e+00,1.388477e-01,6.657051e-02
395826,1,8.365175e-01,9.464404e-01,8.365176e-01,1.335943e+00,3.547568e-02,4.207239e+00,4.383030e-01,3.082094e-01,6.810446e-01,1.213812e+00,2.958458e-01,2.162150e+00,1.279306e+00
395827,1,7.947393e-01,9.532063e-01,7.947394e-01,1.623338e+00,4.587452e-02,1.476028e+00,4.062620e-01,2.269483e+00,1.861802e+00,2.854140e+00,1.971453e+00,2.539859e+00,1.006765e+00
395828,1,9.573527e-01,9.692097e-01,9.573528e-01,8.735699e-01,2.784391e-02,7.930305e+00,4.263028e-01,1.113997e+00,3.379619e-01,2.052574e+00,1.369958e+00,3.358059e+00,1.111179e+00
395829,1,8.320568e-01,9.278029e-01,8.320569e-01,4.048233e-01,4.627180e-02,1.031182e-01,4.342535e-01,1.596186e+00,1.034804e+00,2.005136e+00,1.735429e+00,4.148694e+00,3.067037e-01
395830,1,9.105781e-01,9.242440e-01,9.105781e-01,1.641870e+00,3.193401e-02,1.415874e+00,4.558201e-01,5.827892e-01,1.474965e+00,1.514969e+00,3.152079e-01,1.157161e+00,6.124233e-02
395831,1,9.283537e-01,9.726377e-01,9.283537e-01,1.425197e+00,3.335118e-02,1.187877e+00,4.426617e-01,1.327243e+00,2.420154e+00,2.097832e+00,1.326094e+00,1.270455e+00,4.001275e-02
395832,1,7.855190e-01,9.141845e-01,7.855192e-01,1.116455e+00,3.057569e-02,1.879867e+00,4.346798e-01,4.410862e-02,2.470837e+00,1.175840e+00,1.052703e-02,5.528975e-01,9.976147e-01
395833,1,7.995023e-01,9.064551e-01,7.995024e-01,1.102039e+00,3.106731e-02,7.562981e-01,4.605325e-01,1.315129e+00,5.149562e-01,2.129129e+00,1.487387e+00,7.174224e-01,8.839924e-01
395834,1,9.675542e-01,9.825929e-01,9.675542e-01,8.258732e-01,2.783889e-02,8.681360e+00,4.250190e-01,4.262150e-01,3.359694e+00,1.424847e+00,5.761206e-02,2.850531e+00,1.167124e+00
395835,1,9.008433e-01,9.680623e-01,9.008434e-01,2.232422e+00,4.684304e-02,1.365089e-01,4.541448e-01,2.130006e+00,1.984514e+00,2.864652e+00,1.878672e+00,2.173253e+00,5.050614e-02
395836,1,9.499147e-01,9.936266e-01,9.499147e-01,1.462507e+00,5.464800e-02,4.415917e+00,3.119028e-01,1.639607e+00,7.314381e+00,2.310012e+00,1.224340e+00,6.639426e+00,3.396659e-01
395837,1,7.348600e-01,9.188324e-01,7.348602e-01,1.459466e-01,2.010977e-02,1.276630e-01,3.334303e-01,2.824657e-02,1.427209e+00,1.090212e+00,4.813320e-02,1.972554e+00,8.204146e-01
395838,1,8.284430e-01,9.562719e-01,8.284431e-01,1.952157e-02,1.386609e-02,1.589548e-01,3.818248e-01,1.699768e-01,1.240752e+00,1.294080e+00,4.985377e-01,1.447908e+00,1.666685e+00
395839,1,7.846191e-01,9.029086e-01,7.846192e-01,1.108153e-01,9.824564e-03,1.797623e+00,4.479058e-01,2.559429e+00,9.614068e-01,6.862976e-01,3.587500e+00,2.504210e-01,1.254803e+00
395840,1,6.750939e-01,9.573769e-01,6.750942e-01,2.541984e-01,1.740751e-02,7.550964e-01,4.302005e-01,5.666889e-01,2.241910e+00,1.861992e+00,7.768847e-01,2.365541e+00,4.572157e-01
395841,1,8.045659e-01,9.497589e-01,8.045660e-01,8.403470e-02,9.192636e-03,2.867431e-01,4.609232e-01,2.463820e+00,2.646940e+00,3.043326e+00,2.408456e+00,1.107725e+00,1.498457e+00
395842,1,9.819972e-01,9.825646e-01,9.819972e-01,1.498399e-01,1.255013e-02,4.264070e-02,4.009677e-01,7.281284e+00,9.968913e-02,4.547393e+00,7.337345e+00,1.422040e+00,1.059895e+00
395843,1,8.705749e-01,9.219422e-01,8.705749e-01,9.916511e-02,1.246875e-02,1.310633e+00,4.153244e-01,4.076920e+00,5.363510e-01,4.719652e+00,4.129325e+00,4.122277e-01,6.525245e-01
395844,1,9.849462e-01,9.925888e-01,9.849462e-01,6.357213e+00,1.294662e-02,1.087766e+01,4.127508e-01,1.509024e+00,1.304542e+00,2.163651e+00,1.148480e+00,1.551637e-01,2.516602e+00
395845,1,8.951733e-01,9.708079e-01,8.951734e-01,3.360441e+00,4.180524e-02,1.843637e+00,4.547404e-01,2.398355e+00,5.164658e+00,2.974654e+00,1.859950e+00,2.323305e+00,1.120474e+00
395846,1,9.360357e-01,9.667452e-01,9.360358e-01,1.681599e+00,4.084305e-02,4.920852e+00,3.765044e-01,2.529102e+00,1.314980e+00,2.854229e+00,2.078737e+00,1.203631e+00,7.137936e-02
395847,1,7.432033e-01,9.392732e-01,7.432035e-01,2.074328e+00,4.392968e-02,2.235263e+00,3.950930e-01,2.459830e+00,1.297745e+00,9.824230e-01,3.157634e+00,9.048977e-02,4.020870e-01
395848,1,8.912501e-01,9.437108e-01,8.912501e-01,1.849744e+00,4.276138e-02,1.301799e-01,4.089266e-01,4.071740e-01,5.078806e+00,1.580226e+00,2.274177e-01,1.097614e+00,2.975378e-01
395849,1,7.237003e-01,8.787816e-01,7.237004e-01,1.246350e+00,3.114617e-02,1.490543e+00,3.915207e-01,9.842995e-01,1.014946e+00,2.117791e+00,5.407288e-01,6.707746e-02,2.005769e-01
395850,1,8.876663e-01,9.863957e-01,8.876664e-01,5.508575e-01,2.645339e-02,2.859604e+00,3.654237e-01,1.239668e+00,3.250069e+00,2.091305e+00,5.574314e-01,5.004185e+00,9.332203e-01
395851,1,9.048267e-01,9.802769e-01,9.048268e-01,3.605381e-01,5.509282e-03,3.344063e+00,3.991488e-01,2.042939e+00,5.405655e+00,2.992067e-01,2.920375e+00,3.103428e+00,1.569602e-01
395852,1,9.637883e-01,9.939501e-01,9.637884e-01,1.054207e-01,2.405304e-02,8.402837e+00,4.187557e-01,2.520387e+00,2.945325e+00,3.301846e+00,1.824144e+00,2.784754e+00,2.803060e+00
395853,1,8.148063e-01,9.400971e-01,8.148064e-01,1.812541e+00,4.444838e-02,3.916545e+00,3.933906e-01,1.580275e+00,1.077013e+00,2.392837e+00,1.318058e+00,9.863852e-01,4.692866e-01
395854,1,8.800974e-01,9.059795e-01,8.800974e-01,6.559199e-01,4.558424e-02,4.863910e+00,3.960261e-01,1.988681e-02,7.400503e-01,8.718942e-01,1.574038e-01,3.080951e+00,8.977238e-02
395855,1,8.872862e-01,9.244332e-01,8.872862e-01,2.127451e+00,5.465692e-02,4.400818e+00,4.248962e-01,6.185313e-01,3.720739e+00,1.499255e+00,6.670754e-01,9.632761e-01,3.552945e-01
395856,1,8.223239e-01,9.335487e-01,8.223240e-01,1.579600e+00,5.380361e-02,1.959597e+00,3.840545e-01,3.262002e-01,4.013724e+00,6.659455e-01,1.475831e-01,7.960951e-01,5.879024e-01
395857,1,9.373724e-01,9.752507e-01,9.373724e-01,1.822845e+00,4.307641e-02,4.750084e+00,4.165349e-01,1.639475e+00,3.497731e+00,2.384004e+00,1.391096e+00,1.325300e+00,2.190850e+00
395858,1,9.802256e-01,9.881018e-01,9.802256e-01,9.954420e+00,4.197223e-02,4.565102e+00,4.823045e-01,1.337802e+00,8.654671e-01,2.027011e+00,1.055996e+00,5.365092e+00,2.118772e+00
395859,1,9.543524e-01,9.742041e-01,9.543524e-01,7.190889e+00,4.041488e-02,7.669763e+00,5.849955e-01,1.126520e+00,1.184443e+00,1.807913e+00,8.090547e-01,1.833195e-01,4.525219e-01
395860,1,9.996508e-01,9.987165e-01,9.996508e-01,4.505128e+01,5.056243e-02,2.465484e+01,6.128128e-01,7.763717e+00,3.223457e+00,4.996917e+00,7.962120e+00,2.610666e+00,2.339831e-01
395861,1,9.351058e-01,9.675973e-01,9.351058e-01,4.756565e+00,1.203886e-01,2.950295e+00,1.144728e+00,9.319683e-01,1.357673e-01,2.055832e+00,1.596290e+00,7.091216e-01,4.356228e+00
395862,1,9.314265e-01,9.686209e-01,9.314266e-01,6.345580e+00,6.800943e-02,2.346379e+00,5.992954e-01,2.759604e+00,2.348393e+00,3.187573e+00,2.658101e+00,2.973698e+00,8.996227e-01
395863,1,8.905128e-01,9.825010e-01,8.905129e-01,1.977240e+00,4.129422e-02,4.682107e+00,4.280504e-01,2.159209e+00,5.063910e+00,2.660954e+00,1.718980e+00,2.021920e-01,1.916877e+00
395864,1,9.689934e-01,9.484771e-01,9.689934e-01,2.124386e+00,3.638922e-02,4.078726e+00,4.785515e-01,9.109262e-01,1.945572e+00,1.248918e-01,1.091447e+00,1.399864e+00,5.599518e-01
395865,1,8.579371e-01,9.411296e-01,8.579371e-01,2.493318e+00,3.898158e-02,2.666894e-01,4.867262e-01,1.602167e+00,1.013504e+00,2.152354e+00,1.676646e+00,9.299829e-01,5.638180e-01
395866,1,8.491818e-01,9.643019e-01,8.491820e-01,1.472255e+00,3.358124e-02,4.327465e+00,4.202669e-01,2.111311e+00,1.649735e+00,2.649435e+00,1.531689e+00,2.615398e-01,1.040405e+00
395867,1,8.412912e-01,9.674046e-01,8.412913e-01,1.770221e+00,3.871957e-02,1.006239e+00,4.216416e-01,1.272926e+00,2.694125e-01,1.994246e+00,6.622079e-01,4.854845e-01,2.527053e+00
395868,1,9.084706e-01,9.727455e-01,9.084706e-01,1.333921e+00,3.046774e-02,5.525850e+00,4.866369e-01,1.859787e+00,1.725792e+00,2.430946e+00,1.542797e+00,1.887524e+00,2.296405e+00
395869,1,7.111969e-01,9.243643e-01,7.111970e-01,1.844124e+00,4.301519e-02,8.797105e-01,4.299457e-01,2.376602e+00,1.962351e+00,2.885347e+00,1.681534e+00,1.089389e+00,3.878486e-01
395870,1,9.835353e-01,9.923731e-01,9.835353e-01,1.376115e+00,3.619079e-02,1.054283e+01,4.327247e-01,2.160268e+00,4.342926e+00,2.683225e+00,1.913836e+00,3.841302e+00,1.120092e+00
395871,1,8.237135e-01,9.353272e-01,8.237136e-01,3.085367e+00,5.317606e-02,1.366207e+00,4.520505e-01,7.360294e-01,2.346760e+00,1.584614e+00,3.853925e-01,1.326286e+00,5.861024e-01
395872,1,8.809885e-01,9.537915e-01,8.809886e-01,1.480934e+00,4.292449e-02,1.777275e+00,4.035889e-01,1.962868e+00,4.879928e+00,3.473816e-01,2.554302e+00,1.094706e+00,1.210506e-01
395873,1,9.655422e-01,9.899458e-01,9.655422e-01,2.118490e+00,4.154943e-02,8.519244e+00,3.950399e-01,4.476267e-01,5.045154e+00,1.745569e+00,6.827658e-02,6.737792e-01,1.045915e-01
395874,1,9.958089e-01,9.978537e-01,9.958089e-01,2.642402e+00,5.570592e-02,1.808685e+01,4.876334e-01,1.547591e+00,4.719373e+00,6.298711e-02,1.438898e+00,8.682004e+00,5.840740e-01
395875,1,9.983902e-01,9.995386e-01,9.983902e-01,2.040411e+00,1.020746e-01,1.650244e+01,5.591607e-01,2.572119e+01,2.938730e+00,1.947549e+01,2.102625e+01,8.739410e+00,1.715137e+00
395876,1,9.868185e-01,9.970776e-01,9.868185e-01,2.265080e+00,1.389445e-01,1.202198e+01,5.714348e-01,6.216731e+00,7.520712e+00,6.675908e+00,6.973589e+00,8.166805e+00,3.874182e+00
395877,1,9.523528e-01,9.881937e-01,9.523528e-01,5.014270e+00,1.319548e-01,7.498211e+00,4.717077e-01,3.702076e+00,3.857968e-01,3.583612e+00,4.074036e+00,4.169390e+00,4.534345e+00
395878,1,9.302013e-01,9.682567e-01,9.302013e-01,2.901459e+00,6.462872e-02,2.305008e+00,4.658210e-01,3.801465e+00,1.068505e-01,3.463622e+00,3.363182e+00,3.323382e+00,3.876233e-01
395879,1,8.642966e-01,9.316358e-01,8.642967e-01,2.293536e+00,4.014413e-02,1.143471e+00,4.932432e-01,4.610887e+00,9.400090e-01,4.075355e+00,3.540238e+00,3.029286e-01,7.931473e-01
395880,1,9.731836e-01,9.639412e-01,9.731836e-01,1.199817e+00,3.549778e-02,6.296554e+00,4.555673e-01,1.840439e+00,1.015538e+00,1.915650e+00,1.284661e+00,2.200867e+00,2.551069e+00
395881,1,8.564042e-01,9.214153e-01,8.564043e-01,2.055707e+00,4.602269e-02,1.679492e+00,4.390672e-01,7.185601e-01,3.716223e+00,1.217829e+00,6.447298e-01,4.295866e-01,3.297297e-01
395882,1,9.434738e-01,9.880099e-01,9.434738e-01,1.703947e+00,4.176116e-02,5.174586e+00,4.297074e-01,2.906654e+00,4.042500e+00,3.206770e+00,2.447510e+00,1.063572e+00,1.745868e-01
395883,1,8.493728e-01,9.581901e-01,8.493729e-01,2.274777e+00,4.632586e-02,4.367334e+00,4.826869e-01,1.368639e+00,5.631524e-01,1.826141e+00,1.361253e+00,3.653689e+00,5.720202e-01
395884,1,9.821209e-01,9.896558e-01,9.821209e-01,6.586612e-01,2.482870e-02,1.022646e+01,4.692666e-01,1.703189e-01,1.268439e+00,9.680778e-01,7.675975e-03,3.255110e+00,1.569425e+00
395885,1,7.519727e-01,9.415928e-01,7.519728e-01,2.394956e+00,5.377759e-02,2.489584e+00,4.600920e-01,2.815120e+00,2.072413e-01,3.239623e+00,2.608997e+00,2.022383e+00,9.826346e-02
395886,1,8.160103e-01,9.557009e-01,8.160104e-01,1.136212e+00,3.566992e-02,2.933476e+00,4.444163e-01,1.904469e+00,1.061283e+00,5.121952e-01,2.310615e+00,3.177769e-01,4.088633e-01
395887,1,8.334005e-01,9.468824e-01,8.334006e-01,1.374607e+00,3.469165e-02,1.219836e+00,4.640672e-01,3.603008e+00,8.413684e-01,4.165741e+00,3.254411e+00,8.633755e-01,7.229779e-01
395888,1,7.997657e-01,9.156536e-01,7.997658e-01,1.178547e+00,3.148503e-02,1.537536e+00,4.660867e-01,2.176418e+00,1.129516e+00,2.616475e+00,2.095727e+00,1.985338e+00,2.749051e-01
395889,1,8.435012e-01,9.310700e-01,8.435013e-01,9.280316e-01,3.743343e-02,4.185259e+00,4.533019e-01,5.464285e-01,3.150547e-01,1.433545e+00,5.710812e-01,1.067849e+00,2.194564e+00
395890,1,9.864508e-01,9.939254e-01,9.864508e-01,1.491880e+00,4.583135e-02,7.418185e+00,4.274708e-01,2.051047e+00,1.456659e+00,2.717777e+00,1.803803e+00,9.857164e-01,9.988823e-03
395891,1,8.689165e-01,9.475100e-01,8.689165e-01,2.705530e+00,4.969015e-02,2.516151e+00,4.775662e-01,3.861948e+00,1.543263e+00,1.755579e+00,4.692814e+00,4.898045e-01,5.637379e-01
395892,1,9.807313e-01,9.871807e-01,9.807313e-01,1.209483e+00,4.327085e-02,7.227216e+00,4.281562e-01,3.036012e+00,8.185032e-01,3.755869e+00,2.976147e+00,8.032403e-01,9.804049e-01
395893,1,7.871297e-01,9.543007e-01,7.871299e-01,2.277287e+00,4.762255e-02,8.594871e-02,4.708112e-01,2.431055e+00,1.907498e+00,3.011049e+00,2.366886e+00,1.238164e+00,1.597231e+00
395894,1,9.726160e-01,9.781430e-01,9.726161e-01,1.518299e+00,3.344331e-02,6.030848e+00,5.023340e-01,1.158380e+00,1.817285e+00,2.072465e+00,6.874486e-01,1.788425e+00,8.993640e-01
395895,1,9.026184e-01,9.722912e-01,9.026185e-01,2.352547e+00,3.986352e-02,2.913841e-01,5.645140e-01,2.611360e+00,1.607937e+00,3.093079e+00,2.031389e+00,1.057782e+00,1.393902e+00
395896,1,9.457970e-01,9.734474e-01,9.457970e-01,1.743341e+00,3.283932e-02,7.100327e+00,5.215332e-01,6.935356e-01,5.301241e-01,1.620822e+00,6.965573e-01,6.698715e+00,1.265824e+00
395897,1,7.106859e-01,9.354739e-01,7.106861e-01,2.559195e-01,8.385349e-03,2.292355e+00,4.244245e-01,6.780468e-01,4.285600e-01,1.746421e+00,6.471804e-01,9.403071e-01,7.007982e-01
395898,1,7.648686e-01,9.642966e-01,7.648688e-01,2.476701e-01,1.506801e-02,1.663992e+00,4.719651e-01,2.618158e+00,2.852244e-01,3.177346e+00,2.054893e+00,3.380845e+00,2.325825e+00
395899,1,7.165557e-01,9.365241e-01,7.165559e-01,2.092330e-01,1.099432e-02,6.952089e-02,4.079826e-01,1.284781e+00,1.323192e+00,2.320331e+00,1.134534e+00,2.071996e+00,1.167075e+00
395900,1,9.922181e-01,9.933915e-01,9.922181e-01,5.798059e-01,7.161907e-03,1.458652e+01,4.534739e-01,2.759306e+00,1.283075e-01,1.194536e+00,1.468556e+00,1.023927e+01,8.375399e-01
395901,1,8.624349e-01,9.160903e-01,8.624350e-01,2.521119e+00,5.945652e-02,4.133379e-01,4.741461e-01,2.553924e+00,6.626929e-01,3.310129e+00,2.211820e+00,2.919877e+00,1.371734e+00
395902,1,7.722059e-01,9.183621e-01,7.722060e-01,1.598983e+00,4.246231e-02,2.230336e+00,4.379462e-01,2.429006e+00,1.577943e+00,2.968494e+00,2.221618e+00,4.326797e-01,1.190482e+00
395903,1,8.925549e-01,9.180669e-01,8.925549e-01,1.508807e+00,4.289006e-02,2.381336e+00,4.121166e-01,1.063210e+00,1.650444e+00,2.382110e-01,9.607971e-01,4.177741e-01,8.552430e-01
395904,1,7.963835e-01,8.439480e-01,7.963836e-01,1.205502e+00,4.383066e-02,2.273001e+00,3.873381e-01,2.787526e-01,1.844348e+00,1.271587e+00,4.336766e-01,7.631599e-01,8.823925e-02
395905,1,9.453903e-01,8.957555e-01,9.453903e-01,1.458056e+00,4.297668e-02,7.030184e+00,3.977977e-01,9.902299e-01,6.849351e-01,2.037877e+00,6.955934e-01,1.851020e+00,7.444005e-01
395906,1,7.439441e-01,9.239187e-01,7.439443e-01,2.292013e+00,5.152211e-02,1.546402e+00,4.423648e-01,2.546096e+00,5.020753e-01,3.164332e+00,2.014291e+00,1.981800e+00,1.749167e+00
395907,1,8.086730e-01,8.997493e-01,8.086731e-01,1.316167e+00,3.925221e-02,1.132071e+00,3.840773e-01,2.031475e+00,4.803765e-01,2.680705e+00,1.696901e+00,1.395809e+00,1.781146e-01
395908,1,8.450129e-01,9.861200e-01,8.450130e-01,6.367351e-01,3.330404e-02,2.963285e+00,4.030497e-01,1.146920e+00,3.089400e+00,2.009270e+00,8.200230e-01,2.565093e+00,1.276055e+00
395909,1,8.617807e-01,9.743225e-01,8.617808e-01,1.350647e+00,4.122574e-02,3.869390e+00,4.395509e-01,4.380989e+00,3.744200e+00,2.233331e+00,4.564117e+00,1.402282e-01,1.109336e+00
395910,1,8.002537e-01,9.115255e-01,8.002538e-01,1.585681e+00,3.896947e-02,3.135742e+00,5.048480e-01,1.348277e+00,1.538200e-01,2.455570e+00,1.471236e+00,5.229713e-01,2.511888e+00
395911,1,9.363310e-01,9.833620e-01,9.363310e-01,1.227755e+00,4.249911e-02,4.370298e+00,4.348143e-01,1.369151e+00,3.203610e+00,2.310015e+00,1.568730e+00,8.638881e-01,4.583587e-01
395912,1,7.770273e-01,8.845504e-01,7.770273e-01,1.926830e+00,4.196032e-02,3.252889e+00,4.694572e-01,4.207003e-01,6.490348e-01,1.454509e+00,3.056743e-01,1.037528e+00,3.957954e-02
395913,1,9.468825e-01,9.811680e-01,9.468826e-01,6.338700e-01,3.025644e-02,3.642260e+00,4.017831e-01,1.101023e-01,2.783278e-01,1.057089e+00,1.585157e-01,7.155634e+00,1.987040e+00
395914,1,6.470319e-01,9.339712e-01,6.470322e-01,2.589846e-01,1.833450e-03,2.556768e-01,4.905853e-01,3.795867e-01,2.473714e+00,1.464707e+00,3.711589e-01,5.787558e-01,7.396115e-02
395915,1,9.586416e-01,9.635876e-01,9.586416e-01,2.524538e-01,5.144404e-03,4.212762e-01,4.990678e-01,1.779796e+00,3.656719e-01,2.490247e+00,1.581483e+00,1.509836e+00,3.722633e-01
395916,1,9.581201e-01,9.799746e-01,9.581201e-01,1.827572e-01,2.428672e-03,2.228405e-01,5.290068e-01,1.483998e+00,3.011035e+00,2.365742e+00,1.031568e+00,2.174880e+00,2.190402e+00
395917,1,9.071675e-01,9.857345e-01,9.071676e-01,2.290949e-01,1.906887e-04,6.651865e-02,4.752127e-01,3.631633e-01,1.422096e+00,7.694436e-01,6.642919e-01,2.542633e+00,2.881981e+00
395918,1,9.244800e-01,9.749926e-01,9.244800e-01,1.732390e-01,2.969300e-03,4.037540e-01,5.752680e-01,6.842969e-01,2.001462e+00,1.730096e+00,4.783257e-01,2.890179e+00,1.160146e+00
395919,1,9.830809e-01,9.914609e-01,9.830810e-01,1.062450e+01,4.256815e-03,3.584089e+00,5.572251e-01,8.321955e-01,3.996003e-01,1.924388e+00,3.367627e-01,2.164981e+00,1.702686e-01
395920,1,9.061845e-01,9.726801e-01,9.061846e-01,2.549748e+00,6.871795e-03,7.518765e-01,6.793546e-01,5.123701e+00,1.700590e+00,2.777874e+00,5.448039e+00,2.912501e+00,2.064262e+00
395921,1,7.262781e-01,9.755283e-01,7.262783e-01,1.486108e+00,6.242010e-03,4.670230e-01,5.971193e-01,8.175921e-01,2.834078e+00,2.147734e+00,1.027623e+00,1.950974e-01,1.042479e+00
395922,1,7.832224e-01,9.249265e-01,7.832225e-01,1.523403e-01,1.453474e-03,2.390541e-01,5.518396e-01,3.572654e+00,1.318338e-02,1.999044e+00,2.046181e+00,2.746261e+00,1.056099e+00
395923,1,6.722916e-01,9.491277e-01,6.722919e-01,1.888948e-01,1.418643e-03,4.349217e-03,5.681374e-01,1.466340e+00,5.091971e-01,2.358996e+00,1.281990e+00,2.627771e+00,8.626128e-02
395924,1,8.520832e-01,9.655129e-01,8.520833e-01,3.799788e-01,5.067746e-03,4.407954e+00,5.786494e-01,1.664726e+00,1.295625e+00,2.250339e+00,1.260539e+00,3.052673e+00,2.014733e+00
395925,1,9.506396e-01,9.827520e-01,9.506396e-01,5.036083e-01,1.793703e-02,7.360078e+00,5.201140e-01,2.830389e+00,2.531014e+00,3.147203e+00,2.280282e+00,2.021585e+00,2.361700e+00
395926,1,7.079808e-01,9.027919e-01,7.079810e-01,1.659454e+00,3.495001e-02,1.615711e+00,4.882004e-01,2.580820e+00,9.411306e-01,2.858649e+00,2.047176e+00,5.951584e-01,4.328982e-01
395927,1,9.321019e-01,9.438610e-01,9.321019e-01,1.097208e+00,3.096192e-02,5.591119e+00,4.723489e-01,7.457233e-01,1.946255e+00,1.442047e+00,5.252076e-01,1.598147e+00,4.098593e-01
395928,1,7.108503e-01,9.148881e-01,7.108505e-01,1.528157e+00,3.791227e-02,2.193118e+00,5.118829e-01,1.567923e+00,1.226029e+00,2.175231e+00,9.791587e-01,6.603926e-01,4.667353e-01
395929,1,8.371858e-01,9.782456e-01,8.371860e-01,1.758766e+00,3.652048e-02,8.557906e-01,5.057890e-01,7.812667e-01,1.377113e+00,4.351377e-01,1.219270e+00,1.155228e+00,2.506872e+00
395930,1,9.393490e-01,9.811662e-01,9.393491e-01,1.074042e+00,2.434110e-02,5.314563e+00,5.634362e-01,2.031883e+00,3.796386e+00,2.738711e+00,1.979495e+00,8.635575e-01,6.503597e-01
395931,1,6.862324e-01,9.259395e-01,6.862327e-01,1.769796e+00,2.684013e-02,1.562560e+00,6.169702e-01,1.480609e+00,7.451932e-01,2.176095e+00,1.359839e+00,1.053173e-01,6.102954e-01
395932,1,9.116106e-01,9.377068e-01,9.116106e-01,1.352371e+00,2.897024e-02,1.522465e+00,5.893151e-01,1.414031e-01,4.746751e-01,8.073696e-01,6.171671e-01,1.843252e+00,1.753736e+00
395933,1,9.589139e-01,9.767181e-01,9.589139e-01,1.245879e+00,2.468284e-02,6.851176e+00,5.517446e-01,1.036517e+00,1.997207e+00,1.983180e+00,8.281452e-01,2.503560e+00,1.621395e+00
395934,1,9.325333e-01,9.891360e-01,9.325334e-01,2.207620e+00,4.157620e-02,6.390229e+00,5.201603e-01,2.474108e-01,3.334908e+00,9.827529e-01,4.790365e-01,2.874865e-01,2.536309e+00
395935,1,8.942292e-01,9.190640e-01,8.942292e-01,3.544730e+00,4.644764e-02,2.161274e+00,6.738825e-01,5.195867e-02,8.225119e-01,1.015630e+00,1.822405e-01,1.379837e+00,1.617104e+00
395936,1,8.224423e-01,9.439300e-01,8.224424e-01,1.360782e+00,2.800109e-02,4.015171e+00,5.475798e-01,4.174272e-01,1.149067e+00,1.579127e+00,1.865172e-01,7.244451e-01,9.947553e-01
395937,1,7.470965e-01,9.683858e-01,7.470967e-01,1.584360e+00,3.030863e-02,3.573272e-01,5.942437e-01,2.808012e+00,1.960595e+00,1.261029e+00,1.805722e+00,1.013913e+00,1.536199e+00
395938,1,9.319322e-01,9.369572e-01,9.319322e-01,2.436990e-01,2.039357e-02,6.244677e+00,6.406500e-01,1.952600e-02,7.586150e-01,1.200143e+00,5.295080e-01,5.884443e-01,8.178881e-01
395939,1,9.198177e-01,9.636566e-01,9.198178e-01,1.424592e+00,3.113042e-02,2.436537e+00,6.704809e-01,3.922667e+00,1.809219e+00,2.173863e+00,2.367938e+00,3.674673e-01,3.615886e+00
395940,1,9.473475e-01,9.247921e-01,9.473475e-01,1.962305e+00,3.153992e-02,7.927838e-01,5.639127e-01,1.490791e+00,6.013647e-01,2.291328e+00,1.471899e+00,1.029175e+00,8.759399e-01
395941,1,8.737626e-01,9.593976e-01,8.737627e-01,1.049817e+00,2.315972e-02,9.046671e-01,5.208544e-01,3.491533e+00,8.169973e-01,3.707310e+00,2.875151e+00,2.728314e+00,3.270846e-01
395942,1,9.657402e-01,9.802416e-01,9.657402e-01,9.911120e-01,1.256736e-02,4.806744e+00,5.494305e-01,2.625051e+00,1.667225e+00,2.886749e+00,2.299987e+00,2.943476e+00,7.621428e-01
395943,1,9.162958e-01,9.636813e-01,9.162959e-01,1.785194e+00,2.659390e-02,2.230963e+00,5.350791e-01,2.338912e+00,1.485406e+00,2.649811e+00,1.881543e+00,3.432574e+00,4.210771e-01
395944,1,9.257229e-01,9.606529e-01,9.257229e-01,7.324828e-01,1.697678e-02,2.055780e+00,5.058581e-01,3.159458e-01,5.716439e-01,5.168392e-01,1.732269e-01,5.376659e-01,1.387101e+00
395945,1,9.398228e-01,9.908633e-01,9.398229e-01,8.434086e-01,1.946849e-02,4.131073e+00,5.466353e-01,3.235938e+00,4.435006e+00,1.450888e+00,4.144068e+00,4.985701e-01,7.484260e-01
395946,1,7.055357e-01,9.320795e-01,7.055359e-01,1.503818e+00,2.521876e-02,2.091441e+00,5.648364e-01,6.404393e-02,1.393971e+00,1.380051e+00,4.136253e-01,3.555858e-01,2.280714e-01
395947,1,7.791948e-01,9.531409e-01,7.791950e-01,1.292054e+00,2.734827e-02,2.010370e+00,5.492718e-01,2.673828e+00,1.259101e+00,3.198666e+00,2.763017e+00,1.008321e+00,1.937962e+00
395948,1,9.518737e-01,9.797536e-01,9.518737e-01,1.279408e+00,2.409139e-02,3.707958e+00,5.056078e-01,1.736538e+00,5.433129e-01,2.354592e+00,1.206388e+00,1.037571e-01,2.604682e+00
395949,1,9.389176e-01,9.785302e-01,9.389177e-01,6.714869e+00,2.153589e-02,3.844865e+00,6.206813e-01,2.038094e-01,1.463040e+00,1.164579e+00,4.841702e-01,4.177494e+00,8.175736e-01
395950,1,8.955234e-01,9.750845e-01,8.955234e-01,3.687540e+00,2.432561e-02,1.471306e+00,6.904542e-01,7.336035e-01,1.872712e+00,1.539887e+00,9.797934e-01,1.344006e+00,2.286014e+00
395951,1,9.590094e-01,9.541840e-01,9.590094e-01,1.397981e+00,2.519348e-02,3.891922e+00,5.295280e-01,5.492524e-01,9.068677e-01,1.348853e+00,1.137835e+00,1.126386e+00,5.297173e-01
395952,1,9.612265e-01,9.873133e-01,9.612265e-01,1.697698e+00,2.810603e-02,3.725768e+00,5.591710e-01,1.074429e+00,1.612221e+00,1.908682e+00,1.016363e+00,4.610549e-01,2.886743e+00
395953,1,8.358545e-01,9.856674e-01,8.358547e-01,2.050221e+00,3.065478e-02,2.440924e+00,6.435375e-01,3.377041e+00,1.885067e+00,1.939038e+00,2.052758e+00,2.755735e+00,3.171051e+00
395954,1,8.225413e-01,9.822287e-01,8.225415e-01,9.427199e-01,2.304405e-02,2.427736e+00,5.171946e-01,2.027140e+00,2.907558e+00,2.717138e+00,1.894622e+00,8.668684e-01,7.356509e-01
395955,1,7.499872e-01,9.234927e-01,7.499873e-01,1.105762e+00,1.777872e-02,6.707188e-01,5.779642e-01,4.916211e-01,3.220211e+00,1.344086e+00,5.440623e-01,1.759320e-01,6.294105e-01
395956,1,9.389424e-01,9.542635e-01,9.389424e-01,8.430145e-01,1.829302e-02,4.557828e+00,5.672809e-01,2.012639e+00,8.194222e-01,2.590082e+00,1.714128e+00,2.251564e-01,1.120530e+00
395957,1,6.535665e-01,9.123953e-01,6.535668e-01,1.360898e+00,2.408741e-02,9.730974e-01,5.687577e-01,1.615512e+00,7.406675e-01,2.263062e+00,1.347924e+00,6.071700e-01,5.936185e-02
395958,1,5.653088e-01,8.826110e-01,5.653091e-01,1.070227e+00,2.097730e-02,5.872991e-01,5.631024e-01,1.054917e+00,1.712366e+00,1.789395e+00,1.126624e+00,2.056843e-01,3.970067e-01
395959,1,8.711459e-01,9.496669e-01,8.711460e-01,5.168274e-01,2.122103e-02,4.728252e+00,5.072300e-01,1.732351e+00,2.151374e+00,2.322801e+00,1.217286e+00,1.511665e-01,6.046872e-02
395960,1,6.661248e-01,8.902926e-01,6.661250e-01,1.113774e+00,2.818999e-02,5.147596e-01,5.517032e-01,6.813948e-01,1.750170e-04,1.535180e+00,5.554280e-01,1.510033e+00,1.775795e+00
395961,1,8.218907e-01,9.643355e-01,8.218908e-01,8.553337e-01,2.320179e-02,3.193727e+00,5.099447e-01,2.217550e+00,2.912863e+00,8.793442e-01,6.298106e-01,1.285296e+00,1.661243e+00
395962,1,7.499960e-01,9.220571e-01,7.499962e-01,1.194059e+00,2.296420e-02,6.146984e-01,5.100864e-01,2.684409e+00,4.928938e-01,3.220286e+00,2.557299e+00,1.777367e-02,9.597876e-01
395963,1,9.521601e-01,9.803194e-01,9.521601e-01,8.964882e-01,2.292309e-02,6.547746e+00,5.290561e-01,1.194052e+00,2.064134e+00,9.535464e-03,7.166866e-01,1.669727e+00,2.253038e+00
395964,1,9.013083e-01,9.899776e-01,9.013084e-01,1.893509e+00,3.744204e-02,1.231414e+00,4.896489e-01,2.532227e-01,5.305528e+00,1.315667e+00,2.899891e-01,1.506051e+00,2.154924e+00
395965,1,9.840374e-01,9.892280e-01,9.840375e-01,8.686111e-01,2.524144e-02,1.091093e+01,5.386751e-01,9.773969e-01,9.369143e-01,4.295977e-01,8.531332e-01,4.236510e+00,1.308181e+00
395966,1,8.721007e-01,9.341498e-01,8.721007e-01,2.459976e+00,5.443349e-02,1.016957e+00,5.527444e-01,1.686249e+00,1.737574e+00,2.501744e+00,1.167555e+00,2.436022e+00,1.227949e+00
395967,1,7.592551e-01,9.472891e-01,7.592553e-01,1.883076e+00,3.578599e-02,2.077717e-01,4.964221e-01,2.509090e+00,9.739578e-01,9.465192e-01,2.539639e+00,2.316885e+00,2.566697e-02
395968,1,7.680828e-01,9.318797e-01,7.680830e-01,1.242834e+00,2.569359e-02,4.521913e-01,5.071082e-01,2.587047e+00,1.104675e+00,3.416768e+00,2.422272e+00,3.417869e-01,1.005317e+00
395969,1,9.540377e-01,9.756891e-01,9.540377e-01,8.198645e-01,2.412743e-02,5.651728e+00,5.174557e-01,5.379023e-01,3.685853e+00,1.358192e+00,6.536880e-01,2.297544e-01,1.380012e+00
395970,1,8.821554e-01,9.269896e-01,8.821554e-01,1.782664e+00,2.938519e-02,4.857883e-01,5.106015e-01,1.509242e+00,6.934063e-01,2.217068e+00,1.041103e+00,8.710429e-01,3.206894e-02
395971,1,7.700754e-01,9.524938e-01,7.700756e-01,1.167037e+00,2.530556e-02,2.747085e+00,5.064223e-01,2.090798e+00,2.119039e+00,2.701441e+00,1.594143e+00,6.588528e-01,1.031451e-01
395972,1,8.583331e-01,9.826106e-01,8.583332e-01,1.291824e+00,2.670256e-02,4.506139e+00,5.072921e-01,6.690109e-01,2.072244e+00,4.123648e-01,5.413478e-01,1.337826e+00,2.442289e+00
395973,1,8.968954e-01,9.776073e-01,8.968954e-01,9.368929e-02,1.283110e-02,6.768881e-01,5.025871e-01,4.973679e+00,2.576427e-01,2.903635e+00,4.272340e+00,4.316909e+00,1.147009e+00
395974,1,8.435542e-01,9.732653e-01,8.435544e-01,2.144693e-01,1.609704e-03,2.206622e+00,6.065430e-01,6.019557e-01,2.224919e+00,1.763489e+00,1.064031e+00,3.346705e+00,1.328757e+00
395975,1,9.272416e-01,9.886516e-01,9.272417e-01,1.986537e-01,1.449547e-02,2.069915e+00,5.321555e-01,4.799317e+00,7.559955e-01,4.956841e+00,4.077055e+00,6.171095e+00,2.525985e+00
395976,1,9.194128e-01,9.902887e-01,9.194129e-01,1.134201e+00,9.263036e-04,9.647498e-01,5.018512e-01,1.257416e+00,2.239698e+00,1.046501e-02,1.781035e+00,8.895332e-01,3.164488e+00
395977,1,9.643682e-01,9.821792e-01,9.643683e-01,4.313100e-02,1.342427e-03,5.456487e+00,6.368598e-01,2.466140e+00,6.868902e-02,8.459622e-01,2.271591e+00,5.839439e+00,2.560906e+00
395978,1,9.735071e-01,9.934516e-01,9.735071e-01,1.092353e+00,2.576085e-02,5.358734e+00,5.343571e-01,2.142026e+00,2.785574e-01,2.861897e+00,1.751184e+00,9.232696e+00,3.088618e+00
395979,1,8.615721e-01,9.834115e-01,8.615722e-01,4.017589e-01,1.629898e-03,1.057606e-01,4.747504e-01,1.112084e+00,1.979274e+00,1.891624e+00,1.460605e+00,4.022244e-01,1.866775e+00
395980,1,9.973153e-01,9.995050e-01,9.973153e-01,1.376405e+01,1.570659e-03,1.807255e+01,5.589156e-01,2.147966e+01,8.585398e-01,1.565811e+01,2.171741e+01,1.867284e+00,9.786508e-01
395981,1,9.747147e-01,9.929159e-01,9.747147e-01,4.766504e+00,5.815257e-02,4.116966e+00,8.611298e-01,8.266871e+00,2.845038e+00,8.466238e+00,8.899435e+00,1.396206e+00,4.450052e+00
395982,1,9.515925e-01,9.763592e-01,9.515926e-01,5.581628e+00,5.009523e-02,5.906213e+00,6.886729e-01,3.333799e+00,1.500871e+00,3.456742e+00,3.344764e+00,9.851834e-01,1.789721e-01
395983,1,9.417624e-01,9.838340e-01,9.417624e-01,6.137344e-01,1.940865e-02,4.194742e+00,5.057722e-01,2.931068e+00,7.822227e-01,2.965080e+00,2.409920e+00,2.330128e-01,3.944270e+00
395984,1,9.456113e-01,9.807578e-01,9.456114e-01,1.330543e+00,1.804878e-02,3.770766e+00,6.388874e-01,2.701892e+00,1.754822e+00,2.748487e+00,2.445489e+00,5.658378e-01,7.032574e-01
395985,1,7.878723e-01,9.456007e-01,7.878724e-01,1.765413e+00,1.973504e-02,1.616626e+00,6.915267e-01,2.629417e+00,4.731679e-01,2.757013e+00,2.479164e+00,2.150587e+00,1.828127e+00
395986,1,9.078730e-01,9.653768e-01,9.078730e-01,9.579880e-01,1.539696e-02,5.505646e+00,5.952894e-01,1.295696e+00,1.658151e+00,1.754245e+00,9.445002e-01,8.176750e-01,7.896592e-01
395987,1,9.365432e-01,9.798809e-01,9.365432e-01,1.549321e+00,2.623673e-02,1.381503e+00,6.457631e-01,2.551532e+00,4.323211e-01,2.959631e+00,1.865782e+00,6.277781e-01,2.326814e+00
395988,1,7.964843e-01,9.758801e-01,7.964845e-01,1.513553e+00,2.591129e-02,1.984551e+00,5.726115e-01,1.961444e+00,1.537251e+00,2.480958e+00,1.387314e+00,3.710550e+00,1.649909e+00
395989,1,9.530671e-01,9.841522e-01,9.530671e-01,6.375086e-01,1.129927e-02,5.609040e+00,6.101875e-01,1.302389e-01,1.317834e+00,1.039491e+00,4.767931e-01,1.407145e+00,3.061774e+00
395990,1,8.441147e-01,9.664676e-01,8.441148e-01,1.582553e+00,2.785709e-02,1.489829e+00,5.614466e-01,2.407596e+00,4.299448e+00,2.988002e+00,2.046243e+00,2.120835e+00,1.540240e+00
395991,1,9.892761e-01,9.791914e-01,9.892761e-01,7.532311e-01,2.258039e-02,4.838507e+00,4.760441e-01,3.462292e-01,1.650017e-01,8.205660e-01,8.032430e-01,2.689902e-01,1.271697e+00
395992,1,8.897225e-01,9.498950e-01,8.897226e-01,1.553826e+00,2.580031e-02,6.664126e-01,5.108747e-01,1.537126e+00,8.309738e-01,2.415865e+00,1.677187e+00,1.052324e-01,1.737916e+00
395993,1,8.790826e-01,9.342541e-01,8.790826e-01,1.246770e+00,2.316613e-02,6.572872e-01,5.369725e-01,6.345503e-01,1.307806e+00,1.614649e+00,9.479632e-01,1.745518e+00,1.005146e+00
395994,1,9.682208e-01,9.875042e-01,9.682208e-01,8.836703e-01,1.954871e-02,8.746540e+00,5.634630e-01,2.135414e+00,5.336014e-02,2.754782e+00,2.007028e+00,2.289526e+00,2.323949e+00
395995,1,9.095774e-01,9.598697e-01,9.095774e-01,1.791371e+00,3.963817e-02,1.425313e+00,5.679424e-01,9.715604e-01,2.005138e+00,2.434022e-01,5.811753e-01,1.283839e+00,7.598938e-02
395996,1,8.037827e-01,9.693776e-01,8.037828e-01,2.129303e+00,3.313704e-02,1.517917e+00,5.555071e-01,2.350939e+00,1.414945e+00,3.057636e+00,1.888960e+00,1.913453e+00,2.275224e+00
395997,1,9.077757e-01,9.426765e-01,9.077758e-01,9.487375e-01,1.956697e-02,1.430809e+00,5.861106e-01,1.669777e+00,3.038978e-01,2.504924e+00,1.494286e+00,1.927113e+00,1.370060e-01
395998,1,7.853016e-01,9.429983e-01,7.853017e-01,9.117754e-01,1.470287e-02,1.609140e+00,6.164302e-01,1.505594e+00,1.803796e+00,2.338705e+00,1.031063e+00,6.818458e-01,2.193319e-01
395999,1,9.194959e-01,9.868165e-01,9.194960e-01,9.309719e-01,1.693193e-02,8.455337e-02,6.264528e-01,4.950822e+00,5.916500e+00,3.032225e+00,3.339598e+00,1.657528e+00,1.179065e+00
396000,1,8.860875e-01,9.891909e-01,8.860876e-01,6.902535e-01,1.090350e-02,4.328785e-01,6.591030e-01,7.021009e-01,6.193110e-01,1.888636e+00,8.789653e-01,2.031389e+00,4.129168e+00
396001,1,9.053394e-01,9.803353e-01,9.053395e-01,5.998586e-01,1.061472e-02,3.177955e+00,5.531026e-01,3.681245e+00,6.120715e-01,1.571434e+00,4.475831e+00,7.448890e-02,2.334702e+00
396002,1,9.265362e-01,9.425333e-01,9.265362e-01,1.045846e+00,1.179108e-02,2.295182e+00,6.640524e-01,1.820688e+00,2.927016e-01,2.895767e+00,1.791390e+00,1.925832e-01,3.499597e-01
396003,1,8.629795e-01,9.762054e-01,8.629796e-01,1.204405e+00,1.532656e-02,1.016781e+00,6.565378e-01,4.297670e+00,1.948685e+00,4.587392e+00,3.934220e+00,2.296755e+00,2.265295e+00
396004,1,9.870944e-01,9.884342e-01,9.870944e-01,6.227688e-01,1.249598e-02,4.734064e+00,5.668237e-01,3.254891e+00,3.863899e+00,1.652042e+00,3.259735e+00,2.945260e-01,1.424108e+00
396005,1,9.494285e-01,9.790995e-01,9.494285e-01,1.417861e+00,1.319357e-02,1.795982e+00,6.778210e-01,4.761521e-01,9.654087e-01,1.563668e+00,4.574229e-01,9.626088e-03,3.147300e+00
396006,1,9.663219e-01,9.651735e-01,9.663219e-01,1.514660e+00,2.157900e-02,6.835765e-01,5.777653e-01,1.412327e+00,1.949498e+00,2.313553e+00,8.459814e-01,1.595785e+00,7.805115e-01
396007,1,9.445222e-01,9.698762e-01,9.445223e-01,1.211617e+00,2.130986e-02,6.092434e+00,5.436904e-01,1.909506e+00,1.769998e+00,3.765543e-01,2.581462e+00,1.299808e+00,8.151860e-01
396008,1,9.229064e-01,9.902233e-01,9.229065e-01,1.753444e+00,3.078202e-02,1.347510e-02,6.002236e-01,4.296488e+00,2.575264e+00,4.671628e+00,4.092811e+00,1.824210e+00,2.881342e+00
396009,1,8.935114e-01,9.193681e-01,8.935114e-01,9.704764e-01,1.640958e-02,3.476428e+00,6.671678e-01,7.324625e-01,3.208955e-01,4.480573e-01,1.626390e+00,4.270627e-01,1.247447e+00
396010,1,8.416978e-01,9.711951e-01,8.416979e-01,4.501425e-01,2.668285e-02,1.118455e+00,6.365159e-01,5.976936e-01,1.367824e-01,1.575535e+00,1.066746e+00,2.740835e+00,2.626332e+00
396011,1,9.425810e-01,9.472784e-01,9.425810e-01,1.876710e+00,2.261009e-02,2.748924e+00,5.952074e-01,1.244849e+00,2.288450e+00,1.930020e+00,1.231154e+00,2.909063e-01,3.102252e-01
396012,1,8.921518e-01,9.496298e-01,8.921518e-01,1.547237e+00,2.260985e-02,4.768919e-01,5.745791e-01,2.733628e+00,7.962217e-01,3.309052e+00,2.140024e+00,1.291774e+00,4.825393e-01
396013,1,9.334244e-01,9.789439e-01,9.334244e-01,9.955036e-01,1.735680e-02,2.108190e+00,5.931390e-01,2.268528e+00,8.002240e-01,2.748694e+00,1.672266e+00,2.527724e-01,2.485804e+00
396014,1,8.750462e-01,9.826300e-01,8.750463e-01,1.230674e+00,2.313663e-02,1.250248e+00,5.124418e-01,1.551715e+00,1.548643e+00,2.210448e+00,1.373635e+00,1.103967e+00,2.284346e+00
396015,1,8.131655e-01,9.729648e-01,8.131657e-01,9.502412e-01,1.813445e-02,6.157291e-01,6.042333e-01,1.160326e+00,3.897344e+00,2.112571e+00,7.576505e-01,2.245451e+00,1.787235e+00
396016,1,9.553867e-01,9.723690e-01,9.553867e-01,7.823278e-01,1.695003e-02,4.833345e+00,5.351512e-01,2.306971e+00,1.807161e-01,8.051027e-01,1.915118e+00,7.574862e-01,2.409395e+00
396017,1,9.384597e-01,9.893040e-01,9.384597e-01,1.588424e+00,1.943381e-02,3.246698e+00,6.403893e-01,4.015544e+00,7.514923e-01,1.846691e+00,3.613476e+00,2.678179e-01,1.514617e+00
396018,1,7.926106e-01,9.722947e-01,7.926107e-01,1.791652e+00,2.400595e-02,2.365312e+00,6.399740e-01,2.157095e+00,2.021081e-01,5.196825e-01,7.286360e-01,2.586646e+00,3.508611e+00
396019,1,9.582562e-01,9.859043e-01,9.582562e-01,7.591287e-01,1.826230e-02,8.014848e+00,5.217561e-01,4.273095e-01,1.623937e+00,1.003246e+00,7.170701e-01,2.016071e+00,3.248184e-01
396020,1,6.850178e-01,9.116846e-01,6.850180e-01,1.201243e+00,3.169265e-02,2.372091e+00,5.778228e-01,1.987127e+00,2.213847e-01,2.704099e+00,1.793989e+00,1.770451e+00,1.106610e-02
396021,1,9.139143e-01,9.752542e-01,9.139144e-01,1.854720e+00,3.898098e-02,8.269379e-01,5.619789e-01,3.072393e+00,6.562262e-01,3.372180e+00,2.675419e+00,3.894624e+00,1.497106e+00
396022,1,9.391598e-01,9.714479e-01,9.391599e-01,1.100691e+00,1.991362e-02,5.691538e+00,5.195152e-01,2.804582e+00,2.377066e-01,1.413790e+00,2.165479e+00,1.178724e+00,2.184929e-01
396023,1,8.897667e-01,9.674435e-01,8.897668e-01,1.951061e+00,3.235597e-02,5.225194e-01,5.448552e-01,3.994687e+00,1.781124e+00,4.259899e+00,3.482821e+00,1.120627e+00,2.804023e-01
396024,1,9.559047e-01,9.648110e-01,9.559047e-01,1.287270e+00,2.448985e-02,5.192768e+00,5.147848e-01,1.208323e+00,2.864195e+00,1.865048e+00,1.073876e+00,3.187914e-01,2.016342e+00
396025,1,9.996190e-01,9.992734e-01,9.996190e-01,1.076291e+00,4.190486e+01,1.619420e+00,5.004051e-01,8.387930e-01,8.213846e-01,1.635292e+00,6.322810e-01,9.164693e-01,6.594532e-01
396026,1,9.996190e-01,9.989056e-01,9.996190e-01,2.196458e+00,4.191139e+01,1.551164e+00,5.331401e-01,3.720747e+00,5.066808e-02,2.216653e+00,2.114753e+00,5.160149e-01,3.262629e-01
396027,1,8.627196e-01,9.358753e-01,8.627196e-01,7.540977e-01,3.150322e-03,3.964292e-02,5.120772e-01,4.582293e+00,1.692256e+00,2.642343e+00,3.219330e+00,2.308375e+00,5.604818e-01
396028,1,8.826434e-01,9.818645e-01,8.826435e-01,6.194275e-01,9.956505e-03,8.981200e-01,5.505052e-01,1.286743e+00,1.930823e+00,2.181157e+00,1.797292e+00,5.255931e-01,1.411223e+00
396029,1,9.281133e-01,9.924385e-01,9.281133e-01,5.580428e-01,1.517165e-02,4.583123e+00,6.019827e-01,6.207943e+00,2.725589e+00,4.091984e+00,4.843671e+00,1.805748e+00,1.712771e+00
396030,1,8.946164e-01,9.719058e-01,8.946165e-01,1.407166e+00,2.977422e-03,1.945876e+00,5.904496e-01,5.065319e+00,9.931382e-01,5.152107e+00,4.986489e+00,1.161962e+00,1.354506e+00
396031,1,9.531661e-01,9.841982e-01,9.531661e-01,4.612720e-01,8.115870e-03,1.765900e+00,5.031989e-01,3.137590e+00,6.027089e-02,1.876307e+00,2.243390e+00,2.855487e+00,2.901446e+00
396032,1,7.307918e-01,9.281688e-01,7.307920e-01,6.995894e-01,1.620637e-02,4.348711e-01,6.320564e-01,2.711818e+00,1.332224e+00,3.055923e+00,2.946476e+00,1.643086e+00,4.445819e-01
396033,1,9.136049e-01,9.427667e-01,9.136049e-01,3.003546e-01,1.899040e-02,3.254871e+00,5.996088e-01,2.996214e+00,9.344739e-02,3.096665e+00,2.828393e+00,1.791074e+00,8.029769e-01
396034,1,9.018547e-01,9.189031e-01,9.018547e-01,7.779980e-01,8.463763e-03,2.240120e+00,6.241206e-01,3.742112e-01,4.561716e-03,5.306959e-01,1.314955e+00,5.791614e-01,8.084845e-01
396035,1,9.143740e-01,9.878083e-01,9.143741e-01,1.099106e+00,6.308846e-03,8.239575e-01,6.198877e-01,4.919692e+00,1.738996e+00,4.910226e+00,4.421854e+00,3.982002e+00,1.364795e+00
396036,1,8.422371e-01,9.832276e-01,8.422372e-01,7.371625e-01,2.285239e-02,2.603195e+00,6.753084e-01,3.077472e+00,1.081953e+00,3.407058e+00,2.166676e+00,2.037040e+00,4.276692e+00
396037,1,8.651559e-01,9.389904e-01,8.651560e-01,8.859286e-01,2.088467e-03,4.097713e-01,5.178972e-01,1.280979e+00,7.519479e-01,1.964264e+00,6.601422e-01,4.625883e+00,4.173862e-01
396038,1,9.400492e-01,9.903718e-01,9.400492e-01,8.619847e-01,1.555914e-02,5.194303e-05,5.431204e-01,2.085628e+00,1.834304e+00,6.065576e-01,1.437292e+00,1.605345e+00,3.685763e+00
396039,1,9.746440e-01,9.421939e-01,9.746439e-01,2.178718e-01,1.382368e-02,2.684797e+00,6.078371e-01,5.504392e-01,1.155608e+00,1.556554e+00,6.747513e-01,8.247372e-01,4.102244e-01
396040,1,7.651409e-01,9.007022e-01,7.651410e-01,8.703699e-01,1.006981e-02,5.042457e-01,6.520480e-01,8.734389e-01,3.637974e-02,1.884091e+00,7.329197e-01,2.379701e+00,1.669360e+00
396041,1,9.830138e-01,9.892492e-01,9.830138e-01,1.060648e+00,1.393563e-02,1.446769e+00,5.996540e-01,1.893238e+00,6.863318e-01,2.757020e+00,1.593877e+00,4.772943e+00,1.593856e+00
396042,1,9.851372e-01,9.887842e-01,9.851372e-01,3.300554e+00,3.012706e-02,4.298762e+00,6.760104e-01,4.850544e+00,9.165300e-01,3.031600e+00,2.772607e+00,1.193815e+00,2.404247e+00
396043,1,9.575437e-01,9.387641e-01,9.575437e-01,1.820803e+00,1.534361e-02,1.738192e+00,6.791960e-01,1.023297e+00,5.554133e-01,2.325844e-01,3.144773e-01,2.874451e+00,3.113178e-01
396044,1,9.760106e-01,9.936955e-01,9.760107e-01,2.147269e-01,1.006572e-02,8.773256e-01,5.223349e-01,8.587458e+00,1.290849e+00,5.725429e+00,8.358910e+00,3.071967e-02,2.491300e+00
396045,1,9.686575e-01,9.937344e-01,9.686575e-01,4.013933e-01,1.273910e-02,2.890794e+00,6.357096e-01,3.233349e+00,2.102022e-01,4.182301e+00,2.662313e+00,8.783834e+00,3.192505e+00
396046,1,8.764164e-01,9.856373e-01,8.764165e-01,2.391045e-01,3.693880e-02,4.398134e-01,6.190181e-01,4.730852e+00,1.747739e+00,4.807381e+00,4.423898e+00,2.458522e+00,8.379642e-01
396047,1,8.355893e-01,9.802875e-01,8.355895e-01,3.214744e-01,3.768158e-02,2.917063e+00,6.268513e-01,3.720339e-01,1.103983e+00,7.117623e-01,9.901579e-01,4.195977e+00,5.531823e-01
396048,1,9.572449e-01,9.947846e-01,9.572449e-01,3.543713e-01,1.627376e-02,2.960555e+00,6.287196e-01,1.701354e+00,1.237187e+00,2.397011e+00,1.348903e+00,7.920694e+00,3.756881e+00
396049,1,9.148514e-01,9.892846e-01,9.148514e-01,2.582640e-01,3.375886e-02,2.200847e+00,5.623896e-01,3.096288e+00,1.499162e+00,1.574690e+00,2.298091e+00,5.753842e+00,1.824342e+00
396050,1,9.683728e-01,9.957234e-01,9.683728e-01,2.037598e-01,1.259214e-02,2.385069e+00,5.698477e-01,2.134872e+00,2.834116e+00,2.756211e+00,2.423466e+00,8.757840e+00,2.226217e+00
396051,1,9.711433e-01,9.973233e-01,9.711433e-01,3.205354e-01,4.233115e-02,5.878949e+00,7.040469e-01,2.278434e+00,7.604446e-01,2.701778e+00,2.655848e+00,9.015458e+00,4.663451e+00
396052,1,9.835778e-01,9.954759e-01,9.835778e-01,1.004466e+00,4.389277e-04,5.167803e+00,5.079307e-01,3.106669e+00,2.400006e+00,1.841424e+00,1.810708e+00,1.076154e+01,1.698997e+00
396053,1,7.500455e-01,9.712057e-01,7.500457e-01,2.715256e-01,3.644305e-02,4.703886e-02,6.227998e-01,1.105840e+00,2.097690e-01,1.911507e+00,1.803775e+00,1.284789e+00,1.468745e+00
396054,1,8.481564e-01,9.572514e-01,8.481565e-01,2.598772e-01,3.500288e-02,2.311676e+00,6.685995e-01,2.441333e+00,8.724105e-01,1.224477e+00,1.431286e+00,4.220072e+00,8.925653e-01
396055,1,8.001441e-01,9.832913e-01,8.001443e-01,2.568878e-01,1.558521e-02,1.147321e+00,6.130897e-01,3.437373e+00,2.171410e+00,3.752254e+00,3.370282e+00,3.012813e+00,3.476754e+00
396056,1,7.798190e-01,9.715009e-01,7.798191e-01,4.384187e-01,2.076840e-02,2.995420e+00,5.162672e-01,1.512270e+00,2.055565e+00,2.057383e+00,1.309872e+00,1.536941e+00,1.161400e+00
396057,1,9.298495e-01,9.820413e-01,9.298495e-01,6.409002e-01,9.629266e-03,2.938743e+00,5.784288e-01,2.368589e+00,7.463507e-01,2.871948e+00,2.220755e+00,6.282224e+00,1.420321e+00
396058,1,9.224149e-01,9.946538e-01,9.224150e-01,2.168883e-01,2.768870e-02,3.972538e+00,5.594902e-01,2.617030e+00,2.926766e+00,2.942396e+00,2.381890e+00,5.978782e+00,2.838879e+00
396059,1,9.725294e-01,9.960805e-01,9.725294e-01,6.087224e-01,8.880750e-03,4.046113e+00,5.910563e-01,2.850920e+00,2.911172e-01,3.328521e+00,2.094103e+00,9.141726e+00,4.178448e+00
396060,1,9.076325e-01,9.806606e-01,9.076326e-01,2.445027e-01,3.219025e-02,1.142998e+00,5.451370e-01,1.640134e+00,7.755208e-01,2.296971e+00,1.803355e+00,2.336331e+00,2.421816e+00
396061,1,9.579733e-01,9.862543e-01,9.579733e-01,3.702634e-02,2.357458e-02,1.433916e+00,5.981911e-01,1.042691e+00,1.425032e-01,1.906119e+00,1.097142e+00,5.765001e+00,7.494195e-01
396062,1,9.311171e-01,9.893429e-01,9.311172e-01,3.142182e-01,3.137009e-02,2.998786e-02,6.068845e-01,4.448612e+00,3.461731e-01,4.579685e+00,4.304657e+00,2.093325e+00,2.001667e+00
396063,1,9.811167e-01,9.957888e-01,9.811167e-01,2.987166e-01,3.576931e-02,5.392867e-01,6.151338e-01,5.965353e+00,6.695180e+00,5.756773e+00,5.299493e+00,2.011296e-01,4.221400e-01
396064,1,8.641782e-01,9.854092e-01,8.641783e-01,2.583131e-01,3.079839e-02,1.068676e+00,5.511787e-01,4.203307e+00,4.609058e+00,3.939259e+00,3.138458e+00,4.558161e+00,1.038844e-01
396065,1,8.229834e-01,9.603558e-01,8.229835e-01,4.137201e-01,3.904487e-02,2.526019e-01,5.695283e-01,4.022598e+00,8.846655e-01,4.006674e+00,3.103444e+00,3.127358e+00,2.477197e-01
396066,1,7.914083e-01,9.191736e-01,7.914084e-01,3.934507e-01,3.967845e-02,2.430167e-01,5.710610e-01,3.235880e+00,2.861586e-01,3.656851e+00,2.291920e+00,3.529713e+00,1.070461e+00
396067,1,7.525738e-01,9.187528e-01,7.525739e-01,4.087078e-01,3.948445e-02,6.005227e-01,5.572548e-01,2.104336e+00,2.289595e-01,2.560100e+00,1.477385e+00,3.245642e+00,4.315569e-01
396068,1,7.204489e-01,9.481730e-01,7.204491e-01,4.482998e-01,3.955716e-02,3.211654e-02,5.556815e-01,1.813453e+00,7.978167e-01,2.591830e+00,1.065310e+00,1.044742e+00,4.131174e-01
396069,1,8.011572e-01,9.110906e-01,8.011573e-01,3.378515e-01,3.466375e-02,2.133080e-01,5.584876e-01,3.731341e-01,7.799526e-01,1.590325e+00,1.644456e-01,3.763739e+00,5.457346e-01
396070,1,7.285394e-01,9.517690e-01,7.285395e-01,3.367682e-01,3.685037e-02,2.113675e-01,5.590949e-01,2.053011e+00,1.417023e+00,3.037121e+00,1.515412e+00,2.261419e+00,8.114622e-01
396071,1,7.475173e-01,9.627143e-01,7.475175e-01,3.479169e-01,3.567432e-02,1.703802e-01,5.423311e-01,2.467128e+00,1.672598e+00,3.197418e+00,1.775118e+00,2.461296e+00,1.745214e+00
396072,1,7.737264e-01,9.592898e-01,7.737265e-01,3.578585e-01,3.394158e-02,5.509163e-01,5.348082e-01,1.106733e+00,1.074681e+00,2.220689e+00,2.949459e-01,3.476515e+00,1.142984e+00
396073,1,7.528797e-01,9.667487e-01,7.528798e-01,3.803204e-01,3.540734e-02,8.417118e-02,5.001763e-01,9.354431e-01,1.775701e+00,1.984440e+00,2.558168e-01,2.050868e+00,1.068937e+00
396074,0,8.187083e-01,9.726023e-01,8.187084e-01,3.245317e-01,3.487802e-02,2.095216e-01,5.483018e-01,1.218189e+00,3.965921e+00,2.361264e+00,6.488540e-01,2.832578e+00,4.374193e-01
396075,0,7.011899e-01,9.437797e-01,7.011901e-01,3.124053e-01,3.635707e-02,1.655515e-01,5.228685e-01,1.968288e+00,1.550281e-01,2.806614e+00,1.516544e+00,2.782904e+00,5.236957e-01
396076,0,7.065311e-01,9.102084e-01,7.065312e-01,3.259967e-01,3.732469e-02,2.054221e-01,5.087115e-01,1.286077e+00,1.465681e-01,2.290815e+00,8.446819e-01,1.301439e+00,9.108173e-01
396077,0,7.081347e-01,9.309091e-01,7.081348e-01,2.656475e-01,3.326277e-02,4.558097e-02,5.023674e-01,1.860715e+00,7.871153e-01,2.636458e+00,1.225807e+00,2.492933e+00,1.412096e-01
396078,0,7.488344e-01,9.292491e-01,7.488346e-01,2.597520e-01,3.447970e-02,3.995101e-01,5.025270e-01,7.594410e-01,1.015647e+00,5.836442e-01,1.184323e+00,3.209453e+00,9.710442e-01
396079,0,6.400819e-01,9.009268e-01,6.400821e-01,3.005304e-01,3.593592e-02,1.733192e-01,5.147079e-01,1.508373e-01,4.162388e-01,1.122515e+00,6.808223e-01,1.970953e+00,5.912213e-02
396080,0,7.485392e-01,9.456572e-01,7.485393e-01,2.957784e-01,3.497428e-02,1.831817e-01,5.174528e-01,1.219488e+00,3.114840e+00,3.324433e-01,1.168925e+00,3.206778e+00,2.882719e-01
396081,0,7.007567e-01,9.394235e-01,7.007569e-01,2.959916e-01,3.902991e-02,1.720027e-01,5.281468e-01,2.112182e+00,1.290887e+00,2.803514e+00,1.431547e+00,1.915590e+00,7.764493e-01
396082,0,7.267006e-01,9.417536e-01,7.267008e-01,3.156738e-01,3.650470e-02,1.738077e-01,4.973274e-01,1.357665e+00,9.566160e-01,2.272973e+00,5.238872e-01,2.793968e+00,2.147802e+00
396083,0,7.034512e-01,9.337343e-01,7.034514e-01,3.883198e-01,3.518119e-02,1.828303e-01,4.743235e-01,2.139651e-01,2.823526e+00,8.738385e-01,8.725967e-01,2.107305e+00,1.265275e+00
396084,0,8.667683e-01,9.796193e-01,8.667684e-01,2.453436e-01,3.397966e-02,1.647659e-01,4.520836e-01,3.365469e+00,4.655239e+00,1.468590e+00,3.834601e+00,2.391727e+00,1.684921e+00
396085,0,9.034123e-01,9.836201e-01,9.034123e-01,7.379691e-01,3.742099e-02,2.471257e+00,4.984107e-01,2.103227e+00,2.979465e+00,2.910599e+00,1.720067e+00,5.365338e+00,1.198059e+00
396086,0,9.546777e-01,9.688826e-01,9.546777e-01,2.102302e-01,1.617130e-02,1.371368e+00,4.873972e-01,1.697299e+00,2.033651e-01,3.525083e-01,1.893776e+00,7.695520e+00,4.749201e-01
396087,0,6.786671e-01,9.306457e-01,6.786673e-01,1.997161e-01,4.144992e-02,4.212274e-01,5.171252e-01,2.306829e-01,1.235356e+00,9.289678e-01,7.617954e-01,2.665706e+00,3.877053e-01
396088,0,7.101555e-01,9.388578e-01,7.101557e-01,2.595470e-01,4.441308e-02,1.903898e-01,5.409013e-01,1.606914e+00,2.963078e-01,2.186966e+00,9.565455e-01,2.876420e+00,3.472908e-01
396089,0,7.550066e-01,9.473368e-01,7.550068e-01,3.085946e-01,4.557937e-02,5.807290e-01,5.582605e-01,2.127109e+00,1.819676e+00,8.157620e-01,1.982782e+00,3.270893e+00,2.704348e-01
396090,0,8.328489e-01,9.843078e-01,8.328490e-01,3.455535e-01,4.733737e-02,7.072564e-03,5.748242e-01,2.745425e+00,4.158748e+00,3.126144e+00,1.915814e+00,2.465983e+00,3.260888e-01
396091,0,7.264389e-01,9.329599e-01,7.264391e-01,2.854715e-01,4.862893e-02,2.317429e-01,5.831429e-01,1.286824e-01,2.691784e+00,7.664854e-01,3.808145e-01,1.999797e+00,1.857563e-01
396092,0,8.032912e-01,9.647739e-01,8.032913e-01,3.000089e-01,4.696697e-02,1.839716e-01,5.721914e-01,1.412743e+00,1.036640e+00,2.046527e+00,5.441385e-01,3.787401e+00,6.432939e-01
396093,0,6.508173e-01,8.937684e-01,6.508175e-01,2.738189e-01,5.118274e-02,2.204872e-01,5.863533e-01,8.311114e-01,8.066657e-01,1.514352e+00,9.131305e-03,2.497524e+00,6.725637e-01
396094,0,7.937050e-01,9.454274e-01,7.937051e-01,2.847565e-01,4.901560e-02,1.852163e-01,5.509437e-01,5.809153e-01,3.680787e+00,4.254000e-01,1.713046e+00,2.207878e+00,1.288871e+00
396095,0,8.128385e-01,9.670263e-01,8.128386e-01,2.722295e-01,4.498744e-02,1.893346e-01,5.399549e-01,1.885142e-01,3.893466e+00,1.213124e+00,3.856716e-01,3.361667e+00,4.767709e-01
396096,0,5.842691e-01,8.645162e-01,5.842693e-01,2.740523e-01,4.929559e-02,1.534650e-01,5.523830e-01,1.609124e+00,1.746475e+00,2.118617e+00,6.681043e-01,1.836082e+00,3.858124e-01
396097,0,6.818318e-01,8.184526e-01,6.818320e-01,2.531714e-01,4.595984e-02,4.183803e-02,5.388941e-01,8.621985e-01,2.279405e-01,1.552576e+00,2.313935e-02,2.058673e+00,3.568306e-01
396098,0,6.498926e-01,9.057868e-01,6.498928e-01,2.519982e-01,4.465385e-02,3.348167e-01,5.491723e-01,4.911073e-01,1.739967e+00,1.211053e+00,2.726213e-01,1.579761e+00,1.269186e+00
396099,0,9.432846e-01,9.865991e-01,9.432847e-01,1.953896e-01,4.274468e-02,2.592209e-01,5.213385e-01,5.247405e+00,7.375574e-01,3.065429e+00,6.976058e+00,3.007928e+00,1.301701e+00
396100,0,7.860618e-01,9.303717e-01,7.860620e-01,1.762525e-01,4.719274e-02,5.638932e-02,6.084050e-01,2.898098e+00,7.720097e-01,3.602587e+00,2.274658e+00,2.702814e+00,2.797160e-02
396101,0,9.462125e-01,9.842495e-01,9.462125e-01,2.536247e-01,4.929740e-02,8.786819e-02,5.945519e-01,5.830926e+00,2.424313e+00,3.643958e+00,7.121380e+00,2.195461e+00,1.539605e-01
396102,0,6.680006e-01,9.203882e-01,6.680009e-01,1.600866e-01,4.778933e-02,5.972070e-02,6.045016e-01,2.351024e+00,1.647873e+00,6.930906e-01,2.163093e+00,1.767796e+00,9.209498e-01
396103,0,7.131010e-01,9.407088e-01,7.131012e-01,2.080675e-01,4.899610e-02,7.963789e-02,6.096240e-01,2.077942e+00,2.127687e+00,9.027917e-01,1.017529e+00,2.901483e+00,1.387153e-01
396104,0,8.015161e-01,9.691602e-01,8.015162e-01,2.209971e-01,5.319516e-02,5.089650e-01,6.086717e-01,3.767407e+00,1.367360e-02,3.709891e+00,2.769895e+00,3.389877e+00,1.215819e-01
396105,0,7.147647e-01,9.633490e-01,7.147649e-01,3.130677e-01,5.609664e-02,2.604088e-01,6.168588e-01,2.613323e+00,1.962183e+00,2.609700e+00,1.516129e+00,2.692191e+00,5.548231e-01
396106,0,7.517163e-01,9.362678e-01,7.517165e-01,3.332882e-01,5.372757e-02,4.875880e-01,6.036248e-01,3.237090e+00,2.545378e+00,2.318366e+00,2.782914e+00,9.373605e-01,2.113329e+00
396107,0,6.608702e-01,9.451021e-01,6.608705e-01,1.832562e-01,4.542957e-02,3.947940e-02,5.641785e-01,2.176670e+00,1.392740e+00,1.096654e+00,1.856930e+00,2.401231e+00,5.626127e-01
396108,0,7.715376e-01,8.633529e-01,7.715376e-01,2.543632e-01,4.904461e-02,7.733405e-01,5.845289e-01,1.205890e+00,2.370870e+00,3.359486e-01,1.719679e+00,6.719350e-02,7.936462e-01
396109,0,7.905278e-01,9.730638e-01,7.905280e-01,7.172731e-02,4.069402e-02,3.968400e-01,5.683893e-01,3.626742e+00,1.266055e+00,3.578631e+00,2.536200e+00,3.647802e+00,3.346052e-01
396110,0,8.890896e-01,9.816612e-01,8.890896e-01,2.394111e-01,4.753323e-02,3.460807e-01,5.722634e-01,2.999311e+00,5.034444e+00,2.859625e+00,1.948763e+00,2.930493e+00,1.204587e+00
396111,0,8.232556e-01,9.606157e-01,8.232558e-01,3.043780e-01,4.632834e-02,8.891246e-01,5.565057e-01,9.977165e-01,1.431777e+00,1.282198e+00,2.287537e-01,4.025947e+00,2.429723e-01
396112,0,6.948321e-01,9.195148e-01,6.948323e-01,3.801842e-01,5.111013e-02,5.898140e-02,5.785127e-01,2.712896e+00,8.368669e-01,2.764545e+00,1.578621e+00,1.851204e+00,2.999036e-01
396113,0,7.046976e-01,9.238851e-01,7.046978e-01,3.460608e-01,4.535970e-02,2.712143e-01,5.700716e-01,3.588632e-01,3.308749e-01,9.213933e-01,9.383317e-02,2.556326e+00,2.699728e-01
396114,0,9.649711e-01,9.846296e-01,9.649712e-01,3.545687e-01,4.704809e-02,8.266271e-02,5.858409e-01,8.289443e+00,1.585132e+00,5.901016e+00,8.480042e+00,2.125851e+00,9.912998e-01
396115,0,8.388549e-01,9.819423e-01,8.388550e-01,2.058344e-01,4.347625e-02,4.858397e-01,5.888699e-01,3.929493e+00,1.308917e+00,4.236074e+00,3.200692e+00,3.797914e+00,5.263823e-01
396116,0,7.428638e-01,9.612434e-01,7.428640e-01,3.261730e-01,4.980584e-02,3.240629e-01,6.243977e-01,3.136557e+00,3.297333e-01,3.154435e+00,2.200356e+00,3.125933e+00,1.726495e+00
396117,0,9.181328e-01,9.627266e-01,9.181328e-01,3.461398e-01,4.840852e-02,3.111482e-01,5.768191e-01,4.171283e+00,3.180342e-01,2.552242e+00,5.866788e+00,2.658233e+00,2.903986e-01
396118,0,7.679609e-01,9.335487e-01,7.679610e-01,2.620741e-01,4.670359e-02,3.155426e-01,6.006308e-01,2.905924e+00,2.123257e-02,3.415436e+00,2.196191e+00,2.607418e+00,3.241948e-01
396119,0,6.902918e-01,9.120046e-01,6.902920e-01,3.337178e-01,4.615178e-02,8.658727e-02,5.863061e-01,1.291706e+00,5.382407e-01,1.567525e+00,7.363575e-01,1.380859e+00,2.830401e-01
396120,0,6.721714e-01,9.072666e-01,6.721716e-01,3.633406e-01,4.265333e-02,5.177412e-01,5.764650e-01,1.711291e+00,4.066273e-03,1.952425e+00,1.011987e+00,2.626995e+00,1.178935e+00
396121,0,9.364442e-01,9.685502e-01,9.364442e-01,3.268761e-01,4.154293e-02,6.511866e-01,5.677182e-01,6.106041e+00,3.201417e-01,4.137666e+00,6.581584e+00,4.238102e+00,1.019701e+00
396122,0,9.140982e-01,9.314590e-01,9.140982e-01,3.227206e-01,4.516396e-02,4.916832e-02,5.656548e-01,5.725628e+00,8.861593e-01,3.691348e+00,4.507681e+00,1.696123e+00,4.332112e-01
396123,0,8.285279e-01,9.739336e-01,8.285280e-01,2.426947e-01,4.328726e-02,2.849256e-01,5.768347e-01,4.086771e+00,2.804148e-01,4.099693e+00,3.640697e+00,2.917593e+00,3.825245e-01
396124,0,6.690349e-01,8.930453e-01,6.690351e-01,3.167011e-01,4.786205e-02,3.138937e-02,5.855917e-01,2.608757e+00,1.118648e+00,2.601526e+00,1.957456e+00,1.912282e+00,1.619055e-01
396125,0,8.145605e-01,9.257839e-01,8.145606e-01,3.107859e-01,4.453944e-02,5.361103e-01,5.754514e-01,2.149612e+00,3.072385e-01,1.998852e+00,1.265380e+00,3.913541e+00,1.203780e+00
396126,0,6.738156e-01,9.231744e-01,6.738159e-01,3.359406e-01,4.740456e-02,3.294381e-01,5.537236e-01,1.613791e+00,9.323284e-01,1.738522e+00,9.165587e-01,2.480054e+00,4.786559e-01
396127,0,6.551312e-01,8.571881e-01,6.551314e-01,3.447263e-01,4.559696e-02,4.626026e-01,5.406579e-01,1.399165e+00,2.257927e-01,1.581024e+00,8.046764e-01,5.561800e-01,3.335499e-01
396128,0,7.321373e-01,9.046376e-01,7.321374e-01,3.339453e-01,3.890839e-02,3.740980e-01,5.485274e-01,1.526173e+00,8.810795e-01,1.915908e+00,8.295667e-01,3.066555e+00,4.479175e-01
396129,0,7.516191e-01,9.369360e-01,7.516192e-01,2.952123e-01,4.128661e-02,2.685831e-01,5.392581e-01,7.603686e-01,3.025811e-01,9.991479e-01,1.759868e-01,8.510271e-01,1.736387e+00
396130,0,8.462646e-01,9.434173e-01,8.462647e-01,2.450824e-01,3.565671e-02,7.163377e-01,5.040794e-01,3.304582e+00,1.619867e-01,1.892341e+00,4.000049e+00,4.326878e+00,2.976127e-01
396131,0,7.460993e-01,9.595055e-01,7.460995e-01,2.945879e-01,4.265109e-02,2.739839e-01,5.482798e-01,2.007483e+00,9.236550e-01,4.774615e-01,3.019183e+00,2.001343e+00,2.553138e-02
396132,0,6.968370e-01,9.046712e-01,6.968372e-01,2.820853e-01,4.130368e-02,2.427519e-01,5.618216e-01,1.493938e+00,7.019380e-01,2.147233e+00,1.127350e+00,2.777844e+00,1.251405e+00
396133,0,6.879138e-01,8.810481e-01,6.879140e-01,3.077351e-01,4.312715e-02,2.621976e-01,5.386563e-01,1.383339e+00,1.060769e-01,1.892576e+00,4.428358e-01,2.573987e+00,1.476219e+00
396134,0,7.341334e-01,9.276632e-01,7.341335e-01,2.947623e-01,4.214436e-02,2.668771e-01,5.056867e-01,2.216711e+00,1.802759e+00,2.440999e+00,1.321654e+00,3.082355e+00,7.553811e-01
396135,0,6.050804e-01,9.133978e-01,6.050807e-01,3.232322e-01,4.300258e-02,2.315343e-01,4.896395e-01,1.429032e+00,1.150933e+00,1.743356e+00,4.897844e-01,1.888333e+00,3.105360e-01
396136,0,6.990506e-01,8.868399e-01,6.990507e-01,3.332425e-01,4.111472e-02,2.090858e-01,4.811374e-01,4.446252e-01,2.111535e-01,1.013126e+00,2.750938e-01,2.697448e+00,2.296173e-01
396137,0,7.304276e-01,9.079790e-01,7.304278e-01,3.171126e-01,4.096226e-02,2.632053e-01,5.064186e-01,2.137995e+00,1.040584e+00,2.363459e+00,1.332888e+00,3.052906e+00,1.949556e-01
396138,0,6.559693e-01,8.960296e-01,6.559695e-01,3.124829e-01,4.269793e-02,2.519445e-01,5.101269e-01,1.613103e+00,6.171127e-01,2.016567e+00,7.440149e-01,1.773060e+00,2.552305e-01
396139,0,7.546972e-01,8.739410e-01,7.546973e-01,3.351972e-01,4.121157e-02,2.398885e-01,5.158436e-01,1.833033e+00,3.907452e-01,8.950517e-01,1.626544e+00,3.267744e+00,8.213678e-01
396140,0,9.126785e-01,9.431061e-01,9.126785e-01,2.803045e-01,4.184996e-02,2.506091e-01,5.125872e-01,4.346277e+00,1.219295e-01,2.511213e+00,5.673412e+00,2.709527e+00,1.668542e-01
396141,0,7.922481e-01,9.327566e-01,7.922482e-01,2.267979e-01,4.184357e-02,6.113798e-01,5.390128e-01,3.161392e+00,4.829485e-01,3.665774e+00,2.497838e+00,3.234565e+00,1.431760e+00
396142,0,7.021923e-01,9.326258e-01,7.021925e-01,3.300168e-01,4.412534e-02,3.950665e-01,4.860467e-01,1.591198e+00,2.900894e-01,1.970571e+00,8.195705e-01,2.797462e+00,4.401833e-03
396143,0,8.781102e-01,9.409280e-01,8.781102e-01,3.672126e-01,4.546560e-02,4.023493e-01,5.108711e-01,4.833108e+00,6.242012e-01,3.194934e+00,4.696395e+00,3.178178e+00,4.862999e-01
396144,0,9.014551e-01,9.389250e-01,9.014551e-01,3.067159e-01,4.496146e-02,3.685214e-02,5.189835e-01,5.309938e+00,2.518985e+00,3.682871e+00,2.841773e+00,2.134263e+00,9.062550e-01
396145,0,6.831366e-01,8.849376e-01,6.831368e-01,2.759616e-01,4.451315e-02,2.825790e-01,5.174536e-01,1.719990e+00,2.101026e-01,2.068031e+00,1.060861e+00,2.612268e+00,4.486546e-01
396146,0,7.146657e-01,8.914506e-01,7.146659e-01,3.113276e-01,4.420889e-02,9.057212e-02,5.094556e-01,2.748508e+00,2.858977e-01,2.785364e+00,1.963851e+00,1.724557e+00,2.013089e-01
396147,0,7.250953e-01,8.558144e-01,7.250954e-01,2.829773e-01,4.326172e-02,5.323631e-01,5.024268e-01,2.458747e+00,1.123383e-01,1.701696e+00,1.777804e+00,3.007336e+00,3.988185e-01
396148,0,7.127704e-01,9.159648e-01,7.127706e-01,3.006484e-01,4.364151e-02,2.903066e-01,5.108388e-01,2.073272e+00,8.083796e-01,2.139869e+00,1.407446e+00,2.898786e+00,2.545329e-01
396149,0,7.223778e-01,9.344415e-01,7.223780e-01,3.226884e-01,4.498289e-02,2.942887e-01,5.143715e-01,1.898598e+00,5.644972e-01,1.893981e+00,1.202052e+00,2.983094e+00,4.417446e-01
396150,0,6.805465e-01,9.135498e-01,6.805467e-01,3.127556e-01,4.620883e-02,6.898614e-02,5.350015e-01,1.070514e+00,1.656871e+00,1.504065e+00,3.529330e-01,1.381888e+00,1.873077e-01
396151,0,8.032045e-01,8.874463e-01,8.032046e-01,2.954147e-01,4.260005e-02,4.851103e-01,5.446066e-01,8.050296e-01,5.755986e-02,9.988784e-01,2.387181e-01,3.786326e+00,2.974916e-01
396152,0,6.676364e-01,8.860142e-01,6.676366e-01,3.004035e-01,4.606974e-02,2.773497e-01,5.398340e-01,2.040757e+00,5.089287e-02,2.318999e+00,1.278734e+00,1.864185e+00,1.837921e-01
396153,0,8.698500e-01,9.740361e-01,8.698501e-01,3.476433e-01,4.407326e-02,6.225907e-01,5.356105e-01,1.501034e+00,4.271531e+00,1.812206e+00,7.925309e-01,4.344575e+00,3.476098e+00
396154,0,7.886467e-01,8.693426e-01,7.886467e-01,3.923316e-01,4.139273e-02,4.000058e-01,4.679316e-01,2.399065e-01,3.628880e+00,7.518602e-01,3.844561e-01,2.129255e+00,1.058005e+00
396155,0,8.832392e-01,9.602162e-01,8.832393e-01,3.261453e-01,3.921827e-02,3.531238e-01,4.234738e-01,3.925106e+00,1.526487e+00,2.127418e+00,4.917067e+00,3.777991e+00,7.576520e-02
396156,0,7.044165e-01,9.308614e-01,7.044167e-01,2.932311e-01,4.146513e-02,5.034323e-03,4.673967e-01,2.500431e+00,2.057413e-01,2.830926e+00,2.068924e+00,1.669068e+00,1.476320e+00
396157,0,7.523775e-01,8.673749e-01,7.523776e-01,2.824244e-01,3.632738e-02,5.940391e-01,4.206472e-01,2.070358e+00,1.077522e+00,2.297942e+00,1.342570e+00,3.243622e+00,1.124036e+00
396158,0,7.692674e-01,8.951863e-01,7.692675e-01,3.323198e-01,3.823245e-02,5.913289e-03,3.953524e-01,7.870398e-01,2.332802e+00,3.865506e-02,1.189986e+00,1.834734e+00,1.510329e+00
396159,0,6.462522e-01,8.706527e-01,6.462524e-01,7.318409e-01,3.890376e-02,1.496670e-01,4.464799e-01,2.089517e-01,2.488086e-01,8.764565e-01,5.067257e-01,8.094454e-01,3.373216e-04
396160,0,7.417358e-01,9.610241e-01,7.417360e-01,1.665142e-01,3.294169e-02,8.073322e-02,4.766087e-01,2.282583e+00,2.313534e+00,2.558312e+00,1.520183e+00,2.624753e+00,1.944946e+00
396161,0,8.500712e-01,9.214436e-01,8.500712e-01,2.155780e-01,3.943908e-02,8.082453e-01,4.837373e-01,4.250107e-01,6.309815e-01,9.468770e-01,1.434014e-01,4.377097e+00,6.424910e-01
396162,0,7.126891e-01,8.805672e-01,7.126892e-01,3.632174e-01,4.510743e-02,2.161332e-02,5.034425e-01,1.600710e+00,2.190983e+00,2.035085e+00,9.028301e-01,1.853828e+00,2.563014e+00
396163,0,6.990435e-01,8.860584e-01,6.990437e-01,3.244901e-01,3.686163e-02,2.442798e-01,4.480776e-01,8.009242e-01,2.026275e-02,4.603915e-02,1.214470e+00,2.618289e+00,1.386289e+00
396164,0,6.652107e-01,8.946612e-01,6.652109e-01,2.540565e-01,3.518661e-02,2.228177e-01,4.118150e-01,1.167826e+00,1.609121e+00,1.599125e+00,5.081662e-01,2.586050e+00,9.073320e-02
396165,0,7.608340e-01,9.269773e-01,7.608341e-01,2.741342e-01,3.684644e-02,5.944964e-01,4.263817e-01,1.548839e+00,6.214850e-01,2.000919e+00,7.811699e-01,3.334782e+00,1.191784e+00
396166,0,6.275307e-01,7.772492e-01,6.275308e-01,3.370162e-01,3.665750e-02,5.291168e-02,3.895077e-01,3.777978e-01,6.372193e-01,3.281951e-01,9.564886e-01,1.089424e+00,8.446039e-01
396167,0,6.543286e-01,7.973064e-01,6.543287e-01,2.685705e-01,3.294606e-02,1.835261e-01,3.853929e-01,1.543887e+00,5.822941e-02,4.485114e-01,1.993473e+00,2.519091e+00,7.883396e-03
396168,0,8.173699e-01,9.188890e-01,8.173700e-01,2.578578e-01,3.274280e-02,5.681700e-01,3.834196e-01,1.908170e+00,8.025582e-01,2.288744e+00,1.243341e+00,3.949124e+00,1.536960e-01
396169,0,6.248857e-01,8.131064e-01,6.248859e-01,3.213852e-01,3.924966e-02,2.952383e-02,3.975777e-01,3.155047e-01,1.138688e+00,5.272286e-01,1.269811e+00,1.241014e+00,1.577496e+00
396170,0,9.040275e-01,9.699434e-01,9.040276e-01,4.623781e-01,3.350042e-02,1.307863e+00,3.721884e-01,1.347845e+00,4.872333e-01,1.798838e+00,6.132345e-01,2.718333e+00,8.368686e-01
396171,0,9.426234e-01,9.816524e-01,9.426234e-01,1.481895e-03,1.484633e-02,1.441027e+00,3.277608e-01,3.244550e-01,7.364078e-02,8.614859e-01,9.987903e-02,6.941292e+00,6.460986e-02
396172,0,6.690491e-01,8.303278e-01,6.690492e-01,3.356493e-01,3.392297e-02,3.475930e-01,3.705218e-01,1.153100e+00,5.018455e-01,1.573419e+00,5.958998e-01,2.180756e+00,2.307174e-01
396173,0,8.110457e-01,9.512050e-01,8.110458e-01,3.281889e-01,3.265076e-02,5.357677e-02,3.598061e-01,8.225768e-01,2.503730e+00,1.321812e+00,1.146696e-01,1.289117e+00,2.002462e+00
396174,0,7.714456e-01,9.512899e-01,7.714458e-01,2.761184e-01,3.413419e-02,1.866503e-01,4.062853e-01,6.346266e-01,1.729136e+00,1.034833e+00,1.023661e-01,2.682768e+00,9.465252e-01
396175,0,9.575260e-01,9.808144e-01,9.575260e-01,2.774419e-01,3.753071e-02,2.155266e-01,4.662930e-01,7.946823e+00,1.929201e-01,5.759276e+00,6.104633e+00,2.858575e+00,4.071259e-01
396176,0,7.089815e-01,9.281512e-01,7.089817e-01,2.538365e-01,4.040225e-02,2.412745e-01,5.060522e-01,1.782287e+00,2.866284e+00,2.281257e+00,1.275525e+00,2.219324e+00,1.484574e+00
396177,0,7.152103e-01,9.179944e-01,7.152104e-01,3.060827e-01,3.881219e-02,2.629814e-01,4.532983e-01,1.650420e+00,1.458528e+00,1.934419e+00,8.555281e-01,2.918550e+00,2.033646e+00
396178,0,6.856242e-01,8.208040e-01,6.856244e-01,2.901408e-01,3.726953e-02,2.946765e-01,4.289311e-01,4.413490e-01,1.530055e+00,8.957605e-01,3.597909e-01,2.707966e+00,1.134463e-01
396179,0,7.121675e-01,9.294365e-01,7.121677e-01,2.881415e-01,3.745789e-02,6.220105e-01,4.157582e-01,1.584938e+00,5.837241e-01,1.846152e+00,9.846751e-01,2.893763e+00,1.791404e+00
396180,0,6.977900e-01,8.574851e-01,6.977901e-01,3.270260e-01,3.622951e-02,3.823670e-01,3.873705e-01,2.019889e+00,1.889890e-01,2.137608e+00,1.052499e+00,2.783833e+00,7.280668e-01
396181,0,8.851044e-01,8.677851e-01,8.851044e-01,3.453715e-01,3.559321e-02,3.657788e-01,3.573414e-01,4.007120e+00,6.375740e-01,2.515008e+00,4.953293e+00,2.452110e+00,2.662974e-01
396182,0,6.924895e-01,8.900045e-01,6.924896e-01,3.016587e-01,3.386034e-02,2.622290e-02,3.905874e-01,2.470127e+00,8.765427e-02,2.749617e+00,1.821554e+00,1.774699e+00,1.079318e+00
396183,0,7.669725e-01,8.571527e-01,7.669726e-01,2.539126e-01,3.186689e-02,5.947307e-01,3.514060e-01,1.417711e+00,1.570486e+00,1.743093e+00,7.520082e-01,3.404239e+00,6.279400e-01
396184,0,6.340246e-01,8.054954e-01,6.340248e-01,3.668756e-01,3.393811e-02,3.822400e-01,3.502920e-01,7.535051e-01,2.182935e+00,8.207188e-02,1.844107e+00,2.394480e+00,9.217476e-01
396185,0,7.451923e-01,9.110906e-01,7.451925e-01,2.921998e-01,3.145897e-02,3.634102e-02,3.237622e-01,8.818460e-01,2.022183e+00,1.394436e+00,3.068707e-01,1.660324e+00,1.758533e+00
396186,0,6.687874e-01,8.740471e-01,6.687876e-01,2.911088e-01,3.266353e-02,2.163419e-01,3.895389e-01,1.472022e+00,1.020919e+00,1.761431e+00,7.733152e-01,2.355854e+00,2.539419e-01
396187,0,8.067583e-01,8.699543e-01,8.067583e-01,2.847468e-01,3.374104e-02,2.314419e-01,3.857798e-01,3.463768e+00,9.247185e-01,2.091603e+00,3.826562e+00,2.397949e+00,5.692762e-01
396188,0,7.186844e-01,8.910458e-01,7.186846e-01,2.457693e-01,3.481859e-02,2.352997e-01,4.303229e-01,1.549899e+00,7.491503e-01,3.346387e-01,2.200842e+00,2.949211e+00,4.102314e-01
396189,0,7.679715e-01,9.378889e-01,7.679716e-01,2.278511e-01,3.772914e-02,6.305215e-01,4.384277e-01,3.082810e+00,7.181722e-01,1.876091e+00,2.258421e+00,3.217110e+00,9.928106e-01
396190,0,6.735098e-01,8.816386e-01,6.735100e-01,3.089155e-01,4.396103e-02,4.434388e-01,5.018284e-01,1.709397e+00,5.685419e-01,2.085283e+00,9.437301e-01,2.635012e+00,2.988887e-01
396191,0,7.351535e-01,9.106592e-01,7.351537e-01,3.436482e-01,4.294410e-02,4.335648e-01,4.926767e-01,6.783294e-01,2.486946e+00,5.128766e-02,1.319596e+00,3.090757e+00,4.872666e-01
396192,0,8.122126e-01,9.591979e-01,8.122127e-01,3.437300e-01,4.489640e-02,4.259383e-01,5.028307e-01,2.302079e+00,3.886532e+00,2.383629e+00,1.470245e+00,2.286088e+00,1.714343e+00
396193,0,6.981471e-01,9.391530e-01,6.981473e-01,3.983255e-01,3.912171e-02,5.367011e-02,4.534618e-01,1.811774e+00,4.407371e-01,1.879079e+00,1.029002e+00,2.439761e+00,2.269007e+00
396194,0,7.333660e-01,8.588994e-01,7.333662e-01,3.007427e-01,3.459907e-02,6.369551e-01,3.862048e-01,1.707434e+00,2.759417e-02,1.745176e+00,7.811923e-01,3.076371e+00,1.275484e+00
396195,0,7.356821e-01,8.849676e-01,7.356823e-01,3.378720e-01,3.430018e-02,3.852034e-01,3.666772e-01,1.230839e+00,5.856290e-01,1.483807e+00,3.593313e-01,3.095132e+00,5.593964e-01
396196,0,6.697386e-01,8.992631e-01,6.697388e-01,3.180341e-01,3.494765e-02,3.668562e-01,3.463975e-01,1.402573e+00,8.363376e-01,1.687676e+00,6.258475e-01,2.361439e+00,9.843395e-01
396197,0,9.363416e-01,8.916504e-01,9.363416e-01,4.010210e-01,3.660274e-02,2.508079e-03,3.690858e-01,5.213069e+00,5.355620e-01,3.472170e+00,6.576759e+00,2.420599e+00,8.372047e-02
396198,0,7.793327e-01,9.219121e-01,7.793329e-01,1.907981e-01,3.341046e-02,6.113285e-01,4.021864e-01,3.148056e+00,1.345986e+00,3.531975e+00,2.638243e+00,2.813280e+00,3.982521e-01
396199,0,5.226006e-01,7.914298e-01,5.226008e-01,3.224676e-01,3.606485e-02,7.378472e-03,3.888077e-01,3.540667e-01,5.382681e-01,8.951954e-01,2.701322e-01,1.751706e+00,6.811358e-02
396200,0,6.577178e-01,8.504363e-01,6.577180e-01,2.590749e-01,3.397176e-02,2.031805e-01,3.578457e-01,1.918729e+00,6.946217e-02,2.167176e+00,9.888954e-01,2.451233e+00,7.606540e-02
396201,0,6.197037e-01,8.767255e-01,6.197039e-01,2.876869e-01,3.380151e-02,2.392454e-01,3.712177e-01,2.151556e+00,1.059655e+00,1.381386e+00,1.626980e+00,2.133874e+00,1.251819e+00
396202,0,7.587990e-01,9.008048e-01,7.587991e-01,2.686124e-01,3.247274e-02,5.887646e-01,3.733857e-01,1.557149e+00,5.344799e-01,1.952914e+00,8.667393e-01,3.311879e+00,1.540890e-01
396203,0,6.115425e-01,8.769589e-01,6.115427e-01,3.128266e-01,3.691036e-02,1.265146e-02,3.848968e-01,1.114086e+00,4.999300e-01,1.395568e+00,3.254551e-01,1.521067e+00,9.282215e-01
396204,0,7.820732e-01,9.159029e-01,7.820733e-01,3.146521e-01,3.465775e-02,2.301862e-01,3.956380e-01,3.560368e+00,3.789061e-01,2.355457e+00,3.191512e+00,2.727439e+00,8.647173e-01
396205,0,7.034388e-01,8.814812e-01,7.034390e-01,2.185552e-01,3.374418e-02,2.427108e-01,4.001278e-01,1.545326e+00,2.664444e-01,1.902224e+00,9.416234e-01,2.823461e+00,8.340461e-01
396206,0,6.099690e-01,7.824292e-01,6.099691e-01,2.629475e-01,3.598958e-02,2.693767e-01,3.990359e-01,7.329313e-01,4.786583e-01,1.152311e+00,2.435088e-03,1.726451e+00,5.251184e-01
396207,0,6.630838e-01,8.908053e-01,6.630840e-01,2.874304e-01,3.311200e-02,2.360384e-01,3.842306e-01,1.550705e+00,6.190343e-01,1.868384e+00,8.212552e-01,2.572746e+00,1.435224e+00
396208,0,9.127881e-01,9.628115e-01,9.127881e-01,2.642397e-01,3.191728e-02,2.328509e-01,3.492325e-01,5.198711e+00,6.364623e-01,3.526933e+00,5.677590e+00,2.940507e+00,1.750014e+00
396209,0,7.017574e-01,8.660189e-01,7.017576e-01,2.297138e-01,3.617782e-02,6.294171e-01,4.172803e-01,1.415738e+00,7.656021e-01,4.568640e-01,6.186276e-01,2.738972e+00,8.287692e-02
396210,0,6.930835e-01,8.907983e-01,6.930837e-01,3.224747e-01,3.988346e-02,4.084890e-01,4.352868e-01,1.763717e+00,1.733336e-01,1.974472e+00,1.473112e+00,2.753418e+00,8.589156e-01
396211,0,6.177182e-01,8.504151e-01,6.177184e-01,3.297565e-01,3.939263e-02,3.785632e-02,4.186388e-01,1.332877e+00,2.505180e-01,1.483337e+00,5.034323e-01,2.300023e+00,1.081704e+00
396212,0,6.059290e-01,8.258532e-01,6.059292e-01,2.694058e-01,3.599240e-02,2.790988e-01,3.956327e-01,1.451027e+00,7.312977e-01,1.578509e+00,7.650373e-01,2.067758e+00,8.042985e-01
396213,0,6.863863e-01,8.354283e-01,6.863864e-01,2.933206e-01,3.397246e-02,2.423481e-01,3.720943e-01,4.692480e-01,2.712862e+00,8.972550e-01,2.041731e-01,2.287512e+00,3.522456e-01
396214,0,6.951804e-01,8.635456e-01,6.951805e-01,2.649174e-01,3.295127e-02,2.217254e-01,3.700544e-01,1.727934e+00,5.291418e-01,1.866910e+00,9.417949e-01,2.766991e+00,5.333766e-01
396215,0,7.696917e-01,8.579288e-01,7.696918e-01,2.777932e-01,3.401608e-02,5.928066e-01,3.692889e-01,3.434952e+00,3.673274e-02,2.341262e+00,2.670535e+00,2.723982e+00,9.242453e-01
396216,0,6.616411e-01,8.468686e-01,6.616412e-01,2.999655e-01,3.471657e-02,1.574220e-02,3.572525e-01,1.410409e+00,2.564225e+00,1.687166e+00,5.104226e-01,1.831151e+00,3.516354e-01
396217,0,6.810009e-01,8.914259e-01,6.810011e-01,2.648225e-01,3.152611e-02,2.204477e-01,3.512679e-01,2.007231e+00,8.317322e-01,2.183470e+00,1.259927e+00,2.679817e+00,1.086684e-01
396218,0,6.463371e-01,8.761191e-01,6.463373e-01,2.501672e-01,3.330030e-02,2.205192e-01,3.400463e-01,9.292290e-01,4.570184e-01,1.240737e+00,1.309537e-01,2.331703e+00,6.333997e-01
396219,0,7.266228e-01,8.342756e-01,7.266229e-01,2.928124e-01,3.380092e-02,6.114773e-01,3.570491e-01,6.866962e-01,1.759875e+00,1.182296e+00,1.318976e-01,3.020859e+00,1.689693e-02
396220,0,7.428797e-01,8.955169e-01,7.428799e-01,3.093858e-01,3.566122e-02,3.620493e-01,3.764563e-01,1.062294e+00,1.242803e+00,1.311586e+00,3.466085e-01,3.154561e+00,1.023931e-01
396221,0,6.697775e-01,9.165641e-01,6.697777e-01,2.988972e-01,3.677921e-02,3.792672e-01,3.772053e-01,1.664855e+00,4.198417e-01,1.983708e+00,9.569924e-01,2.437613e+00,1.121480e+00
396222,0,7.467782e-01,8.847537e-01,7.467784e-01,3.289384e-01,3.814382e-02,3.834091e-01,4.080176e-01,7.386618e-01,5.351745e-01,1.171711e+00,7.761916e-02,3.190650e+00,1.337455e+00
396223,0,8.282909e-01,8.488982e-01,8.282910e-01,3.496530e-01,3.693779e-02,3.713779e-01,3.891355e-01,9.046327e-02,4.095961e+00,5.380988e-01,9.405384e-01,2.504256e+00,1.990044e-01
396224,0,8.009503e-01,8.741072e-01,8.009504e-01,2.765867e-01,3.793282e-02,2.553891e-02,3.893973e-01,8.957713e-01,3.761436e+00,1.603695e+00,1.725104e-01,2.014194e+00,4.490434e-02
396225,0,8.179604e-01,8.501658e-01,8.179604e-01,2.478021e-01,3.798700e-02,1.966078e-01,3.883226e-01,3.706578e+00,1.539187e+00,2.304440e+00,3.956945e+00,1.062755e+00,3.313788e-01
396226,0,8.150732e-01,8.557101e-01,8.150733e-01,1.719305e-01,3.229317e-02,3.116648e-02,4.035594e-01,3.914547e-01,3.919817e+00,1.262790e+00,3.352598e-01,1.646925e+00,7.565888e-01
396227,0,7.020686e-01,8.861026e-01,7.020687e-01,2.050328e-01,3.019253e-02,4.590457e-01,3.845723e-01,1.386380e+00,3.195481e-01,1.885924e+00,5.968238e-01,2.813167e+00,1.796125e-01
396228,0,7.616844e-01,8.545273e-01,7.616845e-01,2.608576e-01,3.482538e-02,6.330833e-01,4.132911e-01,1.262322e+00,3.718221e-01,1.534640e+00,6.259808e-01,3.344761e+00,4.818409e-01
396229,0,6.330080e-01,8.040369e-01,6.330082e-01,3.303401e-01,3.789319e-02,5.944205e-03,4.050311e-01,2.181737e-01,1.743989e+00,7.710377e-01,4.974078e-01,2.058766e+00,5.960530e-01
396230,0,5.708003e-01,7.815594e-01,5.708005e-01,2.532117e-01,3.559801e-02,2.381816e-01,4.033392e-01,7.704363e-02,3.440681e-01,6.616231e-01,4.759403e-01,2.067816e+00,1.062659e+00
396231,0,8.154215e-01,9.147432e-01,8.154216e-01,2.770710e-01,3.393401e-02,6.012826e-01,3.918642e-01,3.330187e-01,1.639230e+00,3.705823e-01,8.616078e-01,3.924539e+00,9.795732e-01
396232,0,6.680554e-01,7.387825e-01,6.680555e-01,3.110376e-01,3.594096e-02,2.064940e-03,3.781260e-01,9.902479e-01,1.024885e+00,1.457694e-01,1.098618e+00,1.063401e+00,3.484096e-01
396233,0,6.434305e-01,8.707198e-01,6.434307e-01,2.462863e-01,3.191915e-02,1.439192e-01,3.588197e-01,1.976406e+00,5.483634e-01,2.257831e+00,1.188976e+00,8.005136e-01,6.981560e-01
396234,0,6.575110e-01,8.326067e-01,6.575111e-01,2.421681e-01,3.056757e-02,4.472059e-01,3.687876e-01,6.664753e-01,4.700312e-01,1.001014e+00,1.308124e-01,2.539012e+00,3.374056e-01
396235,0,7.191936e-01,9.227996e-01,7.191938e-01,7.832513e-01,3.227095e-02,2.261822e-01,3.802845e-01,8.709062e-01,1.082110e-01,1.262496e+00,5.566657e-02,2.953492e+00,1.849094e-01
396236,0,6.700533e-01,9.151692e-01,6.700535e-01,8.787240e-01,3.344557e-02,1.989996e+00,4.052684e-01,5.271249e-01,1.069638e+00,9.451164e-01,5.753141e-03,2.614709e+00,2.005463e-01
396237,0,8.791338e-01,9.008649e-01,8.791339e-01,1.531421e-01,1.582653e-02,9.003418e-01,3.974515e-01,1.831497e-01,8.323728e-01,7.574082e-01,4.532242e-01,4.849419e+00,4.357014e-01
396238,0,5.012588e-01,8.056493e-01,5.012591e-01,2.265893e-01,2.947265e-02,3.309248e-01,3.893023e-01,8.509804e-01,3.347726e-01,1.300376e+00,1.311783e-01,1.355014e+00,4.787210e-01
396239,0,8.139894e-01,8.592194e-01,8.139895e-01,1.756522e-01,2.722992e-02,4.564873e-01,3.883166e-01,1.141038e-01,5.878075e-01,5.096151e-01,6.574928e-01,3.907180e+00,3.748517e-01
396240,0,6.181213e-01,8.614965e-01,6.181215e-01,2.688671e-01,3.296377e-02,2.262081e-01,3.818541e-01,1.289177e+00,1.790812e+00,1.709445e+00,5.664794e-01,2.302315e+00,1.122911e+00
396241,0,7.835778e-01,8.542427e-01,7.835778e-01,2.599552e-01,3.294398e-02,5.979581e-01,3.749790e-01,5.580850e-01,1.955091e+00,9.260598e-02,1.165524e+00,3.576444e+00,3.984372e-01
396242,0,6.806190e-01,8.610846e-01,6.806191e-01,3.168102e-01,3.772618e-02,8.798751e-03,4.005605e-01,1.208596e+00,1.321132e+00,1.676696e+00,3.707097e-01,2.095256e+00,1.347290e+00
396243,0,7.373794e-01,8.226762e-01,7.373795e-01,2.201363e-01,3.603969e-02,6.044714e-01,3.881104e-01,1.527741e-01,1.363273e+00,8.587154e-01,3.746683e-01,3.108389e+00,4.604723e-01
396244,0,6.713139e-01,8.660578e-01,6.713141e-01,3.017113e-01,3.718590e-02,3.576282e-01,3.726465e-01,8.262291e-01,9.838460e-01,1.212830e+00,1.526424e-01,2.621983e+00,4.489682e-01
396245,0,5.985228e-01,8.348856e-01,5.985230e-01,2.979460e-01,3.657418e-02,1.004060e-02,3.649144e-01,2.560937e-01,4.044080e-01,3.492769e-01,8.829069e-01,2.022633e+00,7.522082e-01
396246,0,5.867514e-01,8.222024e-01,5.867516e-01,2.569801e-01,3.508506e-02,2.457414e-01,3.929627e-01,5.912507e-01,1.301163e+00,1.187970e+00,1.874122e-01,2.129913e+00,8.658386e-01
396247,0,6.152377e-01,8.486613e-01,6.152379e-01,2.629641e-01,3.338367e-02,2.102719e-01,3.781755e-01,6.749830e-01,4.286757e-01,1.157914e+00,5.976984e-02,2.285725e+00,4.190363e-01
396248,0,6.513512e-01,8.736051e-01,6.513514e-01,2.332066e-01,3.314392e-02,2.270292e-01,3.602728e-01,1.366862e-03,1.228405e+00,6.380447e-01,3.446803e-01,2.371210e+00,6.017601e-02
396249,0,5.304771e-01,8.447453e-01,5.304774e-01,8.321875e-01,3.420719e-02,1.436047e-01,3.766261e-01,8.152352e-01,3.213862e-01,1.254065e+00,1.143273e-01,1.635987e+00,5.510798e-02
396250,0,6.996393e-01,8.734124e-01,6.996395e-01,8.423095e-02,3.072592e-02,4.601312e-01,3.972950e-01,9.830544e-01,6.864772e-01,1.402080e+00,2.973103e-01,2.796195e+00,2.936280e-01
396251,0,7.511983e-01,8.382853e-01,7.511984e-01,2.533332e-01,3.462354e-02,2.381663e-01,3.972771e-01,1.055395e+00,5.915666e-01,1.316458e+00,3.783840e-01,3.231561e+00,3.006333e-02
396252,0,7.220012e-01,8.757266e-01,7.220014e-01,2.580766e-01,3.691335e-02,6.051898e-01,3.930275e-01,4.772095e-01,4.323012e-01,9.903359e-01,2.180071e-01,2.979426e+00,9.640462e-01
396253,0,7.097612e-01,8.439056e-01,7.097613e-01,2.942140e-01,3.742504e-02,3.721078e-01,3.865241e-01,9.291972e-02,3.797449e-01,5.767162e-01,6.126247e-01,2.872973e+00,1.273431e-01
396254,0,6.739712e-01,8.884522e-01,6.739714e-01,3.010661e-01,3.821773e-02,3.885445e-01,4.000893e-01,4.312367e-01,1.733090e-01,1.032092e+00,1.726718e-01,2.637595e+00,1.872418e+00
396255,0,7.091071e-01,8.361161e-01,7.091072e-01,3.007873e-01,3.498099e-02,3.671636e-01,3.541113e-01,3.241956e-01,5.143806e-01,8.051048e-01,2.762998e-01,2.867229e+00,1.146693e+00
396256,0,6.716852e-01,7.775727e-01,6.716853e-01,2.986382e-01,3.552653e-02,1.280710e-02,3.441814e-01,4.984517e-01,2.193464e+00,1.027331e+00,1.694876e-01,1.618720e+00,1.900983e-01
396257,0,5.803476e-01,8.691234e-01,5.803478e-01,2.403803e-01,3.420883e-02,1.961617e-01,3.432894e-01,8.234843e-01,1.283706e+00,1.351599e+00,6.080596e-02,1.920993e+00,8.490151e-01
396258,0,7.844582e-01,8.661055e-01,7.844583e-01,2.553592e-01,3.419998e-02,5.912099e-01,3.741930e-01,4.930545e-01,2.230128e+00,2.442540e-01,9.920567e-01,3.585860e+00,5.139246e-01
396259,0,6.416607e-01,8.822450e-01,6.416609e-01,2.921067e-01,3.671189e-02,3.651825e-01,3.804318e-01,1.240220e+00,2.388744e-01,1.566873e+00,4.725975e-01,2.441093e+00,4.198264e-01
396260,0,7.069218e-01,8.714235e-01,7.069219e-01,2.981247e-01,3.607171e-02,3.757683e-01,3.695192e-01,7.206081e-01,1.090628e-01,1.195610e+00,6.594420e-02,2.850313e+00,5.127575e-01
396261,0,7.265203e-01,8.386336e-01,7.265204e-01,2.977489e-01,3.729494e-02,3.619992e-01,3.843792e-01,3.830557e-01,1.037576e+00,3.968315e-01,1.040789e+00,3.019912e+00,6.868331e-01
396262,0,7.035413e-01,8.268044e-01,7.035414e-01,2.842249e-01,3.823892e-02,3.681116e-01,3.823238e-01,3.343382e-01,5.108713e-01,3.529266e-01,8.806093e-01,2.824181e+00,4.034424e-01
396263,0,5.790198e-01,8.770596e-01,5.790201e-01,2.978751e-01,3.811798e-02,1.985867e-02,3.899087e-01,2.511045e-01,2.507781e-01,4.601892e-01,8.856984e-01,1.792132e+00,1.501195e+00
396264,0,6.931100e-01,8.635120e-01,6.931102e-01,2.085450e-01,3.283468e-02,6.065460e-01,3.530169e-01,9.763430e-01,1.921810e+00,1.341093e+00,2.995740e-01,2.753633e+00,6.744159e-01
396265,0,8.637132e-01,9.482543e-01,8.637133e-01,5.211781e-01,3.473331e-02,3.504835e-01,3.392560e-01,4.601000e+00,3.706441e-01,3.261127e+00,3.328590e+00,2.818384e+00,8.578419e-01
