=== E1 EXATHLON seed 87 ===
Using GPU
Args in experiment:
[1mBasic Config[0m
  Task Name:          anomaly_detection   Is Training:        0                   
  Model ID:           EXATHLON            Model:              ISTAD               
  Seed:               87                  Itr:                1                   

[1mData Loader[0m
  Data:               EXATHLON            Root Path:          /data/modeluse/TS/ISTAD/dataset/EXATHLON
  Features:           M                   Seq Len:            100                 
  Enc In:             19                  C Out:              19                  
  Checkpoints:        /data/modeluse/TS/ISTAD-release/code/ISTAD/../../checkpoints/ISTAD_v4_hgat_integrated
  Eval Step:          100                 

[1mAnomaly Detection Task[0m
  Anomaly Ratio:      1.0                 Threshold Source:   train               

[1mISTAD Parameters[0m
  Kernel Size:        7                   Branch Mode:        hgat                
  TCN Type:           kan                 
  Feat GAT Dim:       -1                  GRU Layers:         1                   
  GRU Hidden:         150                 Recon Layers:       1                   
  Recon Hidden:       32                  ISTAD Dropout:      0.3                 
  Recon Type:         pointwise           KANAD Order:        3                   
  Objective:          reconstruct         Target / Lag:       ('', 1)             
  Leaky Alpha:        0.2                 H Init:             normal              
  Hyperedges:         -1                  Top-K Nodes:        -1                  
  Spatial Type:       lite                HGAT Rank:          8                   
  HGAT Projection:    linear              
  KAN Grid:           5                   KAN Order:          3                   
  Arch:               legacy              Ablation:           full                
  Explainability:     0                   Explain Batches:    0                   
  Explain Points:     20000               Explain TopK:       10                  
  SmoothGrad:         0                   SG Samples:         20                  
  SG Noise:           0.1                 Quad Mode:          quantile            
  Quad Value:         0.75                Err Agg:            sum                 
  Sal Agg:            sum                 
  V3 Denoise:         1                   Evidence Head:      0                   
  Clean / Denoise:    (1.0, 0.5)          Evidence Weight:    0.2                 
  Frequency Weight:   0.0                 
  Point Evidence:     0.0                 
  Corrupt P/T/C:      (0.8, 0.15, 0.2)    Corrupt Scale:      1.5                 
  Corrupt Modes:      4                   Target-only corrupt:0                   
  Score Mode:         innovation_hgat     Score Agg / K:      ('calibrated', 3)   
  Evidence Map:       prob                Dump Scores:        1                   
  Strict Val:         1                   Hide Test Loss:     1                   
  Entity Aware:       0                   
  Innovation lag/ridge:(1, 0.01)           Innovation pool:    auto                
  Degenerate cutoff:  0.1                 Scale floor:        0.1                 
  Evidence tie-break: 0.001               Fusion train ECDF:  0                   
  HGAT input:         raw                 
  HGAT fusion:        rank_tiebreak       HGAT max weight:    0.2                 
  HGAT ref/tail:      (0.8, 0.01)         HGAT inflation:     1.25                

[1mRun Parameters[0m
  Num Workers:        4                   Batch Size:         128                 
  Train Epochs:       20                  Patience:           5                   
  Learning Rate:      0.001               Lradj:              cosine              
  Des:                v4hg_s87            

[1mGPU[0m
  Use GPU:            1                   GPU:                0                   
  Use Multi GPU:      0                   Devices:            0,1,2,3             

Use GPU: cuda:0
🚀 Lazy Loading: ISTAD ...
>>>>>>>testing : anomaly_detection_EXATHLON_ISTAD_EXATHLON_ftM_sl100_bmhgat_v3_innov_hglite_bs128_v4hg_s87_0<<<<<<<<<<<<<<<<<<<<<<<<<<<<<<<<<
test: (52844, 19)
train: (70584, 19)
test 528
test: (52844, 19)
train: (70584, 19)
score_train 705
loading model
Innovation branch: {"calibration_size": 70499, "coefficient_count": 361, "degenerate_cutoff": 0.1, "degenerate_fraction": 0.0, "lag": 1, "n_features": 19, "requested_pool": "auto", "ridge": 0.01, "scale_floor_ratio": 0.1, "selected_pool": "sparse"}
HGAT-validated innovation: {"component_calibration": "normal_train_ecdf", "final_calibration": "rank_safe_no_recalibration", "fusion_strategy": "rank_tiebreak", "message_gate": 0.26126331090927124, "n_hyperedges": 9, "pool": "sparse", "relation_input": "raw_normalized_value", "reliability_gate": {"allowed_graph_tail_rate": 0.0125, "base_threshold": 0.9903618439716313, "base_validation_tail_rate": 0.008156028368794326, "graph_threshold": 0.9903263829787234, "graph_validation_tail_rate": 0.008368794326241135, "inflation_limit": 1.25, "kill_switch": false, "max_weight": 0.2, "method": "normal_tail_stability", "reference_fraction": 0.8, "reference_size": 56400, "reliability": 1.0, "selected_weight": 0.2, "tail_probability": 0.01, "validation_size": 14100}, "reliability_mix_weight": 0.2, "role": "dynamic_hyperedge_pooling_of_v4_feature_innovations", "selected_weight": 7.092198581560284e-06}
Percentile Threshold Source: train
Percentile Threshold : 0.9899922996381344
Saved E1 incidence counterfactual audit: /data/modeluse/TS/ISTAD-release/analysis/e1_incidence_counterfactual/runtime/anomaly_detection_EXATHLON_ISTAD_EXATHLON_ftM_sl100_bmhgat_v3_innov_hglite_bs128_v4hg_s87_0/e1_incidence_counterfactual.json
Saved point scores and labels: /data/modeluse/TS/ISTAD-release/analysis/e1_incidence_counterfactual/runtime/anomaly_detection_EXATHLON_ISTAD_EXATHLON_ftM_sl100_bmhgat_v3_innov_hglite_bs128_v4hg_s87_0/point_scores_innovation_hgat_rank_tiebreak.npz
pred_raw: (52800,)
gt:      (52800,)
pred_pa: (52800,)
gt_pa:   (52800,)

============================================================
使用百分位数阈值的结果:
============================================================
Raw point F1: 0.1271 (P=0.5684, R=0.0716)
Accuracy : 0.9884, Precision : 0.9466, Recall : 0.9639, F-score : 0.9552 
============================================================


使用自适应 Best F1 搜索（两阶段）
粗搜索步数: 200, 精细搜索步数: 500

============================================================
自适应 Best F1 阈值搜索（两阶段）
============================================================

分数统计信息:
  最小值: 0.000007
  最大值: 0.999993
  均值: 0.398041
  标准差: 0.324375
  中位数: 0.319594
  第1百分位: 0.000631
  第99百分位: 0.993085

自动确定的搜索范围: [0.000316, 0.999993]

============================================================
阶段 1: 粗搜索（步数: 200）
============================================================

============================================================
开始 Best F1 阈值搜索...
============================================================
搜索范围: [0.0003, 1.0000]
搜索步数: 200
使用点调整: True
阈值: 0.0053 | F1: 0.2388 | Precision: 0.1356 | Recall: 1.0000
阈值: 0.1053 | F1: 0.2903 | Precision: 0.1698 | Recall: 1.0000
阈值: 0.2052 | F1: 0.3363 | Precision: 0.2022 | Recall: 1.0000
阈值: 0.3052 | F1: 0.3904 | Precision: 0.2426 | Recall: 1.0000
阈值: 0.4052 | F1: 0.4504 | Precision: 0.2907 | Recall: 1.0000
阈值: 0.5052 | F1: 0.5104 | Precision: 0.3427 | Recall: 1.0000
阈值: 0.6051 | F1: 0.5732 | Precision: 0.4018 | Recall: 1.0000
阈值: 0.7051 | F1: 0.6500 | Precision: 0.4815 | Recall: 1.0000
阈值: 0.8051 | F1: 0.7235 | Precision: 0.5667 | Recall: 1.0000
阈值: 0.9050 | F1: 0.8196 | Precision: 0.6943 | Recall: 1.0000

============================================================
✓ 找到最佳阈值: 0.989996
  最佳 F1: 0.9552
  Precision: 0.9466
  Recall: 0.9639
============================================================


============================================================
阶段 2: 精细搜索（步数: 500）
============================================================
在最佳阈值 0.989996 附近精细搜索
精细搜索范围: [0.890028, 0.999993]

============================================================
开始 Best F1 阈值搜索...
============================================================
搜索范围: [0.8900, 1.0000]
搜索步数: 500
使用点调整: True
阈值: 0.8902 | F1: 0.8036 | Precision: 0.6717 | Recall: 1.0000
阈值: 0.9012 | F1: 0.8160 | Precision: 0.6892 | Recall: 1.0000
阈值: 0.9122 | F1: 0.8273 | Precision: 0.7055 | Recall: 1.0000
阈值: 0.9232 | F1: 0.8400 | Precision: 0.7242 | Recall: 1.0000
阈值: 0.9342 | F1: 0.8531 | Precision: 0.7438 | Recall: 1.0000
阈值: 0.9452 | F1: 0.8697 | Precision: 0.7695 | Recall: 1.0000
阈值: 0.9562 | F1: 0.8834 | Precision: 0.7946 | Recall: 0.9947
阈值: 0.9672 | F1: 0.9045 | Precision: 0.8293 | Recall: 0.9947
阈值: 0.9782 | F1: 0.9352 | Precision: 0.8824 | Recall: 0.9947
阈值: 0.9892 | F1: 0.9530 | Precision: 0.9424 | Recall: 0.9639

============================================================
✓ 找到最佳阈值: 0.993175
  最佳 F1: 0.9628
  Precision: 0.9669
  Recall: 0.9588
============================================================


✓ 精细搜索找到更好的阈值！

============================================================
自适应搜索完成！
============================================================
最终最佳阈值: 0.993175
最佳 F1: 0.9628
Precision: 0.9669
Recall: 0.9588
============================================================

Saved Best F1 results: /data/modeluse/TS/ISTAD-release/analysis/e1_incidence_counterfactual/runtime/anomaly_detection_EXATHLON_ISTAD_EXATHLON_ftM_sl100_bmhgat_v3_innov_hglite_bs128_v4hg_s87_0/bestf1_threshold_results_innovation_hgat_rank_tiebreak.json
Saved anomaly score plot: /data/modeluse/TS/ISTAD-release/analysis/e1_incidence_counterfactual/runtime/anomaly_detection_EXATHLON_ISTAD_EXATHLON_ftM_sl100_bmhgat_v3_innov_hglite_bs128_v4hg_s87_0/anomaly_score_threshold_innovation_hgat_rank_tiebreak.png
ISTAD explainability is disabled by --istad_enable_explain 0
=== E1 EXATHLON seed 90 ===
Using GPU
Args in experiment:
[1mBasic Config[0m
  Task Name:          anomaly_detection   Is Training:        0                   
  Model ID:           EXATHLON            Model:              ISTAD               
  Seed:               90                  Itr:                1                   

[1mData Loader[0m
  Data:               EXATHLON            Root Path:          /data/modeluse/TS/ISTAD/dataset/EXATHLON
  Features:           M                   Seq Len:            100                 
  Enc In:             19                  C Out:              19                  
  Checkpoints:        /data/modeluse/TS/ISTAD-release/code/ISTAD/../../checkpoints/ISTAD_v4_hgat_integrated
  Eval Step:          100                 

[1mAnomaly Detection Task[0m
  Anomaly Ratio:      1.0                 Threshold Source:   train               

[1mISTAD Parameters[0m
  Kernel Size:        7                   Branch Mode:        hgat                
  TCN Type:           kan                 
  Feat GAT Dim:       -1                  GRU Layers:         1                   
  GRU Hidden:         150                 Recon Layers:       1                   
  Recon Hidden:       32                  ISTAD Dropout:      0.3                 
  Recon Type:         pointwise           KANAD Order:        3                   
  Objective:          reconstruct         Target / Lag:       ('', 1)             
  Leaky Alpha:        0.2                 H Init:             normal              
  Hyperedges:         -1                  Top-K Nodes:        -1                  
  Spatial Type:       lite                HGAT Rank:          8                   
  HGAT Projection:    linear              
  KAN Grid:           5                   KAN Order:          3                   
  Arch:               legacy              Ablation:           full                
  Explainability:     0                   Explain Batches:    0                   
  Explain Points:     20000               Explain TopK:       10                  
  SmoothGrad:         0                   SG Samples:         20                  
  SG Noise:           0.1                 Quad Mode:          quantile            
  Quad Value:         0.75                Err Agg:            sum                 
  Sal Agg:            sum                 
  V3 Denoise:         1                   Evidence Head:      0                   
  Clean / Denoise:    (1.0, 0.5)          Evidence Weight:    0.2                 
  Frequency Weight:   0.0                 
  Point Evidence:     0.0                 
  Corrupt P/T/C:      (0.8, 0.15, 0.2)    Corrupt Scale:      1.5                 
  Corrupt Modes:      4                   Target-only corrupt:0                   
  Score Mode:         innovation_hgat     Score Agg / K:      ('calibrated', 3)   
  Evidence Map:       prob                Dump Scores:        1                   
  Strict Val:         1                   Hide Test Loss:     1                   
  Entity Aware:       0                   
  Innovation lag/ridge:(1, 0.01)           Innovation pool:    auto                
  Degenerate cutoff:  0.1                 Scale floor:        0.1                 
  Evidence tie-break: 0.001               Fusion train ECDF:  0                   
  HGAT input:         raw                 
  HGAT fusion:        rank_tiebreak       HGAT max weight:    0.2                 
  HGAT ref/tail:      (0.8, 0.01)         HGAT inflation:     1.25                

[1mRun Parameters[0m
  Num Workers:        4                   Batch Size:         128                 
  Train Epochs:       20                  Patience:           5                   
  Learning Rate:      0.001               Lradj:              cosine              
  Des:                v4hg_s90            

[1mGPU[0m
  Use GPU:            1                   GPU:                0                   
  Use Multi GPU:      0                   Devices:            0,1,2,3             

Use GPU: cuda:0
🚀 Lazy Loading: ISTAD ...
>>>>>>>testing : anomaly_detection_EXATHLON_ISTAD_EXATHLON_ftM_sl100_bmhgat_v3_innov_hglite_bs128_v4hg_s90_0<<<<<<<<<<<<<<<<<<<<<<<<<<<<<<<<<
test: (52844, 19)
train: (70584, 19)
test 528
test: (52844, 19)
train: (70584, 19)
score_train 705
loading model
Innovation branch: {"calibration_size": 70499, "coefficient_count": 361, "degenerate_cutoff": 0.1, "degenerate_fraction": 0.0, "lag": 1, "n_features": 19, "requested_pool": "auto", "ridge": 0.01, "scale_floor_ratio": 0.1, "selected_pool": "sparse"}
HGAT-validated innovation: {"component_calibration": "normal_train_ecdf", "final_calibration": "rank_safe_no_recalibration", "fusion_strategy": "rank_tiebreak", "message_gate": 0.2620074152946472, "n_hyperedges": 9, "pool": "sparse", "relation_input": "raw_normalized_value", "reliability_gate": {"allowed_graph_tail_rate": 0.0125, "base_threshold": 0.9903618439716313, "base_validation_tail_rate": 0.008156028368794326, "graph_threshold": 0.9902270921985816, "graph_validation_tail_rate": 0.008865248226950355, "inflation_limit": 1.25, "kill_switch": false, "max_weight": 0.2, "method": "normal_tail_stability", "reference_fraction": 0.8, "reference_size": 56400, "reliability": 1.0, "selected_weight": 0.2, "tail_probability": 0.01, "validation_size": 14100}, "reliability_mix_weight": 0.2, "role": "dynamic_hyperedge_pooling_of_v4_feature_innovations", "selected_weight": 7.092198581560284e-06}
Percentile Threshold Source: train
Percentile Threshold : 0.9899930097513014
Saved E1 incidence counterfactual audit: /data/modeluse/TS/ISTAD-release/analysis/e1_incidence_counterfactual/runtime/anomaly_detection_EXATHLON_ISTAD_EXATHLON_ftM_sl100_bmhgat_v3_innov_hglite_bs128_v4hg_s90_0/e1_incidence_counterfactual.json
Saved point scores and labels: /data/modeluse/TS/ISTAD-release/analysis/e1_incidence_counterfactual/runtime/anomaly_detection_EXATHLON_ISTAD_EXATHLON_ftM_sl100_bmhgat_v3_innov_hglite_bs128_v4hg_s90_0/point_scores_innovation_hgat_rank_tiebreak.npz
pred_raw: (52800,)
gt:      (52800,)
pred_pa: (52800,)
gt_pa:   (52800,)

============================================================
使用百分位数阈值的结果:
============================================================
Raw point F1: 0.1264 (P=0.5669, R=0.0711)
Accuracy : 0.9884, Precision : 0.9466, Recall : 0.9639, F-score : 0.9552 
============================================================


使用自适应 Best F1 搜索（两阶段）
粗搜索步数: 200, 精细搜索步数: 500

============================================================
自适应 Best F1 阈值搜索（两阶段）
============================================================

分数统计信息:
  最小值: 0.000007
  最大值: 0.999993
  均值: 0.398041
  标准差: 0.324375
  中位数: 0.319595
  第1百分位: 0.000631
  第99百分位: 0.993085

自动确定的搜索范围: [0.000316, 0.999993]

============================================================
阶段 1: 粗搜索（步数: 200）
============================================================

============================================================
开始 Best F1 阈值搜索...
============================================================
搜索范围: [0.0003, 1.0000]
搜索步数: 200
使用点调整: True
阈值: 0.0053 | F1: 0.2388 | Precision: 0.1356 | Recall: 1.0000
阈值: 0.1053 | F1: 0.2903 | Precision: 0.1698 | Recall: 1.0000
阈值: 0.2052 | F1: 0.3363 | Precision: 0.2022 | Recall: 1.0000
阈值: 0.3052 | F1: 0.3904 | Precision: 0.2426 | Recall: 1.0000
阈值: 0.4052 | F1: 0.4504 | Precision: 0.2907 | Recall: 1.0000
阈值: 0.5052 | F1: 0.5104 | Precision: 0.3427 | Recall: 1.0000
阈值: 0.6051 | F1: 0.5732 | Precision: 0.4018 | Recall: 1.0000
阈值: 0.7051 | F1: 0.6500 | Precision: 0.4815 | Recall: 1.0000
阈值: 0.8051 | F1: 0.7235 | Precision: 0.5667 | Recall: 1.0000
阈值: 0.9050 | F1: 0.8196 | Precision: 0.6943 | Recall: 1.0000

============================================================
✓ 找到最佳阈值: 0.989996
  最佳 F1: 0.9552
  Precision: 0.9466
  Recall: 0.9639
============================================================


============================================================
阶段 2: 精细搜索（步数: 500）
============================================================
在最佳阈值 0.989996 附近精细搜索
精细搜索范围: [0.890028, 0.999993]

============================================================
开始 Best F1 阈值搜索...
============================================================
搜索范围: [0.8900, 1.0000]
搜索步数: 500
使用点调整: True
阈值: 0.8902 | F1: 0.8036 | Precision: 0.6717 | Recall: 1.0000
阈值: 0.9012 | F1: 0.8160 | Precision: 0.6892 | Recall: 1.0000
阈值: 0.9122 | F1: 0.8273 | Precision: 0.7055 | Recall: 1.0000
阈值: 0.9232 | F1: 0.8400 | Precision: 0.7242 | Recall: 1.0000
阈值: 0.9342 | F1: 0.8531 | Precision: 0.7438 | Recall: 1.0000
阈值: 0.9452 | F1: 0.8697 | Precision: 0.7695 | Recall: 1.0000
阈值: 0.9562 | F1: 0.8834 | Precision: 0.7946 | Recall: 0.9947
阈值: 0.9672 | F1: 0.9045 | Precision: 0.8293 | Recall: 0.9947
阈值: 0.9782 | F1: 0.9352 | Precision: 0.8824 | Recall: 0.9947
阈值: 0.9892 | F1: 0.9530 | Precision: 0.9424 | Recall: 0.9639

============================================================
✓ 找到最佳阈值: 0.993175
  最佳 F1: 0.9628
  Precision: 0.9669
  Recall: 0.9588
============================================================


✓ 精细搜索找到更好的阈值！

============================================================
自适应搜索完成！
============================================================
最终最佳阈值: 0.993175
最佳 F1: 0.9628
Precision: 0.9669
Recall: 0.9588
============================================================

Saved Best F1 results: /data/modeluse/TS/ISTAD-release/analysis/e1_incidence_counterfactual/runtime/anomaly_detection_EXATHLON_ISTAD_EXATHLON_ftM_sl100_bmhgat_v3_innov_hglite_bs128_v4hg_s90_0/bestf1_threshold_results_innovation_hgat_rank_tiebreak.json
Saved anomaly score plot: /data/modeluse/TS/ISTAD-release/analysis/e1_incidence_counterfactual/runtime/anomaly_detection_EXATHLON_ISTAD_EXATHLON_ftM_sl100_bmhgat_v3_innov_hglite_bs128_v4hg_s90_0/anomaly_score_threshold_innovation_hgat_rank_tiebreak.png
ISTAD explainability is disabled by --istad_enable_explain 0
=== E1 EXATHLON seed 98 ===
Using GPU
Args in experiment:
[1mBasic Config[0m
  Task Name:          anomaly_detection   Is Training:        0                   
  Model ID:           EXATHLON            Model:              ISTAD               
  Seed:               98                  Itr:                1                   

[1mData Loader[0m
  Data:               EXATHLON            Root Path:          /data/modeluse/TS/ISTAD/dataset/EXATHLON
  Features:           M                   Seq Len:            100                 
  Enc In:             19                  C Out:              19                  
  Checkpoints:        /data/modeluse/TS/ISTAD-release/code/ISTAD/../../checkpoints/ISTAD_v4_hgat_integrated
  Eval Step:          100                 

[1mAnomaly Detection Task[0m
  Anomaly Ratio:      1.0                 Threshold Source:   train               

[1mISTAD Parameters[0m
  Kernel Size:        7                   Branch Mode:        hgat                
  TCN Type:           kan                 
  Feat GAT Dim:       -1                  GRU Layers:         1                   
  GRU Hidden:         150                 Recon Layers:       1                   
  Recon Hidden:       32                  ISTAD Dropout:      0.3                 
  Recon Type:         pointwise           KANAD Order:        3                   
  Objective:          reconstruct         Target / Lag:       ('', 1)             
  Leaky Alpha:        0.2                 H Init:             normal              
  Hyperedges:         -1                  Top-K Nodes:        -1                  
  Spatial Type:       lite                HGAT Rank:          8                   
  HGAT Projection:    linear              
  KAN Grid:           5                   KAN Order:          3                   
  Arch:               legacy              Ablation:           full                
  Explainability:     0                   Explain Batches:    0                   
  Explain Points:     20000               Explain TopK:       10                  
  SmoothGrad:         0                   SG Samples:         20                  
  SG Noise:           0.1                 Quad Mode:          quantile            
  Quad Value:         0.75                Err Agg:            sum                 
  Sal Agg:            sum                 
  V3 Denoise:         1                   Evidence Head:      0                   
  Clean / Denoise:    (1.0, 0.5)          Evidence Weight:    0.2                 
  Frequency Weight:   0.0                 
  Point Evidence:     0.0                 
  Corrupt P/T/C:      (0.8, 0.15, 0.2)    Corrupt Scale:      1.5                 
  Corrupt Modes:      4                   Target-only corrupt:0                   
  Score Mode:         innovation_hgat     Score Agg / K:      ('calibrated', 3)   
  Evidence Map:       prob                Dump Scores:        1                   
  Strict Val:         1                   Hide Test Loss:     1                   
  Entity Aware:       0                   
  Innovation lag/ridge:(1, 0.01)           Innovation pool:    auto                
  Degenerate cutoff:  0.1                 Scale floor:        0.1                 
  Evidence tie-break: 0.001               Fusion train ECDF:  0                   
  HGAT input:         raw                 
  HGAT fusion:        rank_tiebreak       HGAT max weight:    0.2                 
  HGAT ref/tail:      (0.8, 0.01)         HGAT inflation:     1.25                

[1mRun Parameters[0m
  Num Workers:        4                   Batch Size:         128                 
  Train Epochs:       20                  Patience:           5                   
  Learning Rate:      0.001               Lradj:              cosine              
  Des:                v4hg_s98            

[1mGPU[0m
  Use GPU:            1                   GPU:                0                   
  Use Multi GPU:      0                   Devices:            0,1,2,3             

Use GPU: cuda:0
🚀 Lazy Loading: ISTAD ...
>>>>>>>testing : anomaly_detection_EXATHLON_ISTAD_EXATHLON_ftM_sl100_bmhgat_v3_innov_hglite_bs128_v4hg_s98_0<<<<<<<<<<<<<<<<<<<<<<<<<<<<<<<<<
test: (52844, 19)
train: (70584, 19)
test 528
test: (52844, 19)
train: (70584, 19)
score_train 705
loading model
Innovation branch: {"calibration_size": 70499, "coefficient_count": 361, "degenerate_cutoff": 0.1, "degenerate_fraction": 0.0, "lag": 1, "n_features": 19, "requested_pool": "auto", "ridge": 0.01, "scale_floor_ratio": 0.1, "selected_pool": "sparse"}
HGAT-validated innovation: {"component_calibration": "normal_train_ecdf", "final_calibration": "rank_safe_no_recalibration", "fusion_strategy": "rank_tiebreak", "message_gate": 0.25975218415260315, "n_hyperedges": 9, "pool": "sparse", "relation_input": "raw_normalized_value", "reliability_gate": {"allowed_graph_tail_rate": 0.0125, "base_threshold": 0.9903618439716313, "base_validation_tail_rate": 0.008156028368794326, "graph_threshold": 0.9901428368794328, "graph_validation_tail_rate": 0.00929078014184397, "inflation_limit": 1.25, "kill_switch": false, "max_weight": 0.2, "method": "normal_tail_stability", "reference_fraction": 0.8, "reference_size": 56400, "reliability": 1.0, "selected_weight": 0.2, "tail_probability": 0.01, "validation_size": 14100}, "reliability_mix_weight": 0.2, "role": "dynamic_hyperedge_pooling_of_v4_feature_innovations", "selected_weight": 7.092198581560284e-06}
Percentile Threshold Source: train
Percentile Threshold : 0.9899930630852625
Saved E1 incidence counterfactual audit: /data/modeluse/TS/ISTAD-release/analysis/e1_incidence_counterfactual/runtime/anomaly_detection_EXATHLON_ISTAD_EXATHLON_ftM_sl100_bmhgat_v3_innov_hglite_bs128_v4hg_s98_0/e1_incidence_counterfactual.json
Saved point scores and labels: /data/modeluse/TS/ISTAD-release/analysis/e1_incidence_counterfactual/runtime/anomaly_detection_EXATHLON_ISTAD_EXATHLON_ftM_sl100_bmhgat_v3_innov_hglite_bs128_v4hg_s98_0/point_scores_innovation_hgat_rank_tiebreak.npz
pred_raw: (52800,)
gt:      (52800,)
pred_pa: (52800,)
gt_pa:   (52800,)

============================================================
使用百分位数阈值的结果:
============================================================
Raw point F1: 0.1264 (P=0.5669, R=0.0711)
Accuracy : 0.9884, Precision : 0.9466, Recall : 0.9639, F-score : 0.9552 
============================================================


使用自适应 Best F1 搜索（两阶段）
粗搜索步数: 200, 精细搜索步数: 500

============================================================
自适应 Best F1 阈值搜索（两阶段）
============================================================

分数统计信息:
  最小值: 0.000007
  最大值: 0.999993
  均值: 0.398041
  标准差: 0.324375
  中位数: 0.319594
  第1百分位: 0.000631
  第99百分位: 0.993085

自动确定的搜索范围: [0.000316, 0.999993]

============================================================
阶段 1: 粗搜索（步数: 200）
============================================================

============================================================
开始 Best F1 阈值搜索...
============================================================
搜索范围: [0.0003, 1.0000]
搜索步数: 200
使用点调整: True
阈值: 0.0053 | F1: 0.2388 | Precision: 0.1356 | Recall: 1.0000
阈值: 0.1053 | F1: 0.2903 | Precision: 0.1698 | Recall: 1.0000
阈值: 0.2052 | F1: 0.3363 | Precision: 0.2022 | Recall: 1.0000
阈值: 0.3052 | F1: 0.3904 | Precision: 0.2426 | Recall: 1.0000
阈值: 0.4052 | F1: 0.4504 | Precision: 0.2907 | Recall: 1.0000
阈值: 0.5052 | F1: 0.5104 | Precision: 0.3427 | Recall: 1.0000
阈值: 0.6051 | F1: 0.5732 | Precision: 0.4018 | Recall: 1.0000
阈值: 0.7051 | F1: 0.6500 | Precision: 0.4815 | Recall: 1.0000
阈值: 0.8051 | F1: 0.7235 | Precision: 0.5667 | Recall: 1.0000
阈值: 0.9050 | F1: 0.8196 | Precision: 0.6943 | Recall: 1.0000

============================================================
✓ 找到最佳阈值: 0.989996
  最佳 F1: 0.9552
  Precision: 0.9466
  Recall: 0.9639
============================================================


============================================================
阶段 2: 精细搜索（步数: 500）
============================================================
在最佳阈值 0.989996 附近精细搜索
精细搜索范围: [0.890028, 0.999993]

============================================================
开始 Best F1 阈值搜索...
============================================================
搜索范围: [0.8900, 1.0000]
搜索步数: 500
使用点调整: True
阈值: 0.8902 | F1: 0.8036 | Precision: 0.6717 | Recall: 1.0000
阈值: 0.9012 | F1: 0.8160 | Precision: 0.6892 | Recall: 1.0000
阈值: 0.9122 | F1: 0.8273 | Precision: 0.7055 | Recall: 1.0000
阈值: 0.9232 | F1: 0.8400 | Precision: 0.7242 | Recall: 1.0000
阈值: 0.9342 | F1: 0.8531 | Precision: 0.7438 | Recall: 1.0000
阈值: 0.9452 | F1: 0.8697 | Precision: 0.7695 | Recall: 1.0000
阈值: 0.9562 | F1: 0.8834 | Precision: 0.7946 | Recall: 0.9947
阈值: 0.9672 | F1: 0.9045 | Precision: 0.8293 | Recall: 0.9947
阈值: 0.9782 | F1: 0.9352 | Precision: 0.8824 | Recall: 0.9947
阈值: 0.9892 | F1: 0.9530 | Precision: 0.9424 | Recall: 0.9639

============================================================
✓ 找到最佳阈值: 0.993175
  最佳 F1: 0.9628
  Precision: 0.9669
  Recall: 0.9588
============================================================


✓ 精细搜索找到更好的阈值！

============================================================
自适应搜索完成！
============================================================
最终最佳阈值: 0.993175
最佳 F1: 0.9628
Precision: 0.9669
Recall: 0.9588
============================================================

Saved Best F1 results: /data/modeluse/TS/ISTAD-release/analysis/e1_incidence_counterfactual/runtime/anomaly_detection_EXATHLON_ISTAD_EXATHLON_ftM_sl100_bmhgat_v3_innov_hglite_bs128_v4hg_s98_0/bestf1_threshold_results_innovation_hgat_rank_tiebreak.json
Saved anomaly score plot: /data/modeluse/TS/ISTAD-release/analysis/e1_incidence_counterfactual/runtime/anomaly_detection_EXATHLON_ISTAD_EXATHLON_ftM_sl100_bmhgat_v3_innov_hglite_bs128_v4hg_s98_0/anomaly_score_threshold_innovation_hgat_rank_tiebreak.png
ISTAD explainability is disabled by --istad_enable_explain 0
=== E1 PSM seed 87 ===
Using GPU
Args in experiment:
[1mBasic Config[0m
  Task Name:          anomaly_detection   Is Training:        0                   
  Model ID:           PSM                 Model:              ISTAD               
  Seed:               87                  Itr:                1                   

[1mData Loader[0m
  Data:               PSM                 Root Path:          /data/modeluse/TS/ISTAD/dataset/PSM
  Features:           M                   Seq Len:            64                  
  Enc In:             25                  C Out:              25                  
  Checkpoints:        /data/modeluse/TS/ISTAD-release/code/ISTAD/../../checkpoints/ISTAD_v4_hgat_integrated
  Eval Step:          64                  

[1mAnomaly Detection Task[0m
  Anomaly Ratio:      1.0                 Threshold Source:   train               

[1mISTAD Parameters[0m
  Kernel Size:        7                   Branch Mode:        hgat                
  TCN Type:           kan                 
  Feat GAT Dim:       -1                  GRU Layers:         1                   
  GRU Hidden:         150                 Recon Layers:       1                   
  Recon Hidden:       32                  ISTAD Dropout:      0.3                 
  Recon Type:         pointwise           KANAD Order:        3                   
  Objective:          reconstruct         Target / Lag:       ('', 1)             
  Leaky Alpha:        0.2                 H Init:             normal              
  Hyperedges:         -1                  Top-K Nodes:        -1                  
  Spatial Type:       lite                HGAT Rank:          8                   
  HGAT Projection:    linear              
  KAN Grid:           5                   KAN Order:          3                   
  Arch:               legacy              Ablation:           full                
  Explainability:     0                   Explain Batches:    0                   
  Explain Points:     20000               Explain TopK:       10                  
  SmoothGrad:         0                   SG Samples:         20                  
  SG Noise:           0.1                 Quad Mode:          quantile            
  Quad Value:         0.75                Err Agg:            sum                 
  Sal Agg:            sum                 
  V3 Denoise:         1                   Evidence Head:      0                   
  Clean / Denoise:    (1.0, 0.5)          Evidence Weight:    0.2                 
  Frequency Weight:   0.0                 
  Point Evidence:     0.0                 
  Corrupt P/T/C:      (0.8, 0.15, 0.2)    Corrupt Scale:      1.5                 
  Corrupt Modes:      4                   Target-only corrupt:0                   
  Score Mode:         innovation_hgat     Score Agg / K:      ('calibrated', 3)   
  Evidence Map:       prob                Dump Scores:        1                   
  Strict Val:         1                   Hide Test Loss:     1                   
  Entity Aware:       0                   
  Innovation lag/ridge:(1, 0.01)           Innovation pool:    auto                
  Degenerate cutoff:  0.1                 Scale floor:        0.1                 
  Evidence tie-break: 0.001               Fusion train ECDF:  0                   
  HGAT input:         raw                 
  HGAT fusion:        rank_tiebreak       HGAT max weight:    0.2                 
  HGAT ref/tail:      (0.8, 0.01)         HGAT inflation:     1.25                

[1mRun Parameters[0m
  Num Workers:        4                   Batch Size:         128                 
  Train Epochs:       3                   Patience:           3                   
  Learning Rate:      0.001               Lradj:              type1               
  Des:                v4hg_s87            

[1mGPU[0m
  Use GPU:            1                   GPU:                0                   
  Use Multi GPU:      0                   Devices:            0,1,2,3             

Use GPU: cuda:0
🚀 Lazy Loading: ISTAD ...
>>>>>>>testing : anomaly_detection_PSM_ISTAD_PSM_ftM_sl64_bmhgat_v3_innov_hglite_bs128_v4hg_s87_0<<<<<<<<<<<<<<<<<<<<<<<<<<<<<<<<<
test: (87841, 25)
train: (105984, 25)
test 1372
test: (87841, 25)
train: (105984, 25)
score_train 1656
loading model
Innovation branch: {"calibration_size": 105983, "coefficient_count": 625, "degenerate_cutoff": 0.1, "degenerate_fraction": 0.0, "lag": 1, "n_features": 25, "requested_pool": "auto", "ridge": 0.01, "scale_floor_ratio": 0.1, "selected_pool": "sparse"}
HGAT-validated innovation: {"component_calibration": "normal_train_ecdf", "final_calibration": "rank_safe_no_recalibration", "fusion_strategy": "rank_tiebreak", "message_gate": 0.35305002331733704, "n_hyperedges": 12, "pool": "sparse", "relation_input": "raw_normalized_value", "reliability_gate": {"allowed_graph_tail_rate": 0.017101476624050573, "base_threshold": 0.9892591334541063, "base_validation_tail_rate": 0.01368118129924046, "graph_threshold": 0.9888581295289856, "graph_validation_tail_rate": 0.015709770250507148, "inflation_limit": 1.25, "kill_switch": false, "max_weight": 0.2, "method": "normal_tail_stability", "reference_fraction": 0.8, "reference_size": 84787, "reliability": 0.8708708708708586, "selected_weight": 0.17417417417417172, "tail_probability": 0.01, "validation_size": 21197}, "reliability_mix_weight": 0.17417417417417172, "role": "dynamic_hyperedge_pooling_of_v4_feature_innovations", "selected_weight": 4.717693236714976e-06}
Percentile Threshold Source: train
Percentile Threshold : 0.9899949664813393
Saved E1 incidence counterfactual audit: /data/modeluse/TS/ISTAD-release/analysis/e1_incidence_counterfactual/runtime/anomaly_detection_PSM_ISTAD_PSM_ftM_sl64_bmhgat_v3_innov_hglite_bs128_v4hg_s87_0/e1_incidence_counterfactual.json
Saved point scores and labels: /data/modeluse/TS/ISTAD-release/analysis/e1_incidence_counterfactual/runtime/anomaly_detection_PSM_ISTAD_PSM_ftM_sl64_bmhgat_v3_innov_hglite_bs128_v4hg_s87_0/point_scores_innovation_hgat_rank_tiebreak.npz
pred_raw: (87808,)
gt:      (87808,)
pred_pa: (87808,)
gt_pa:   (87808,)

============================================================
使用百分位数阈值的结果:
============================================================
Raw point F1: 0.0661 (P=0.7201, R=0.0347)
Accuracy : 0.9650, Precision : 0.9850, Recall : 0.8872, F-score : 0.9336 
============================================================


使用自适应 Best F1 搜索（两阶段）
粗搜索步数: 200, 精细搜索步数: 500

============================================================
自适应 Best F1 阈值搜索（两阶段）
============================================================

分数统计信息:
  最小值: 0.000005
  最大值: 0.999995
  均值: 0.587706
  标准差: 0.262480
  中位数: 0.620024
  第1百分位: 0.035690
  第99百分位: 0.992475

自动确定的搜索范围: [0.017845, 0.999995]

============================================================
阶段 1: 粗搜索（步数: 200）
============================================================

============================================================
开始 Best F1 阈值搜索...
============================================================
搜索范围: [0.0178, 1.0000]
搜索步数: 200
使用点调整: True
阈值: 0.0228 | F1: 0.4360 | Precision: 0.2788 | Recall: 1.0000
阈值: 0.1210 | F1: 0.4498 | Precision: 0.2901 | Recall: 1.0000
阈值: 0.2192 | F1: 0.4714 | Precision: 0.3084 | Recall: 1.0000
阈值: 0.3174 | F1: 0.4990 | Precision: 0.3325 | Recall: 1.0000
阈值: 0.4156 | F1: 0.5321 | Precision: 0.3625 | Recall: 0.9999
阈值: 0.5138 | F1: 0.5752 | Precision: 0.4037 | Recall: 0.9998
阈值: 0.6120 | F1: 0.6311 | Precision: 0.4611 | Recall: 0.9998
阈值: 0.7103 | F1: 0.7003 | Precision: 0.5389 | Recall: 0.9996
阈值: 0.8085 | F1: 0.7936 | Precision: 0.6579 | Recall: 0.9996
阈值: 0.9067 | F1: 0.9080 | Precision: 0.8319 | Recall: 0.9995

============================================================
✓ 找到最佳阈值: 0.985263
  最佳 F1: 0.9806
  Precision: 0.9784
  Recall: 0.9828
============================================================


============================================================
阶段 2: 精细搜索（步数: 500）
============================================================
在最佳阈值 0.985263 附近精细搜索
精细搜索范围: [0.887048, 0.999995]

============================================================
开始 Best F1 阈值搜索...
============================================================
搜索范围: [0.8870, 1.0000]
搜索步数: 500
使用点调整: True
阈值: 0.8873 | F1: 0.8835 | Precision: 0.7916 | Recall: 0.9995
阈值: 0.8986 | F1: 0.8987 | Precision: 0.8163 | Recall: 0.9995
阈值: 0.9099 | F1: 0.9118 | Precision: 0.8383 | Recall: 0.9995
阈值: 0.9212 | F1: 0.9240 | Precision: 0.8591 | Recall: 0.9995
阈值: 0.9325 | F1: 0.9364 | Precision: 0.8808 | Recall: 0.9995
阈值: 0.9437 | F1: 0.9486 | Precision: 0.9027 | Recall: 0.9995
阈值: 0.9550 | F1: 0.9585 | Precision: 0.9209 | Recall: 0.9994
阈值: 0.9663 | F1: 0.9702 | Precision: 0.9427 | Recall: 0.9993
阈值: 0.9776 | F1: 0.9727 | Precision: 0.9628 | Recall: 0.9828
阈值: 0.9889 | F1: 0.9325 | Precision: 0.9827 | Recall: 0.8872

============================================================
✓ 找到最佳阈值: 0.987345
  最佳 F1: 0.9822
  Precision: 0.9819
  Recall: 0.9826
============================================================


✓ 精细搜索找到更好的阈值！

============================================================
自适应搜索完成！
============================================================
最终最佳阈值: 0.987345
最佳 F1: 0.9822
Precision: 0.9819
Recall: 0.9826
============================================================

Saved Best F1 results: /data/modeluse/TS/ISTAD-release/analysis/e1_incidence_counterfactual/runtime/anomaly_detection_PSM_ISTAD_PSM_ftM_sl64_bmhgat_v3_innov_hglite_bs128_v4hg_s87_0/bestf1_threshold_results_innovation_hgat_rank_tiebreak.json
Saved anomaly score plot: /data/modeluse/TS/ISTAD-release/analysis/e1_incidence_counterfactual/runtime/anomaly_detection_PSM_ISTAD_PSM_ftM_sl64_bmhgat_v3_innov_hglite_bs128_v4hg_s87_0/anomaly_score_threshold_innovation_hgat_rank_tiebreak.png
ISTAD explainability is disabled by --istad_enable_explain 0
=== E1 PSM seed 90 ===
Using GPU
Args in experiment:
[1mBasic Config[0m
  Task Name:          anomaly_detection   Is Training:        0                   
  Model ID:           PSM                 Model:              ISTAD               
  Seed:               90                  Itr:                1                   

[1mData Loader[0m
  Data:               PSM                 Root Path:          /data/modeluse/TS/ISTAD/dataset/PSM
  Features:           M                   Seq Len:            64                  
  Enc In:             25                  C Out:              25                  
  Checkpoints:        /data/modeluse/TS/ISTAD-release/code/ISTAD/../../checkpoints/ISTAD_v4_hgat_integrated
  Eval Step:          64                  

[1mAnomaly Detection Task[0m
  Anomaly Ratio:      1.0                 Threshold Source:   train               

[1mISTAD Parameters[0m
  Kernel Size:        7                   Branch Mode:        hgat                
  TCN Type:           kan                 
  Feat GAT Dim:       -1                  GRU Layers:         1                   
  GRU Hidden:         150                 Recon Layers:       1                   
  Recon Hidden:       32                  ISTAD Dropout:      0.3                 
  Recon Type:         pointwise           KANAD Order:        3                   
  Objective:          reconstruct         Target / Lag:       ('', 1)             
  Leaky Alpha:        0.2                 H Init:             normal              
  Hyperedges:         -1                  Top-K Nodes:        -1                  
  Spatial Type:       lite                HGAT Rank:          8                   
  HGAT Projection:    linear              
  KAN Grid:           5                   KAN Order:          3                   
  Arch:               legacy              Ablation:           full                
  Explainability:     0                   Explain Batches:    0                   
  Explain Points:     20000               Explain TopK:       10                  
  SmoothGrad:         0                   SG Samples:         20                  
  SG Noise:           0.1                 Quad Mode:          quantile            
  Quad Value:         0.75                Err Agg:            sum                 
  Sal Agg:            sum                 
  V3 Denoise:         1                   Evidence Head:      0                   
  Clean / Denoise:    (1.0, 0.5)          Evidence Weight:    0.2                 
  Frequency Weight:   0.0                 
  Point Evidence:     0.0                 
  Corrupt P/T/C:      (0.8, 0.15, 0.2)    Corrupt Scale:      1.5                 
  Corrupt Modes:      4                   Target-only corrupt:0                   
  Score Mode:         innovation_hgat     Score Agg / K:      ('calibrated', 3)   
  Evidence Map:       prob                Dump Scores:        1                   
  Strict Val:         1                   Hide Test Loss:     1                   
  Entity Aware:       0                   
  Innovation lag/ridge:(1, 0.01)           Innovation pool:    auto                
  Degenerate cutoff:  0.1                 Scale floor:        0.1                 
  Evidence tie-break: 0.001               Fusion train ECDF:  0                   
  HGAT input:         raw                 
  HGAT fusion:        rank_tiebreak       HGAT max weight:    0.2                 
  HGAT ref/tail:      (0.8, 0.01)         HGAT inflation:     1.25                

[1mRun Parameters[0m
  Num Workers:        4                   Batch Size:         128                 
  Train Epochs:       3                   Patience:           3                   
  Learning Rate:      0.001               Lradj:              type1               
  Des:                v4hg_s90            

[1mGPU[0m
  Use GPU:            1                   GPU:                0                   
  Use Multi GPU:      0                   Devices:            0,1,2,3             

Use GPU: cuda:0
🚀 Lazy Loading: ISTAD ...
>>>>>>>testing : anomaly_detection_PSM_ISTAD_PSM_ftM_sl64_bmhgat_v3_innov_hglite_bs128_v4hg_s90_0<<<<<<<<<<<<<<<<<<<<<<<<<<<<<<<<<
test: (87841, 25)
train: (105984, 25)
test 1372
test: (87841, 25)
train: (105984, 25)
score_train 1656
loading model
Innovation branch: {"calibration_size": 105983, "coefficient_count": 625, "degenerate_cutoff": 0.1, "degenerate_fraction": 0.0, "lag": 1, "n_features": 25, "requested_pool": "auto", "ridge": 0.01, "scale_floor_ratio": 0.1, "selected_pool": "sparse"}
HGAT-validated innovation: {"component_calibration": "normal_train_ecdf", "final_calibration": "rank_safe_no_recalibration", "fusion_strategy": "rank_tiebreak", "message_gate": 0.3261118233203888, "n_hyperedges": 12, "pool": "sparse", "relation_input": "raw_normalized_value", "reliability_gate": {"allowed_graph_tail_rate": 0.017101476624050573, "base_threshold": 0.9892591334541063, "base_validation_tail_rate": 0.01368118129924046, "graph_threshold": 0.9887165987318841, "graph_validation_tail_rate": 0.01641741755908855, "inflation_limit": 1.25, "kill_switch": false, "max_weight": 0.2, "method": "normal_tail_stability", "reference_fraction": 0.8, "reference_size": 84787, "reliability": 0.8333333333333222, "selected_weight": 0.16666666666666444, "tail_probability": 0.01, "validation_size": 21197}, "reliability_mix_weight": 0.16666666666666444, "role": "dynamic_hyperedge_pooling_of_v4_feature_innovations", "selected_weight": 4.717693236714976e-06}
Percentile Threshold Source: train
Percentile Threshold : 0.9899953471257749
Saved E1 incidence counterfactual audit: /data/modeluse/TS/ISTAD-release/analysis/e1_incidence_counterfactual/runtime/anomaly_detection_PSM_ISTAD_PSM_ftM_sl64_bmhgat_v3_innov_hglite_bs128_v4hg_s90_0/e1_incidence_counterfactual.json
Saved point scores and labels: /data/modeluse/TS/ISTAD-release/analysis/e1_incidence_counterfactual/runtime/anomaly_detection_PSM_ISTAD_PSM_ftM_sl64_bmhgat_v3_innov_hglite_bs128_v4hg_s90_0/point_scores_innovation_hgat_rank_tiebreak.npz
pred_raw: (87808,)
gt:      (87808,)
pred_pa: (87808,)
gt_pa:   (87808,)

============================================================
使用百分位数阈值的结果:
============================================================
Raw point F1: 0.0661 (P=0.7201, R=0.0347)
Accuracy : 0.9650, Precision : 0.9850, Recall : 0.8872, F-score : 0.9336 
============================================================


使用自适应 Best F1 搜索（两阶段）
粗搜索步数: 200, 精细搜索步数: 500

============================================================
自适应 Best F1 阈值搜索（两阶段）
============================================================

分数统计信息:
  最小值: 0.000005
  最大值: 0.999995
  均值: 0.587706
  标准差: 0.262480
  中位数: 0.620024
  第1百分位: 0.035691
  第99百分位: 0.992475

自动确定的搜索范围: [0.017845, 0.999995]

============================================================
阶段 1: 粗搜索（步数: 200）
============================================================

============================================================
开始 Best F1 阈值搜索...
============================================================
搜索范围: [0.0178, 1.0000]
搜索步数: 200
使用点调整: True
阈值: 0.0228 | F1: 0.4360 | Precision: 0.2788 | Recall: 1.0000
阈值: 0.1210 | F1: 0.4498 | Precision: 0.2901 | Recall: 1.0000
阈值: 0.2192 | F1: 0.4714 | Precision: 0.3084 | Recall: 1.0000
阈值: 0.3174 | F1: 0.4990 | Precision: 0.3325 | Recall: 1.0000
阈值: 0.4156 | F1: 0.5321 | Precision: 0.3625 | Recall: 0.9999
阈值: 0.5138 | F1: 0.5752 | Precision: 0.4037 | Recall: 0.9998
阈值: 0.6120 | F1: 0.6311 | Precision: 0.4611 | Recall: 0.9998
阈值: 0.7103 | F1: 0.7003 | Precision: 0.5389 | Recall: 0.9996
阈值: 0.8085 | F1: 0.7936 | Precision: 0.6579 | Recall: 0.9996
阈值: 0.9067 | F1: 0.9080 | Precision: 0.8319 | Recall: 0.9995

============================================================
✓ 找到最佳阈值: 0.985263
  最佳 F1: 0.9806
  Precision: 0.9784
  Recall: 0.9828
============================================================


============================================================
阶段 2: 精细搜索（步数: 500）
============================================================
在最佳阈值 0.985263 附近精细搜索
精细搜索范围: [0.887048, 0.999995]

============================================================
开始 Best F1 阈值搜索...
============================================================
搜索范围: [0.8870, 1.0000]
搜索步数: 500
使用点调整: True
阈值: 0.8873 | F1: 0.8835 | Precision: 0.7916 | Recall: 0.9995
阈值: 0.8986 | F1: 0.8987 | Precision: 0.8163 | Recall: 0.9995
阈值: 0.9099 | F1: 0.9118 | Precision: 0.8383 | Recall: 0.9995
阈值: 0.9212 | F1: 0.9240 | Precision: 0.8591 | Recall: 0.9995
阈值: 0.9325 | F1: 0.9364 | Precision: 0.8808 | Recall: 0.9995
阈值: 0.9437 | F1: 0.9486 | Precision: 0.9027 | Recall: 0.9995
阈值: 0.9550 | F1: 0.9585 | Precision: 0.9209 | Recall: 0.9994
阈值: 0.9663 | F1: 0.9702 | Precision: 0.9427 | Recall: 0.9993
阈值: 0.9776 | F1: 0.9727 | Precision: 0.9628 | Recall: 0.9828
阈值: 0.9889 | F1: 0.9325 | Precision: 0.9827 | Recall: 0.8872

============================================================
✓ 找到最佳阈值: 0.987345
  最佳 F1: 0.9822
  Precision: 0.9819
  Recall: 0.9826
============================================================


✓ 精细搜索找到更好的阈值！

============================================================
自适应搜索完成！
============================================================
最终最佳阈值: 0.987345
最佳 F1: 0.9822
Precision: 0.9819
Recall: 0.9826
============================================================

Saved Best F1 results: /data/modeluse/TS/ISTAD-release/analysis/e1_incidence_counterfactual/runtime/anomaly_detection_PSM_ISTAD_PSM_ftM_sl64_bmhgat_v3_innov_hglite_bs128_v4hg_s90_0/bestf1_threshold_results_innovation_hgat_rank_tiebreak.json
Saved anomaly score plot: /data/modeluse/TS/ISTAD-release/analysis/e1_incidence_counterfactual/runtime/anomaly_detection_PSM_ISTAD_PSM_ftM_sl64_bmhgat_v3_innov_hglite_bs128_v4hg_s90_0/anomaly_score_threshold_innovation_hgat_rank_tiebreak.png
ISTAD explainability is disabled by --istad_enable_explain 0
=== E1 PSM seed 98 ===
Using GPU
Args in experiment:
[1mBasic Config[0m
  Task Name:          anomaly_detection   Is Training:        0                   
  Model ID:           PSM                 Model:              ISTAD               
  Seed:               98                  Itr:                1                   

[1mData Loader[0m
  Data:               PSM                 Root Path:          /data/modeluse/TS/ISTAD/dataset/PSM
  Features:           M                   Seq Len:            64                  
  Enc In:             25                  C Out:              25                  
  Checkpoints:        /data/modeluse/TS/ISTAD-release/code/ISTAD/../../checkpoints/ISTAD_v4_hgat_integrated
  Eval Step:          64                  

[1mAnomaly Detection Task[0m
  Anomaly Ratio:      1.0                 Threshold Source:   train               

[1mISTAD Parameters[0m
  Kernel Size:        7                   Branch Mode:        hgat                
  TCN Type:           kan                 
  Feat GAT Dim:       -1                  GRU Layers:         1                   
  GRU Hidden:         150                 Recon Layers:       1                   
  Recon Hidden:       32                  ISTAD Dropout:      0.3                 
  Recon Type:         pointwise           KANAD Order:        3                   
  Objective:          reconstruct         Target / Lag:       ('', 1)             
  Leaky Alpha:        0.2                 H Init:             normal              
  Hyperedges:         -1                  Top-K Nodes:        -1                  
  Spatial Type:       lite                HGAT Rank:          8                   
  HGAT Projection:    linear              
  KAN Grid:           5                   KAN Order:          3                   
  Arch:               legacy              Ablation:           full                
  Explainability:     0                   Explain Batches:    0                   
  Explain Points:     20000               Explain TopK:       10                  
  SmoothGrad:         0                   SG Samples:         20                  
  SG Noise:           0.1                 Quad Mode:          quantile            
  Quad Value:         0.75                Err Agg:            sum                 
  Sal Agg:            sum                 
  V3 Denoise:         1                   Evidence Head:      0                   
  Clean / Denoise:    (1.0, 0.5)          Evidence Weight:    0.2                 
  Frequency Weight:   0.0                 
  Point Evidence:     0.0                 
  Corrupt P/T/C:      (0.8, 0.15, 0.2)    Corrupt Scale:      1.5                 
  Corrupt Modes:      4                   Target-only corrupt:0                   
  Score Mode:         innovation_hgat     Score Agg / K:      ('calibrated', 3)   
  Evidence Map:       prob                Dump Scores:        1                   
  Strict Val:         1                   Hide Test Loss:     1                   
  Entity Aware:       0                   
  Innovation lag/ridge:(1, 0.01)           Innovation pool:    auto                
  Degenerate cutoff:  0.1                 Scale floor:        0.1                 
  Evidence tie-break: 0.001               Fusion train ECDF:  0                   
  HGAT input:         raw                 
  HGAT fusion:        rank_tiebreak       HGAT max weight:    0.2                 
  HGAT ref/tail:      (0.8, 0.01)         HGAT inflation:     1.25                

[1mRun Parameters[0m
  Num Workers:        4                   Batch Size:         128                 
  Train Epochs:       3                   Patience:           3                   
  Learning Rate:      0.001               Lradj:              type1               
  Des:                v4hg_s98            

[1mGPU[0m
  Use GPU:            1                   GPU:                0                   
  Use Multi GPU:      0                   Devices:            0,1,2,3             

Use GPU: cuda:0
🚀 Lazy Loading: ISTAD ...
>>>>>>>testing : anomaly_detection_PSM_ISTAD_PSM_ftM_sl64_bmhgat_v3_innov_hglite_bs128_v4hg_s98_0<<<<<<<<<<<<<<<<<<<<<<<<<<<<<<<<<
test: (87841, 25)
train: (105984, 25)
test 1372
test: (87841, 25)
train: (105984, 25)
score_train 1656
loading model
Innovation branch: {"calibration_size": 105983, "coefficient_count": 625, "degenerate_cutoff": 0.1, "degenerate_fraction": 0.0, "lag": 1, "n_features": 25, "requested_pool": "auto", "ridge": 0.01, "scale_floor_ratio": 0.1, "selected_pool": "sparse"}
HGAT-validated innovation: {"component_calibration": "normal_train_ecdf", "final_calibration": "rank_safe_no_recalibration", "fusion_strategy": "rank_tiebreak", "message_gate": 0.3303990364074707, "n_hyperedges": 12, "pool": "sparse", "relation_input": "raw_normalized_value", "reliability_gate": {"allowed_graph_tail_rate": 0.017101476624050573, "base_threshold": 0.9892591334541063, "base_validation_tail_rate": 0.01368118129924046, "graph_threshold": 0.9889632397342994, "graph_validation_tail_rate": 0.015190828890880786, "inflation_limit": 1.25, "kill_switch": false, "max_weight": 0.2, "method": "normal_tail_stability", "reference_fraction": 0.8, "reference_size": 84787, "reliability": 0.9006211180124092, "selected_weight": 0.18012422360248184, "tail_probability": 0.01, "validation_size": 21197}, "reliability_mix_weight": 0.18012422360248184, "role": "dynamic_hyperedge_pooling_of_v4_feature_innovations", "selected_weight": 4.717693236714976e-06}
Percentile Threshold Source: train
Percentile Threshold : 0.9899949265366645
Saved E1 incidence counterfactual audit: /data/modeluse/TS/ISTAD-release/analysis/e1_incidence_counterfactual/runtime/anomaly_detection_PSM_ISTAD_PSM_ftM_sl64_bmhgat_v3_innov_hglite_bs128_v4hg_s98_0/e1_incidence_counterfactual.json
Saved point scores and labels: /data/modeluse/TS/ISTAD-release/analysis/e1_incidence_counterfactual/runtime/anomaly_detection_PSM_ISTAD_PSM_ftM_sl64_bmhgat_v3_innov_hglite_bs128_v4hg_s98_0/point_scores_innovation_hgat_rank_tiebreak.npz
pred_raw: (87808,)
gt:      (87808,)
pred_pa: (87808,)
gt_pa:   (87808,)

============================================================
使用百分位数阈值的结果:
============================================================
Raw point F1: 0.0661 (P=0.7201, R=0.0347)
Accuracy : 0.9650, Precision : 0.9850, Recall : 0.8872, F-score : 0.9336 
============================================================


使用自适应 Best F1 搜索（两阶段）
粗搜索步数: 200, 精细搜索步数: 500

============================================================
自适应 Best F1 阈值搜索（两阶段）
============================================================

分数统计信息:
  最小值: 0.000005
  最大值: 0.999995
  均值: 0.587706
  标准差: 0.262480
  中位数: 0.620024
  第1百分位: 0.035691
  第99百分位: 0.992475

自动确定的搜索范围: [0.017846, 0.999995]

============================================================
阶段 1: 粗搜索（步数: 200）
============================================================

============================================================
开始 Best F1 阈值搜索...
============================================================
搜索范围: [0.0178, 1.0000]
搜索步数: 200
使用点调整: True
阈值: 0.0228 | F1: 0.4360 | Precision: 0.2788 | Recall: 1.0000
阈值: 0.1210 | F1: 0.4498 | Precision: 0.2901 | Recall: 1.0000
阈值: 0.2192 | F1: 0.4714 | Precision: 0.3084 | Recall: 1.0000
阈值: 0.3174 | F1: 0.4990 | Precision: 0.3325 | Recall: 1.0000
阈值: 0.4156 | F1: 0.5321 | Precision: 0.3625 | Recall: 0.9999
阈值: 0.5138 | F1: 0.5752 | Precision: 0.4037 | Recall: 0.9998
阈值: 0.6120 | F1: 0.6311 | Precision: 0.4611 | Recall: 0.9998
阈值: 0.7103 | F1: 0.7003 | Precision: 0.5389 | Recall: 0.9996
阈值: 0.8085 | F1: 0.7936 | Precision: 0.6579 | Recall: 0.9996
阈值: 0.9067 | F1: 0.9080 | Precision: 0.8319 | Recall: 0.9995

============================================================
✓ 找到最佳阈值: 0.985263
  最佳 F1: 0.9806
  Precision: 0.9784
  Recall: 0.9828
============================================================


============================================================
阶段 2: 精细搜索（步数: 500）
============================================================
在最佳阈值 0.985263 附近精细搜索
精细搜索范围: [0.887048, 0.999995]

============================================================
开始 Best F1 阈值搜索...
============================================================
搜索范围: [0.8870, 1.0000]
搜索步数: 500
使用点调整: True
阈值: 0.8873 | F1: 0.8835 | Precision: 0.7916 | Recall: 0.9995
阈值: 0.8986 | F1: 0.8987 | Precision: 0.8163 | Recall: 0.9995
阈值: 0.9099 | F1: 0.9118 | Precision: 0.8383 | Recall: 0.9995
阈值: 0.9212 | F1: 0.9240 | Precision: 0.8591 | Recall: 0.9995
阈值: 0.9325 | F1: 0.9364 | Precision: 0.8808 | Recall: 0.9995
阈值: 0.9437 | F1: 0.9486 | Precision: 0.9027 | Recall: 0.9995
阈值: 0.9550 | F1: 0.9585 | Precision: 0.9209 | Recall: 0.9994
阈值: 0.9663 | F1: 0.9702 | Precision: 0.9427 | Recall: 0.9993
阈值: 0.9776 | F1: 0.9727 | Precision: 0.9628 | Recall: 0.9828
阈值: 0.9889 | F1: 0.9325 | Precision: 0.9827 | Recall: 0.8872

============================================================
✓ 找到最佳阈值: 0.987345
  最佳 F1: 0.9822
  Precision: 0.9819
  Recall: 0.9826
============================================================


✓ 精细搜索找到更好的阈值！

============================================================
自适应搜索完成！
============================================================
最终最佳阈值: 0.987345
最佳 F1: 0.9822
Precision: 0.9819
Recall: 0.9826
============================================================

Saved Best F1 results: /data/modeluse/TS/ISTAD-release/analysis/e1_incidence_counterfactual/runtime/anomaly_detection_PSM_ISTAD_PSM_ftM_sl64_bmhgat_v3_innov_hglite_bs128_v4hg_s98_0/bestf1_threshold_results_innovation_hgat_rank_tiebreak.json
Saved anomaly score plot: /data/modeluse/TS/ISTAD-release/analysis/e1_incidence_counterfactual/runtime/anomaly_detection_PSM_ISTAD_PSM_ftM_sl64_bmhgat_v3_innov_hglite_bs128_v4hg_s98_0/anomaly_score_threshold_innovation_hgat_rank_tiebreak.png
ISTAD explainability is disabled by --istad_enable_explain 0
=== E1 SMD seed 87 ===
Using GPU
Args in experiment:
[1mBasic Config[0m
  Task Name:          anomaly_detection   Is Training:        0                   
  Model ID:           SMD                 Model:              ISTAD               
  Seed:               87                  Itr:                1                   

[1mData Loader[0m
  Data:               SMD                 Root Path:          /data/modeluse/TS/ISTAD/dataset/SMD
  Features:           M                   Seq Len:            96                  
  Enc In:             38                  C Out:              38                  
  Checkpoints:        /data/modeluse/TS/ISTAD-release/code/ISTAD/../../checkpoints/ISTAD_v4_hgat_integrated
  Eval Step:          96                  

[1mAnomaly Detection Task[0m
  Anomaly Ratio:      1.0                 Threshold Source:   train               

[1mISTAD Parameters[0m
  Kernel Size:        7                   Branch Mode:        hgat                
  TCN Type:           kan                 
  Feat GAT Dim:       -1                  GRU Layers:         1                   
  GRU Hidden:         150                 Recon Layers:       1                   
  Recon Hidden:       32                  ISTAD Dropout:      0.3                 
  Recon Type:         pointwise           KANAD Order:        3                   
  Objective:          reconstruct         Target / Lag:       ('', 1)             
  Leaky Alpha:        0.2                 H Init:             normal              
  Hyperedges:         -1                  Top-K Nodes:        -1                  
  Spatial Type:       lite                HGAT Rank:          8                   
  HGAT Projection:    linear              
  KAN Grid:           5                   KAN Order:          3                   
  Arch:               legacy              Ablation:           full                
  Explainability:     0                   Explain Batches:    0                   
  Explain Points:     20000               Explain TopK:       10                  
  SmoothGrad:         0                   SG Samples:         20                  
  SG Noise:           0.1                 Quad Mode:          quantile            
  Quad Value:         0.75                Err Agg:            sum                 
  Sal Agg:            sum                 
  V3 Denoise:         1                   Evidence Head:      0                   
  Clean / Denoise:    (1.0, 0.5)          Evidence Weight:    0.2                 
  Frequency Weight:   0.0                 
  Point Evidence:     0.0                 
  Corrupt P/T/C:      (0.8, 0.15, 0.2)    Corrupt Scale:      1.5                 
  Corrupt Modes:      4                   Target-only corrupt:0                   
  Score Mode:         innovation_hgat     Score Agg / K:      ('calibrated', 3)   
  Evidence Map:       prob                Dump Scores:        1                   
  Strict Val:         1                   Hide Test Loss:     1                   
  Entity Aware:       1                   
  Innovation lag/ridge:(1, 0.01)           Innovation pool:    auto                
  Degenerate cutoff:  0.1                 Scale floor:        0.1                 
  Evidence tie-break: 0.001               Fusion train ECDF:  0                   
  HGAT input:         raw                 
  HGAT fusion:        rank_tiebreak       HGAT max weight:    0.2                 
  HGAT ref/tail:      (0.8, 0.01)         HGAT inflation:     1.25                

[1mRun Parameters[0m
  Num Workers:        4                   Batch Size:         128                 
  Train Epochs:       20                  Patience:           5                   
  Learning Rate:      0.001               Lradj:              cosine              
  Des:                v4hg_s87            

[1mGPU[0m
  Use GPU:            1                   GPU:                0                   
  Use Multi GPU:      0                   Devices:            0,1,2,3             

Use GPU: cuda:0
🚀 Lazy Loading: ISTAD ...
>>>>>>>testing : anomaly_detection_SMD_ISTAD_SMD_ftM_sl96_bmhgat_v3_ent_innov_hglite_bs128_v4hg_s87_0<<<<<<<<<<<<<<<<<<<<<<<<<<<<<<<<<
test: (708420, 38)
train: (566713, 38)
SMD entity-aware windows: 7360
test 7360
test: (708420, 38)
train: (566713, 38)
SMD entity-aware windows: 5892
score_train 5892
loading model
Innovation branch: {"calibration_size": 565604, "coefficient_count": 1444, "degenerate_cutoff": 0.1, "degenerate_fraction": 0.02631578947368421, "lag": 1, "n_features": 38, "requested_pool": "auto", "ridge": 0.01, "scale_floor_ratio": 0.1, "selected_pool": "sparse"}
HGAT-validated innovation: {"component_calibration": "normal_train_ecdf", "final_calibration": "rank_safe_no_recalibration", "fusion_strategy": "rank_tiebreak", "message_gate": 0.2673893868923187, "n_hyperedges": 19, "pool": "sparse", "relation_input": "raw_normalized_value", "reliability_gate": {"allowed_graph_tail_rate": 0.01659448470920983, "base_threshold": 0.9893434287179215, "base_validation_tail_rate": 0.013275587767367862, "graph_threshold": 0.9892263697952025, "graph_validation_tail_rate": 0.013867774438748454, "inflation_limit": 1.25, "kill_switch": false, "max_weight": 0.2, "method": "normal_tail_stability", "reference_fraction": 0.8, "reference_size": 452492, "reliability": 0.9572976418100547, "selected_weight": 0.19145952836201097, "tail_probability": 0.01, "validation_size": 113140}, "reliability_mix_weight": 0.19145952836201097, "role": "dynamic_hyperedge_pooling_of_v4_feature_innovations", "selected_weight": 8.840091583348803e-07}
Percentile Threshold Source: train
Percentile Threshold : 0.9899985992813093
Saved E1 incidence counterfactual audit: /data/modeluse/TS/ISTAD-release/analysis/e1_incidence_counterfactual/runtime/anomaly_detection_SMD_ISTAD_SMD_ftM_sl96_bmhgat_v3_ent_innov_hglite_bs128_v4hg_s87_0/e1_incidence_counterfactual.json
Saved point scores and labels: /data/modeluse/TS/ISTAD-release/analysis/e1_incidence_counterfactual/runtime/anomaly_detection_SMD_ISTAD_SMD_ftM_sl96_bmhgat_v3_ent_innov_hglite_bs128_v4hg_s87_0/point_scores_innovation_hgat_rank_tiebreak.npz
pred_raw: (706560,)
gt:      (706560,)
pred_pa: (706560,)
gt_pa:   (706560,)

============================================================
使用百分位数阈值的结果:
============================================================
Raw point F1: 0.1240 (P=0.2465, R=0.0829)
Accuracy : 0.9863, Precision : 0.7846, Recall : 0.9227, F-score : 0.8481 
============================================================


使用自适应 Best F1 搜索（两阶段）
粗搜索步数: 200, 精细搜索步数: 500

============================================================
自适应 Best F1 阈值搜索（两阶段）
============================================================

分数统计信息:
  最小值: 0.000001
  最大值: 0.999999
  均值: 0.521832
  标准差: 0.284420
  中位数: 0.527068
  第1百分位: 0.019233
  第99百分位: 0.992817

自动确定的搜索范围: [0.009616, 0.999999]

============================================================
阶段 1: 粗搜索（步数: 200）
============================================================

============================================================
开始 Best F1 阈值搜索...
============================================================
搜索范围: [0.0096, 1.0000]
搜索步数: 200
使用点调整: True
阈值: 0.0146 | F1: 0.0803 | Precision: 0.0418 | Recall: 1.0000
阈值: 0.1136 | F1: 0.0868 | Precision: 0.0454 | Recall: 1.0000
阈值: 0.2126 | F1: 0.0970 | Precision: 0.0510 | Recall: 1.0000
阈值: 0.3117 | F1: 0.1091 | Precision: 0.0577 | Recall: 1.0000
阈值: 0.4107 | F1: 0.1249 | Precision: 0.0666 | Recall: 1.0000
阈值: 0.5098 | F1: 0.1461 | Precision: 0.0788 | Recall: 1.0000
阈值: 0.6088 | F1: 0.1771 | Precision: 0.0972 | Recall: 0.9998
阈值: 0.7078 | F1: 0.2262 | Precision: 0.1275 | Recall: 0.9997
阈值: 0.8069 | F1: 0.2998 | Precision: 0.1764 | Recall: 0.9995
阈值: 0.9059 | F1: 0.4586 | Precision: 0.2977 | Recall: 0.9984

============================================================
✓ 找到最佳阈值: 0.995047
  最佳 F1: 0.8700
  Precision: 0.8867
  Recall: 0.8538
============================================================


============================================================
阶段 2: 精细搜索（步数: 500）
============================================================
在最佳阈值 0.995047 附近精细搜索
精细搜索范围: [0.896009, 0.999999]

============================================================
开始 Best F1 阈值搜索...
============================================================
搜索范围: [0.8960, 1.0000]
搜索步数: 500
使用点调整: True
阈值: 0.8962 | F1: 0.4357 | Precision: 0.2786 | Recall: 0.9984
阈值: 0.9066 | F1: 0.4603 | Precision: 0.2991 | Recall: 0.9983
阈值: 0.9170 | F1: 0.4861 | Precision: 0.3213 | Recall: 0.9981
阈值: 0.9274 | F1: 0.5139 | Precision: 0.3460 | Recall: 0.9981
阈值: 0.9378 | F1: 0.5461 | Precision: 0.3760 | Recall: 0.9976
阈值: 0.9482 | F1: 0.5845 | Precision: 0.4134 | Recall: 0.9971
阈值: 0.9586 | F1: 0.6320 | Precision: 0.4629 | Recall: 0.9955
阈值: 0.9690 | F1: 0.6806 | Precision: 0.5176 | Recall: 0.9936
阈值: 0.9794 | F1: 0.7364 | Precision: 0.5908 | Recall: 0.9773
阈值: 0.9898 | F1: 0.8469 | Precision: 0.7826 | Recall: 0.9227

============================================================
✓ 找到最佳阈值: 0.994592
  最佳 F1: 0.8829
  Precision: 0.8764
  Recall: 0.8896
============================================================


✓ 精细搜索找到更好的阈值！

============================================================
自适应搜索完成！
============================================================
最终最佳阈值: 0.994592
最佳 F1: 0.8829
Precision: 0.8764
Recall: 0.8896
============================================================

Saved Best F1 results: /data/modeluse/TS/ISTAD-release/analysis/e1_incidence_counterfactual/runtime/anomaly_detection_SMD_ISTAD_SMD_ftM_sl96_bmhgat_v3_ent_innov_hglite_bs128_v4hg_s87_0/bestf1_threshold_results_innovation_hgat_rank_tiebreak.json
Saved anomaly score plot: /data/modeluse/TS/ISTAD-release/analysis/e1_incidence_counterfactual/runtime/anomaly_detection_SMD_ISTAD_SMD_ftM_sl96_bmhgat_v3_ent_innov_hglite_bs128_v4hg_s87_0/anomaly_score_threshold_innovation_hgat_rank_tiebreak.png
ISTAD explainability is disabled by --istad_enable_explain 0
=== E1 SMD seed 90 ===
Using GPU
Args in experiment:
[1mBasic Config[0m
  Task Name:          anomaly_detection   Is Training:        0                   
  Model ID:           SMD                 Model:              ISTAD               
  Seed:               90                  Itr:                1                   

[1mData Loader[0m
  Data:               SMD                 Root Path:          /data/modeluse/TS/ISTAD/dataset/SMD
  Features:           M                   Seq Len:            96                  
  Enc In:             38                  C Out:              38                  
  Checkpoints:        /data/modeluse/TS/ISTAD-release/code/ISTAD/../../checkpoints/ISTAD_v4_hgat_integrated
  Eval Step:          96                  

[1mAnomaly Detection Task[0m
  Anomaly Ratio:      1.0                 Threshold Source:   train               

[1mISTAD Parameters[0m
  Kernel Size:        7                   Branch Mode:        hgat                
  TCN Type:           kan                 
  Feat GAT Dim:       -1                  GRU Layers:         1                   
  GRU Hidden:         150                 Recon Layers:       1                   
  Recon Hidden:       32                  ISTAD Dropout:      0.3                 
  Recon Type:         pointwise           KANAD Order:        3                   
  Objective:          reconstruct         Target / Lag:       ('', 1)             
  Leaky Alpha:        0.2                 H Init:             normal              
  Hyperedges:         -1                  Top-K Nodes:        -1                  
  Spatial Type:       lite                HGAT Rank:          8                   
  HGAT Projection:    linear              
  KAN Grid:           5                   KAN Order:          3                   
  Arch:               legacy              Ablation:           full                
  Explainability:     0                   Explain Batches:    0                   
  Explain Points:     20000               Explain TopK:       10                  
  SmoothGrad:         0                   SG Samples:         20                  
  SG Noise:           0.1                 Quad Mode:          quantile            
  Quad Value:         0.75                Err Agg:            sum                 
  Sal Agg:            sum                 
  V3 Denoise:         1                   Evidence Head:      0                   
  Clean / Denoise:    (1.0, 0.5)          Evidence Weight:    0.2                 
  Frequency Weight:   0.0                 
  Point Evidence:     0.0                 
  Corrupt P/T/C:      (0.8, 0.15, 0.2)    Corrupt Scale:      1.5                 
  Corrupt Modes:      4                   Target-only corrupt:0                   
  Score Mode:         innovation_hgat     Score Agg / K:      ('calibrated', 3)   
  Evidence Map:       prob                Dump Scores:        1                   
  Strict Val:         1                   Hide Test Loss:     1                   
  Entity Aware:       1                   
  Innovation lag/ridge:(1, 0.01)           Innovation pool:    auto                
  Degenerate cutoff:  0.1                 Scale floor:        0.1                 
  Evidence tie-break: 0.001               Fusion train ECDF:  0                   
  HGAT input:         raw                 
  HGAT fusion:        rank_tiebreak       HGAT max weight:    0.2                 
  HGAT ref/tail:      (0.8, 0.01)         HGAT inflation:     1.25                

[1mRun Parameters[0m
  Num Workers:        4                   Batch Size:         128                 
  Train Epochs:       20                  Patience:           5                   
  Learning Rate:      0.001               Lradj:              cosine              
  Des:                v4hg_s90            

[1mGPU[0m
  Use GPU:            1                   GPU:                0                   
  Use Multi GPU:      0                   Devices:            0,1,2,3             

Use GPU: cuda:0
🚀 Lazy Loading: ISTAD ...
>>>>>>>testing : anomaly_detection_SMD_ISTAD_SMD_ftM_sl96_bmhgat_v3_ent_innov_hglite_bs128_v4hg_s90_0<<<<<<<<<<<<<<<<<<<<<<<<<<<<<<<<<
test: (708420, 38)
train: (566713, 38)
SMD entity-aware windows: 7360
test 7360
test: (708420, 38)
train: (566713, 38)
SMD entity-aware windows: 5892
score_train 5892
loading model
Innovation branch: {"calibration_size": 565604, "coefficient_count": 1444, "degenerate_cutoff": 0.1, "degenerate_fraction": 0.02631578947368421, "lag": 1, "n_features": 38, "requested_pool": "auto", "ridge": 0.01, "scale_floor_ratio": 0.1, "selected_pool": "sparse"}
HGAT-validated innovation: {"component_calibration": "normal_train_ecdf", "final_calibration": "rank_safe_no_recalibration", "fusion_strategy": "rank_tiebreak", "message_gate": 0.2765718996524811, "n_hyperedges": 19, "pool": "sparse", "relation_input": "raw_normalized_value", "reliability_gate": {"allowed_graph_tail_rate": 0.01659448470920983, "base_threshold": 0.9893434287179215, "base_validation_tail_rate": 0.013275587767367862, "graph_threshold": 0.9890389687995021, "graph_validation_tail_rate": 0.01480466678451476, "inflation_limit": 1.25, "kill_switch": false, "max_weight": 0.2, "method": "normal_tail_stability", "reference_fraction": 0.8, "reference_size": 452492, "reliability": 0.8967164179104343, "selected_weight": 0.17934328358208687, "tail_probability": 0.01, "validation_size": 113140}, "reliability_mix_weight": 0.17934328358208687, "role": "dynamic_hyperedge_pooling_of_v4_feature_innovations", "selected_weight": 8.840091583348803e-07}
Percentile Threshold Source: train
Percentile Threshold : 0.9899986354677142
Saved E1 incidence counterfactual audit: /data/modeluse/TS/ISTAD-release/analysis/e1_incidence_counterfactual/runtime/anomaly_detection_SMD_ISTAD_SMD_ftM_sl96_bmhgat_v3_ent_innov_hglite_bs128_v4hg_s90_0/e1_incidence_counterfactual.json
Saved point scores and labels: /data/modeluse/TS/ISTAD-release/analysis/e1_incidence_counterfactual/runtime/anomaly_detection_SMD_ISTAD_SMD_ftM_sl96_bmhgat_v3_ent_innov_hglite_bs128_v4hg_s90_0/point_scores_innovation_hgat_rank_tiebreak.npz
pred_raw: (706560,)
gt:      (706560,)
pred_pa: (706560,)
gt_pa:   (706560,)

============================================================
使用百分位数阈值的结果:
============================================================
Raw point F1: 0.1240 (P=0.2465, R=0.0829)
Accuracy : 0.9863, Precision : 0.7846, Recall : 0.9227, F-score : 0.8481 
============================================================


使用自适应 Best F1 搜索（两阶段）
粗搜索步数: 200, 精细搜索步数: 500

============================================================
自适应 Best F1 阈值搜索（两阶段）
============================================================

分数统计信息:
  最小值: 0.000001
  最大值: 0.999999
  均值: 0.521832
  标准差: 0.284420
  中位数: 0.527068
  第1百分位: 0.019233
  第99百分位: 0.992817

自动确定的搜索范围: [0.009616, 0.999999]

============================================================
阶段 1: 粗搜索（步数: 200）
============================================================

============================================================
开始 Best F1 阈值搜索...
============================================================
搜索范围: [0.0096, 1.0000]
搜索步数: 200
使用点调整: True
阈值: 0.0146 | F1: 0.0803 | Precision: 0.0418 | Recall: 1.0000
阈值: 0.1136 | F1: 0.0868 | Precision: 0.0454 | Recall: 1.0000
阈值: 0.2126 | F1: 0.0970 | Precision: 0.0510 | Recall: 1.0000
阈值: 0.3117 | F1: 0.1091 | Precision: 0.0577 | Recall: 1.0000
阈值: 0.4107 | F1: 0.1249 | Precision: 0.0666 | Recall: 1.0000
阈值: 0.5098 | F1: 0.1461 | Precision: 0.0788 | Recall: 1.0000
阈值: 0.6088 | F1: 0.1771 | Precision: 0.0972 | Recall: 0.9998
阈值: 0.7078 | F1: 0.2262 | Precision: 0.1275 | Recall: 0.9997
阈值: 0.8069 | F1: 0.2998 | Precision: 0.1764 | Recall: 0.9995
阈值: 0.9059 | F1: 0.4586 | Precision: 0.2977 | Recall: 0.9984

============================================================
✓ 找到最佳阈值: 0.995047
  最佳 F1: 0.8700
  Precision: 0.8867
  Recall: 0.8538
============================================================


============================================================
阶段 2: 精细搜索（步数: 500）
============================================================
在最佳阈值 0.995047 附近精细搜索
精细搜索范围: [0.896009, 0.999999]

============================================================
开始 Best F1 阈值搜索...
============================================================
搜索范围: [0.8960, 1.0000]
搜索步数: 500
使用点调整: True
阈值: 0.8962 | F1: 0.4357 | Precision: 0.2786 | Recall: 0.9984
阈值: 0.9066 | F1: 0.4603 | Precision: 0.2991 | Recall: 0.9983
阈值: 0.9170 | F1: 0.4861 | Precision: 0.3213 | Recall: 0.9981
阈值: 0.9274 | F1: 0.5139 | Precision: 0.3460 | Recall: 0.9981
阈值: 0.9378 | F1: 0.5461 | Precision: 0.3760 | Recall: 0.9976
阈值: 0.9482 | F1: 0.5845 | Precision: 0.4134 | Recall: 0.9971
阈值: 0.9586 | F1: 0.6320 | Precision: 0.4629 | Recall: 0.9955
阈值: 0.9690 | F1: 0.6806 | Precision: 0.5176 | Recall: 0.9936
阈值: 0.9794 | F1: 0.7364 | Precision: 0.5908 | Recall: 0.9773
阈值: 0.9898 | F1: 0.8469 | Precision: 0.7826 | Recall: 0.9227

============================================================
✓ 找到最佳阈值: 0.994592
  最佳 F1: 0.8829
  Precision: 0.8764
  Recall: 0.8896
============================================================


✓ 精细搜索找到更好的阈值！

============================================================
自适应搜索完成！
============================================================
最终最佳阈值: 0.994592
最佳 F1: 0.8829
Precision: 0.8764
Recall: 0.8896
============================================================

Saved Best F1 results: /data/modeluse/TS/ISTAD-release/analysis/e1_incidence_counterfactual/runtime/anomaly_detection_SMD_ISTAD_SMD_ftM_sl96_bmhgat_v3_ent_innov_hglite_bs128_v4hg_s90_0/bestf1_threshold_results_innovation_hgat_rank_tiebreak.json
Saved anomaly score plot: /data/modeluse/TS/ISTAD-release/analysis/e1_incidence_counterfactual/runtime/anomaly_detection_SMD_ISTAD_SMD_ftM_sl96_bmhgat_v3_ent_innov_hglite_bs128_v4hg_s90_0/anomaly_score_threshold_innovation_hgat_rank_tiebreak.png
ISTAD explainability is disabled by --istad_enable_explain 0
=== E1 SMD seed 98 ===
Using GPU
Args in experiment:
[1mBasic Config[0m
  Task Name:          anomaly_detection   Is Training:        0                   
  Model ID:           SMD                 Model:              ISTAD               
  Seed:               98                  Itr:                1                   

[1mData Loader[0m
  Data:               SMD                 Root Path:          /data/modeluse/TS/ISTAD/dataset/SMD
  Features:           M                   Seq Len:            96                  
  Enc In:             38                  C Out:              38                  
  Checkpoints:        /data/modeluse/TS/ISTAD-release/code/ISTAD/../../checkpoints/ISTAD_v4_hgat_integrated
  Eval Step:          96                  

[1mAnomaly Detection Task[0m
  Anomaly Ratio:      1.0                 Threshold Source:   train               

[1mISTAD Parameters[0m
  Kernel Size:        7                   Branch Mode:        hgat                
  TCN Type:           kan                 
  Feat GAT Dim:       -1                  GRU Layers:         1                   
  GRU Hidden:         150                 Recon Layers:       1                   
  Recon Hidden:       32                  ISTAD Dropout:      0.3                 
  Recon Type:         pointwise           KANAD Order:        3                   
  Objective:          reconstruct         Target / Lag:       ('', 1)             
  Leaky Alpha:        0.2                 H Init:             normal              
  Hyperedges:         -1                  Top-K Nodes:        -1                  
  Spatial Type:       lite                HGAT Rank:          8                   
  HGAT Projection:    linear              
  KAN Grid:           5                   KAN Order:          3                   
  Arch:               legacy              Ablation:           full                
  Explainability:     0                   Explain Batches:    0                   
  Explain Points:     20000               Explain TopK:       10                  
  SmoothGrad:         0                   SG Samples:         20                  
  SG Noise:           0.1                 Quad Mode:          quantile            
  Quad Value:         0.75                Err Agg:            sum                 
  Sal Agg:            sum                 
  V3 Denoise:         1                   Evidence Head:      0                   
  Clean / Denoise:    (1.0, 0.5)          Evidence Weight:    0.2                 
  Frequency Weight:   0.0                 
  Point Evidence:     0.0                 
  Corrupt P/T/C:      (0.8, 0.15, 0.2)    Corrupt Scale:      1.5                 
  Corrupt Modes:      4                   Target-only corrupt:0                   
  Score Mode:         innovation_hgat     Score Agg / K:      ('calibrated', 3)   
  Evidence Map:       prob                Dump Scores:        1                   
  Strict Val:         1                   Hide Test Loss:     1                   
  Entity Aware:       1                   
  Innovation lag/ridge:(1, 0.01)           Innovation pool:    auto                
  Degenerate cutoff:  0.1                 Scale floor:        0.1                 
  Evidence tie-break: 0.001               Fusion train ECDF:  0                   
  HGAT input:         raw                 
  HGAT fusion:        rank_tiebreak       HGAT max weight:    0.2                 
  HGAT ref/tail:      (0.8, 0.01)         HGAT inflation:     1.25                

[1mRun Parameters[0m
  Num Workers:        4                   Batch Size:         128                 
  Train Epochs:       20                  Patience:           5                   
  Learning Rate:      0.001               Lradj:              cosine              
  Des:                v4hg_s98            

[1mGPU[0m
  Use GPU:            1                   GPU:                0                   
  Use Multi GPU:      0                   Devices:            0,1,2,3             

Use GPU: cuda:0
🚀 Lazy Loading: ISTAD ...
>>>>>>>testing : anomaly_detection_SMD_ISTAD_SMD_ftM_sl96_bmhgat_v3_ent_innov_hglite_bs128_v4hg_s98_0<<<<<<<<<<<<<<<<<<<<<<<<<<<<<<<<<
test: (708420, 38)
train: (566713, 38)
SMD entity-aware windows: 7360
test 7360
test: (708420, 38)
train: (566713, 38)
SMD entity-aware windows: 5892
score_train 5892
loading model
Innovation branch: {"calibration_size": 565604, "coefficient_count": 1444, "degenerate_cutoff": 0.1, "degenerate_fraction": 0.02631578947368421, "lag": 1, "n_features": 38, "requested_pool": "auto", "ridge": 0.01, "scale_floor_ratio": 0.1, "selected_pool": "sparse"}
HGAT-validated innovation: {"component_calibration": "normal_train_ecdf", "final_calibration": "rank_safe_no_recalibration", "fusion_strategy": "rank_tiebreak", "message_gate": 0.2629287540912628, "n_hyperedges": 19, "pool": "sparse", "relation_input": "raw_normalized_value", "reliability_gate": {"allowed_graph_tail_rate": 0.01659448470920983, "base_threshold": 0.9893434287179215, "base_validation_tail_rate": 0.013275587767367862, "graph_threshold": 0.9890285203100248, "graph_validation_tail_rate": 0.014857698426727947, "inflation_limit": 1.25, "kill_switch": false, "max_weight": 0.2, "method": "normal_tail_stability", "reference_fraction": 0.8, "reference_size": 452492, "reliability": 0.8935157644259236, "selected_weight": 0.17870315288518474, "tail_probability": 0.01, "validation_size": 113140}, "reliability_mix_weight": 0.17870315288518474, "role": "dynamic_hyperedge_pooling_of_v4_feature_innovations", "selected_weight": 8.840091583348803e-07}
Percentile Threshold Source: train
Percentile Threshold : 0.989998650201656
Saved E1 incidence counterfactual audit: /data/modeluse/TS/ISTAD-release/analysis/e1_incidence_counterfactual/runtime/anomaly_detection_SMD_ISTAD_SMD_ftM_sl96_bmhgat_v3_ent_innov_hglite_bs128_v4hg_s98_0/e1_incidence_counterfactual.json
Saved point scores and labels: /data/modeluse/TS/ISTAD-release/analysis/e1_incidence_counterfactual/runtime/anomaly_detection_SMD_ISTAD_SMD_ftM_sl96_bmhgat_v3_ent_innov_hglite_bs128_v4hg_s98_0/point_scores_innovation_hgat_rank_tiebreak.npz
pred_raw: (706560,)
gt:      (706560,)
pred_pa: (706560,)
gt_pa:   (706560,)

============================================================
使用百分位数阈值的结果:
============================================================
Raw point F1: 0.1240 (P=0.2465, R=0.0829)
Accuracy : 0.9863, Precision : 0.7846, Recall : 0.9227, F-score : 0.8481 
============================================================


使用自适应 Best F1 搜索（两阶段）
粗搜索步数: 200, 精细搜索步数: 500

============================================================
自适应 Best F1 阈值搜索（两阶段）
============================================================

分数统计信息:
  最小值: 0.000001
  最大值: 0.999999
  均值: 0.521832
  标准差: 0.284420
  中位数: 0.527068
  第1百分位: 0.019233
  第99百分位: 0.992817

自动确定的搜索范围: [0.009616, 0.999999]

============================================================
阶段 1: 粗搜索（步数: 200）
============================================================

============================================================
开始 Best F1 阈值搜索...
============================================================
搜索范围: [0.0096, 1.0000]
搜索步数: 200
使用点调整: True
阈值: 0.0146 | F1: 0.0803 | Precision: 0.0418 | Recall: 1.0000
阈值: 0.1136 | F1: 0.0868 | Precision: 0.0454 | Recall: 1.0000
阈值: 0.2126 | F1: 0.0970 | Precision: 0.0510 | Recall: 1.0000
阈值: 0.3117 | F1: 0.1091 | Precision: 0.0577 | Recall: 1.0000
阈值: 0.4107 | F1: 0.1249 | Precision: 0.0666 | Recall: 1.0000
阈值: 0.5098 | F1: 0.1461 | Precision: 0.0788 | Recall: 1.0000
阈值: 0.6088 | F1: 0.1771 | Precision: 0.0972 | Recall: 0.9998
阈值: 0.7078 | F1: 0.2262 | Precision: 0.1275 | Recall: 0.9997
阈值: 0.8069 | F1: 0.2998 | Precision: 0.1764 | Recall: 0.9995
阈值: 0.9059 | F1: 0.4586 | Precision: 0.2977 | Recall: 0.9984

============================================================
✓ 找到最佳阈值: 0.995047
  最佳 F1: 0.8700
  Precision: 0.8867
  Recall: 0.8538
============================================================


============================================================
阶段 2: 精细搜索（步数: 500）
============================================================
在最佳阈值 0.995047 附近精细搜索
精细搜索范围: [0.896009, 0.999999]

============================================================
开始 Best F1 阈值搜索...
============================================================
搜索范围: [0.8960, 1.0000]
搜索步数: 500
使用点调整: True
阈值: 0.8962 | F1: 0.4357 | Precision: 0.2786 | Recall: 0.9984
阈值: 0.9066 | F1: 0.4603 | Precision: 0.2991 | Recall: 0.9983
阈值: 0.9170 | F1: 0.4861 | Precision: 0.3213 | Recall: 0.9981
阈值: 0.9274 | F1: 0.5139 | Precision: 0.3460 | Recall: 0.9981
阈值: 0.9378 | F1: 0.5461 | Precision: 0.3760 | Recall: 0.9976
阈值: 0.9482 | F1: 0.5845 | Precision: 0.4134 | Recall: 0.9971
阈值: 0.9586 | F1: 0.6320 | Precision: 0.4629 | Recall: 0.9955
阈值: 0.9690 | F1: 0.6806 | Precision: 0.5176 | Recall: 0.9936
阈值: 0.9794 | F1: 0.7364 | Precision: 0.5908 | Recall: 0.9773
阈值: 0.9898 | F1: 0.8469 | Precision: 0.7826 | Recall: 0.9227

============================================================
✓ 找到最佳阈值: 0.994592
  最佳 F1: 0.8829
  Precision: 0.8764
  Recall: 0.8896
============================================================


✓ 精细搜索找到更好的阈值！

============================================================
自适应搜索完成！
============================================================
最终最佳阈值: 0.994592
最佳 F1: 0.8829
Precision: 0.8764
Recall: 0.8896
============================================================

Saved Best F1 results: /data/modeluse/TS/ISTAD-release/analysis/e1_incidence_counterfactual/runtime/anomaly_detection_SMD_ISTAD_SMD_ftM_sl96_bmhgat_v3_ent_innov_hglite_bs128_v4hg_s98_0/bestf1_threshold_results_innovation_hgat_rank_tiebreak.json
Saved anomaly score plot: /data/modeluse/TS/ISTAD-release/analysis/e1_incidence_counterfactual/runtime/anomaly_detection_SMD_ISTAD_SMD_ftM_sl96_bmhgat_v3_ent_innov_hglite_bs128_v4hg_s98_0/anomaly_score_threshold_innovation_hgat_rank_tiebreak.png
ISTAD explainability is disabled by --istad_enable_explain 0
=== E1 SWAT seed 87 ===
Using GPU
Args in experiment:
[1mBasic Config[0m
  Task Name:          anomaly_detection   Is Training:        0                   
  Model ID:           SWAT                Model:              ISTAD               
  Seed:               87                  Itr:                1                   

[1mData Loader[0m
  Data:               SWAT                Root Path:          /data/modeluse/TS/ISTAD/dataset/SWAT
  Features:           M                   Seq Len:            96                  
  Enc In:             51                  C Out:              51                  
  Checkpoints:        /data/modeluse/TS/ISTAD-release/code/ISTAD/../../checkpoints/ISTAD_v4_hgat_integrated
  Eval Step:          96                  

[1mAnomaly Detection Task[0m
  Anomaly Ratio:      1.0                 Threshold Source:   train               

[1mISTAD Parameters[0m
  Kernel Size:        15                  Branch Mode:        hgat                
  TCN Type:           kan                 
  Feat GAT Dim:       -1                  GRU Layers:         1                   
  GRU Hidden:         150                 Recon Layers:       1                   
  Recon Hidden:       32                  ISTAD Dropout:      0.3                 
  Recon Type:         pointwise           KANAD Order:        3                   
  Objective:          reconstruct         Target / Lag:       ('', 1)             
  Leaky Alpha:        0.2                 H Init:             normal              
  Hyperedges:         20                  Top-K Nodes:        10                  
  Spatial Type:       lite                HGAT Rank:          8                   
  HGAT Projection:    linear              
  KAN Grid:           5                   KAN Order:          3                   
  Arch:               legacy              Ablation:           full                
  Explainability:     0                   Explain Batches:    0                   
  Explain Points:     20000               Explain TopK:       10                  
  SmoothGrad:         0                   SG Samples:         20                  
  SG Noise:           0.1                 Quad Mode:          quantile            
  Quad Value:         0.75                Err Agg:            sum                 
  Sal Agg:            sum                 
  V3 Denoise:         1                   Evidence Head:      0                   
  Clean / Denoise:    (1.0, 0.5)          Evidence Weight:    0.2                 
  Frequency Weight:   0.0                 
  Point Evidence:     0.0                 
  Corrupt P/T/C:      (0.8, 0.15, 0.2)    Corrupt Scale:      1.5                 
  Corrupt Modes:      4                   Target-only corrupt:0                   
  Score Mode:         innovation_hgat     Score Agg / K:      ('calibrated', 3)   
  Evidence Map:       prob                Dump Scores:        1                   
  Strict Val:         1                   Hide Test Loss:     1                   
  Entity Aware:       0                   
  Innovation lag/ridge:(1, 0.01)           Innovation pool:    auto                
  Degenerate cutoff:  0.1                 Scale floor:        0.1                 
  Evidence tie-break: 0.001               Fusion train ECDF:  0                   
  HGAT input:         raw                 
  HGAT fusion:        rank_tiebreak       HGAT max weight:    0.2                 
  HGAT ref/tail:      (0.8, 0.01)         HGAT inflation:     1.25                

[1mRun Parameters[0m
  Num Workers:        4                   Batch Size:         64                  
  Train Epochs:       12                  Patience:           4                   
  Learning Rate:      0.001               Lradj:              cosine              
  Des:                v4hg_s87            

[1mGPU[0m
  Use GPU:            1                   GPU:                0                   
  Use Multi GPU:      0                   Devices:            0,1,2,3             

Use GPU: cuda:0
🚀 Lazy Loading: ISTAD ...
>>>>>>>testing : anomaly_detection_SWAT_ISTAD_SWAT_ftM_sl96_bmhgat_v3_innov_hglite_bs64_v4hg_s87_0<<<<<<<<<<<<<<<<<<<<<<<<<<<<<<<<<
test: (449919, 51)
train: (396000, 51)
test 4686
test: (449919, 51)
train: (396000, 51)
score_train 4125
loading model
Innovation branch: {"calibration_size": 395999, "coefficient_count": 2601, "degenerate_cutoff": 0.1, "degenerate_fraction": 0.21568627450980393, "lag": 1, "n_features": 51, "requested_pool": "auto", "ridge": 0.01, "scale_floor_ratio": 0.1, "selected_pool": "dense"}
HGAT-validated innovation: {"component_calibration": "normal_train_ecdf", "final_calibration": "rank_safe_no_recalibration", "fusion_strategy": "rank_tiebreak", "message_gate": 0.2591799199581146, "n_hyperedges": 20, "pool": "dense", "relation_input": "raw_normalized_value", "reliability_gate": {"allowed_graph_tail_rate": 0.013652146464646464, "base_threshold": 0.9898144191919193, "base_validation_tail_rate": 0.010921717171717171, "graph_threshold": 0.9898611363636364, "graph_validation_tail_rate": 0.010694444444444444, "inflation_limit": 1.25, "kill_switch": false, "max_weight": 0.2, "method": "normal_tail_stability", "reference_fraction": 0.8, "reference_size": 316800, "reliability": 1.0, "selected_weight": 0.2, "tail_probability": 0.01, "validation_size": 79200}, "reliability_mix_weight": 0.2, "role": "dynamic_hyperedge_pooling_of_v4_feature_innovations", "selected_weight": 1.2626262626262627e-06}
Percentile Threshold Source: train
Percentile Threshold : 0.9899987669557898
Saved E1 incidence counterfactual audit: /data/modeluse/TS/ISTAD-release/analysis/e1_incidence_counterfactual/runtime/anomaly_detection_SWAT_ISTAD_SWAT_ftM_sl96_bmhgat_v3_innov_hglite_bs64_v4hg_s87_0/e1_incidence_counterfactual.json
Saved point scores and labels: /data/modeluse/TS/ISTAD-release/analysis/e1_incidence_counterfactual/runtime/anomaly_detection_SWAT_ISTAD_SWAT_ftM_sl96_bmhgat_v3_innov_hglite_bs64_v4hg_s87_0/point_scores_innovation_hgat_rank_tiebreak.npz
pred_raw: (449856,)
gt:      (449856,)
pred_pa: (449856,)
gt_pa:   (449856,)

============================================================
使用百分位数阈值的结果:
============================================================
Raw point F1: 0.0877 (P=0.3663, R=0.0498)
Accuracy : 0.9847, Precision : 0.9176, Recall : 0.9600, F-score : 0.9383 
============================================================


使用自适应 Best F1 搜索（两阶段）
粗搜索步数: 200, 精细搜索步数: 500

============================================================
自适应 Best F1 阈值搜索（两阶段）
============================================================

分数统计信息:
  最小值: 0.000001
  最大值: 0.999999
  均值: 0.748431
  标准差: 0.228767
  中位数: 0.800029
  第1百分位: 0.100413
  第99百分位: 0.993796

自动确定的搜索范围: [0.050207, 0.999999]

============================================================
阶段 1: 粗搜索（步数: 200）
============================================================

============================================================
开始 Best F1 阈值搜索...
============================================================
搜索范围: [0.0502, 1.0000]
搜索步数: 200
使用点调整: True
阈值: 0.0550 | F1: 0.2171 | Precision: 0.1218 | Recall: 1.0000
阈值: 0.1499 | F1: 0.2207 | Precision: 0.1241 | Recall: 1.0000
阈值: 0.2449 | F1: 0.2259 | Precision: 0.1273 | Recall: 1.0000
阈值: 0.3399 | F1: 0.2323 | Precision: 0.1314 | Recall: 1.0000
阈值: 0.4349 | F1: 0.2414 | Precision: 0.1373 | Recall: 1.0000
阈值: 0.5299 | F1: 0.2545 | Precision: 0.1458 | Recall: 1.0000
阈值: 0.6248 | F1: 0.2728 | Precision: 0.1580 | Recall: 1.0000
阈值: 0.7198 | F1: 0.3034 | Precision: 0.1788 | Recall: 1.0000
阈值: 0.8148 | F1: 0.4060 | Precision: 0.2547 | Recall: 1.0000
阈值: 0.9098 | F1: 0.5490 | Precision: 0.3783 | Recall: 1.0000

============================================================
✓ 找到最佳阈值: 0.995250
  最佳 F1: 0.9430
  Precision: 0.9582
  Recall: 0.9283
============================================================


============================================================
阶段 2: 精细搜索（步数: 500）
============================================================
在最佳阈值 0.995250 附近精细搜索
精细搜索范围: [0.900271, 0.999999]

============================================================
开始 Best F1 阈值搜索...
============================================================
搜索范围: [0.9003, 1.0000]
搜索步数: 500
使用点调整: True
阈值: 0.9005 | F1: 0.5412 | Precision: 0.3710 | Recall: 1.0000
阈值: 0.9104 | F1: 0.5495 | Precision: 0.3788 | Recall: 1.0000
阈值: 0.9204 | F1: 0.5574 | Precision: 0.3867 | Recall: 0.9978
阈值: 0.9304 | F1: 0.5686 | Precision: 0.3976 | Recall: 0.9978
阈值: 0.9404 | F1: 0.5876 | Precision: 0.4164 | Recall: 0.9978
阈值: 0.9503 | F1: 0.5983 | Precision: 0.4272 | Recall: 0.9978
阈值: 0.9603 | F1: 0.6086 | Precision: 0.4379 | Recall: 0.9978
阈值: 0.9703 | F1: 0.6217 | Precision: 0.4515 | Recall: 0.9978
阈值: 0.9803 | F1: 0.8541 | Precision: 0.7490 | Recall: 0.9935
阈值: 0.9902 | F1: 0.9392 | Precision: 0.9194 | Recall: 0.9600

============================================================
✓ 找到最佳阈值: 0.993816
  最佳 F1: 0.9524
  Precision: 0.9468
  Recall: 0.9581
============================================================


✓ 精细搜索找到更好的阈值！

============================================================
自适应搜索完成！
============================================================
最终最佳阈值: 0.993816
最佳 F1: 0.9524
Precision: 0.9468
Recall: 0.9581
============================================================

Saved Best F1 results: /data/modeluse/TS/ISTAD-release/analysis/e1_incidence_counterfactual/runtime/anomaly_detection_SWAT_ISTAD_SWAT_ftM_sl96_bmhgat_v3_innov_hglite_bs64_v4hg_s87_0/bestf1_threshold_results_innovation_hgat_rank_tiebreak.json
Saved anomaly score plot: /data/modeluse/TS/ISTAD-release/analysis/e1_incidence_counterfactual/runtime/anomaly_detection_SWAT_ISTAD_SWAT_ftM_sl96_bmhgat_v3_innov_hglite_bs64_v4hg_s87_0/anomaly_score_threshold_innovation_hgat_rank_tiebreak.png
ISTAD explainability is disabled by --istad_enable_explain 0
=== E1 SWAT seed 90 ===
Using GPU
Args in experiment:
[1mBasic Config[0m
  Task Name:          anomaly_detection   Is Training:        0                   
  Model ID:           SWAT                Model:              ISTAD               
  Seed:               90                  Itr:                1                   

[1mData Loader[0m
  Data:               SWAT                Root Path:          /data/modeluse/TS/ISTAD/dataset/SWAT
  Features:           M                   Seq Len:            96                  
  Enc In:             51                  C Out:              51                  
  Checkpoints:        /data/modeluse/TS/ISTAD-release/code/ISTAD/../../checkpoints/ISTAD_v4_hgat_integrated
  Eval Step:          96                  

[1mAnomaly Detection Task[0m
  Anomaly Ratio:      1.0                 Threshold Source:   train               

[1mISTAD Parameters[0m
  Kernel Size:        15                  Branch Mode:        hgat                
  TCN Type:           kan                 
  Feat GAT Dim:       -1                  GRU Layers:         1                   
  GRU Hidden:         150                 Recon Layers:       1                   
  Recon Hidden:       32                  ISTAD Dropout:      0.3                 
  Recon Type:         pointwise           KANAD Order:        3                   
  Objective:          reconstruct         Target / Lag:       ('', 1)             
  Leaky Alpha:        0.2                 H Init:             normal              
  Hyperedges:         20                  Top-K Nodes:        10                  
  Spatial Type:       lite                HGAT Rank:          8                   
  HGAT Projection:    linear              
  KAN Grid:           5                   KAN Order:          3                   
  Arch:               legacy              Ablation:           full                
  Explainability:     0                   Explain Batches:    0                   
  Explain Points:     20000               Explain TopK:       10                  
  SmoothGrad:         0                   SG Samples:         20                  
  SG Noise:           0.1                 Quad Mode:          quantile            
  Quad Value:         0.75                Err Agg:            sum                 
  Sal Agg:            sum                 
  V3 Denoise:         1                   Evidence Head:      0                   
  Clean / Denoise:    (1.0, 0.5)          Evidence Weight:    0.2                 
  Frequency Weight:   0.0                 
  Point Evidence:     0.0                 
  Corrupt P/T/C:      (0.8, 0.15, 0.2)    Corrupt Scale:      1.5                 
  Corrupt Modes:      4                   Target-only corrupt:0                   
  Score Mode:         innovation_hgat     Score Agg / K:      ('calibrated', 3)   
  Evidence Map:       prob                Dump Scores:        1                   
  Strict Val:         1                   Hide Test Loss:     1                   
  Entity Aware:       0                   
  Innovation lag/ridge:(1, 0.01)           Innovation pool:    auto                
  Degenerate cutoff:  0.1                 Scale floor:        0.1                 
  Evidence tie-break: 0.001               Fusion train ECDF:  0                   
  HGAT input:         raw                 
  HGAT fusion:        rank_tiebreak       HGAT max weight:    0.2                 
  HGAT ref/tail:      (0.8, 0.01)         HGAT inflation:     1.25                

[1mRun Parameters[0m
  Num Workers:        4                   Batch Size:         64                  
  Train Epochs:       12                  Patience:           4                   
  Learning Rate:      0.001               Lradj:              cosine              
  Des:                v4hg_s90            

[1mGPU[0m
  Use GPU:            1                   GPU:                0                   
  Use Multi GPU:      0                   Devices:            0,1,2,3             

Use GPU: cuda:0
🚀 Lazy Loading: ISTAD ...
>>>>>>>testing : anomaly_detection_SWAT_ISTAD_SWAT_ftM_sl96_bmhgat_v3_innov_hglite_bs64_v4hg_s90_0<<<<<<<<<<<<<<<<<<<<<<<<<<<<<<<<<
test: (449919, 51)
train: (396000, 51)
test 4686
test: (449919, 51)
train: (396000, 51)
score_train 4125
loading model
Innovation branch: {"calibration_size": 395999, "coefficient_count": 2601, "degenerate_cutoff": 0.1, "degenerate_fraction": 0.21568627450980393, "lag": 1, "n_features": 51, "requested_pool": "auto", "ridge": 0.01, "scale_floor_ratio": 0.1, "selected_pool": "dense"}
HGAT-validated innovation: {"component_calibration": "normal_train_ecdf", "final_calibration": "rank_safe_no_recalibration", "fusion_strategy": "rank_tiebreak", "message_gate": 0.25202223658561707, "n_hyperedges": 20, "pool": "dense", "relation_input": "raw_normalized_value", "reliability_gate": {"allowed_graph_tail_rate": 0.013652146464646464, "base_threshold": 0.9898144191919193, "base_validation_tail_rate": 0.010921717171717171, "graph_threshold": 0.9896212373737374, "graph_validation_tail_rate": 0.011893939393939394, "inflation_limit": 1.25, "kill_switch": false, "max_weight": 0.2, "method": "normal_tail_stability", "reference_fraction": 0.8, "reference_size": 316800, "reliability": 0.9182590233545476, "selected_weight": 0.18365180467090952, "tail_probability": 0.01, "validation_size": 79200}, "reliability_mix_weight": 0.18365180467090952, "role": "dynamic_hyperedge_pooling_of_v4_feature_innovations", "selected_weight": 1.2626262626262627e-06}
Percentile Threshold Source: train
Percentile Threshold : 0.9899987624737911
Saved E1 incidence counterfactual audit: /data/modeluse/TS/ISTAD-release/analysis/e1_incidence_counterfactual/runtime/anomaly_detection_SWAT_ISTAD_SWAT_ftM_sl96_bmhgat_v3_innov_hglite_bs64_v4hg_s90_0/e1_incidence_counterfactual.json
Saved point scores and labels: /data/modeluse/TS/ISTAD-release/analysis/e1_incidence_counterfactual/runtime/anomaly_detection_SWAT_ISTAD_SWAT_ftM_sl96_bmhgat_v3_innov_hglite_bs64_v4hg_s90_0/point_scores_innovation_hgat_rank_tiebreak.npz
pred_raw: (449856,)
gt:      (449856,)
pred_pa: (449856,)
gt_pa:   (449856,)

============================================================
使用百分位数阈值的结果:
============================================================
Raw point F1: 0.0877 (P=0.3663, R=0.0498)
Accuracy : 0.9847, Precision : 0.9176, Recall : 0.9600, F-score : 0.9383 
============================================================


使用自适应 Best F1 搜索（两阶段）
粗搜索步数: 200, 精细搜索步数: 500

============================================================
自适应 Best F1 阈值搜索（两阶段）
============================================================

分数统计信息:
  最小值: 0.000001
  最大值: 0.999999
  均值: 0.748431
  标准差: 0.228767
  中位数: 0.800029
  第1百分位: 0.100413
  第99百分位: 0.993796

自动确定的搜索范围: [0.050207, 0.999999]

============================================================
阶段 1: 粗搜索（步数: 200）
============================================================

============================================================
开始 Best F1 阈值搜索...
============================================================
搜索范围: [0.0502, 1.0000]
搜索步数: 200
使用点调整: True
阈值: 0.0550 | F1: 0.2171 | Precision: 0.1218 | Recall: 1.0000
阈值: 0.1499 | F1: 0.2207 | Precision: 0.1241 | Recall: 1.0000
阈值: 0.2449 | F1: 0.2259 | Precision: 0.1273 | Recall: 1.0000
阈值: 0.3399 | F1: 0.2323 | Precision: 0.1314 | Recall: 1.0000
阈值: 0.4349 | F1: 0.2414 | Precision: 0.1373 | Recall: 1.0000
阈值: 0.5299 | F1: 0.2545 | Precision: 0.1458 | Recall: 1.0000
阈值: 0.6248 | F1: 0.2728 | Precision: 0.1580 | Recall: 1.0000
阈值: 0.7198 | F1: 0.3034 | Precision: 0.1788 | Recall: 1.0000
阈值: 0.8148 | F1: 0.4060 | Precision: 0.2547 | Recall: 1.0000
阈值: 0.9098 | F1: 0.5490 | Precision: 0.3783 | Recall: 1.0000

============================================================
✓ 找到最佳阈值: 0.995250
  最佳 F1: 0.9430
  Precision: 0.9582
  Recall: 0.9283
============================================================


============================================================
阶段 2: 精细搜索（步数: 500）
============================================================
在最佳阈值 0.995250 附近精细搜索
精细搜索范围: [0.900271, 0.999999]

============================================================
开始 Best F1 阈值搜索...
============================================================
搜索范围: [0.9003, 1.0000]
搜索步数: 500
使用点调整: True
阈值: 0.9005 | F1: 0.5412 | Precision: 0.3710 | Recall: 1.0000
阈值: 0.9104 | F1: 0.5495 | Precision: 0.3788 | Recall: 1.0000
阈值: 0.9204 | F1: 0.5574 | Precision: 0.3867 | Recall: 0.9978
阈值: 0.9304 | F1: 0.5686 | Precision: 0.3976 | Recall: 0.9978
阈值: 0.9404 | F1: 0.5876 | Precision: 0.4164 | Recall: 0.9978
阈值: 0.9503 | F1: 0.5983 | Precision: 0.4272 | Recall: 0.9978
阈值: 0.9603 | F1: 0.6086 | Precision: 0.4379 | Recall: 0.9978
阈值: 0.9703 | F1: 0.6217 | Precision: 0.4515 | Recall: 0.9978
阈值: 0.9803 | F1: 0.8541 | Precision: 0.7490 | Recall: 0.9935
阈值: 0.9902 | F1: 0.9392 | Precision: 0.9194 | Recall: 0.9600

============================================================
✓ 找到最佳阈值: 0.993816
  最佳 F1: 0.9524
  Precision: 0.9468
  Recall: 0.9581
============================================================


✓ 精细搜索找到更好的阈值！

============================================================
自适应搜索完成！
============================================================
最终最佳阈值: 0.993816
最佳 F1: 0.9524
Precision: 0.9468
Recall: 0.9581
============================================================

Saved Best F1 results: /data/modeluse/TS/ISTAD-release/analysis/e1_incidence_counterfactual/runtime/anomaly_detection_SWAT_ISTAD_SWAT_ftM_sl96_bmhgat_v3_innov_hglite_bs64_v4hg_s90_0/bestf1_threshold_results_innovation_hgat_rank_tiebreak.json
Saved anomaly score plot: /data/modeluse/TS/ISTAD-release/analysis/e1_incidence_counterfactual/runtime/anomaly_detection_SWAT_ISTAD_SWAT_ftM_sl96_bmhgat_v3_innov_hglite_bs64_v4hg_s90_0/anomaly_score_threshold_innovation_hgat_rank_tiebreak.png
ISTAD explainability is disabled by --istad_enable_explain 0
=== E1 SWAT seed 98 ===
Using GPU
Args in experiment:
[1mBasic Config[0m
  Task Name:          anomaly_detection   Is Training:        0                   
  Model ID:           SWAT                Model:              ISTAD               
  Seed:               98                  Itr:                1                   

[1mData Loader[0m
  Data:               SWAT                Root Path:          /data/modeluse/TS/ISTAD/dataset/SWAT
  Features:           M                   Seq Len:            96                  
  Enc In:             51                  C Out:              51                  
  Checkpoints:        /data/modeluse/TS/ISTAD-release/code/ISTAD/../../checkpoints/ISTAD_v4_hgat_integrated
  Eval Step:          96                  

[1mAnomaly Detection Task[0m
  Anomaly Ratio:      1.0                 Threshold Source:   train               

[1mISTAD Parameters[0m
  Kernel Size:        15                  Branch Mode:        hgat                
  TCN Type:           kan                 
  Feat GAT Dim:       -1                  GRU Layers:         1                   
  GRU Hidden:         150                 Recon Layers:       1                   
  Recon Hidden:       32                  ISTAD Dropout:      0.3                 
  Recon Type:         pointwise           KANAD Order:        3                   
  Objective:          reconstruct         Target / Lag:       ('', 1)             
  Leaky Alpha:        0.2                 H Init:             normal              
  Hyperedges:         20                  Top-K Nodes:        10                  
  Spatial Type:       lite                HGAT Rank:          8                   
  HGAT Projection:    linear              
  KAN Grid:           5                   KAN Order:          3                   
  Arch:               legacy              Ablation:           full                
  Explainability:     0                   Explain Batches:    0                   
  Explain Points:     20000               Explain TopK:       10                  
  SmoothGrad:         0                   SG Samples:         20                  
  SG Noise:           0.1                 Quad Mode:          quantile            
  Quad Value:         0.75                Err Agg:            sum                 
  Sal Agg:            sum                 
  V3 Denoise:         1                   Evidence Head:      0                   
  Clean / Denoise:    (1.0, 0.5)          Evidence Weight:    0.2                 
  Frequency Weight:   0.0                 
  Point Evidence:     0.0                 
  Corrupt P/T/C:      (0.8, 0.15, 0.2)    Corrupt Scale:      1.5                 
  Corrupt Modes:      4                   Target-only corrupt:0                   
  Score Mode:         innovation_hgat     Score Agg / K:      ('calibrated', 3)   
  Evidence Map:       prob                Dump Scores:        1                   
  Strict Val:         1                   Hide Test Loss:     1                   
  Entity Aware:       0                   
  Innovation lag/ridge:(1, 0.01)           Innovation pool:    auto                
  Degenerate cutoff:  0.1                 Scale floor:        0.1                 
  Evidence tie-break: 0.001               Fusion train ECDF:  0                   
  HGAT input:         raw                 
  HGAT fusion:        rank_tiebreak       HGAT max weight:    0.2                 
  HGAT ref/tail:      (0.8, 0.01)         HGAT inflation:     1.25                

[1mRun Parameters[0m
  Num Workers:        4                   Batch Size:         64                  
  Train Epochs:       12                  Patience:           4                   
  Learning Rate:      0.001               Lradj:              cosine              
  Des:                v4hg_s98            

[1mGPU[0m
  Use GPU:            1                   GPU:                0                   
  Use Multi GPU:      0                   Devices:            0,1,2,3             

Use GPU: cuda:0
🚀 Lazy Loading: ISTAD ...
>>>>>>>testing : anomaly_detection_SWAT_ISTAD_SWAT_ftM_sl96_bmhgat_v3_innov_hglite_bs64_v4hg_s98_0<<<<<<<<<<<<<<<<<<<<<<<<<<<<<<<<<
test: (449919, 51)
train: (396000, 51)
test 4686
test: (449919, 51)
train: (396000, 51)
score_train 4125
loading model
Innovation branch: {"calibration_size": 395999, "coefficient_count": 2601, "degenerate_cutoff": 0.1, "degenerate_fraction": 0.21568627450980393, "lag": 1, "n_features": 51, "requested_pool": "auto", "ridge": 0.01, "scale_floor_ratio": 0.1, "selected_pool": "dense"}
HGAT-validated innovation: {"component_calibration": "normal_train_ecdf", "final_calibration": "rank_safe_no_recalibration", "fusion_strategy": "rank_tiebreak", "message_gate": 0.25380146503448486, "n_hyperedges": 20, "pool": "dense", "relation_input": "raw_normalized_value", "reliability_gate": {"allowed_graph_tail_rate": 0.013652146464646464, "base_threshold": 0.9898144191919193, "base_validation_tail_rate": 0.010921717171717171, "graph_threshold": 0.9897929545454546, "graph_validation_tail_rate": 0.011035353535353535, "inflation_limit": 1.25, "kill_switch": false, "max_weight": 0.2, "method": "normal_tail_stability", "reference_fraction": 0.8, "reference_size": 316800, "reliability": 0.9897025171624514, "selected_weight": 0.19794050343249028, "tail_probability": 0.01, "validation_size": 79200}, "reliability_mix_weight": 0.19794050343249028, "role": "dynamic_hyperedge_pooling_of_v4_feature_innovations", "selected_weight": 1.2626262626262627e-06}
Percentile Threshold Source: train
Percentile Threshold : 0.9899987399143232
Saved E1 incidence counterfactual audit: /data/modeluse/TS/ISTAD-release/analysis/e1_incidence_counterfactual/runtime/anomaly_detection_SWAT_ISTAD_SWAT_ftM_sl96_bmhgat_v3_innov_hglite_bs64_v4hg_s98_0/e1_incidence_counterfactual.json
Saved point scores and labels: /data/modeluse/TS/ISTAD-release/analysis/e1_incidence_counterfactual/runtime/anomaly_detection_SWAT_ISTAD_SWAT_ftM_sl96_bmhgat_v3_innov_hglite_bs64_v4hg_s98_0/point_scores_innovation_hgat_rank_tiebreak.npz
pred_raw: (449856,)
gt:      (449856,)
pred_pa: (449856,)
gt_pa:   (449856,)

============================================================
使用百分位数阈值的结果:
============================================================
Raw point F1: 0.0877 (P=0.3663, R=0.0498)
Accuracy : 0.9847, Precision : 0.9176, Recall : 0.9600, F-score : 0.9383 
============================================================


使用自适应 Best F1 搜索（两阶段）
粗搜索步数: 200, 精细搜索步数: 500

============================================================
自适应 Best F1 阈值搜索（两阶段）
============================================================

分数统计信息:
  最小值: 0.000001
  最大值: 0.999999
  均值: 0.748431
  标准差: 0.228767
  中位数: 0.800029
  第1百分位: 0.100413
  第99百分位: 0.993796

自动确定的搜索范围: [0.050207, 0.999999]

============================================================
阶段 1: 粗搜索（步数: 200）
============================================================

============================================================
开始 Best F1 阈值搜索...
============================================================
搜索范围: [0.0502, 1.0000]
搜索步数: 200
使用点调整: True
阈值: 0.0550 | F1: 0.2171 | Precision: 0.1218 | Recall: 1.0000
阈值: 0.1499 | F1: 0.2207 | Precision: 0.1241 | Recall: 1.0000
阈值: 0.2449 | F1: 0.2259 | Precision: 0.1273 | Recall: 1.0000
阈值: 0.3399 | F1: 0.2323 | Precision: 0.1314 | Recall: 1.0000
阈值: 0.4349 | F1: 0.2414 | Precision: 0.1373 | Recall: 1.0000
阈值: 0.5299 | F1: 0.2545 | Precision: 0.1458 | Recall: 1.0000
阈值: 0.6248 | F1: 0.2728 | Precision: 0.1580 | Recall: 1.0000
阈值: 0.7198 | F1: 0.3034 | Precision: 0.1788 | Recall: 1.0000
阈值: 0.8148 | F1: 0.4060 | Precision: 0.2547 | Recall: 1.0000
阈值: 0.9098 | F1: 0.5490 | Precision: 0.3783 | Recall: 1.0000

============================================================
✓ 找到最佳阈值: 0.995250
  最佳 F1: 0.9430
  Precision: 0.9582
  Recall: 0.9283
============================================================


============================================================
阶段 2: 精细搜索（步数: 500）
============================================================
在最佳阈值 0.995250 附近精细搜索
精细搜索范围: [0.900271, 0.999999]

============================================================
开始 Best F1 阈值搜索...
============================================================
搜索范围: [0.9003, 1.0000]
搜索步数: 500
使用点调整: True
阈值: 0.9005 | F1: 0.5412 | Precision: 0.3710 | Recall: 1.0000
阈值: 0.9104 | F1: 0.5495 | Precision: 0.3788 | Recall: 1.0000
阈值: 0.9204 | F1: 0.5574 | Precision: 0.3867 | Recall: 0.9978
阈值: 0.9304 | F1: 0.5686 | Precision: 0.3976 | Recall: 0.9978
阈值: 0.9404 | F1: 0.5876 | Precision: 0.4164 | Recall: 0.9978
阈值: 0.9503 | F1: 0.5983 | Precision: 0.4272 | Recall: 0.9978
阈值: 0.9603 | F1: 0.6086 | Precision: 0.4379 | Recall: 0.9978
阈值: 0.9703 | F1: 0.6217 | Precision: 0.4515 | Recall: 0.9978
阈值: 0.9803 | F1: 0.8541 | Precision: 0.7490 | Recall: 0.9935
阈值: 0.9902 | F1: 0.9392 | Precision: 0.9194 | Recall: 0.9600

============================================================
✓ 找到最佳阈值: 0.993816
  最佳 F1: 0.9524
  Precision: 0.9468
  Recall: 0.9581
============================================================


✓ 精细搜索找到更好的阈值！

============================================================
自适应搜索完成！
============================================================
最终最佳阈值: 0.993816
最佳 F1: 0.9524
Precision: 0.9468
Recall: 0.9581
============================================================

Saved Best F1 results: /data/modeluse/TS/ISTAD-release/analysis/e1_incidence_counterfactual/runtime/anomaly_detection_SWAT_ISTAD_SWAT_ftM_sl96_bmhgat_v3_innov_hglite_bs64_v4hg_s98_0/bestf1_threshold_results_innovation_hgat_rank_tiebreak.json
Saved anomaly score plot: /data/modeluse/TS/ISTAD-release/analysis/e1_incidence_counterfactual/runtime/anomaly_detection_SWAT_ISTAD_SWAT_ftM_sl96_bmhgat_v3_innov_hglite_bs64_v4hg_s98_0/anomaly_score_threshold_innovation_hgat_rank_tiebreak.png
ISTAD explainability is disabled by --istad_enable_explain 0
/data/modeluse/TS/ISTAD-release/analysis/e1_incidence_counterfactual/final
E1 result package: /data/modeluse/TS/ISTAD-release/analysis/ISTAD_E1_results_20260911.tar.gz
